{"type":"FeatureCollection", "features": [
{"type":"Feature","geometry":{"type":"Polygon","coordinates":[[[-113.88817,46.87139],[-113.88788,46.87117],[-113.8838,46.86744],[-113.88417,46.86741],[-113.88526,46.86733],[-113.88562,46.8673],[-113.92439,46.88688],[-113.93152,46.87079],[-113.9442,46.8636],[-113.97176,46.86171],[-113.99821,46.86796],[-114.00247,46.87315],[-114.02215,46.87648],[-114.02772,46.88066],[-114.03239,46.88256],[-114.04106,46.87744],[-114.04866,46.87112],[-114.04933,46.87492],[-114.05805,46.87163],[-114.0857,46.87476],[-114.11781,46.86103],[-114.11867,46.86061],[-114.12609,46.86583],[-114.1298,46.87131],[-114.13213,46.88009],[-114.14746,46.88725],[-114.14986,46.9026],[-114.17139,46.90345],[-114.17615,46.90445],[-114.17909,46.90911],[-114.18921,46.91336],[-114.21061,46.93076],[-114.2097,46.94246],[-114.22784,46.96673],[-114.2342,46.98121],[-114.22902,46.9926],[-114.24856,47.00339],[-114.3165,47.01291],[-114.32651,47.01616],[-114.34617,47.02904],[-114.36072,47.01244],[-114.37551,47.00757],[-114.40801,47.01499],[-114.41451,46.98281],[-114.50347,47.00956],[-114.5039,47.01028],[-114.50558,47.01158],[-114.50631,47.01239],[-114.5087,47.01476],[-114.50899,47.0151],[-114.51316,47.01743],[-114.51417,47.01767],[-114.53443,47.01875],[-114.53768,47.01649],[-114.54385,47.00993],[-114.54525,47.00961],[-114.54942,47.00436],[-114.54966,47.00363],[-114.57529,47.0024],[-114.57839,47.00675],[-114.5798,47.01],[-114.58225,47.01091],[-114.59718,47.01351],[-114.60337,47.01443],[-114.61358,47.01706],[-114.61945,47.0182],[-114.62596,47.01935],[-114.62752,47.02004],[-114.64555,47.02239],[-114.64744,47.02193],[-114.66245,47.01683],[-114.66296,47.0167],[-114.66862,47.01599],[-114.66966,47.01582],[-114.67239,47.01553],[-114.67375,47.01568],[-114.67654,47.01481],[-114.67825,47.01458],[-114.68454,47.0131],[-114.68511,47.01311],[-114.68805,47.01227],[-114.68852,47.01226],[-114.70486,46.99943],[-114.71894,46.99634],[-114.73976,47.0077],[-114.7406,47.01784],[-114.7569,47.0348],[-114.76507,47.03754],[-114.771,47.0643],[-114.76247,47.0699],[-114.77663,47.08575],[-114.7808,47.09483],[-114.77867,47.10712],[-114.78576,47.12202],[-114.78663,47.12936],[-114.79371,47.13144],[-114.80868,47.12655],[-114.81226,47.13539],[-114.86314,47.16611],[-114.8688,47.18605],[-114.88501,47.19474],[-114.9072,47.19608],[-114.96004,47.21825],[-114.9711,47.23313],[-114.99069,47.23869],[-115.02004,47.23119],[-115.05468,47.23666],[-115.05978,47.25881],[-115.08739,47.28107],[-115.09167,47.28677],[-115.09144,47.29567],[-115.07372,47.32123],[-115.02523,47.32526],[-115.0121,47.33916],[-114.99355,47.34379],[-114.95633,47.34045],[-114.90892,47.324],[-114.87641,47.32442],[-114.86984,47.32108],[-114.86428,47.31326],[-114.85572,47.31511],[-114.8505,47.31422],[-114.84216,47.30842],[-114.83453,47.31325],[-114.8302,47.31379],[-114.82857,47.31152],[-114.81846,47.3028],[-114.79357,47.3328],[-114.77836,47.36487],[-114.77788,47.36495],[-114.77708,47.36479],[-114.7772,47.36284],[-114.77715,47.36272],[-114.79116,47.33275],[-114.81114,47.30802],[-114.81889,47.30216],[-114.82258,47.30442],[-114.82826,47.31026],[-114.82961,47.31283],[-114.83374,47.31294],[-114.83897,47.30838],[-114.84378,47.30783],[-114.86257,47.3119],[-114.86565,47.313],[-114.86971,47.31941],[-114.87428,47.32257],[-114.89144,47.32228],[-114.90284,47.31827],[-114.96054,47.34075],[-114.98928,47.34317],[-115.0121,47.33804],[-115.02545,47.3243],[-115.0716,47.32126],[-115.07368,47.31038],[-115.08462,47.30389],[-115.09088,47.29042],[-115.08082,47.27728],[-115.07218,47.27443],[-115.0587,47.25876],[-115.05327,47.23725],[-115.02481,47.23235],[-115.00289,47.23592],[-114.99299,47.23925],[-114.98586,47.23889],[-114.97016,47.23354],[-114.96001,47.21954],[-114.90667,47.19685],[-114.88234,47.19469],[-114.87024,47.18878],[-114.86296,47.1773],[-114.86285,47.16709],[-114.81256,47.13687],[-114.79072,47.13204],[-114.78508,47.12889],[-114.78466,47.12239],[-114.77799,47.11117],[-114.77956,47.0948],[-114.77448,47.08503],[-114.76431,47.08282],[-114.76178,47.06967],[-114.76987,47.06285],[-114.7642,47.03764],[-114.75518,47.03447],[-114.74141,47.02018],[-114.73699,47.0121],[-114.73892,47.00776],[-114.71743,46.99678],[-114.68873,47.01261],[-114.68828,47.01264],[-114.68485,47.01344],[-114.68426,47.01364],[-114.67842,47.01487],[-114.67669,47.01517],[-114.67368,47.01587],[-114.67232,47.01582],[-114.66961,47.01612],[-114.66872,47.01618],[-114.66317,47.01701],[-114.66269,47.01719],[-114.64749,47.0224],[-114.64547,47.02284],[-114.62735,47.02046],[-114.62596,47.0198],[-114.61913,47.01864],[-114.61345,47.01754],[-114.60334,47.0147],[-114.59703,47.01408],[-114.58186,47.01139],[-114.57969,47.01027],[-114.57786,47.00671],[-114.57537,47.0031],[-114.55038,47.00385],[-114.55046,47.00429],[-114.54533,47.01012],[-114.54384,47.01038],[-114.53828,47.01655],[-114.53438,47.01926],[-114.51389,47.01814],[-114.51279,47.01796],[-114.50859,47.01542],[-114.5082,47.015],[-114.5058,47.01277],[-114.50489,47.01214],[-114.50342,47.01062],[-114.50281,47.00982],[-114.41475,46.98401],[-114.40939,47.01564],[-114.38172,47.01258],[-114.36173,47.01352],[-114.34478,47.03342],[-114.33638,47.02269],[-114.31085,47.01486],[-114.26692,47.00672],[-114.24351,47.0067],[-114.22971,46.99573],[-114.22742,46.98974],[-114.22707,46.96878],[-114.20935,46.94983],[-114.20881,46.93249],[-114.1945,46.92527],[-114.18846,46.91452],[-114.17645,46.9086],[-114.17364,46.90432],[-114.15673,46.90927],[-114.14952,46.90533],[-114.1456,46.8865],[-114.1304,46.87964],[-114.12866,46.87148],[-114.12085,46.86291],[-114.11588,46.86991],[-114.10483,46.86821],[-114.10034,46.8725],[-114.07741,46.87694],[-114.06891,46.87325],[-114.05757,46.87308],[-114.04797,46.87644],[-114.04385,46.87618],[-114.03917,46.88218],[-114.03737,46.88308],[-114.03081,46.88256],[-114.00572,46.87538],[-113.99354,46.86724],[-113.97334,46.86285],[-113.94588,46.86351],[-113.93191,46.87193],[-113.93452,46.88087],[-113.92367,46.88747],[-113.88817,46.87139]]]},"properties":{"permanent_":"120008450","fdate":"2021-05-24T00:00:00.000Z","resolution":2,"gnis_id":"","gnis_name":"","areasqkm":18.62240653,"elevation":null,"ftype":460,"fcode":46006,"visibility":5000000,"SHAPE_Leng":null,"SHAPE_Area":null,"ObjectID":4}},
{"type":"Feature","geometry":{"type":"Polygon","coordinates":[[[-113.87951,46.86526],[-113.87961,46.86539],[-113.87998,46.86565],[-113.88021,46.86578],[-113.88417,46.86741],[-113.8838,46.86744],[-113.87817,46.86486],[-113.8757,46.86116],[-113.87272,46.86145],[-113.86935,46.85969],[-113.8676,46.85585],[-113.86072,46.85366],[-113.85316,46.84219],[-113.82932,46.82816],[-113.81213,46.82598],[-113.78651,46.81032],[-113.78364,46.79748],[-113.76965,46.79397],[-113.74215,46.78343],[-113.7331,46.78485],[-113.72931,46.78254],[-113.72399,46.78135],[-113.72484,46.77959],[-113.724,46.77353],[-113.71841,46.76857],[-113.71693,46.762],[-113.71882,46.74845],[-113.70073,46.73654],[-113.69833,46.72757],[-113.69049,46.72528],[-113.68397,46.72589],[-113.68156,46.72486],[-113.677,46.72588],[-113.67349,46.72503],[-113.66724,46.72574],[-113.66327,46.72529],[-113.65098,46.72539],[-113.63465,46.72492],[-113.59577,46.72116],[-113.58859,46.71742],[-113.57396,46.71607],[-113.56831,46.72358],[-113.46895,46.70333],[-113.39074,46.70049],[-113.36798,46.70761],[-113.36175,46.704],[-113.36257,46.70086],[-113.35854,46.69839],[-113.35267,46.69815],[-113.34977,46.70008],[-113.34754,46.70355],[-113.34199,46.70556],[-113.3388,46.70552],[-113.33634,46.70752],[-113.33735,46.70969],[-113.33078,46.7122],[-113.31876,46.71895],[-113.29522,46.72017],[-113.2683,46.71529],[-113.24202,46.70012],[-113.2267,46.6954],[-113.21443,46.6952],[-113.21013,46.69638],[-113.20614,46.69438],[-113.18391,46.67744],[-113.17252,46.665],[-113.14571,46.65371],[-113.14619,46.65338],[-113.1718,46.66415],[-113.18491,46.67764],[-113.19416,46.68145],[-113.20315,46.69133],[-113.20945,46.69598],[-113.21347,46.69501],[-113.22906,46.6952],[-113.2954,46.71993],[-113.31855,46.71874],[-113.33112,46.71162],[-113.33694,46.70936],[-113.33599,46.70708],[-113.33748,46.70533],[-113.34737,46.70318],[-113.34827,46.70097],[-113.35091,46.69869],[-113.35328,46.69777],[-113.35739,46.69778],[-113.36265,46.70033],[-113.36829,46.70738],[-113.39011,46.70025],[-113.47078,46.70239],[-113.56724,46.72316],[-113.57303,46.71696],[-113.57621,46.71266],[-113.57958,46.71526],[-113.63505,46.72462],[-113.64027,46.72438],[-113.67031,46.7253],[-113.67416,46.72459],[-113.677,46.72552],[-113.68306,46.7233],[-113.68422,46.72564],[-113.69216,46.72514],[-113.69825,46.72699],[-113.72118,46.74993],[-113.71888,46.76668],[-113.72455,46.77316],[-113.72536,46.77704],[-113.72531,46.77968],[-113.72438,46.78133],[-113.72961,46.78225],[-113.73297,46.78455],[-113.74266,46.783],[-113.76826,46.79302],[-113.77728,46.79309],[-113.78498,46.79817],[-113.78934,46.81153],[-113.82518,46.82542],[-113.85311,46.84158],[-113.86773,46.85277],[-113.87169,46.86078],[-113.87651,46.86119],[-113.87951,46.86526]]]},"properties":{"permanent_":"166768298","fdate":"2021-05-24T00:00:00.000Z","resolution":2,"gnis_id":"","gnis_name":"","areasqkm":5.39973593,"elevation":null,"ftype":460,"fcode":46006,"visibility":5000000,"SHAPE_Leng":null,"SHAPE_Area":null,"ObjectID":5}},
{"type":"Feature","geometry":{"type":"Polygon","coordinates":[[[-114.97321,47.51107],[-114.97234,47.5108],[-114.93176,47.50644],[-114.92003,47.49226],[-114.93407,47.47893],[-114.9132,47.45845],[-114.87146,47.44898],[-114.80913,47.38749],[-114.77486,47.36436],[-114.77664,47.36471],[-114.77708,47.36479],[-114.77788,47.36495],[-114.77836,47.36487],[-114.83028,47.40212],[-114.87135,47.44533],[-114.89469,47.45348],[-114.8951,47.45314],[-114.93393,47.45902],[-114.93994,47.47613],[-114.93175,47.50508],[-114.97285,47.51043],[-114.9734,47.51079],[-114.97321,47.51107]]]},"properties":{"permanent_":"120008448","fdate":"2017-12-01T00:00:00.000Z","resolution":2,"gnis_id":"","gnis_name":"","areasqkm":10.43039452,"elevation":null,"ftype":460,"fcode":46006,"visibility":5000000,"SHAPE_Leng":null,"SHAPE_Area":null,"ObjectID":465}},
{"type":"Feature","geometry":{"type":"Polygon","coordinates":[[[-108.71546,45.64982],[-108.71506,45.64952],[-108.7747,45.62108],[-108.79482,45.59124],[-108.82254,45.57596],[-108.81929,45.56414],[-108.82341,45.55191],[-108.82498,45.54995],[-108.83077,45.54923],[-108.8276,45.54122],[-108.82187,45.53708],[-108.82029,45.53226],[-108.82506,45.5213],[-108.89363,45.509],[-108.93925,45.48871],[-108.95335,45.48697],[-108.95787,45.48358],[-108.96538,45.48193],[-108.96652,45.48121],[-108.96873,45.48107],[-108.97303,45.47889],[-108.97437,45.47701],[-108.97563,45.47802],[-108.97801,45.47777],[-108.98129,45.47482],[-108.9837,45.47422],[-108.98558,45.4754],[-109.00109,45.47429],[-109.00557,45.47487],[-109.00897,45.47415],[-109.01052,45.47552],[-109.01636,45.47606],[-109.01713,45.4752],[-109.01872,45.47518],[-109.0233,45.47625],[-109.02763,45.47862],[-109.03102,45.47751],[-109.03879,45.47844],[-109.04445,45.47491],[-109.07064,45.47618],[-109.08286,45.45179],[-109.10424,45.43824],[-109.10818,45.43257],[-109.11449,45.42759],[-109.11521,45.42667],[-109.11599,45.42493],[-109.11613,45.42471],[-109.11484,45.42756],[-109.10861,45.43231],[-109.10402,45.43855],[-109.08296,45.45198],[-109.07082,45.4764],[-109.04531,45.47504],[-109.04267,45.47772],[-109.03827,45.47869],[-109.02742,45.47896],[-109.02064,45.47683],[-109.01941,45.47576],[-109.01747,45.47538],[-109.01687,45.47608],[-109.01548,45.47632],[-109.00968,45.47547],[-109.00894,45.47435],[-109.00309,45.47551],[-108.99818,45.47578],[-108.986,45.47561],[-108.98311,45.47441],[-108.97773,45.47805],[-108.97397,45.47837],[-108.96911,45.48119],[-108.96592,45.48161],[-108.96508,45.48374],[-108.95321,45.48715],[-108.93955,45.48885],[-108.89604,45.50894],[-108.82521,45.52142],[-108.82147,45.52965],[-108.82336,45.53733],[-108.82696,45.53974],[-108.82913,45.54474],[-108.83544,45.55058],[-108.8267,45.55066],[-108.82512,45.55279],[-108.82632,45.55949],[-108.82274,45.57682],[-108.75513,45.64047],[-108.71617,45.64993],[-108.71577,45.64992],[-108.71546,45.64982]]]},"properties":{"permanent_":"56767289","fdate":"2019-04-09T00:00:00.000Z","resolution":2,"gnis_id":"","gnis_name":"","areasqkm":11.15862529,"elevation":null,"ftype":460,"fcode":46006,"visibility":5000000,"SHAPE_Leng":null,"SHAPE_Area":null,"ObjectID":1028}},
{"type":"Feature","geometry":{"type":"Polygon","coordinates":[[[-115.77681,48.4512],[-115.77659,48.45225],[-115.77457,48.45286],[-115.77339,48.45282],[-115.77006,48.4553],[-115.76992,48.45591],[-115.76361,48.45644],[-115.72595,48.44871],[-115.71597,48.44943],[-115.70182,48.44907],[-115.69913,48.44916],[-115.66535,48.44757],[-115.61051,48.42778],[-115.59947,48.4134],[-115.58234,48.41244],[-115.54261,48.39461],[-115.52787,48.39518],[-115.51875,48.40671],[-115.50695,48.41289],[-115.49862,48.41265],[-115.47158,48.4184],[-115.46222,48.41641],[-115.4328,48.37358],[-115.3836,48.36196],[-115.34873,48.369],[-115.33548,48.36497],[-115.32122,48.36875],[-115.32107,48.37695],[-115.33037,48.3862],[-115.31658,48.4107],[-115.3132,48.40912],[-115.32748,48.39047],[-115.31678,48.37678],[-115.31657,48.37258],[-115.32472,48.36536],[-115.38944,48.35922],[-115.43315,48.3717],[-115.45386,48.39163],[-115.45974,48.41002],[-115.47402,48.41718],[-115.50944,48.41048],[-115.52382,48.39865],[-115.5265,48.39246],[-115.53311,48.39137],[-115.54569,48.39463],[-115.58364,48.41168],[-115.59961,48.4117],[-115.61178,48.42713],[-115.66425,48.44587],[-115.6987,48.44793],[-115.70185,48.44825],[-115.71568,48.44811],[-115.72514,48.44788],[-115.76333,48.4544],[-115.76443,48.45462],[-115.76895,48.45519],[-115.76946,48.45497],[-115.77344,48.45241],[-115.77462,48.45246],[-115.77614,48.45215],[-115.77653,48.4512],[-115.86406,48.44125],[-115.88231,48.45571],[-115.9061,48.49059],[-115.94087,48.50592],[-115.9445,48.52208],[-115.97924,48.56062],[-115.97713,48.56051],[-115.94232,48.52217],[-115.94095,48.50852],[-115.9029,48.49112],[-115.88106,48.456],[-115.86111,48.44221],[-115.77681,48.4512]]]},"properties":{"permanent_":"120008447","fdate":"2012-07-31T00:00:00.000Z","resolution":2,"gnis_id":"","gnis_name":"","areasqkm":11.37540607,"elevation":null,"ftype":460,"fcode":46006,"visibility":5000000,"SHAPE_Leng":null,"SHAPE_Area":null,"ObjectID":2167}},
{"type":"Feature","geometry":{"type":"Polygon","coordinates":[[[-104.04072,45.45351],[-104.04421,45.45532],[-104.04529,45.45612],[-104.04576,45.45694],[-104.04792,45.45846],[-104.04898,45.45872],[-104.05076,45.45868],[-104.05288,45.45801],[-104.0536,45.45696],[-104.05355,45.45615],[-104.05246,45.454],[-104.05443,45.4526],[-104.0541,45.45077],[-104.05298,45.45029],[-104.05125,45.45044],[-104.04936,45.4514],[-104.04819,45.45226],[-104.04733,45.45248],[-104.04616,45.45204],[-104.04527,45.4508],[-104.04331,45.44986],[-104.04205,45.44741],[-104.04261,45.44684],[-104.04354,45.44681],[-104.04503,45.44773],[-104.0479,45.44762],[-104.04864,45.4472],[-104.04901,45.44634],[-104.05052,45.44514],[-104.04984,45.44299],[-104.05029,45.44249],[-104.05127,45.44279],[-104.05242,45.44486],[-104.05359,45.44575],[-104.05429,45.44583],[-104.05746,45.4455],[-104.05907,45.44485],[-104.06018,45.44347],[-104.0617,45.44339],[-104.06222,45.44318],[-104.0629,45.44146],[-104.06219,45.44063],[-104.0615,45.43919],[-104.0601,45.43882],[-104.0568,45.43922],[-104.05639,45.43887],[-104.05682,45.43793],[-104.05671,45.43704],[-104.05425,45.4364],[-104.05444,45.43615],[-104.05665,45.43668],[-104.05716,45.43704],[-104.05678,45.43868],[-104.05769,45.43909],[-104.05985,45.43857],[-104.06132,45.43881],[-104.06202,45.43924],[-104.06317,45.44182],[-104.06246,45.44274],[-104.06248,45.44318],[-104.06193,45.44352],[-104.0602,45.44364],[-104.05867,45.44541],[-104.0574,45.44575],[-104.05383,45.44599],[-104.05244,45.44527],[-104.05101,45.44289],[-104.05002,45.44324],[-104.05076,45.4446],[-104.05066,45.44534],[-104.04916,45.44656],[-104.04828,45.44766],[-104.04556,45.44789],[-104.04457,45.44781],[-104.04374,45.44718],[-104.04232,45.44723],[-104.04315,45.44915],[-104.044,45.45014],[-104.04535,45.45063],[-104.04665,45.45219],[-104.04799,45.45209],[-104.05048,45.45043],[-104.05306,45.45009],[-104.05453,45.4509],[-104.05468,45.45285],[-104.05419,45.45342],[-104.05277,45.45409],[-104.05376,45.45593],[-104.05379,45.45718],[-104.0531,45.45806],[-104.0522,45.45854],[-104.05041,45.459],[-104.04844,45.45883],[-104.04731,45.45844],[-104.04555,45.45701],[-104.04474,45.45581],[-104.04272,45.45493],[-104.04072,45.45382],[-104.04072,45.45351]]]},"properties":{"permanent_":"{FEEB85D5-E9B4-48C8-A6E4-74D5E1CF0B5D}","fdate":"2022-04-29T00:00:00.000Z","resolution":2,"gnis_id":"","gnis_name":"","areasqkm":7.47513175,"elevation":null,"ftype":460,"fcode":46006,"visibility":5000000,"SHAPE_Leng":null,"SHAPE_Area":null,"ObjectID":2169}},
{"type":"Feature","geometry":{"type":"Polygon","coordinates":[[[-113.62148,46.95334],[-113.6211,46.9534],[-113.60496,46.95157],[-113.60143,46.94203],[-113.58963,46.94226],[-113.58847,46.94765],[-113.57762,46.94773],[-113.57023,46.95402],[-113.56024,46.94808],[-113.51843,46.95335],[-113.48602,46.9361],[-113.45931,46.93328],[-113.43684,46.94514],[-113.40931,46.94418],[-113.40382,46.93886],[-113.38746,46.93832],[-113.37962,46.94563],[-113.37747,46.96509],[-113.36437,46.97532],[-113.36448,46.97785],[-113.36333,46.97968],[-113.35915,46.98147],[-113.32071,46.99478],[-113.32321,47.01118],[-113.31591,47.02205],[-113.31154,47.0238],[-113.28221,47.02541],[-113.27426,47.02069],[-113.27043,47.02004],[-113.27221,47.01817],[-113.26169,47.01679],[-113.25103,47.0199],[-113.23695,47.02003],[-113.23475,47.02006],[-113.23226,47.01912],[-113.22713,47.01479],[-113.21865,47.01388],[-113.21707,47.01282],[-113.21716,47.0013],[-113.20853,46.99753],[-113.20434,47.00495],[-113.20215,47.00579],[-113.19771,47.00585],[-113.19526,47.00522],[-113.19394,47.00385],[-113.19014,47.00246],[-113.18434,46.99742],[-113.17582,46.99661],[-113.17017,46.99242],[-113.16656,46.99194],[-113.16453,46.9903],[-113.16165,46.99007],[-113.16077,46.9937],[-113.1603,46.99485],[-113.15917,46.99572],[-113.14968,46.99593],[-113.14733,46.99544],[-113.14593,46.99359],[-113.14286,46.99213],[-113.1403,46.98736],[-113.13774,46.98899],[-113.13429,46.98761],[-113.12966,46.98497],[-113.12646,46.98695],[-113.12192,46.98748],[-113.11867,46.98976],[-113.11414,46.98987],[-113.10426,46.98524],[-113.10223,46.98026],[-113.09853,46.97942],[-113.09396,46.97935],[-113.09209,46.97985],[-113.08751,46.97999],[-113.08543,46.98136],[-113.0835,46.98397],[-113.06704,46.99011],[-113.05079,46.99286],[-113.02891,47.00858],[-113.02892,47.01183],[-113.02738,47.01287],[-113.02637,47.01439],[-113.02764,47.01642],[-113.02728,47.01934],[-113.02506,47.02355],[-113.01956,47.02852],[-113.02055,47.02932],[-113.02048,47.03013],[-113.01597,47.03239],[-113.01399,47.03616],[-113.00465,47.04264],[-112.99683,47.04343],[-112.99561,47.04442],[-112.99482,47.04576],[-112.99381,47.04644],[-112.98554,47.04883],[-112.98428,47.05049],[-112.97906,47.05226],[-112.97687,47.05444],[-112.97468,47.05505],[-112.96843,47.05525],[-112.97166,47.05322],[-112.9757,47.05459],[-112.97978,47.05158],[-112.98389,47.05056],[-112.98546,47.04857],[-112.99183,47.04643],[-112.99335,47.04634],[-112.99458,47.04569],[-112.99518,47.04457],[-112.99688,47.04321],[-113.00456,47.04123],[-113.00392,47.03775],[-113.01241,47.03628],[-113.01647,47.0317],[-113.02043,47.0295],[-113.01926,47.02841],[-113.02132,47.02584],[-113.02487,47.02343],[-113.02744,47.01716],[-113.02704,47.01569],[-113.02617,47.01454],[-113.02622,47.01373],[-113.02863,47.00852],[-113.05131,46.99233],[-113.06917,46.98881],[-113.08357,46.98355],[-113.08591,46.98033],[-113.08838,46.97961],[-113.09104,46.97975],[-113.094,46.97913],[-113.09775,46.97898],[-113.10271,46.9803],[-113.1063,46.98575],[-113.11243,46.98622],[-113.11709,46.98963],[-113.12183,46.98718],[-113.12642,46.98666],[-113.12847,46.98238],[-113.13134,46.97962],[-113.13974,46.97581],[-113.14278,46.97085],[-113.14111,46.96863],[-113.13433,46.9681],[-113.12915,46.9607],[-113.12368,46.95917],[-113.12385,46.9547],[-113.11654,46.95637],[-113.11786,46.95271],[-113.12433,46.9543],[-113.12442,46.95935],[-113.12972,46.96067],[-113.13369,46.96439],[-113.13455,46.96779],[-113.1409,46.96804],[-113.14343,46.97142],[-113.13947,46.97615],[-113.13087,46.98009],[-113.12967,46.98415],[-113.13404,46.98715],[-113.13712,46.98795],[-113.13958,46.98601],[-113.14171,46.98769],[-113.14825,46.99537],[-113.15337,46.99415],[-113.15646,46.99445],[-113.15885,46.99542],[-113.16008,46.99458],[-113.16035,46.99125],[-113.16079,46.99033],[-113.16225,46.98962],[-113.17016,46.99177],[-113.17557,46.99596],[-113.18539,46.99717],[-113.19122,47.00255],[-113.1941,47.00344],[-113.19663,47.00538],[-113.19936,47.00493],[-113.20247,47.0054],[-113.20713,46.99804],[-113.20904,46.99726],[-113.21687,47.00021],[-113.21891,47.00515],[-113.2177,47.01275],[-113.2256,47.01388],[-113.22823,47.015],[-113.2303,47.01723],[-113.2351,47.0198],[-113.23759,47.01925],[-113.23879,47.0181],[-113.24413,47.01624],[-113.2509,47.0195],[-113.26071,47.01647],[-113.27284,47.01659],[-113.27208,47.02015],[-113.27835,47.02167],[-113.28296,47.02507],[-113.2928,47.02038],[-113.31227,47.02328],[-113.31978,46.99513],[-113.33604,46.97976],[-113.35999,46.98076],[-113.36384,46.97787],[-113.36385,46.9761],[-113.37979,46.94433],[-113.38769,46.93766],[-113.39236,46.93612],[-113.40444,46.93858],[-113.41032,46.94404],[-113.43776,46.94451],[-113.45846,46.93312],[-113.48681,46.93589],[-113.51613,46.95176],[-113.54458,46.94847],[-113.58839,46.94708],[-113.58889,46.94238],[-113.59617,46.93933],[-113.60135,46.94106],[-113.60543,46.95137],[-113.62113,46.953],[-113.6215,46.95301],[-113.64228,46.92452],[-113.69881,46.9147],[-113.76257,46.89586],[-113.7728,46.89247],[-113.77535,46.89242],[-113.77864,46.89331],[-113.79431,46.89205],[-113.79837,46.89105],[-113.80208,46.89124],[-113.81482,46.89485],[-113.85078,46.8816],[-113.85134,46.88154],[-113.85214,46.88074],[-113.85211,46.88075],[-113.86324,46.87649],[-113.88788,46.87117],[-113.88817,46.87139],[-113.83555,46.89054],[-113.81554,46.89507],[-113.80687,46.89573],[-113.80242,46.89176],[-113.79954,46.89137],[-113.79439,46.89242],[-113.7919,46.89226],[-113.77987,46.89369],[-113.77492,46.89275],[-113.76821,46.89533],[-113.76367,46.89592],[-113.69856,46.91506],[-113.6429,46.92443],[-113.62148,46.95334]]]},"properties":{"permanent_":"166806530","fdate":"2020-08-04T00:00:00.000Z","resolution":2,"gnis_id":"","gnis_name":"","areasqkm":7.67191754,"elevation":null,"ftype":460,"fcode":46006,"visibility":5000000,"SHAPE_Leng":null,"SHAPE_Area":null,"ObjectID":2286}},
{"type":"Feature","geometry":{"type":"Polygon","coordinates":[[[-110.77222,45.06685],[-110.7717,45.06707],[-110.76695,45.06183],[-110.7683,45.06202],[-110.77133,45.06511],[-110.77222,45.06685]]]},"properties":{"permanent_":"120008465","fdate":"2019-07-05T00:00:00.000Z","resolution":2,"gnis_id":"","gnis_name":"","areasqkm":6.79243332,"elevation":null,"ftype":460,"fcode":46006,"visibility":5000000,"SHAPE_Leng":null,"SHAPE_Area":null,"ObjectID":2425}},
{"type":"Feature","geometry":{"type":"Polygon","coordinates":[[[-105.34312,45.47465],[-105.34315,45.47499],[-105.33606,45.53572],[-105.31507,45.5494],[-105.29638,45.55067],[-105.2938,45.55079],[-105.29394,45.55364],[-105.292,45.55504],[-105.28441,45.55498],[-105.2883,45.55965],[-105.29035,45.56454],[-105.28454,45.56938],[-105.29336,45.574],[-105.28688,45.58883],[-105.26892,45.60012],[-105.2666,45.61016],[-105.26119,45.60523],[-105.25696,45.60852],[-105.26079,45.61165],[-105.25175,45.61673],[-105.25576,45.61876],[-105.25599,45.62039],[-105.24918,45.62127],[-105.24688,45.62373],[-105.24245,45.6205],[-105.24041,45.623],[-105.24484,45.62614],[-105.24123,45.62976],[-105.246,45.6322],[-105.25194,45.62876],[-105.2526,45.63621],[-105.25018,45.64162],[-105.25278,45.64311],[-105.25248,45.64937],[-105.24602,45.65153],[-105.24466,45.65834],[-105.24636,45.66082],[-105.24972,45.66216],[-105.25069,45.65941],[-105.25514,45.65895],[-105.25677,45.66183],[-105.25629,45.66453],[-105.25336,45.66635],[-105.24903,45.66664],[-105.24414,45.67039],[-105.23614,45.67303],[-105.23929,45.67687],[-105.24445,45.67631],[-105.24635,45.67702],[-105.24659,45.67851],[-105.24578,45.68239],[-105.24078,45.684],[-105.23132,45.68018],[-105.22039,45.6903],[-105.20361,45.68131],[-105.17437,45.70689],[-105.15442,45.71038],[-105.11221,45.74344],[-105.08989,45.75109],[-105.06308,45.80344],[-105.04174,45.83318],[-105.03816,45.8337],[-105.03367,45.83138],[-105.03115,45.83182],[-105.02494,45.83115],[-105.01971,45.83405],[-105.01313,45.83629],[-105.01138,45.84293],[-105.01761,45.84642],[-105.02138,45.84948],[-105.02155,45.85061],[-105.01915,45.85325],[-105.01816,45.85383],[-105.01567,45.85401],[-105.01115,45.85328],[-105.00922,45.85423],[-105.00771,45.86272],[-105.00053,45.86485],[-105.00305,45.87213],[-104.9853,45.87827],[-104.9813,45.88245],[-104.98947,45.89134],[-104.98838,45.89626],[-104.99626,45.89915],[-104.99697,45.90228],[-104.98936,45.90762],[-104.99032,45.91347],[-104.99006,45.92157],[-104.99331,45.92294],[-104.99669,45.92102],[-105.00538,45.92055],[-105.01097,45.92385],[-105.01219,45.92854],[-105.00202,45.93995],[-104.99739,45.96047],[-105.00285,45.97431],[-105.00773,45.97961],[-105.01739,45.98168],[-105.02555,45.98573],[-105.03621,45.98471],[-105.04078,45.98596],[-105.04688,45.99068],[-105.05001,45.99545],[-105.05116,46],[-105.04799,46.00452],[-105.04102,46.00704],[-105.03971,46.00945],[-105.04332,46.01316],[-105.04443,46.01583],[-105.04439,46.02124],[-105.05892,46.02397],[-105.06826,46.04661],[-105.06251,46.06415],[-105.09659,46.06629],[-105.09594,46.08447],[-105.13663,46.10249],[-105.13987,46.1039],[-105.14202,46.1055],[-105.14373,46.1078],[-105.14903,46.12042],[-105.14766,46.13084],[-105.15949,46.1341],[-105.15713,46.16571],[-105.17007,46.18762],[-105.18261,46.19224],[-105.19944,46.2047],[-105.22169,46.2233],[-105.22962,46.23239],[-105.23967,46.23134],[-105.25323,46.2334],[-105.28574,46.26932],[-105.28576,46.2696],[-105.27969,46.27639],[-105.27922,46.28241],[-105.28483,46.2897],[-105.28875,46.29133],[-105.29587,46.29099],[-105.29815,46.29363],[-105.29053,46.301],[-105.29839,46.32431],[-105.29149,46.33306],[-105.30298,46.34882],[-105.30089,46.35294],[-105.31616,46.36363],[-105.32605,46.37408],[-105.31929,46.40076],[-105.30381,46.41517],[-105.31773,46.44743],[-105.31458,46.46166],[-105.31787,46.47078],[-105.31101,46.47153],[-105.30831,46.47408],[-105.31248,46.47709],[-105.3154,46.48448],[-105.31738,46.48788],[-105.31924,46.48889],[-105.32594,46.48825],[-105.33061,46.48916],[-105.33123,46.49318],[-105.32913,46.49723],[-105.3249,46.51355],[-105.32378,46.51603],[-105.31845,46.51787],[-105.31471,46.52094],[-105.31337,46.52354],[-105.32772,46.53223],[-105.33161,46.53616],[-105.35438,46.5814],[-105.35862,46.6055],[-105.32965,46.63827],[-105.34735,46.66546],[-105.34848,46.67318],[-105.3643,46.68421],[-105.37352,46.69417],[-105.37463,46.69922],[-105.37784,46.70154],[-105.3823,46.70252],[-105.38805,46.70208],[-105.43516,46.74153],[-105.4352,46.74157],[-105.43517,46.74217],[-105.41563,46.73245],[-105.38757,46.7025],[-105.38247,46.70295],[-105.37858,46.7024],[-105.37399,46.69902],[-105.37281,46.69427],[-105.3618,46.68304],[-105.34836,46.67356],[-105.32902,46.63827],[-105.33105,46.59164],[-105.35363,46.58215],[-105.3366,46.55567],[-105.33588,46.54924],[-105.32937,46.53451],[-105.31457,46.52637],[-105.3128,46.52364],[-105.31244,46.52078],[-105.32429,46.5143],[-105.31876,46.50548],[-105.32852,46.49715],[-105.33055,46.48985],[-105.32733,46.48863],[-105.32306,46.4894],[-105.3195,46.48927],[-105.31729,46.48854],[-105.31416,46.48339],[-105.31264,46.4782],[-105.30758,46.47373],[-105.30986,46.47159],[-105.31731,46.47049],[-105.31381,46.4633],[-105.31741,46.44855],[-105.30292,46.4151],[-105.3188,46.40086],[-105.31898,46.37737],[-105.31596,46.36429],[-105.30891,46.36251],[-105.30465,46.35564],[-105.29898,46.35433],[-105.30112,46.3478],[-105.29054,46.3356],[-105.28547,46.31469],[-105.28552,46.30434],[-105.29471,46.29659],[-105.29679,46.29222],[-105.28764,46.29166],[-105.28451,46.29007],[-105.28072,46.28641],[-105.27862,46.2818],[-105.27967,46.27495],[-105.28497,46.26926],[-105.2542,46.23507],[-105.23005,46.2327],[-105.22361,46.22946],[-105.2202,46.22307],[-105.20733,46.21402],[-105.20098,46.20611],[-105.18765,46.20066],[-105.18137,46.19194],[-105.16683,46.18643],[-105.1558,46.1649],[-105.15913,46.13542],[-105.1484,46.13223],[-105.14545,46.12854],[-105.14885,46.12099],[-105.13885,46.1037],[-105.13427,46.10278],[-105.13034,46.10284],[-105.11126,46.09728],[-105.09515,46.08478],[-105.09643,46.06708],[-105.06086,46.06439],[-105.06702,46.04729],[-105.04135,46.02146],[-105.04037,46.01957],[-105.0431,46.01709],[-105.04353,46.0145],[-105.04001,46.01186],[-105.03908,46.00923],[-105.04015,46.00702],[-105.04936,45.99533],[-105.04259,45.98778],[-105.03602,45.98497],[-105.02354,45.98608],[-105.01632,45.98156],[-105.00679,45.97997],[-105.00412,45.97764],[-104.99671,45.96156],[-104.99535,45.95291],[-105.00285,45.93711],[-105.01115,45.92588],[-105.00472,45.92137],[-104.99769,45.92181],[-104.99314,45.92338],[-104.99038,45.92322],[-104.98913,45.91967],[-104.98954,45.91539],[-104.98862,45.90603],[-104.98958,45.89865],[-104.98773,45.89614],[-104.98845,45.89271],[-104.98695,45.88884],[-104.98151,45.88388],[-104.98045,45.88082],[-104.99261,45.87414],[-105.00857,45.85432],[-105.00961,45.8532],[-105.01213,45.85291],[-105.01691,45.85386],[-105.01848,45.85305],[-105.02094,45.85069],[-105.01343,45.8455],[-105.01096,45.84284],[-105.01077,45.8411],[-105.01354,45.83513],[-105.0225,45.83131],[-105.02537,45.83082],[-105.03278,45.83102],[-105.03805,45.83311],[-105.04083,45.83025],[-105.04839,45.79454],[-105.07086,45.78493],[-105.08804,45.75059],[-105.11149,45.74365],[-105.14563,45.71223],[-105.1754,45.70581],[-105.20342,45.68078],[-105.22133,45.68926],[-105.23164,45.67917],[-105.24081,45.68323],[-105.24539,45.68247],[-105.24515,45.68004],[-105.24626,45.67812],[-105.24447,45.67677],[-105.24046,45.67749],[-105.23634,45.67586],[-105.23588,45.67259],[-105.24279,45.67063],[-105.24972,45.66601],[-105.25404,45.66581],[-105.25621,45.66363],[-105.25573,45.66048],[-105.25111,45.65972],[-105.25107,45.66168],[-105.2502,45.66237],[-105.24876,45.66231],[-105.24598,45.66098],[-105.24474,45.65963],[-105.2439,45.65678],[-105.24563,45.65137],[-105.25238,45.64319],[-105.24979,45.6417],[-105.25201,45.63625],[-105.25155,45.62906],[-105.24605,45.63257],[-105.24116,45.63051],[-105.24115,45.62807],[-105.24387,45.62591],[-105.24064,45.6244],[-105.24001,45.62253],[-105.24261,45.62006],[-105.24665,45.62333],[-105.24932,45.62074],[-105.25374,45.61843],[-105.24976,45.61564],[-105.25107,45.61194],[-105.2569,45.61381],[-105.25641,45.60828],[-105.28056,45.57674],[-105.28124,45.56656],[-105.28734,45.55957],[-105.28379,45.55538],[-105.28452,45.55423],[-105.29251,45.55459],[-105.29099,45.55104],[-105.2912,45.54731],[-105.33138,45.53326],[-105.34312,45.47465]]]},"properties":{"permanent_":"124523894","fdate":"2022-01-31T00:00:00.000Z","resolution":2,"gnis_id":"","gnis_name":"","areasqkm":12.48191566,"elevation":null,"ftype":460,"fcode":46006,"visibility":5000000,"SHAPE_Leng":null,"SHAPE_Area":null,"ObjectID":3298}},
{"type":"Feature","geometry":{"type":"Polygon","coordinates":[[[-114.0607,46.7402],[-114.06154,46.74211],[-114.06465,46.75963],[-114.06111,46.77289],[-114.07685,46.777],[-114.08155,46.77947],[-114.08297,46.78191],[-114.09032,46.78793],[-114.09667,46.79147],[-114.09949,46.79488],[-114.09486,46.80469],[-114.0865,46.81457],[-114.07855,46.82149],[-114.10691,46.83804],[-114.11867,46.86061],[-114.11781,46.86103],[-114.09645,46.85492],[-114.05519,46.82692],[-114.07298,46.82315],[-114.0859,46.81444],[-114.09811,46.79489],[-114.08224,46.78216],[-114.07824,46.77806],[-114.0652,46.77561],[-114.06007,46.77284],[-114.05899,46.7691],[-114.05838,46.7392],[-114.05693,46.73544],[-114.0569,46.7354],[-114.04371,46.71952],[-114.03885,46.68253],[-114.03818,46.66601],[-114.04117,46.66423],[-114.04887,46.66435],[-114.05534,46.64841],[-114.05378,46.64526],[-114.0537,46.63688],[-114.04957,46.6306],[-114.05454,46.62897],[-114.04662,46.62329],[-114.04614,46.62195],[-114.04695,46.62106],[-114.04853,46.62081],[-114.04984,46.62006],[-114.05021,46.61867],[-114.04939,46.61766],[-114.04943,46.61442],[-114.04377,46.61103],[-114.05194,46.6037],[-114.05103,46.59805],[-114.05369,46.58572],[-114.09357,46.57242],[-114.09695,46.53805],[-114.10913,46.51274],[-114.10582,46.50647],[-114.10282,46.50482],[-114.10198,46.50222],[-114.09854,46.48984],[-114.10302,46.47374],[-114.11513,46.46859],[-114.11743,46.46514],[-114.11925,46.46459],[-114.11672,46.45962],[-114.11644,46.45875],[-114.11735,46.45695],[-114.12014,46.45321],[-114.11595,46.44969],[-114.12784,46.43974],[-114.12443,46.43558],[-114.1285,46.43151],[-114.12876,46.42689],[-114.125,46.42548],[-114.12838,46.4227],[-114.12715,46.42154],[-114.12382,46.4202],[-114.12427,46.41199],[-114.12017,46.40383],[-114.11759,46.39416],[-114.11897,46.39094],[-114.11654,46.38938],[-114.11799,46.38688],[-114.1229,46.3855],[-114.12113,46.3803],[-114.12282,46.37462],[-114.12488,46.37238],[-114.12802,46.37233],[-114.12983,46.37063],[-114.13147,46.3667],[-114.13104,46.36269],[-114.13414,46.36023],[-114.13203,46.35781],[-114.13212,46.35504],[-114.12945,46.35469],[-114.12881,46.35422],[-114.12862,46.353],[-114.13039,46.35109],[-114.1298,46.34958],[-114.12847,46.34866],[-114.12842,46.34756],[-114.13433,46.33715],[-114.14843,46.32481],[-114.1516,46.28939],[-114.17702,46.2474],[-114.17757,46.24739],[-114.15198,46.28958],[-114.15076,46.32393],[-114.13673,46.33869],[-114.13278,46.34369],[-114.13017,46.34518],[-114.12886,46.34861],[-114.13064,46.35037],[-114.13064,46.35186],[-114.12911,46.35269],[-114.12913,46.35413],[-114.13115,46.35446],[-114.13276,46.35519],[-114.1332,46.35592],[-114.13435,46.36032],[-114.13143,46.36269],[-114.13217,46.36848],[-114.12936,46.37163],[-114.12739,46.37278],[-114.1249,46.37334],[-114.12146,46.38048],[-114.12257,46.38426],[-114.12341,46.38492],[-114.12253,46.38628],[-114.1188,46.38692],[-114.1169,46.3894],[-114.1192,46.39081],[-114.11791,46.39377],[-114.12176,46.40137],[-114.12068,46.40408],[-114.12469,46.40729],[-114.12765,46.41853],[-114.12584,46.42074],[-114.12805,46.42207],[-114.12874,46.42323],[-114.12617,46.42479],[-114.12749,46.42632],[-114.12926,46.42691],[-114.12953,46.4279],[-114.12847,46.43946],[-114.1171,46.45038],[-114.12064,46.45228],[-114.11948,46.45658],[-114.1168,46.45927],[-114.11945,46.4608],[-114.121,46.46388],[-114.11749,46.46562],[-114.11492,46.47141],[-114.1053,46.47278],[-114.10155,46.4919],[-114.10817,46.49827],[-114.10288,46.50412],[-114.10683,46.50664],[-114.10884,46.51182],[-114.1134,46.51592],[-114.10089,46.5356],[-114.09481,46.57262],[-114.0669,46.58439],[-114.06486,46.58999],[-114.05755,46.58923],[-114.05189,46.5942],[-114.05239,46.60357],[-114.04774,46.61048],[-114.05283,46.61527],[-114.05074,46.6185],[-114.05007,46.6202],[-114.04936,46.62081],[-114.04656,46.622],[-114.0482,46.6244],[-114.05129,46.62622],[-114.05632,46.62802],[-114.05016,46.63145],[-114.05304,46.63468],[-114.05538,46.64093],[-114.05572,46.64879],[-114.05135,46.6627],[-114.04791,46.66504],[-114.04193,46.66446],[-114.03884,46.66755],[-114.0417,46.68779],[-114.05284,46.69262],[-114.04462,46.71995],[-114.05351,46.73076],[-114.06331,46.7355],[-114.0607,46.7402]]]},"properties":{"permanent_":"120008451","fdate":"2017-12-06T00:00:00.000Z","resolution":2,"gnis_id":"","gnis_name":"","areasqkm":5.64968046,"elevation":null,"ftype":460,"fcode":46006,"visibility":5000000,"SHAPE_Leng":null,"SHAPE_Area":null,"ObjectID":3383}},
{"type":"Feature","geometry":{"type":"Polygon","coordinates":[[[-112.50086,47.61969],[-112.50086,47.62],[-112.44081,47.60754],[-112.41795,47.59744],[-112.4048,47.5767],[-112.40317,47.56729],[-112.40284,47.56411],[-112.40451,47.55946],[-112.40736,47.55762],[-112.40657,47.55388],[-112.40122,47.55246],[-112.39633,47.55298],[-112.38424,47.55227],[-112.37392,47.54674],[-112.34634,47.55152],[-112.3177,47.54247],[-112.31013,47.53353],[-112.30913,47.52875],[-112.30597,47.52672],[-112.30138,47.52596],[-112.29323,47.5232],[-112.28268,47.51334],[-112.27974,47.50682],[-112.25257,47.51048],[-112.20576,47.5031],[-112.14687,47.51697],[-112.1157,47.50885],[-112.02772,47.51823],[-111.98417,47.50596],[-111.97522,47.51019],[-111.96943,47.51104],[-111.92392,47.50506],[-111.90098,47.50745],[-111.89978,47.50959],[-111.8979,47.51096],[-111.89472,47.51198],[-111.89287,47.51234],[-111.87708,47.51283],[-111.87048,47.5185],[-111.85831,47.51806],[-111.83392,47.5087],[-111.82688,47.51142],[-111.81567,47.51306],[-111.81139,47.51493],[-111.8051,47.51569],[-111.8074,47.5187],[-111.80671,47.51985],[-111.80225,47.52027],[-111.79921,47.51952],[-111.79504,47.52488],[-111.79335,47.52673],[-111.79087,47.52802],[-111.79295,47.52903],[-111.78502,47.53112],[-111.73763,47.53824],[-111.72934,47.53619],[-111.7233,47.53702],[-111.71926,47.53666],[-111.71639,47.53481],[-111.71427,47.53097],[-111.7161,47.52784],[-111.71199,47.52672],[-111.70916,47.52841],[-111.70715,47.52853],[-111.70515,47.52625],[-111.70098,47.52646],[-111.6994,47.52853],[-111.69833,47.52914],[-111.69666,47.52913],[-111.69374,47.52712],[-111.68852,47.52704],[-111.68516,47.52854],[-111.67964,47.52567],[-111.67324,47.52735],[-111.66872,47.53078],[-111.66166,47.53095],[-111.65818,47.53583],[-111.65511,47.53712],[-111.65191,47.53664],[-111.65092,47.53513],[-111.64292,47.53889],[-111.63401,47.53994],[-111.63213,47.53787],[-111.6223,47.53696],[-111.60363,47.5386],[-111.60316,47.54317],[-111.59647,47.54536],[-111.59119,47.54564],[-111.58939,47.54722],[-111.58732,47.54765],[-111.55761,47.54028],[-111.53336,47.5496],[-111.51751,47.53194],[-111.50991,47.52508],[-111.50499,47.52369],[-111.49213,47.52556],[-111.48017,47.52968],[-111.46877,47.52959],[-111.45922,47.53109],[-111.45883,47.53891],[-111.45593,47.5409],[-111.44959,47.54151],[-111.44468,47.53965],[-111.43916,47.53436],[-111.43751,47.52967],[-111.42752,47.52611],[-111.42559,47.52769],[-111.42187,47.52774],[-111.41388,47.52399],[-111.41447,47.52086],[-111.41927,47.51629],[-111.40699,47.51607],[-111.40236,47.51744],[-111.39888,47.51607],[-111.3834,47.5122],[-111.36509,47.50288],[-111.35188,47.49906],[-111.34029,47.49857],[-111.33878,47.49691],[-111.34055,47.49374],[-111.33308,47.49214],[-111.32849,47.49194],[-111.31417,47.49479],[-111.3141,47.49444],[-111.31402,47.49404],[-111.32914,47.49131],[-111.33886,47.4923],[-111.34129,47.49395],[-111.33968,47.49561],[-111.34119,47.49839],[-111.355,47.49871],[-111.36582,47.50218],[-111.3978,47.51082],[-111.4018,47.51708],[-111.4068,47.51573],[-111.41918,47.516],[-111.42004,47.51799],[-111.415,47.52099],[-111.41454,47.52415],[-111.42546,47.52734],[-111.42723,47.52213],[-111.43087,47.52115],[-111.43779,47.52898],[-111.43983,47.53441],[-111.44808,47.54077],[-111.45693,47.54],[-111.45647,47.53238],[-111.46013,47.53027],[-111.46299,47.52962],[-111.49816,47.52327],[-111.50402,47.52292],[-111.51146,47.52489],[-111.52913,47.53171],[-111.52745,47.54181],[-111.55809,47.53999],[-111.58197,47.54453],[-111.58356,47.54586],[-111.58852,47.54732],[-111.59611,47.54244],[-111.60291,47.54207],[-111.60345,47.5381],[-111.62231,47.53641],[-111.63259,47.53749],[-111.6374,47.53886],[-111.64393,47.53828],[-111.65083,47.53437],[-111.65417,47.53695],[-111.65815,47.53517],[-111.65854,47.53245],[-111.66165,47.53025],[-111.66277,47.53084],[-111.6695,47.53013],[-111.67313,47.52708],[-111.67879,47.52552],[-111.68244,47.52579],[-111.6859,47.52766],[-111.68787,47.52697],[-111.69281,47.52675],[-111.69503,47.52727],[-111.69818,47.52898],[-111.69978,47.52677],[-111.70343,47.5254],[-111.70572,47.5261],[-111.70838,47.52827],[-111.71137,47.52653],[-111.71565,47.52627],[-111.71655,47.52821],[-111.71528,47.53256],[-111.71947,47.53647],[-111.72477,47.5359],[-111.72819,47.533],[-111.73547,47.53559],[-111.7576,47.52835],[-111.77145,47.532],[-111.77645,47.529],[-111.78328,47.53106],[-111.79252,47.52894],[-111.78962,47.52789],[-111.79018,47.52614],[-111.79363,47.52641],[-111.79422,47.52435],[-111.79075,47.52349],[-111.79779,47.51928],[-111.80488,47.51992],[-111.8069,47.5182],[-111.80369,47.51707],[-111.80516,47.51546],[-111.80872,47.51506],[-111.81563,47.51276],[-111.82696,47.51097],[-111.8323,47.50802],[-111.84712,47.51042],[-111.85899,47.51804],[-111.87645,47.5127],[-111.88607,47.51219],[-111.89121,47.51232],[-111.89399,47.51205],[-111.89708,47.51102],[-111.89933,47.50985],[-111.9001,47.50751],[-111.92399,47.5046],[-111.95225,47.50812],[-111.96051,47.50288],[-111.96975,47.51097],[-111.9842,47.50585],[-112.00008,47.50712],[-112.02535,47.51726],[-112.12092,47.50792],[-112.14787,47.51642],[-112.20503,47.50213],[-112.25005,47.50999],[-112.27828,47.50553],[-112.28299,47.50754],[-112.28276,47.5126],[-112.29307,47.52258],[-112.30211,47.52578],[-112.30668,47.52668],[-112.30929,47.52824],[-112.32014,47.54293],[-112.37589,47.54631],[-112.40559,47.55227],[-112.40838,47.55453],[-112.40809,47.55697],[-112.40326,47.5645],[-112.40749,47.57099],[-112.40686,47.57806],[-112.41356,47.57742],[-112.41877,47.58306],[-112.41864,47.59644],[-112.44136,47.60729],[-112.50086,47.61969]]]},"properties":{"permanent_":"123045874","fdate":"2020-07-30T00:00:00.000Z","resolution":2,"gnis_id":"","gnis_name":"","areasqkm":6.83384235,"elevation":null,"ftype":460,"fcode":46006,"visibility":5000000,"SHAPE_Leng":null,"SHAPE_Area":null,"ObjectID":3612}},
{"type":"Feature","geometry":{"type":"Polygon","coordinates":[[[-110.4706,47.92834],[-110.48211,47.91184],[-110.46536,47.91227],[-110.45604,47.91021],[-110.45656,47.89169],[-110.46493,47.88413],[-110.4779,47.87894],[-110.49759,47.87979],[-110.50201,47.87405],[-110.49946,47.86337],[-110.50483,47.85705],[-110.52064,47.85387],[-110.55067,47.85825],[-110.57182,47.85558],[-110.58784,47.8414],[-110.61723,47.84209],[-110.63041,47.82938],[-110.66344,47.81828],[-110.67506,47.80487],[-110.70173,47.79068],[-110.74657,47.77605],[-110.77601,47.7723],[-110.8049,47.75686],[-110.82436,47.75627],[-110.84904,47.76868],[-110.87944,47.76168],[-110.8796,47.76171],[-110.89384,47.7616],[-110.8939,47.76125],[-110.91928,47.73523],[-110.9421,47.73314],[-110.95606,47.70879],[-110.97979,47.69534],[-111.00133,47.66113],[-111.03695,47.62407],[-111.03754,47.62338],[-111.03919,47.61881],[-111.03891,47.6183],[-111.0388,47.61773],[-111.03872,47.61723],[-111.04597,47.6095],[-111.04631,47.60782],[-111.04758,47.60149],[-111.04788,47.60095],[-111.04857,47.59917],[-111.04833,47.59822],[-111.033,47.58977],[-111.02979,47.58575],[-111.03019,47.58232],[-111.02556,47.58212],[-111.02333,47.5808],[-111.02308,47.57847],[-111.01893,47.57927],[-111.01236,47.57665],[-111.00979,47.5745],[-111.00124,47.57296],[-110.98854,47.57498],[-110.97523,47.57463],[-110.96995,47.57206],[-110.96663,47.56457],[-110.94599,47.55162],[-110.92301,47.54309],[-110.89452,47.5465],[-110.89274,47.55205],[-110.88762,47.55005],[-110.88822,47.54803],[-110.89075,47.54614],[-110.88813,47.53986],[-110.88358,47.54457],[-110.88452,47.54676],[-110.88386,47.54737],[-110.88043,47.54772],[-110.87841,47.54556],[-110.88176,47.54352],[-110.88147,47.54037],[-110.87579,47.53949],[-110.87353,47.53857],[-110.86964,47.53929],[-110.8674,47.53857],[-110.86709,47.53696],[-110.86764,47.53614],[-110.86902,47.53546],[-110.87125,47.5361],[-110.87074,47.53314],[-110.86658,47.53321],[-110.86724,47.53124],[-110.8622,47.52744],[-110.8586,47.52145],[-110.85912,47.51298],[-110.86826,47.50728],[-110.88522,47.49819],[-110.90953,47.46586],[-110.91683,47.43566],[-110.92683,47.4151],[-110.9272,47.41197],[-110.92462,47.41116],[-110.92518,47.40972],[-110.9238,47.40748],[-110.923,47.40282],[-110.92339,47.40036],[-110.92596,47.39846],[-110.92633,47.3959],[-110.9233,47.38898],[-110.92451,47.37937],[-110.92006,47.37774],[-110.91148,47.37259],[-110.8988,47.36161],[-110.89669,47.35749],[-110.89938,47.35117],[-110.89489,47.34502],[-110.89008,47.34558],[-110.88762,47.345],[-110.88507,47.33963],[-110.87579,47.33917],[-110.87579,47.33908],[-110.88519,47.33952],[-110.88642,47.3424],[-110.89008,47.34545],[-110.89503,47.34494],[-110.89914,47.34957],[-110.89953,47.35195],[-110.89764,47.3567],[-110.89872,47.36132],[-110.91083,47.36856],[-110.91085,47.37166],[-110.92338,47.37826],[-110.92748,47.38176],[-110.92904,47.38472],[-110.92358,47.38872],[-110.92672,47.39639],[-110.92629,47.39843],[-110.92361,47.40048],[-110.92332,47.40273],[-110.92543,47.40567],[-110.92423,47.40734],[-110.9254,47.40958],[-110.92547,47.41134],[-110.92735,47.41149],[-110.92726,47.41494],[-110.92272,47.44107],[-110.91062,47.4653],[-110.8963,47.48552],[-110.89754,47.49548],[-110.88281,47.50661],[-110.85975,47.51375],[-110.86947,47.52304],[-110.86304,47.52786],[-110.86749,47.53086],[-110.86694,47.53314],[-110.87059,47.53284],[-110.87342,47.53512],[-110.87222,47.53634],[-110.8694,47.53581],[-110.86831,47.53601],[-110.86738,47.53792],[-110.86902,47.53897],[-110.87324,47.53829],[-110.88089,47.53999],[-110.88193,47.54039],[-110.88246,47.54118],[-110.88251,47.54275],[-110.8813,47.54452],[-110.87871,47.54558],[-110.88016,47.54736],[-110.88404,47.54693],[-110.88331,47.54408],[-110.88832,47.53949],[-110.88997,47.53993],[-110.8898,47.54328],[-110.89113,47.54456],[-110.89069,47.54665],[-110.90714,47.54197],[-110.92319,47.54272],[-110.94927,47.55267],[-110.96664,47.56403],[-110.97023,47.57177],[-110.98774,47.57484],[-111.00225,47.57239],[-111.00968,47.57417],[-111.01293,47.57655],[-111.01917,47.57896],[-111.02289,47.57759],[-111.02397,47.58097],[-111.02656,47.58207],[-111.03011,47.5821],[-111.03133,47.58308],[-111.04867,47.59789],[-111.05593,47.59087],[-111.05711,47.58856],[-111.05749,47.58748],[-111.05834,47.58323],[-111.05846,47.58253],[-111.05879,47.58131],[-111.06082,47.58181],[-111.06041,47.58303],[-111.06023,47.58358],[-111.06022,47.588],[-111.05984,47.58909],[-111.05812,47.59169],[-111.05032,47.59947],[-111.04947,47.60127],[-111.049,47.60183],[-111.04826,47.60748],[-111.04865,47.60954],[-111.03979,47.62417],[-111.03928,47.62487],[-111.00238,47.6625],[-110.98286,47.69564],[-110.95689,47.71035],[-110.94098,47.73487],[-110.91868,47.73822],[-110.89166,47.76652],[-110.84642,47.76973],[-110.82416,47.75812],[-110.79041,47.76576],[-110.78503,47.77446],[-110.75777,47.77583],[-110.70998,47.81381],[-110.67692,47.80579],[-110.66611,47.8185],[-110.62476,47.84011],[-110.60105,47.84857],[-110.57672,47.85249],[-110.58031,47.87568],[-110.52204,47.8553],[-110.50114,47.86619],[-110.50467,47.8789],[-110.49542,47.88063],[-110.48259,47.87926],[-110.46609,47.88509],[-110.45839,47.89941],[-110.46636,47.91096],[-110.47201,47.91066],[-110.47299,47.91093],[-110.48191,47.91096],[-110.49057,47.92977],[-110.48976,47.93007],[-110.47142,47.92875],[-110.4706,47.92834]],[[-111.04096,47.61716],[-111.04092,47.61722],[-111.0409,47.61725],[-111.04091,47.61771],[-111.04099,47.61816],[-111.0411,47.61873],[-111.04096,47.61716]]]},"properties":{"permanent_":"120007700","fdate":"2020-07-30T00:00:00.000Z","resolution":2,"gnis_id":"","gnis_name":"","areasqkm":17.31390929,"elevation":null,"ftype":460,"fcode":46006,"visibility":5000000,"SHAPE_Leng":null,"SHAPE_Area":null,"ObjectID":3615}},
{"type":"Feature","geometry":{"type":"Polygon","coordinates":[[[-111.31402,47.49404],[-111.3141,47.49444],[-111.31417,47.49479],[-111.31558,47.50376],[-111.30414,47.52003],[-111.26169,47.52139],[-111.26164,47.52107],[-111.26294,47.52068],[-111.26269,47.51857],[-111.2921,47.51874],[-111.31166,47.50448],[-111.31184,47.46454],[-111.28304,47.42587],[-111.28712,47.41498],[-111.31365,47.40848],[-111.31795,47.39138],[-111.32989,47.38694],[-111.34824,47.39768],[-111.38899,47.41971],[-111.38537,47.432],[-111.41045,47.43251],[-111.41561,47.42722],[-111.40591,47.41395],[-111.41016,47.40972],[-111.41777,47.41054],[-111.43034,47.41597],[-111.43696,47.40884],[-111.44604,47.40656],[-111.45129,47.40759],[-111.45589,47.4226],[-111.47143,47.42226],[-111.47473,47.4154],[-111.48442,47.41563],[-111.49251,47.42801],[-111.50078,47.40412],[-111.50481,47.37872],[-111.53964,47.38218],[-111.56135,47.35843],[-111.57874,47.3545],[-111.57903,47.34271],[-111.59965,47.3341],[-111.60553,47.31882],[-111.64655,47.31108],[-111.68999,47.27971],[-111.69687,47.26235],[-111.71965,47.23481],[-111.73476,47.22467],[-111.75238,47.22716],[-111.76322,47.22604],[-111.76872,47.22254],[-111.76527,47.21508],[-111.77132,47.19834],[-111.80532,47.18191],[-111.80721,47.18129],[-111.84841,47.15553],[-111.85229,47.14972],[-111.84702,47.14309],[-111.84681,47.1404],[-111.85209,47.13888],[-111.85761,47.14092],[-111.86618,47.13011],[-111.88395,47.1221],[-111.89349,47.1205],[-111.90181,47.12586],[-111.91556,47.12777],[-111.94742,47.11557],[-111.94607,47.09193],[-111.96743,47.05366],[-111.99486,47.04502],[-111.99394,47.03397],[-111.9986,47.02991],[-112.01277,47.02879],[-112.0117,47.01958],[-111.99684,47.00402],[-112.00431,46.99208],[-112.00534,46.99122],[-112.00038,47.00654],[-112.01391,47.0197],[-112.01642,47.02673],[-112.0107,47.03006],[-111.99643,47.03272],[-111.99622,47.04484],[-111.98838,47.05185],[-111.96849,47.05539],[-111.9488,47.11567],[-111.91283,47.13028],[-111.89128,47.12244],[-111.88747,47.13363],[-111.87583,47.13586],[-111.86317,47.13412],[-111.86063,47.1416],[-111.84746,47.14185],[-111.85191,47.14673],[-111.85315,47.15186],[-111.84911,47.15632],[-111.80794,47.18207],[-111.80594,47.18269],[-111.77291,47.19931],[-111.768,47.21315],[-111.7721,47.21951],[-111.76921,47.224],[-111.76282,47.22698],[-111.75303,47.22788],[-111.73389,47.22592],[-111.71905,47.23561],[-111.69233,47.28015],[-111.65106,47.31012],[-111.60713,47.32016],[-111.60171,47.34269],[-111.58177,47.34359],[-111.57945,47.35623],[-111.55938,47.36153],[-111.55512,47.37613],[-111.53787,47.38568],[-111.5293,47.40298],[-111.49886,47.41199],[-111.49325,47.43],[-111.47377,47.41989],[-111.47192,47.43225],[-111.45296,47.42214],[-111.44911,47.40762],[-111.44051,47.40917],[-111.43143,47.41687],[-111.40984,47.41154],[-111.4081,47.41593],[-111.41657,47.42457],[-111.4166,47.43126],[-111.40755,47.43446],[-111.38477,47.43383],[-111.3877,47.42035],[-111.36483,47.4149],[-111.35934,47.43347],[-111.33628,47.42748],[-111.34582,47.39661],[-111.28628,47.41983],[-111.31677,47.46396],[-111.31402,47.49404]]]},"properties":{"permanent_":"120008452","fdate":"2010-07-20T00:00:00.000Z","resolution":2,"gnis_id":"","gnis_name":"","areasqkm":28.352,"elevation":null,"ftype":460,"fcode":46006,"visibility":5000000,"SHAPE_Leng":null,"SHAPE_Area":null,"ObjectID":3616}},
{"type":"Feature","geometry":{"type":"Polygon","coordinates":[[[-111.49146,45.93761],[-111.49164,45.93754],[-111.4931,45.9388],[-111.49339,45.93852],[-111.50497,45.92676],[-111.50556,45.92681],[-111.50614,45.92679],[-111.49479,45.93835],[-111.46773,45.95564],[-111.46452,45.96536],[-111.46538,45.97617],[-111.46409,45.99077],[-111.46133,45.9972],[-111.45855,45.99883],[-111.45341,45.9987],[-111.44816,45.99607],[-111.44275,45.99116],[-111.42677,45.99358],[-111.41788,46.00081],[-111.42157,46.01348],[-111.43208,46.01822],[-111.42423,46.03229],[-111.42721,46.03908],[-111.42474,46.06117],[-111.41116,46.08071],[-111.4044,46.08657],[-111.39374,46.09025],[-111.39185,46.09325],[-111.40012,46.10542],[-111.41128,46.10403],[-111.42585,46.1075],[-111.44225,46.11506],[-111.44324,46.11883],[-111.42286,46.1286],[-111.41436,46.12608],[-111.40397,46.1194],[-111.3951,46.12761],[-111.40073,46.13491],[-111.41483,46.14474],[-111.44262,46.15262],[-111.4418,46.16659],[-111.46403,46.18645],[-111.47933,46.18794],[-111.48805,46.19351],[-111.49324,46.20112],[-111.49349,46.20673],[-111.48956,46.21119],[-111.4841,46.22336],[-111.47034,46.23319],[-111.47353,46.24233],[-111.49158,46.24581],[-111.4928,46.2561],[-111.51178,46.28113],[-111.52189,46.28521],[-111.53312,46.29513],[-111.54147,46.31022],[-111.53645,46.3157],[-111.52069,46.28652],[-111.51006,46.28144],[-111.50348,46.27323],[-111.48485,46.25951],[-111.48665,46.24487],[-111.47717,46.24557],[-111.46963,46.23969],[-111.46984,46.23162],[-111.4807,46.22505],[-111.49265,46.20351],[-111.48716,46.19491],[-111.47562,46.18865],[-111.46438,46.18758],[-111.44117,46.16975],[-111.4406,46.15256],[-111.41371,46.14511],[-111.39821,46.13397],[-111.39376,46.12703],[-111.39542,46.12184],[-111.40287,46.11873],[-111.41021,46.12012],[-111.41875,46.12608],[-111.43472,46.1198],[-111.43383,46.11219],[-111.41128,46.10491],[-111.40242,46.10685],[-111.39713,46.10493],[-111.39053,46.09195],[-111.39104,46.08962],[-111.40447,46.08547],[-111.42358,46.06082],[-111.42611,46.04026],[-111.42035,46.03019],[-111.42875,46.02062],[-111.41293,46.00656],[-111.42185,45.99423],[-111.44317,45.99026],[-111.45027,45.99655],[-111.45611,45.99841],[-111.46029,45.99652],[-111.46436,45.98476],[-111.46325,45.96377],[-111.46678,45.95593],[-111.47174,45.95055],[-111.49146,45.93761]]]},"properties":{"permanent_":"120008457","fdate":"2020-07-16T00:00:00.000Z","resolution":2,"gnis_id":"","gnis_name":"","areasqkm":8.63581719,"elevation":null,"ftype":460,"fcode":46006,"visibility":5000000,"SHAPE_Leng":null,"SHAPE_Area":null,"ObjectID":3618}},
{"type":"Feature","geometry":{"type":"Polygon","coordinates":[[[-110.48976,47.93007],[-110.49057,47.92977],[-110.50815,47.93166],[-110.50894,47.9319],[-110.52077,47.94338],[-110.57537,47.93841],[-110.59094,47.96291],[-110.61759,47.986],[-110.61937,47.9949],[-110.63233,47.99845],[-110.64263,47.99766],[-110.64587,48.00353],[-110.65295,48.00275],[-110.65733,48.00341],[-110.66107,48.00939],[-110.6678,48.01089],[-110.67081,48.01541],[-110.6782,48.02671],[-110.68012,48.02811],[-110.67845,48.03226],[-110.67527,48.03493],[-110.6767,48.0413],[-110.68397,48.04507],[-110.68365,48.04726],[-110.67623,48.05032],[-110.67987,48.09397],[-110.69073,48.10042],[-110.63511,48.15556],[-110.63244,48.16601],[-110.60907,48.19532],[-110.6345,48.21867],[-110.62169,48.24359],[-110.66594,48.24269],[-110.68055,48.24296],[-110.69012,48.24552],[-110.69436,48.25465],[-110.70526,48.26185],[-110.71864,48.26125],[-110.72772,48.25597],[-110.73592,48.25777],[-110.75432,48.23663],[-110.77123,48.22858],[-110.77822,48.22814],[-110.81065,48.23375],[-110.81602,48.23983],[-110.82167,48.24348],[-110.82376,48.24103],[-110.82549,48.24021],[-110.83218,48.24331],[-110.83628,48.24271],[-110.83508,48.24964],[-110.83859,48.25217],[-110.83185,48.26007],[-110.84241,48.26394],[-110.84926,48.26092],[-110.85907,48.25626],[-110.8599,48.26188],[-110.87772,48.26389],[-110.87828,48.26229],[-110.87494,48.25903],[-110.87727,48.25475],[-110.90215,48.26365],[-110.94043,48.27129],[-110.96518,48.26104],[-110.98876,48.26524],[-110.99718,48.26347],[-110.99837,48.26122],[-111.0008,48.26061],[-111.00454,48.2614],[-111.00902,48.26479],[-111.00744,48.27],[-111.02856,48.26631],[-111.04257,48.26803],[-111.04907,48.28495],[-111.06977,48.28839],[-111.0989,48.3177],[-111.09886,48.31811],[-111.0685,48.28848],[-111.05695,48.2926],[-111.04474,48.291],[-111.04857,48.28445],[-111.03941,48.27319],[-111.02855,48.26685],[-111.00137,48.27119],[-111.00819,48.26473],[-111.00406,48.26182],[-111.0014,48.26111],[-110.99862,48.26353],[-110.99475,48.26522],[-110.98981,48.26533],[-110.97047,48.26732],[-110.94693,48.27493],[-110.91529,48.27053],[-110.87778,48.25514],[-110.87546,48.25862],[-110.8791,48.26203],[-110.87828,48.26428],[-110.87616,48.26427],[-110.8498,48.26071],[-110.85241,48.26525],[-110.84591,48.27035],[-110.84124,48.26396],[-110.82255,48.25779],[-110.83759,48.25287],[-110.83444,48.25012],[-110.83329,48.2438],[-110.82808,48.24156],[-110.82424,48.24114],[-110.82371,48.24348],[-110.82083,48.24366],[-110.81668,48.24144],[-110.77199,48.22903],[-110.75343,48.23979],[-110.75611,48.24591],[-110.73723,48.25826],[-110.71202,48.26346],[-110.70234,48.26163],[-110.69451,48.25581],[-110.68045,48.24355],[-110.65878,48.24728],[-110.64657,48.24403],[-110.62313,48.24861],[-110.6077,48.19504],[-110.62039,48.17055],[-110.65979,48.12877],[-110.68942,48.10101],[-110.67928,48.0936],[-110.67098,48.05885],[-110.67504,48.05076],[-110.68321,48.04676],[-110.67606,48.04148],[-110.67444,48.03522],[-110.67847,48.02726],[-110.66887,48.02599],[-110.66373,48.02114],[-110.67025,48.01476],[-110.66152,48.01006],[-110.65509,48.00308],[-110.64762,48.00535],[-110.64318,48.00133],[-110.64126,47.99781],[-110.63135,47.9986],[-110.6197,47.9964],[-110.61749,47.98717],[-110.58983,47.96308],[-110.57175,47.93903],[-110.51952,47.94383],[-110.48976,47.93007]]]},"properties":{"permanent_":"144849048","fdate":"2022-05-03T00:00:00.000Z","resolution":2,"gnis_id":"","gnis_name":"","areasqkm":8.00653293,"elevation":null,"ftype":460,"fcode":46006,"visibility":5000000,"SHAPE_Leng":null,"SHAPE_Area":null,"ObjectID":3621}},
{"type":"Feature","geometry":{"type":"Polygon","coordinates":[[[-105.75004,46.2446],[-105.75002,46.24453],[-105.75,46.24435],[-105.75734,46.23988],[-105.75992,46.23649],[-105.75589,46.23382],[-105.7572,46.23009],[-105.76463,46.22754],[-105.7633,46.22275],[-105.76856,46.21938],[-105.771,46.2126],[-105.76471,46.21066],[-105.76172,46.20698],[-105.76204,46.1997],[-105.79776,46.18479],[-105.79198,46.16592],[-105.80226,46.16283],[-105.81121,46.15694],[-105.8114,46.15454],[-105.81849,46.14991],[-105.81551,46.147],[-105.81578,46.14508],[-105.81801,46.14291],[-105.82069,46.14205],[-105.82191,46.13881],[-105.81291,46.13683],[-105.809,46.13363],[-105.80948,46.13027],[-105.81311,46.12865],[-105.81438,46.125],[-105.82317,46.12331],[-105.82712,46.12446],[-105.82806,46.12142],[-105.82931,46.12066],[-105.83337,46.12035],[-105.83005,46.1178],[-105.82951,46.11553],[-105.83018,46.11341],[-105.83929,46.1121],[-105.84457,46.10924],[-105.84636,46.10533],[-105.85109,46.10601],[-105.85692,46.10382],[-105.86288,46.10438],[-105.86379,46.10509],[-105.8633,46.10658],[-105.86147,46.10796],[-105.864,46.11022],[-105.867,46.10763],[-105.86881,46.10635],[-105.87163,46.10704],[-105.87612,46.10662],[-105.87822,46.10753],[-105.88063,46.10595],[-105.87267,46.09732],[-105.87862,46.08687],[-105.89086,46.08035],[-105.90969,46.08102],[-105.92275,46.0768],[-105.92484,46.07188],[-105.92805,46.06872],[-105.93326,46.06819],[-105.9332,46.06654],[-105.93029,46.06519],[-105.93045,46.06335],[-105.9327,46.06146],[-105.93251,46.05806],[-105.92568,46.05833],[-105.92646,46.05459],[-105.93274,46.05599],[-105.93134,46.04772],[-105.93276,46.04558],[-105.93388,46.04497],[-105.94559,46.04931],[-105.94791,46.0482],[-105.94766,46.04123],[-105.94918,46.03918],[-105.95119,46.03915],[-105.95213,46.03993],[-105.95454,46.0401],[-105.95752,46.03945],[-105.95838,46.03701],[-105.96133,46.03552],[-105.96696,46.03749],[-105.96912,46.03532],[-105.97332,46.03441],[-105.97614,46.03307],[-105.97698,46.03091],[-105.97429,46.02813],[-105.97694,46.02454],[-105.98577,46.02086],[-105.98948,46.02152],[-105.99082,46.02104],[-105.99045,46.01825],[-105.9909,46.01605],[-105.99305,46.01438],[-105.9993,46.01772],[-106.00434,46.01644],[-106.01051,46.0166],[-106.01453,46.01476],[-106.01872,46.0151],[-106.01886,46.01111],[-106.02219,46.00883],[-106.021,46.00171],[-106.03612,45.9981],[-106.04506,45.98201],[-106.07195,45.97137],[-106.07258,45.9462],[-106.08318,45.94647],[-106.08813,45.94282],[-106.09367,45.9446],[-106.0997,45.94001],[-106.11338,45.94441],[-106.11646,45.93974],[-106.11766,45.93299],[-106.11561,45.92781],[-106.14727,45.92475],[-106.16007,45.90973],[-106.16286,45.90735],[-106.16835,45.90993],[-106.18674,45.87298],[-106.19462,45.86669],[-106.19823,45.8675],[-106.19923,45.8647],[-106.19983,45.86338],[-106.20249,45.86249],[-106.2111,45.86035],[-106.20857,45.85671],[-106.2145,45.85482],[-106.21829,45.85499],[-106.22237,45.85646],[-106.21939,45.84498],[-106.22086,45.838],[-106.24042,45.80559],[-106.26306,45.79432],[-106.29395,45.75016],[-106.28149,45.72637],[-106.28161,45.69146],[-106.28268,45.68971],[-106.28767,45.68877],[-106.2866,45.68445],[-106.28272,45.67974],[-106.28392,45.67577],[-106.28721,45.67253],[-106.28574,45.6661],[-106.28446,45.66431],[-106.28575,45.6636],[-106.29104,45.66241],[-106.29094,45.65865],[-106.2871,45.65354],[-106.27845,45.64066],[-106.28313,45.6357],[-106.28599,45.63505],[-106.28971,45.63519],[-106.29116,45.63449],[-106.29048,45.63317],[-106.28783,45.63216],[-106.27956,45.63365],[-106.27607,45.63391],[-106.27476,45.63292],[-106.27605,45.62915],[-106.27726,45.62826],[-106.28044,45.62795],[-106.28323,45.62678],[-106.28462,45.62531],[-106.28612,45.61975],[-106.28502,45.61957],[-106.28114,45.62185],[-106.2739,45.62153],[-106.2717,45.61902],[-106.27353,45.61603],[-106.27577,45.61578],[-106.27868,45.61802],[-106.28171,45.61795],[-106.28057,45.61581],[-106.2812,45.61412],[-106.28444,45.61281],[-106.28139,45.60927],[-106.278,45.61174],[-106.27653,45.61164],[-106.27451,45.61039],[-106.27423,45.60776],[-106.26784,45.60612],[-106.26743,45.60485],[-106.26954,45.60206],[-106.27727,45.59755],[-106.28685,45.60052],[-106.28853,45.59575],[-106.28626,45.59247],[-106.28872,45.58916],[-106.29542,45.58802],[-106.28673,45.58215],[-106.28171,45.57996],[-106.28653,45.57764],[-106.28497,45.5764],[-106.28522,45.57371],[-106.28269,45.57165],[-106.28391,45.56579],[-106.29522,45.55119],[-106.31712,45.53462],[-106.31445,45.53113],[-106.32227,45.53199],[-106.32882,45.53131],[-106.32945,45.52961],[-106.32382,45.52783],[-106.32038,45.52745],[-106.32124,45.5242],[-106.3273,45.52222],[-106.32441,45.52044],[-106.32483,45.51666],[-106.32685,45.51553],[-106.33367,45.5172],[-106.33637,45.5128],[-106.3341,45.50956],[-106.33492,45.50645],[-106.33146,45.50558],[-106.33133,45.50321],[-106.33361,45.50296],[-106.33439,45.5049],[-106.33759,45.50422],[-106.34216,45.50445],[-106.34147,45.50025],[-106.34593,45.49719],[-106.355,45.49579],[-106.35616,45.49286],[-106.35541,45.49157],[-106.34977,45.49055],[-106.34851,45.48639],[-106.35689,45.48631],[-106.35759,45.48021],[-106.36118,45.47557],[-106.42586,45.43056],[-106.43988,45.41384],[-106.45644,45.40772],[-106.46844,45.39126],[-106.47423,45.39338],[-106.47694,45.3881],[-106.48492,45.38591],[-106.48798,45.38342],[-106.49446,45.38106],[-106.49462,45.3781],[-106.49668,45.37205],[-106.50637,45.35988],[-106.51703,45.35676],[-106.51817,45.3555],[-106.52188,45.35407],[-106.52436,45.35225],[-106.52291,45.35058],[-106.52272,45.34611],[-106.52695,45.34455],[-106.53035,45.34108],[-106.52621,45.33871],[-106.51546,45.33651],[-106.51278,45.33483],[-106.5108,45.33076],[-106.51138,45.32802],[-106.51378,45.32639],[-106.51439,45.32291],[-106.52097,45.32087],[-106.52128,45.32089],[-106.52155,45.32099],[-106.52163,45.32104],[-106.51467,45.32374],[-106.51432,45.32642],[-106.51182,45.32815],[-106.51145,45.33128],[-106.51288,45.33406],[-106.51604,45.33633],[-106.52668,45.3385],[-106.53306,45.34243],[-106.52975,45.34248],[-106.52703,45.34484],[-106.52286,45.34705],[-106.52463,45.35196],[-106.52393,45.35317],[-106.52205,45.35471],[-106.51673,45.35725],[-106.50667,45.36014],[-106.49714,45.37183],[-106.49497,45.37849],[-106.49577,45.38062],[-106.49356,45.38251],[-106.45774,45.41198],[-106.4367,45.42118],[-106.42617,45.4411],[-106.38881,45.45848],[-106.38287,45.4734],[-106.36834,45.47374],[-106.36168,45.4758],[-106.35811,45.47993],[-106.3566,45.49335],[-106.35584,45.49525],[-106.35466,45.49632],[-106.35286,45.49683],[-106.34494,45.49798],[-106.34224,45.5],[-106.34242,45.5047],[-106.3366,45.50448],[-106.33454,45.50972],[-106.33688,45.51261],[-106.33483,45.51702],[-106.33046,45.51787],[-106.32514,45.51672],[-106.32482,45.52004],[-106.32739,45.52195],[-106.32715,45.52371],[-106.32068,45.52733],[-106.32517,45.52785],[-106.32846,45.5287],[-106.33029,45.53026],[-106.32888,45.5315],[-106.3074,45.54223],[-106.29552,45.55149],[-106.2847,45.56501],[-106.2829,45.57129],[-106.28521,45.57301],[-106.28563,45.57435],[-106.28514,45.57579],[-106.28684,45.57761],[-106.28666,45.57834],[-106.2857,45.58119],[-106.29131,45.58514],[-106.29587,45.58476],[-106.29558,45.58826],[-106.28676,45.59269],[-106.29159,45.60057],[-106.28388,45.6011],[-106.27459,45.60014],[-106.27006,45.60199],[-106.26771,45.60549],[-106.27459,45.60769],[-106.27479,45.61017],[-106.27712,45.6115],[-106.27899,45.61099],[-106.28128,45.60899],[-106.28509,45.61075],[-106.28491,45.6129],[-106.28136,45.61432],[-106.28186,45.61825],[-106.27874,45.6184],[-106.27716,45.61786],[-106.27356,45.61653],[-106.27543,45.62156],[-106.28126,45.62148],[-106.2839,45.6196],[-106.28634,45.61914],[-106.28663,45.62098],[-106.28508,45.62549],[-106.28171,45.6279],[-106.27717,45.62863],[-106.27524,45.63197],[-106.27613,45.63337],[-106.28447,45.63268],[-106.28666,45.63173],[-106.29105,45.63287],[-106.29152,45.63468],[-106.29005,45.63542],[-106.28756,45.63577],[-106.28341,45.63596],[-106.27904,45.64072],[-106.28956,45.64804],[-106.29139,45.65869],[-106.29168,45.66174],[-106.28996,45.66378],[-106.28501,45.66425],[-106.28619,45.66637],[-106.28735,45.67164],[-106.29061,45.67538],[-106.28536,45.67498],[-106.28322,45.67949],[-106.28653,45.68387],[-106.28834,45.68805],[-106.28767,45.68913],[-106.28255,45.69046],[-106.28242,45.6931],[-106.28516,45.69725],[-106.28263,45.70166],[-106.28893,45.70744],[-106.28315,45.71413],[-106.29375,45.72108],[-106.28177,45.72561],[-106.29481,45.75046],[-106.26243,45.79562],[-106.24048,45.80591],[-106.22113,45.83816],[-106.22178,45.8522],[-106.2228,45.85659],[-106.21753,45.85511],[-106.20942,45.85669],[-106.21199,45.86024],[-106.20644,45.863],[-106.20131,45.86296],[-106.20039,45.87039],[-106.19858,45.86816],[-106.19484,45.86716],[-106.18736,45.87327],[-106.17552,45.89721],[-106.17663,45.90765],[-106.16892,45.91032],[-106.16299,45.90768],[-106.16075,45.91151],[-106.14748,45.92522],[-106.11609,45.92822],[-106.11809,45.93304],[-106.1171,45.93934],[-106.11594,45.94225],[-106.11308,45.94478],[-106.10032,45.94069],[-106.09336,45.94511],[-106.08839,45.94319],[-106.08469,45.94643],[-106.08105,45.9473],[-106.0735,45.95494],[-106.07352,45.97735],[-106.04475,45.9828],[-106.03906,45.99579],[-106.0194,46.01488],[-106.01659,46.01611],[-106.01414,46.01494],[-106.00998,46.01706],[-106.00481,46.01653],[-106.00233,46.02083],[-105.99382,46.01485],[-105.99129,46.01648],[-105.99162,46.01978],[-105.99138,46.02099],[-105.99032,46.02174],[-105.97673,46.0251],[-105.97761,46.03094],[-105.9772,46.03248],[-105.97478,46.0343],[-105.96664,46.03781],[-105.96108,46.03622],[-105.95847,46.0392],[-105.95602,46.04019],[-105.95289,46.04039],[-105.94985,46.03925],[-105.94829,46.04071],[-105.94837,46.04844],[-105.94559,46.04969],[-105.94332,46.04942],[-105.93315,46.0456],[-105.93228,46.05154],[-105.93397,46.05858],[-105.93248,46.06262],[-105.93059,46.06415],[-105.93329,46.06619],[-105.93391,46.06802],[-105.92991,46.06936],[-105.92784,46.06904],[-105.92318,46.07651],[-105.92298,46.08584],[-105.91485,46.08617],[-105.8911,46.0808],[-105.87555,46.09254],[-105.87943,46.10267],[-105.88146,46.10558],[-105.8787,46.10774],[-105.87483,46.10689],[-105.87252,46.10756],[-105.86976,46.10672],[-105.86759,46.10765],[-105.86763,46.10996],[-105.86511,46.11082],[-105.86137,46.10885],[-105.86106,46.10789],[-105.86162,46.1069],[-105.86332,46.10537],[-105.8619,46.10446],[-105.85106,46.10638],[-105.83886,46.11269],[-105.83051,46.11368],[-105.83002,46.11604],[-105.83161,46.11815],[-105.83421,46.11858],[-105.83345,46.12084],[-105.8297,46.12099],[-105.82676,46.12518],[-105.81906,46.12857],[-105.80997,46.13033],[-105.81346,46.13674],[-105.82288,46.13898],[-105.82086,46.14253],[-105.81705,46.14422],[-105.81621,46.14707],[-105.82151,46.15287],[-105.81659,46.15218],[-105.79814,46.18502],[-105.78491,46.19495],[-105.76223,46.20027],[-105.76268,46.20793],[-105.76508,46.2104],[-105.77077,46.21121],[-105.7715,46.21342],[-105.76879,46.21991],[-105.76367,46.22343],[-105.7651,46.22705],[-105.76266,46.22987],[-105.75678,46.23422],[-105.76101,46.23699],[-105.75787,46.24043],[-105.751,46.24464],[-105.75004,46.2446]]]},"properties":{"permanent_":"123094020","fdate":"2016-11-03T00:00:00.000Z","resolution":2,"gnis_id":"","gnis_name":"","areasqkm":8.95149353,"elevation":null,"ftype":460,"fcode":46006,"visibility":5000000,"SHAPE_Leng":null,"SHAPE_Area":null,"ObjectID":3626}},
{"type":"Feature","geometry":{"type":"Polygon","coordinates":[[[-105.4352,46.74157],[-105.43741,46.74174],[-105.41055,46.79798],[-105.32262,46.81104],[-105.30376,46.80486],[-105.27576,46.80658],[-105.2436,46.80165],[-105.15037,46.83663],[-105.14692,46.85384],[-105.12452,46.85906],[-105.0745,46.85512],[-105.05306,46.84599],[-104.97091,46.87432],[-104.94155,46.90304],[-104.91474,46.91517],[-104.88274,46.91953],[-104.87564,46.94216],[-104.81386,46.94988],[-104.78521,46.97271],[-104.78683,47.01123],[-104.76257,47.03949],[-104.76172,47.07954],[-104.7184,47.11359],[-104.69196,47.15055],[-104.6552,47.1663],[-104.66781,47.19666],[-104.63596,47.22356],[-104.63439,47.24498],[-104.59072,47.27477],[-104.56155,47.262],[-104.54724,47.27876],[-104.52992,47.28122],[-104.52965,47.28114],[-104.4622,47.30663],[-104.43467,47.3422],[-104.37328,47.39313],[-104.34904,47.39569],[-104.35019,47.43474],[-104.33938,47.4451],[-104.31333,47.45808],[-104.25963,47.52223],[-104.25013,47.50692],[-104.2751,47.46419],[-104.3062,47.465],[-104.32022,47.44525],[-104.34345,47.43949],[-104.3374,47.41591],[-104.34905,47.38939],[-104.3856,47.37844],[-104.40779,47.34112],[-104.42679,47.33954],[-104.46959,47.29426],[-104.48602,47.29436],[-104.52599,47.25856],[-104.55493,47.2607],[-104.56502,47.25861],[-104.57509,47.26673],[-104.59386,47.26916],[-104.62206,47.25012],[-104.63042,47.21964],[-104.65569,47.20284],[-104.64752,47.17492],[-104.6578,47.15805],[-104.68518,47.14933],[-104.6991,47.12704],[-104.7415,47.08341],[-104.74948,47.04676],[-104.7706,47.02781],[-104.77417,46.97639],[-104.81921,46.94599],[-104.87568,46.94024],[-104.87165,46.92274],[-104.8924,46.91369],[-104.9132,46.91334],[-104.96521,46.87501],[-105.03408,46.85248],[-105.05602,46.8401],[-105.07825,46.85325],[-105.14297,46.85325],[-105.14949,46.83388],[-105.20902,46.81458],[-105.22929,46.80239],[-105.25922,46.80065],[-105.30491,46.80347],[-105.32139,46.80894],[-105.35983,46.80414],[-105.40399,46.77646],[-105.43517,46.74217],[-105.4352,46.74157]]]},"properties":{"permanent_":"{10566DC2-AFB4-4B5E-B2D1-C5BCA2731554}","fdate":"2022-01-31T00:00:00.000Z","resolution":2,"gnis_id":"","gnis_name":"","areasqkm":68.23041783,"elevation":null,"ftype":460,"fcode":46006,"visibility":5000000,"SHAPE_Leng":null,"SHAPE_Area":null,"ObjectID":3643}},
{"type":"Feature","geometry":{"type":"Polygon","coordinates":[[[-110.14796,48.82495],[-110.13809,48.81328],[-110.13725,48.80308],[-110.13627,48.80257],[-110.13321,48.80054],[-110.13388,48.79592],[-110.14084,48.79066],[-110.14187,48.78978],[-110.14053,48.78359],[-110.1405,48.78349],[-110.13572,48.77975],[-110.13542,48.7794],[-110.14093,48.76627],[-110.13478,48.75033],[-110.13169,48.74606],[-110.12541,48.73769],[-110.12047,48.73634],[-110.12055,48.7361],[-110.09269,48.73003],[-110.09327,48.72965],[-110.11134,48.73371],[-110.11266,48.73344],[-110.11542,48.73358],[-110.11609,48.73378],[-110.1216,48.73438],[-110.12875,48.73832],[-110.14395,48.76653],[-110.14393,48.78945],[-110.13435,48.79997],[-110.14186,48.80766],[-110.14536,48.81554],[-110.14796,48.82495]]]},"properties":{"permanent_":"140726588","fdate":"2010-09-08T00:00:00.000Z","resolution":2,"gnis_id":"","gnis_name":"","areasqkm":5.172,"elevation":null,"ftype":460,"fcode":46006,"visibility":5000000,"SHAPE_Leng":null,"SHAPE_Area":null,"ObjectID":3647}},
{"type":"Feature","geometry":{"type":"Polygon","coordinates":[[[-110.63353,48.99877],[-110.63398,48.99876],[-110.63433,48.99876],[-110.63353,48.99877]]]},"properties":{"permanent_":"{1048EF05-9DA8-49B3-957E-DEAA483F8A8B}","fdate":"2010-09-08T00:00:00.000Z","resolution":2,"gnis_id":"","gnis_name":"","areasqkm":13.293,"elevation":null,"ftype":460,"fcode":46006,"visibility":5000000,"SHAPE_Leng":null,"SHAPE_Area":null,"ObjectID":3654}},
{"type":"Feature","geometry":{"type":"Polygon","coordinates":[[[-111.63231,45.48496],[-111.63127,45.48396],[-111.63151,45.48378],[-111.63261,45.48469],[-111.62127,45.51325],[-111.59012,45.53666],[-111.59807,45.55667],[-111.59681,45.57747],[-111.57021,45.59373],[-111.57551,45.60405],[-111.57432,45.60988],[-111.54523,45.62747],[-111.5223,45.65322],[-111.53263,45.66624],[-111.51793,45.70327],[-111.52285,45.72376],[-111.51884,45.72938],[-111.51823,45.78455],[-111.50978,45.79695],[-111.49896,45.82449],[-111.50042,45.83303],[-111.49502,45.84249],[-111.49909,45.8589],[-111.50882,45.88162],[-111.52929,45.90621],[-111.50546,45.92639],[-111.50556,45.92681],[-111.50497,45.92676],[-111.52753,45.90535],[-111.50333,45.8754],[-111.49413,45.86177],[-111.49309,45.84918],[-111.49574,45.8281],[-111.51764,45.7759],[-111.51247,45.75784],[-111.5171,45.74925],[-111.51801,45.71046],[-111.51618,45.70438],[-111.52195,45.68446],[-111.53101,45.66719],[-111.52142,45.65887],[-111.52079,45.65333],[-111.52615,45.6426],[-111.54259,45.62787],[-111.57388,45.60615],[-111.56926,45.5944],[-111.59665,45.55665],[-111.58943,45.53608],[-111.61613,45.51703],[-111.63231,45.48496]]]},"properties":{"permanent_":"120008458","fdate":"2011-05-27T00:00:00.000Z","resolution":2,"gnis_id":"","gnis_name":"","areasqkm":5.562,"elevation":null,"ftype":460,"fcode":46006,"visibility":5000000,"SHAPE_Leng":null,"SHAPE_Area":null,"ObjectID":3674}},
{"type":"Feature","geometry":{"type":"Polygon","coordinates":[[[-111.58253,44.88875],[-111.58267,44.88877],[-111.60197,44.90732],[-111.60573,44.91435],[-111.60314,44.92002],[-111.60535,44.92681],[-111.61169,44.92822],[-111.60994,44.93316],[-111.62039,44.94047],[-111.61591,44.94457],[-111.62015,44.95408],[-111.65957,44.98313],[-111.65847,45.00528],[-111.67967,45.04108],[-111.6546,45.07379],[-111.66091,45.11164],[-111.6661,45.11377],[-111.66703,45.11676],[-111.67227,45.12106],[-111.67704,45.12266],[-111.6765,45.1263],[-111.68483,45.13159],[-111.68599,45.13546],[-111.69587,45.13532],[-111.70038,45.13707],[-111.71078,45.1462],[-111.7195,45.16065],[-111.72022,45.17625],[-111.74144,45.19662],[-111.74955,45.21131],[-111.76446,45.27466],[-111.74937,45.26875],[-111.75637,45.24749],[-111.74052,45.19711],[-111.72032,45.17822],[-111.7113,45.14732],[-111.6896,45.13679],[-111.68502,45.13527],[-111.68425,45.13195],[-111.67575,45.12653],[-111.67536,45.12218],[-111.67163,45.12142],[-111.66744,45.11815],[-111.66078,45.11228],[-111.65383,45.07427],[-111.67907,45.04154],[-111.65785,45.0067],[-111.6594,44.98478],[-111.61892,44.95361],[-111.60302,44.92535],[-111.60246,44.9186],[-111.60462,44.91319],[-111.58253,44.88875]]]},"properties":{"permanent_":"120007889","fdate":"2020-09-17T00:00:00.000Z","resolution":2,"gnis_id":"","gnis_name":"","areasqkm":7.3185681,"elevation":null,"ftype":460,"fcode":46006,"visibility":5000000,"SHAPE_Leng":null,"SHAPE_Area":null,"ObjectID":3678}},
{"type":"Feature","geometry":{"type":"Polygon","coordinates":[[[-105.22856,48.09344],[-105.2162,48.08703],[-105.21916,48.06543],[-105.19673,48.06702],[-105.18585,48.08391],[-105.18602,48.08407],[-105.18627,48.08431],[-105.18654,48.08456],[-105.13703,48.07436],[-105.1204,48.0796],[-105.10736,48.0789],[-105.09578,48.06201],[-105.0688,48.07805],[-105.05762,48.07863],[-105.04714,48.07292],[-105.05093,48.05772],[-105.02773,48.06577],[-105.00717,48.0871],[-104.97646,48.08405],[-104.97329,48.10415],[-104.93769,48.098],[-104.92652,48.13074],[-104.92141,48.14041],[-104.90967,48.14797],[-104.89274,48.1513],[-104.87002,48.14379],[-104.82353,48.12107],[-104.76351,48.1295],[-104.74225,48.11093],[-104.70858,48.1225],[-104.67255,48.10459],[-104.64793,48.11382],[-104.63303,48.11169],[-104.63236,48.12559],[-104.61127,48.14123],[-104.61114,48.1415],[-104.61107,48.14166],[-104.6063,48.14271],[-104.58822,48.13172],[-104.58332,48.12488],[-104.59225,48.11028],[-104.58246,48.10914],[-104.55808,48.12457],[-104.54687,48.12755],[-104.53681,48.12696],[-104.51931,48.12096],[-104.5082,48.11071],[-104.48915,48.1225],[-104.46351,48.12268],[-104.45417,48.11434],[-104.44292,48.09651],[-104.40997,48.08226],[-104.37456,48.07816],[-104.35711,48.06773],[-104.34846,48.04936],[-104.35437,48.04828],[-104.36281,48.07016],[-104.40278,48.07586],[-104.45356,48.10082],[-104.46036,48.11762],[-104.48362,48.12069],[-104.50589,48.10945],[-104.51341,48.11093],[-104.5229,48.1188],[-104.54479,48.12629],[-104.55805,48.12112],[-104.58678,48.10615],[-104.59494,48.10989],[-104.59069,48.11713],[-104.59382,48.13231],[-104.62387,48.12892],[-104.63022,48.11025],[-104.67273,48.10268],[-104.70745,48.11923],[-104.74278,48.10946],[-104.76506,48.12764],[-104.81484,48.11862],[-104.85179,48.12106],[-104.87855,48.14622],[-104.89738,48.14866],[-104.91349,48.14386],[-104.92139,48.13667],[-104.92513,48.10946],[-104.94261,48.09258],[-104.97355,48.08788],[-104.99032,48.06494],[-105.00166,48.07006],[-105.03861,48.0613],[-105.05414,48.055],[-105.05195,48.07141],[-105.0641,48.07706],[-105.08605,48.06286],[-105.10177,48.05835],[-105.11837,48.07722],[-105.14259,48.07159],[-105.17166,48.0777],[-105.19216,48.06572],[-105.2098,48.06163],[-105.21143,48.06194],[-105.22767,48.06579],[-105.22123,48.07823],[-105.23155,48.0885],[-105.24857,48.08843],[-105.25054,48.0928],[-105.22856,48.09344]]]},"properties":{"permanent_":"133082190","fdate":"2017-03-03T00:00:00.000Z","resolution":2,"gnis_id":"","gnis_name":"","areasqkm":43.05904581,"elevation":null,"ftype":460,"fcode":46006,"visibility":5000000,"SHAPE_Leng":null,"SHAPE_Area":null,"ObjectID":3680}},
{"type":"Feature","geometry":{"type":"Polygon","coordinates":[[[-105.86624,46.40957],[-105.86688,46.4089],[-105.93221,46.37403],[-105.94059,46.34956],[-105.96258,46.34096],[-106.009,46.35022],[-106.03841,46.34906],[-106.05327,46.35851],[-106.08499,46.32822],[-106.10022,46.32907],[-106.15348,46.30375],[-106.18403,46.28377],[-106.21817,46.29248],[-106.25827,46.26446],[-106.28043,46.2647],[-106.31665,46.27209],[-106.35197,46.28957],[-106.41472,46.29071],[-106.44098,46.27666],[-106.46751,46.27278],[-106.48479,46.27534],[-106.50855,46.29061],[-106.52711,46.28289],[-106.53994,46.30193],[-106.56611,46.28826],[-106.6109,46.28715],[-106.65199,46.27336],[-106.6666,46.27847],[-106.69367,46.26419],[-106.72087,46.25609],[-106.79169,46.26466],[-106.80145,46.27703],[-106.83642,46.2673],[-106.86084,46.27973],[-106.90542,46.28336],[-106.95958,46.30093],[-106.99583,46.29632],[-107.01979,46.30798],[-107.05716,46.29537],[-107.12079,46.29401],[-107.20307,46.31714],[-107.27115,46.30817],[-107.29821,46.26866],[-107.32033,46.25684],[-107.37377,46.24256],[-107.39654,46.24266],[-107.41355,46.23545],[-107.41826,46.216],[-107.41497,46.20678],[-107.4305,46.20536],[-107.42185,46.18954],[-107.4322,46.17379],[-107.47341,46.15481],[-107.47507,46.15463],[-107.47491,46.1554],[-107.47482,46.15608],[-107.47477,46.15726],[-107.4745,46.15949],[-107.47463,46.16018],[-107.42994,46.18619],[-107.43371,46.20514],[-107.417,46.20887],[-107.42153,46.22589],[-107.41772,46.23385],[-107.40421,46.24477],[-107.36605,46.24544],[-107.33911,46.26021],[-107.33368,46.27897],[-107.30267,46.27689],[-107.27753,46.30705],[-107.17283,46.32606],[-107.12466,46.31761],[-107.09224,46.3044],[-107.06247,46.31267],[-106.96578,46.30329],[-106.89965,46.28321],[-106.86255,46.2875],[-106.75883,46.27309],[-106.74999,46.26039],[-106.69145,46.26712],[-106.68067,46.27637],[-106.68049,46.27651],[-106.66476,46.28124],[-106.6503,46.27515],[-106.59447,46.2936],[-106.56973,46.28856],[-106.54798,46.30403],[-106.53602,46.30319],[-106.52359,46.28647],[-106.50531,46.29473],[-106.47494,46.27506],[-106.43653,46.28141],[-106.4248,46.29025],[-106.37896,46.2978],[-106.32666,46.28786],[-106.31602,46.2733],[-106.28289,46.26698],[-106.25168,46.26931],[-106.25263,46.27907],[-106.22115,46.29386],[-106.18224,46.28734],[-106.16769,46.30692],[-106.12485,46.32321],[-106.08632,46.3326],[-106.05752,46.35909],[-106.04091,46.35876],[-106.03608,46.3498],[-106.01094,46.35213],[-105.95738,46.34496],[-105.93414,46.37824],[-105.8765,46.40577],[-105.8591,46.42282],[-105.81251,46.43725],[-105.81435,46.45937],[-105.80505,46.47288],[-105.75445,46.49301],[-105.72749,46.52853],[-105.72147,46.53238],[-105.71235,46.533],[-105.69759,46.54304],[-105.6782,46.54582],[-105.60047,46.57192],[-105.59524,46.59879],[-105.57896,46.60674],[-105.57669,46.61801],[-105.56614,46.62735],[-105.56322,46.6462],[-105.5419,46.66309],[-105.49834,46.66633],[-105.46558,46.71885],[-105.43752,46.74121],[-105.43509,46.74106],[-105.46264,46.71867],[-105.49634,46.66559],[-105.53806,46.66209],[-105.56412,46.64015],[-105.56355,46.62749],[-105.57221,46.61264],[-105.58166,46.60287],[-105.59196,46.59781],[-105.59815,46.57144],[-105.60975,46.56285],[-105.63296,46.55915],[-105.68032,46.54323],[-105.69903,46.54015],[-105.71045,46.53153],[-105.72419,46.53014],[-105.72672,46.51921],[-105.73453,46.50451],[-105.76565,46.48275],[-105.79499,46.47554],[-105.8122,46.459],[-105.80776,46.43776],[-105.86339,46.41779],[-105.86624,46.40957]]]},"properties":{"permanent_":"139625497","fdate":"2020-02-19T00:00:00.000Z","resolution":2,"gnis_id":"","gnis_name":"","areasqkm":56.38983053,"elevation":null,"ftype":460,"fcode":46006,"visibility":5000000,"SHAPE_Leng":null,"SHAPE_Area":null,"ObjectID":3682}},
{"type":"Feature","geometry":{"type":"Polygon","coordinates":[[[-114.23372,47.67774],[-114.23373,47.67763],[-114.23379,47.67753],[-114.23477,47.67733],[-114.25267,47.68222],[-114.26062,47.68117],[-114.26709,47.67255],[-114.26921,47.66726],[-114.28953,47.65583],[-114.34059,47.65089],[-114.35314,47.63609],[-114.3657,47.62869],[-114.35499,47.61739],[-114.32763,47.56553],[-114.3366,47.54942],[-114.35708,47.54346],[-114.36693,47.53426],[-114.36354,47.52069],[-114.37094,47.50097],[-114.3017,47.49783],[-114.29382,47.49386],[-114.28446,47.47967],[-114.28251,47.46938],[-114.29756,47.4608],[-114.32577,47.4668],[-114.32562,47.4525],[-114.32976,47.44604],[-114.34036,47.44041],[-114.35253,47.39173],[-114.28317,47.35354],[-114.31288,47.3194],[-114.35507,47.32994],[-114.40306,47.3295],[-114.4508,47.32087],[-114.52038,47.34144],[-114.57144,47.36692],[-114.59834,47.36408],[-114.65263,47.33434],[-114.67341,47.34242],[-114.76659,47.35151],[-114.77715,47.36272],[-114.7772,47.36284],[-114.77664,47.36471],[-114.77486,47.36436],[-114.7628,47.35215],[-114.67285,47.344],[-114.65158,47.33497],[-114.60221,47.36429],[-114.57623,47.36919],[-114.53684,47.35849],[-114.50736,47.3389],[-114.45025,47.32178],[-114.39944,47.33084],[-114.34629,47.33099],[-114.31667,47.32252],[-114.28761,47.34949],[-114.34081,47.37643],[-114.35458,47.39046],[-114.34212,47.44045],[-114.32817,47.4503],[-114.3273,47.46684],[-114.32091,47.46968],[-114.29616,47.46193],[-114.28516,47.46823],[-114.28551,47.47855],[-114.2938,47.49108],[-114.30407,47.49702],[-114.35992,47.49245],[-114.38323,47.48164],[-114.36494,47.52182],[-114.3682,47.53418],[-114.36241,47.54226],[-114.33552,47.55183],[-114.34084,47.58513],[-114.36803,47.62108],[-114.36793,47.62742],[-114.3552,47.63507],[-114.35275,47.64419],[-114.34188,47.65179],[-114.28734,47.65716],[-114.2632,47.68003],[-114.26048,47.6825],[-114.2533,47.68347],[-114.23372,47.67774]]]},"properties":{"permanent_":"120008449","fdate":"2014-02-19T00:00:00.000Z","resolution":2,"gnis_id":"","gnis_name":"","areasqkm":17.3786686,"elevation":null,"ftype":460,"fcode":46006,"visibility":2000000,"SHAPE_Leng":null,"SHAPE_Area":null,"ObjectID":3702}},
{"type":"Feature","geometry":{"type":"Polygon","coordinates":[[[-110.07066,47.86048],[-110.07044,47.85662],[-110.06625,47.82308],[-110.02715,47.81615],[-109.97819,47.78749],[-109.9444,47.77962],[-109.92563,47.761],[-109.8852,47.75535],[-109.88477,47.7515],[-109.85369,47.71753],[-109.82915,47.71752],[-109.78399,47.70896],[-109.76891,47.7102],[-109.75288,47.70347],[-109.72161,47.70392],[-109.69726,47.72],[-109.69571,47.72158],[-109.68333,47.73446],[-109.6342,47.74323],[-109.60506,47.7341],[-109.5714,47.74609],[-109.56488,47.74572],[-109.51983,47.74713],[-109.47194,47.73197],[-109.46255,47.7253],[-109.41315,47.7247],[-109.38808,47.74327],[-109.37344,47.74374],[-109.31272,47.75946],[-109.26948,47.79333],[-109.26528,47.79309],[-109.2549,47.79509],[-109.2327,47.79581],[-109.16945,47.7861],[-109.15335,47.78156],[-109.12573,47.78547],[-109.12573,47.78365],[-109.15343,47.7793],[-109.15496,47.77942],[-109.15546,47.77943],[-109.17241,47.78442],[-109.23274,47.79394],[-109.25523,47.79302],[-109.26535,47.7918],[-109.2701,47.79175],[-109.31417,47.75663],[-109.37344,47.74227],[-109.38704,47.74162],[-109.41124,47.7219],[-109.46406,47.72411],[-109.47237,47.73066],[-109.51453,47.74471],[-109.563,47.74319],[-109.57205,47.74478],[-109.60588,47.73168],[-109.64594,47.73502],[-109.64671,47.73488],[-109.69396,47.72088],[-109.69559,47.71906],[-109.72082,47.70243],[-109.75224,47.70199],[-109.77034,47.70903],[-109.78632,47.70704],[-109.79901,47.71168],[-109.82926,47.71439],[-109.8302,47.71443],[-109.83839,47.71335],[-109.8616,47.71905],[-109.88719,47.75142],[-109.88741,47.75299],[-109.88781,47.75376],[-109.88801,47.75529],[-109.93044,47.75912],[-109.94492,47.77656],[-109.97898,47.78568],[-110.02622,47.8137],[-110.06741,47.82105],[-110.07244,47.85622],[-110.07309,47.8611],[-110.05749,47.92214],[-110.11012,47.97574],[-110.12338,48.01646],[-110.1537,48.03652],[-110.18812,48.03728],[-110.23276,48.029],[-110.24361,48.00206],[-110.25386,48.00024],[-110.28741,48.01931],[-110.31801,48.00959],[-110.31403,47.9857],[-110.34385,47.99098],[-110.35894,47.98213],[-110.37315,47.95067],[-110.38884,47.94249],[-110.41722,47.95795],[-110.43223,47.94027],[-110.4706,47.92834],[-110.47142,47.92875],[-110.431,47.9441],[-110.42092,47.95965],[-110.39142,47.95024],[-110.37331,47.95422],[-110.37542,47.96894],[-110.36569,47.98164],[-110.34585,47.99245],[-110.29687,48.02347],[-110.24544,48.00273],[-110.24023,48.0275],[-110.16708,48.04303],[-110.15171,48.03775],[-110.12216,48.01899],[-110.10241,47.97002],[-110.05467,47.92239],[-110.07066,47.86048]]]},"properties":{"permanent_":"149575318","fdate":"2019-12-05T00:00:00.000Z","resolution":2,"gnis_id":"","gnis_name":"","areasqkm":31.26950598,"elevation":null,"ftype":460,"fcode":46006,"visibility":5000000,"SHAPE_Leng":null,"SHAPE_Area":null,"ObjectID":3708}},
{"type":"Feature","geometry":{"type":"Polygon","coordinates":[[[-115.97713,48.56051],[-115.97924,48.56062],[-115.98187,48.56478],[-115.97984,48.5651],[-115.9767,48.56954],[-115.98015,48.57158],[-115.98556,48.57865],[-115.99167,48.58444],[-116.00085,48.58872],[-116.00504,48.59328],[-116.01224,48.59666],[-116.01647,48.60018],[-116.02202,48.6003],[-116.0296,48.6043],[-116.04079,48.60446],[-116.04072,48.6061],[-116.03017,48.60596],[-116.0219,48.60166],[-116.01599,48.60173],[-116.00717,48.59629],[-116.00102,48.59027],[-115.99497,48.58604],[-115.98833,48.58457],[-115.98099,48.57358],[-115.97577,48.57007],[-115.97539,48.56813],[-115.97996,48.56263],[-115.97713,48.56051]]]},"properties":{"permanent_":"120008446","fdate":"2017-11-29T00:00:00.000Z","resolution":2,"gnis_id":"","gnis_name":"","areasqkm":19.90182145,"elevation":null,"ftype":460,"fcode":46006,"visibility":5000000,"SHAPE_Leng":null,"SHAPE_Area":null,"ObjectID":3710}},
{"type":"Feature","geometry":{"type":"Polygon","coordinates":[[[-109.28031,45.63841],[-109.28405,45.63972],[-109.29687,45.63536],[-109.32261,45.63718],[-109.33653,45.64453],[-109.3634,45.66894],[-109.38128,45.69285],[-109.41712,45.68081],[-109.43075,45.68146],[-109.44173,45.68812],[-109.45906,45.68748],[-109.47022,45.6908],[-109.48844,45.70833],[-109.5181,45.71595],[-109.60814,45.70771],[-109.64944,45.72258],[-109.66556,45.73735],[-109.66496,45.73795],[-109.61132,45.70997],[-109.58395,45.72052],[-109.50297,45.71563],[-109.48936,45.71121],[-109.4714,45.6962],[-109.45333,45.68901],[-109.44292,45.68988],[-109.42963,45.68238],[-109.41768,45.68366],[-109.40813,45.69371],[-109.38447,45.69774],[-109.37017,45.67945],[-109.34108,45.65855],[-109.33598,45.64653],[-109.31361,45.63655],[-109.28938,45.64117],[-109.26521,45.6397],[-109.24051,45.6224],[-109.21779,45.62652],[-109.15853,45.6035],[-109.14361,45.59151],[-109.10201,45.58399],[-109.07619,45.58737],[-109.07543,45.58731],[-109.04276,45.58967],[-109.00823,45.60902],[-108.97422,45.61626],[-108.89491,45.60398],[-108.83721,45.61292],[-108.78762,45.6458],[-108.75348,45.65626],[-108.75316,45.65627],[-108.71945,45.65376],[-108.70668,45.65904],[-108.70484,45.66487],[-108.68946,45.67275],[-108.6703,45.67704],[-108.66573,45.68827],[-108.60247,45.70619],[-108.56704,45.73346],[-108.52449,45.73809],[-108.51666,45.74586],[-108.48655,45.75302],[-108.47779,45.77432],[-108.47786,45.77451],[-108.46575,45.8052],[-108.4637,45.8038],[-108.47016,45.76969],[-108.47657,45.75887],[-108.49491,45.7474],[-108.54629,45.73059],[-108.56154,45.73111],[-108.62095,45.69393],[-108.66074,45.68727],[-108.66912,45.67591],[-108.70236,45.66537],[-108.7061,45.65316],[-108.71506,45.64952],[-108.71546,45.64982],[-108.71577,45.64992],[-108.71617,45.64993],[-108.75104,45.65508],[-108.83865,45.61043],[-108.91431,45.59985],[-108.97191,45.61456],[-109.00132,45.60777],[-109.03967,45.5899],[-109.07188,45.58072],[-109.14225,45.58739],[-109.15664,45.60108],[-109.22051,45.62533],[-109.23824,45.62061],[-109.28031,45.63841]]]},"properties":{"permanent_":"{6B99D00D-C42E-4EA6-9059-AFB0CB78AABA}","fdate":"2022-02-24T00:00:00.000Z","resolution":2,"gnis_id":"","gnis_name":"","areasqkm":22.75106786,"elevation":null,"ftype":460,"fcode":46006,"visibility":5000000,"SHAPE_Leng":null,"SHAPE_Area":null,"ObjectID":3720}},
{"type":"Feature","geometry":{"type":"Polygon","coordinates":[[[-110.45727,45.72371],[-110.45702,45.72385],[-110.44121,45.72822],[-110.40792,45.72994],[-110.39453,45.72109],[-110.38707,45.72106],[-110.3713,45.71278],[-110.3454,45.70983],[-110.3176,45.70345],[-110.30448,45.69723],[-110.27981,45.69507],[-110.2638,45.69982],[-110.26492,45.70973],[-110.26826,45.71405],[-110.24067,45.72922],[-110.2319,45.74513],[-110.21406,45.75174],[-110.18403,45.74909],[-110.13736,45.77109],[-110.10322,45.77342],[-110.05598,45.79693],[-110.0427,45.81807],[-110.00848,45.83495],[-110.00074,45.83738],[-109.98619,45.83844],[-109.98419,45.84167],[-109.97973,45.84348],[-109.97521,45.84342],[-109.96699,45.83955],[-109.94985,45.84218],[-109.91906,45.85444],[-109.89128,45.84092],[-109.87717,45.84269],[-109.85936,45.83403],[-109.8477,45.80435],[-109.82836,45.79426],[-109.80417,45.79365],[-109.78969,45.78597],[-109.77559,45.76237],[-109.74168,45.73584],[-109.66496,45.73795],[-109.66556,45.73735],[-109.74232,45.73427],[-109.77912,45.76324],[-109.80451,45.79278],[-109.82775,45.79326],[-109.84896,45.80427],[-109.86385,45.83572],[-109.89994,45.84113],[-109.91635,45.85312],[-109.9565,45.83809],[-109.96613,45.83848],[-109.97348,45.84189],[-109.97914,45.84299],[-109.98735,45.837],[-109.99878,45.83697],[-110.01471,45.83071],[-110.04368,45.81584],[-110.0569,45.79418],[-110.10254,45.77262],[-110.13704,45.76984],[-110.1851,45.74742],[-110.23027,45.74486],[-110.24153,45.72651],[-110.26762,45.71376],[-110.26282,45.70719],[-110.26279,45.69986],[-110.26632,45.69628],[-110.28001,45.69449],[-110.30758,45.6968],[-110.34291,45.70868],[-110.37415,45.71028],[-110.38598,45.72025],[-110.39658,45.72],[-110.40768,45.72958],[-110.41571,45.72595],[-110.44087,45.72773],[-110.49502,45.71157],[-110.53359,45.68495],[-110.5376,45.66177],[-110.53886,45.65885],[-110.54436,45.65587],[-110.55783,45.65241],[-110.5737,45.62149],[-110.56576,45.60226],[-110.57186,45.5779],[-110.58363,45.56695],[-110.57768,45.54],[-110.58096,45.52672],[-110.57535,45.52283],[-110.57266,45.51889],[-110.58241,45.51509],[-110.57888,45.504],[-110.58233,45.49784],[-110.61004,45.48577],[-110.60478,45.46798],[-110.61162,45.45157],[-110.63871,45.4199],[-110.67496,45.41811],[-110.70134,45.40428],[-110.70886,45.3844],[-110.7168,45.38182],[-110.7404,45.33811],[-110.78985,45.31582],[-110.80189,45.31419],[-110.81201,45.31384],[-110.81654,45.31001],[-110.82025,45.30282],[-110.83841,45.29127],[-110.84272,45.27817],[-110.85067,45.26822],[-110.87259,45.25176],[-110.87491,45.23596],[-110.90264,45.20907],[-110.89748,45.18807],[-110.8745,45.17182],[-110.82222,45.15434],[-110.77998,45.09926],[-110.7717,45.06707],[-110.77222,45.06685],[-110.78026,45.09812],[-110.82203,45.15333],[-110.87439,45.17163],[-110.89836,45.18855],[-110.90306,45.2098],[-110.87547,45.23682],[-110.87315,45.2522],[-110.84404,45.2777],[-110.83927,45.291],[-110.8169,45.31148],[-110.81412,45.3137],[-110.80738,45.31545],[-110.78944,45.31718],[-110.76087,45.34229],[-110.74047,45.34247],[-110.73459,45.36109],[-110.71829,45.38197],[-110.70978,45.38513],[-110.70035,45.40655],[-110.67838,45.41858],[-110.63823,45.4209],[-110.60654,45.46526],[-110.61381,45.4794],[-110.61039,45.48649],[-110.59577,45.49271],[-110.58093,45.50896],[-110.58295,45.51561],[-110.57479,45.52092],[-110.58097,45.52439],[-110.58268,45.52731],[-110.57807,45.54132],[-110.58895,45.56237],[-110.57252,45.57818],[-110.56721,45.59686],[-110.57562,45.62211],[-110.55893,45.65271],[-110.53864,45.66036],[-110.53924,45.67277],[-110.53347,45.68607],[-110.50311,45.70957],[-110.45727,45.72371]]]},"properties":{"permanent_":"137462841","fdate":"2020-08-13T00:00:00.000Z","resolution":2,"gnis_id":"","gnis_name":"","areasqkm":20.80614643,"elevation":null,"ftype":460,"fcode":46006,"visibility":5000000,"SHAPE_Leng":null,"SHAPE_Area":null,"ObjectID":3722}},
{"type":"Feature","geometry":{"type":"Polygon","coordinates":[[[-112.33804,45.56219],[-112.33783,45.56217],[-112.33773,45.56216],[-112.33763,45.56215],[-112.33792,45.56172],[-112.3381,45.56161],[-112.34018,45.56119],[-112.33804,45.56219]]]},"properties":{"permanent_":"{57D50D16-B132-4BD1-8B7C-FF3991B88B6B}","fdate":"2020-07-24T00:00:00.000Z","resolution":2,"gnis_id":"","gnis_name":"","areasqkm":8.08651837,"elevation":null,"ftype":460,"fcode":46006,"visibility":5000000,"SHAPE_Leng":null,"SHAPE_Area":null,"ObjectID":3801}},
{"type":"Feature","geometry":{"type":"Polygon","coordinates":[[[-108.9361,47.78771],[-108.93646,47.78688],[-108.93995,47.783],[-108.9405,47.78235],[-108.92191,47.76041],[-108.92785,47.73606],[-108.89173,47.73623],[-108.83848,47.71865],[-108.79411,47.69406],[-108.7803,47.67472],[-108.77714,47.65085],[-108.72526,47.64971],[-108.70096,47.62957],[-108.68564,47.63197],[-108.67237,47.62081],[-108.65945,47.62295],[-108.62651,47.62099],[-108.5997,47.62639],[-108.57315,47.6102],[-108.51292,47.61595],[-108.5007,47.60134],[-108.48576,47.60128],[-108.48025,47.59991],[-108.47622,47.59818],[-108.47531,47.59821],[-108.47486,47.59843],[-108.46342,47.60738],[-108.4617,47.61322],[-108.45619,47.61678],[-108.44919,47.61715],[-108.44198,47.61563],[-108.43864,47.61366],[-108.43773,47.61276],[-108.44061,47.60551],[-108.43305,47.60255],[-108.42913,47.60562],[-108.42562,47.60554],[-108.42097,47.60128],[-108.41983,47.59873],[-108.42743,47.58675],[-108.41905,47.58509],[-108.41564,47.58499],[-108.40895,47.58718],[-108.40459,47.59584],[-108.38237,47.59174],[-108.37094,47.57691],[-108.36885,47.57704],[-108.36302,47.57795],[-108.36325,47.5749],[-108.37948,47.5774],[-108.38155,47.57997],[-108.3816,47.58073],[-108.3887,47.5911],[-108.4019,47.59479],[-108.40453,47.58868],[-108.40626,47.5866],[-108.40898,47.58519],[-108.41739,47.58357],[-108.42341,47.58397],[-108.42999,47.58637],[-108.43077,47.58755],[-108.42876,47.59029],[-108.42444,47.59297],[-108.42216,47.59787],[-108.42316,47.60076],[-108.42505,47.60332],[-108.42666,47.6044],[-108.42775,47.60456],[-108.42863,47.60409],[-108.43261,47.60096],[-108.43587,47.60057],[-108.43891,47.60126],[-108.44129,47.60363],[-108.44211,47.60499],[-108.44078,47.61269],[-108.44882,47.61557],[-108.45297,47.61552],[-108.45703,47.61482],[-108.45801,47.61429],[-108.45943,47.61282],[-108.46027,47.60747],[-108.46307,47.60378],[-108.47747,47.59645],[-108.5007,47.59965],[-108.51475,47.61355],[-108.57493,47.6092],[-108.6107,47.62348],[-108.63037,47.61911],[-108.65477,47.62158],[-108.66847,47.61901],[-108.67668,47.62136],[-108.70988,47.63223],[-108.72571,47.6484],[-108.77295,47.64533],[-108.79073,47.663],[-108.78316,47.67491],[-108.81516,47.70239],[-108.84477,47.71903],[-108.90032,47.73514],[-108.92884,47.73257],[-108.95178,47.73689],[-108.92425,47.75952],[-108.95321,47.77536],[-108.94,47.78558],[-108.9975,47.80248],[-109.04064,47.79159],[-109.07316,47.80046],[-109.12573,47.78365],[-109.12573,47.78547],[-109.07088,47.80218],[-109.04083,47.79323],[-108.99579,47.80449],[-108.9361,47.78771]]]},"properties":{"permanent_":"151161586","fdate":"2017-02-08T00:00:00.000Z","resolution":2,"gnis_id":"","gnis_name":"","areasqkm":18.30429217,"elevation":null,"ftype":460,"fcode":46006,"visibility":5000000,"SHAPE_Leng":null,"SHAPE_Area":null,"ObjectID":4005}},
{"type":"Feature","geometry":{"type":"Polygon","coordinates":[[[-106.54809,47.75241],[-106.55596,47.74668],[-106.58655,47.75001],[-106.58754,47.75001],[-106.56999,47.76045],[-106.5694,47.7604],[-106.59771,47.77389],[-106.58456,47.78813],[-106.57699,47.78011],[-106.56646,47.77725],[-106.56641,47.77834],[-106.57187,47.78094],[-106.57537,47.7956],[-106.57302,47.80604],[-106.55397,47.81172],[-106.52977,47.8043],[-106.52867,47.80493],[-106.54393,47.81701],[-106.52945,47.82127],[-106.51626,47.83724],[-106.52155,47.8443],[-106.50744,47.86294],[-106.50138,47.86439],[-106.50564,47.83474],[-106.52173,47.82341],[-106.54079,47.81553],[-106.51447,47.79589],[-106.56094,47.80913],[-106.57094,47.80381],[-106.57207,47.78901],[-106.5685,47.78092],[-106.55515,47.77624],[-106.55553,47.77318],[-106.56823,47.7763],[-106.58601,47.78122],[-106.59471,47.77586],[-106.5701,47.76615],[-106.54809,47.75241]]]},"properties":{"permanent_":"151165138","fdate":"2015-06-24T00:00:00.000Z","resolution":2,"gnis_id":"","gnis_name":"","areasqkm":12.48690214,"elevation":685.8,"ftype":403,"fcode":40309,"visibility":5000000,"SHAPE_Leng":null,"SHAPE_Area":null,"ObjectID":4006}},
{"type":"Feature","geometry":{"type":"Polygon","coordinates":[[[-114.07215,48.46537],[-114.07131,48.46529],[-114.07109,48.46527],[-114.07096,48.46526],[-114.04889,48.45507],[-114.04754,48.4488],[-114.05676,48.44253],[-114.0637,48.44277],[-114.07034,48.43623],[-114.05887,48.42659],[-114.05613,48.42018],[-114.05696,48.41392],[-114.04514,48.40501],[-114.10407,48.38564],[-114.1459,48.38874],[-114.16596,48.36654],[-114.18762,48.35935],[-114.20684,48.35661],[-114.21965,48.34628],[-114.20564,48.33522],[-114.20634,48.30613],[-114.21903,48.29884],[-114.20993,48.27728],[-114.2232,48.22905],[-114.23787,48.22358],[-114.23809,48.22309],[-114.26558,48.20409],[-114.24611,48.15981],[-114.22019,48.16799],[-114.21939,48.16852],[-114.19806,48.16293],[-114.24895,48.14646],[-114.25096,48.16232],[-114.27774,48.16734],[-114.27306,48.19953],[-114.22468,48.24325],[-114.21661,48.2754],[-114.22108,48.29802],[-114.20735,48.30854],[-114.20827,48.31962],[-114.21575,48.33709],[-114.22271,48.3395],[-114.21989,48.35087],[-114.21078,48.35699],[-114.17094,48.36493],[-114.16776,48.37991],[-114.14695,48.38928],[-114.10726,48.38611],[-114.04629,48.40467],[-114.05609,48.4105],[-114.05824,48.41463],[-114.05794,48.42279],[-114.0639,48.43044],[-114.07098,48.43476],[-114.06971,48.44031],[-114.06372,48.44343],[-114.05515,48.44369],[-114.04882,48.44863],[-114.05141,48.45503],[-114.07215,48.46537]]]},"properties":{"permanent_":"{0aa09ecc-dc10-4c06-a6ca-171dad69638e}","fdate":"2016-06-11T00:00:00.000Z","resolution":2,"gnis_id":"","gnis_name":"","areasqkm":19.1379551,"elevation":null,"ftype":460,"fcode":46006,"visibility":5000000,"SHAPE_Leng":null,"SHAPE_Area":null,"ObjectID":4074}},
{"type":"Feature","geometry":{"type":"Polygon","coordinates":[[[-114.20989,48.69716],[-114.20985,48.69734],[-114.20969,48.69748],[-114.20703,48.69957],[-114.20735,48.70309],[-114.20989,48.71157],[-114.22263,48.71194],[-114.23464,48.71597],[-114.23887,48.71788],[-114.24318,48.71473],[-114.24744,48.71741],[-114.25929,48.73309],[-114.2661,48.73501],[-114.26217,48.7462],[-114.27304,48.75789],[-114.27737,48.75967],[-114.27944,48.76298],[-114.28027,48.78071],[-114.28682,48.78755],[-114.30438,48.79204],[-114.30848,48.79696],[-114.31672,48.79632],[-114.34174,48.82166],[-114.34297,48.8353],[-114.34785,48.84123],[-114.34733,48.84571],[-114.35349,48.84964],[-114.35367,48.84988],[-114.36826,48.86],[-114.36058,48.86887],[-114.37533,48.90879],[-114.38695,48.91862],[-114.40036,48.94132],[-114.41165,48.94184],[-114.41485,48.95269],[-114.44517,48.97318],[-114.45743,48.98812],[-114.45724,48.98811],[-114.41177,48.95068],[-114.41175,48.94939],[-114.39434,48.93739],[-114.37428,48.91703],[-114.36009,48.8694],[-114.36741,48.85961],[-114.35331,48.85074],[-114.34812,48.84701],[-114.34628,48.84451],[-114.34693,48.84029],[-114.3351,48.83376],[-114.31643,48.79682],[-114.30703,48.79707],[-114.30484,48.79313],[-114.29108,48.79047],[-114.28704,48.7882],[-114.28017,48.78216],[-114.27684,48.76769],[-114.27755,48.7605],[-114.27135,48.75778],[-114.26278,48.75116],[-114.26141,48.74722],[-114.26463,48.73481],[-114.25843,48.73348],[-114.25279,48.72839],[-114.2503,48.72165],[-114.24455,48.71576],[-114.24179,48.7174],[-114.23835,48.71805],[-114.22162,48.71231],[-114.21426,48.71436],[-114.21023,48.71238],[-114.20893,48.71095],[-114.20202,48.69156],[-114.15671,48.63741],[-114.14169,48.62961],[-114.14168,48.62935],[-114.14093,48.62811],[-114.15365,48.61129],[-114.15511,48.57943],[-114.13975,48.57735],[-114.1279,48.57003],[-114.12367,48.56225],[-114.11291,48.53879],[-114.115,48.52822],[-114.13009,48.51515],[-114.13293,48.51049],[-114.12708,48.50712],[-114.12787,48.49803],[-114.07163,48.46679],[-114.07163,48.46678],[-114.07182,48.46583],[-114.07189,48.46535],[-114.07215,48.46537],[-114.12255,48.48836],[-114.12911,48.49925],[-114.13327,48.51099],[-114.13012,48.51583],[-114.12197,48.52288],[-114.12384,48.52572],[-114.11504,48.53089],[-114.1259,48.54879],[-114.12795,48.56865],[-114.1565,48.57952],[-114.16222,48.60349],[-114.14253,48.62947],[-114.15835,48.63806],[-114.20989,48.69716]]]},"properties":{"permanent_":"{aca5e31d-09ab-46ed-85bc-53f4cf803e41}","fdate":"2018-01-09T00:00:00.000Z","resolution":2,"gnis_id":"","gnis_name":"","areasqkm":5.99889587,"elevation":null,"ftype":460,"fcode":46006,"visibility":5000000,"SHAPE_Leng":null,"SHAPE_Area":null,"ObjectID":4075}},
{"type":"Feature","geometry":{"type":"Polygon","coordinates":[[[-107.95853,45.30668],[-107.95776,45.3067],[-107.96063,45.30261],[-107.96526,45.30093],[-107.96993,45.30194],[-107.97103,45.30599],[-107.97578,45.30648],[-107.98176,45.30171],[-107.98604,45.29929],[-107.99379,45.29798],[-108.0023,45.29938],[-108.00486,45.29718],[-108.00234,45.29289],[-108.00143,45.28989],[-108.00188,45.28595],[-108.00539,45.27856],[-108.00925,45.27604],[-108.01692,45.27621],[-108.01967,45.27151],[-108.01847,45.26281],[-108.0186,45.25739],[-108.0215,45.25736],[-108.02791,45.26008],[-108.03104,45.26011],[-108.0348,45.26222],[-108.04114,45.26366],[-108.04606,45.26212],[-108.05269,45.2548],[-108.05671,45.25332],[-108.06768,45.25201],[-108.0728,45.24883],[-108.07482,45.24522],[-108.07457,45.23872],[-108.07958,45.23281],[-108.08089,45.22936],[-108.09224,45.22568],[-108.09656,45.22083],[-108.10767,45.21655],[-108.11175,45.21567],[-108.12241,45.21587],[-108.12645,45.21722],[-108.12521,45.21074],[-108.1364,45.20362],[-108.1345,45.19908],[-108.12985,45.19588],[-108.13029,45.19447],[-108.1328,45.1937],[-108.13768,45.1942],[-108.14391,45.19345],[-108.13522,45.18627],[-108.13019,45.18573],[-108.13095,45.18212],[-108.13895,45.18204],[-108.14337,45.18492],[-108.14867,45.18298],[-108.14843,45.17893],[-108.15094,45.17023],[-108.15353,45.16741],[-108.15728,45.16882],[-108.15938,45.17162],[-108.1636,45.17214],[-108.1684,45.16997],[-108.16627,45.16732],[-108.15866,45.16447],[-108.15869,45.16244],[-108.16135,45.16167],[-108.16538,45.16188],[-108.17121,45.16004],[-108.17293,45.15664],[-108.16922,45.15137],[-108.16919,45.14774],[-108.17117,45.14468],[-108.16541,45.14306],[-108.16285,45.14055],[-108.16418,45.13736],[-108.16865,45.13306],[-108.17266,45.13158],[-108.18493,45.13215],[-108.1875,45.1288],[-108.18235,45.1268],[-108.1812,45.12529],[-108.1841,45.11743],[-108.18264,45.11337],[-108.18664,45.11163],[-108.19549,45.11487],[-108.19519,45.11143],[-108.18848,45.10894],[-108.18651,45.10539],[-108.18893,45.09947],[-108.19462,45.09814],[-108.19925,45.10006],[-108.20022,45.1044],[-108.20346,45.10381],[-108.20673,45.09417],[-108.20771,45.09301],[-108.21014,45.09306],[-108.21521,45.0946],[-108.21807,45.09316],[-108.22008,45.08705],[-108.2198,45.07873],[-108.22757,45.0731],[-108.22976,45.06956],[-108.22693,45.06594],[-108.23031,45.06307],[-108.23569,45.06386],[-108.23917,45.06256],[-108.23923,45.05729],[-108.23512,45.05438],[-108.22346,45.05404],[-108.22287,45.0527],[-108.23531,45.0536],[-108.24011,45.05665],[-108.24022,45.06224],[-108.23545,45.06467],[-108.23035,45.06375],[-108.22838,45.06669],[-108.23066,45.06937],[-108.23035,45.07087],[-108.22059,45.07908],[-108.22092,45.08609],[-108.21895,45.09283],[-108.2166,45.09515],[-108.21353,45.09513],[-108.20832,45.09349],[-108.20437,45.10435],[-108.20234,45.10524],[-108.19899,45.10421],[-108.19784,45.0998],[-108.19203,45.09888],[-108.18926,45.10029],[-108.18748,45.10579],[-108.18934,45.10821],[-108.19696,45.11183],[-108.19798,45.11497],[-108.19474,45.11539],[-108.18808,45.11253],[-108.18367,45.11354],[-108.18491,45.11653],[-108.18218,45.12399],[-108.18433,45.12723],[-108.18926,45.12908],[-108.1891,45.13116],[-108.18313,45.13282],[-108.17317,45.13221],[-108.1698,45.13319],[-108.16361,45.13996],[-108.16514,45.14217],[-108.17095,45.14318],[-108.17149,45.14566],[-108.16952,45.14999],[-108.17414,45.15686],[-108.17257,45.16023],[-108.1654,45.16254],[-108.16076,45.16224],[-108.16037,45.1648],[-108.16637,45.16679],[-108.16938,45.16889],[-108.1679,45.17165],[-108.16237,45.173],[-108.15905,45.1722],[-108.15549,45.16831],[-108.15202,45.17],[-108.14965,45.17771],[-108.14949,45.18223],[-108.14799,45.18548],[-108.14293,45.18558],[-108.13807,45.18242],[-108.13102,45.1829],[-108.13179,45.18532],[-108.13619,45.18593],[-108.14179,45.19111],[-108.14585,45.19219],[-108.14268,45.19457],[-108.13137,45.19445],[-108.13144,45.19592],[-108.13578,45.1996],[-108.13684,45.20486],[-108.12604,45.21111],[-108.12961,45.21471],[-108.12714,45.21838],[-108.12209,45.21643],[-108.10993,45.21646],[-108.09762,45.22109],[-108.09376,45.22537],[-108.08261,45.22933],[-108.0754,45.23917],[-108.07573,45.24497],[-108.07352,45.24887],[-108.06775,45.25259],[-108.06191,45.25395],[-108.05631,45.25383],[-108.05267,45.2552],[-108.05033,45.25941],[-108.0458,45.26288],[-108.04194,45.26409],[-108.03862,45.26404],[-108.03167,45.26079],[-108.02764,45.26039],[-108.01996,45.25742],[-108.01883,45.26221],[-108.02016,45.27153],[-108.01924,45.27532],[-108.01677,45.27666],[-108.00983,45.27633],[-108.00608,45.2785],[-108.00203,45.28734],[-108.00262,45.29256],[-108.00533,45.29711],[-108.00413,45.29923],[-108.00009,45.29995],[-107.99391,45.29838],[-107.98674,45.29938],[-107.98249,45.30155],[-107.97702,45.30634],[-107.97152,45.30718],[-107.96864,45.30168],[-107.96379,45.30156],[-107.9598,45.30382],[-107.95853,45.30668]]]},"properties":{"permanent_":"{06610BD7-C90F-4F9C-8251-8E5FED581955}","fdate":"2016-12-01T00:00:00.000Z","resolution":2,"gnis_id":"","gnis_name":"","areasqkm":7.4022636,"elevation":null,"ftype":461,"fcode":46100,"visibility":5000000,"SHAPE_Leng":null,"SHAPE_Area":null,"ObjectID":4091}},
{"type":"Feature","geometry":{"type":"Polygon","coordinates":[[[-107.47341,46.15481],[-107.46185,46.14089],[-107.4832,46.12335],[-107.47249,46.10653],[-107.4999,46.06709],[-107.51682,46.05906],[-107.50865,46.04015],[-107.50477,46.0372],[-107.50991,46.03524],[-107.51223,46.02799],[-107.50776,46.02318],[-107.50664,46.01489],[-107.51816,45.99729],[-107.51434,45.97843],[-107.52144,45.96985],[-107.52194,45.96972],[-107.52231,45.96961],[-107.53839,45.95833],[-107.53862,45.95814],[-107.53902,45.95781],[-107.56013,45.95761],[-107.56313,45.95302],[-107.56793,45.95195],[-107.56658,45.94467],[-107.57474,45.9401],[-107.56506,45.93417],[-107.56306,45.93092],[-107.56402,45.92838],[-107.57334,45.92729],[-107.57614,45.92337],[-107.57307,45.92008],[-107.57015,45.92284],[-107.56811,45.92427],[-107.56599,45.9241],[-107.55816,45.91786],[-107.56176,45.91421],[-107.55955,45.90516],[-107.56554,45.89293],[-107.56653,45.89201],[-107.56686,45.89151],[-107.57508,45.85639],[-107.60404,45.82492],[-107.59613,45.81107],[-107.59162,45.76587],[-107.56613,45.75891],[-107.56158,45.75189],[-107.56883,45.73764],[-107.569,45.73746],[-107.5773,45.7355],[-107.5813,45.72679],[-107.58007,45.71483],[-107.58977,45.71109],[-107.58688,45.69397],[-107.64055,45.6395],[-107.67386,45.62952],[-107.6699,45.60933],[-107.67955,45.59971],[-107.68022,45.59536],[-107.68794,45.59228],[-107.6885,45.58559],[-107.70029,45.58101],[-107.71512,45.54952],[-107.72814,45.5442],[-107.74271,45.5019],[-107.72966,45.47857],[-107.73923,45.47547],[-107.74757,45.4682],[-107.74717,45.46264],[-107.75361,45.45377],[-107.75602,45.43865],[-107.80573,45.40501],[-107.80419,45.39323],[-107.81225,45.38039],[-107.81192,45.37468],[-107.82164,45.37142],[-107.84004,45.3525],[-107.87152,45.35223],[-107.87459,45.34611],[-107.87964,45.34235],[-107.88713,45.34178],[-107.89552,45.33692],[-107.90417,45.33548],[-107.89787,45.32777],[-107.8975,45.32387],[-107.90092,45.32156],[-107.92122,45.31593],[-107.92163,45.3164],[-107.90027,45.3228],[-107.89865,45.32527],[-107.90429,45.33082],[-107.90529,45.33535],[-107.90186,45.33794],[-107.89445,45.33822],[-107.88656,45.34412],[-107.87685,45.34552],[-107.87368,45.35262],[-107.84634,45.35362],[-107.83603,45.35928],[-107.82368,45.37108],[-107.81712,45.37451],[-107.81057,45.38447],[-107.81618,45.388],[-107.80731,45.40467],[-107.75703,45.4414],[-107.75414,45.45409],[-107.74894,45.4609],[-107.74764,45.46591],[-107.74866,45.46721],[-107.74628,45.47076],[-107.73274,45.48065],[-107.74434,45.50095],[-107.73152,45.5412],[-107.71298,45.56447],[-107.71233,45.56457],[-107.6986,45.58494],[-107.6899,45.59129],[-107.68537,45.59396],[-107.67836,45.61045],[-107.67778,45.62673],[-107.66267,45.64472],[-107.6307,45.6498],[-107.59261,45.69304],[-107.58737,45.69457],[-107.59217,45.70468],[-107.58937,45.71217],[-107.58086,45.71509],[-107.58236,45.72572],[-107.57945,45.73425],[-107.56623,45.75791],[-107.5917,45.76406],[-107.59638,45.81028],[-107.60614,45.82277],[-107.57552,45.85708],[-107.56883,45.89219],[-107.56819,45.89256],[-107.5673,45.89295],[-107.56348,45.8977],[-107.56329,45.89909],[-107.56318,45.90122],[-107.56329,45.90178],[-107.56428,45.91283],[-107.55916,45.91771],[-107.56903,45.92331],[-107.5695,45.9197],[-107.57233,45.91909],[-107.5776,45.9229],[-107.57428,45.92745],[-107.56357,45.92966],[-107.56712,45.93428],[-107.57594,45.93946],[-107.56744,45.94476],[-107.57022,45.9492],[-107.56804,45.95302],[-107.56295,45.95401],[-107.55539,45.96755],[-107.53949,45.95831],[-107.51493,45.97917],[-107.51916,45.99824],[-107.51366,46.00933],[-107.51686,46.01609],[-107.50912,46.02234],[-107.5133,46.02786],[-107.51381,46.03375],[-107.50805,46.03719],[-107.51221,46.04494],[-107.51742,46.04889],[-107.51979,46.06213],[-107.50826,46.06499],[-107.4963,46.08996],[-107.47343,46.10725],[-107.48481,46.12502],[-107.46466,46.13933],[-107.47507,46.15463],[-107.47341,46.15481]]]},"properties":{"permanent_":"{83C694F4-254B-4032-B159-66C35A375BE4}","fdate":"2020-02-19T00:00:00.000Z","resolution":2,"gnis_id":"","gnis_name":"","areasqkm":12.82160424,"elevation":null,"ftype":460,"fcode":46006,"visibility":5000000,"SHAPE_Leng":null,"SHAPE_Area":null,"ObjectID":4092}},
{"type":"Feature","geometry":{"type":"Polygon","coordinates":[[[-107.93006,46.92805],[-107.93004,46.92784],[-107.92968,46.92776],[-107.93437,46.91452],[-107.92818,46.90802],[-107.93084,46.90719],[-107.93407,46.90492],[-107.9316,46.9037],[-107.93085,46.9026],[-107.92918,46.89801],[-107.93103,46.89645],[-107.93523,46.89584],[-107.9377,46.89713],[-107.94204,46.89332],[-107.93572,46.88973],[-107.93548,46.88736],[-107.9413,46.88377],[-107.93883,46.87645],[-107.92959,46.87814],[-107.92645,46.87843],[-107.92091,46.87572],[-107.91522,46.87568],[-107.92048,46.8682],[-107.91526,46.86796],[-107.90662,46.86484],[-107.89827,46.86372],[-107.90322,46.86134],[-107.90661,46.85792],[-107.90577,46.85494],[-107.90144,46.85274],[-107.89479,46.85393],[-107.89474,46.85088],[-107.88483,46.84651],[-107.87735,46.84553],[-107.87464,46.84283],[-107.87608,46.83839],[-107.852,46.81946],[-107.84025,46.79499],[-107.83817,46.79381],[-107.83751,46.78994],[-107.843,46.78995],[-107.84207,46.78717],[-107.84305,46.78436],[-107.8457,46.78357],[-107.84695,46.7768],[-107.83127,46.76511],[-107.82219,46.74419],[-107.82715,46.72674],[-107.82604,46.71472],[-107.82342,46.71316],[-107.82008,46.71226],[-107.81676,46.70918],[-107.8217,46.70478],[-107.82286,46.70316],[-107.82219,46.70222],[-107.81519,46.70208],[-107.81592,46.69951],[-107.81095,46.69587],[-107.80779,46.69689],[-107.8033,46.6964],[-107.80501,46.69506],[-107.80199,46.69325],[-107.79999,46.69304],[-107.79941,46.69216],[-107.79949,46.69049],[-107.80036,46.68809],[-107.79494,46.68631],[-107.79242,46.68107],[-107.796,46.66656],[-107.79623,46.66548],[-107.79819,46.66491],[-107.79901,46.66259],[-107.80058,46.6613],[-107.8031,46.66123],[-107.80592,46.66306],[-107.8094,46.65803],[-107.8048,46.65622],[-107.81245,46.6557],[-107.81517,46.65296],[-107.81402,46.65188],[-107.81391,46.65074],[-107.81546,46.64921],[-107.81701,46.64907],[-107.82045,46.64673],[-107.81702,46.64507],[-107.81591,46.6418],[-107.81097,46.63949],[-107.81422,46.62698],[-107.82205,46.62178],[-107.81661,46.61561],[-107.82129,46.61058],[-107.82154,46.61048],[-107.82628,46.61042],[-107.82659,46.6102],[-107.8392,46.593],[-107.85165,46.58613],[-107.85718,46.58251],[-107.86016,46.58068],[-107.86637,46.57997],[-107.86768,46.58144],[-107.8673,46.5836],[-107.86649,46.58574],[-107.86855,46.58457],[-107.87116,46.58398],[-107.87182,46.58312],[-107.87109,46.58214],[-107.87129,46.58113],[-107.87217,46.58099],[-107.87237,46.58139],[-107.87441,46.58212],[-107.87686,46.58007],[-107.87561,46.57672],[-107.91214,46.56698],[-107.923,46.57284],[-107.92512,46.57061],[-107.92787,46.56985],[-107.9353,46.56717],[-107.93776,46.569],[-107.94338,46.56598],[-107.94952,46.56605],[-107.95334,46.56867],[-107.96783,46.56676],[-107.97469,46.56092],[-107.97773,46.55839],[-107.98494,46.55494],[-107.98785,46.55456],[-107.98911,46.55529],[-107.99428,46.55531],[-108.0068,46.55359],[-108.01259,46.55405],[-108.01707,46.5545],[-108.01875,46.55657],[-108.02397,46.55322],[-108.02538,46.55482],[-108.02585,46.55798],[-108.03182,46.55515],[-108.02831,46.55351],[-108.03212,46.55232],[-108.03383,46.54696],[-108.03568,46.54573],[-108.03843,46.54684],[-108.04048,46.54871],[-108.0433,46.54882],[-108.04438,46.54648],[-108.04202,46.54535],[-108.0446,46.54448],[-108.04495,46.54337],[-108.04811,46.54067],[-108.05659,46.54101],[-108.07157,46.53354],[-108.07608,46.52662],[-108.07714,46.5258],[-108.0798,46.52475],[-108.08285,46.52559],[-108.08334,46.52228],[-108.08476,46.52068],[-108.08613,46.52021],[-108.12554,46.51288],[-108.13778,46.51389],[-108.14889,46.51391],[-108.16349,46.51423],[-108.16945,46.51477],[-108.17511,46.51425],[-108.18072,46.5122],[-108.17945,46.50955],[-108.18354,46.50629],[-108.18274,46.50362],[-108.18747,46.50274],[-108.2027,46.50293],[-108.21074,46.50684],[-108.21474,46.50629],[-108.21576,46.50923],[-108.22342,46.51197],[-108.2234,46.50982],[-108.22552,46.50896],[-108.22485,46.5056],[-108.2269,46.50362],[-108.24256,46.50915],[-108.25423,46.50691],[-108.2546,46.50231],[-108.27173,46.4956],[-108.285,46.49369],[-108.31081,46.47947],[-108.39649,46.46857],[-108.42851,46.47229],[-108.44437,46.46054],[-108.46846,46.45994],[-108.47615,46.45891],[-108.47526,46.4579],[-108.47286,46.45803],[-108.47279,46.45695],[-108.47573,46.45322],[-108.4769,46.45492],[-108.47943,46.45386],[-108.47878,46.45273],[-108.47925,46.45231],[-108.4814,46.45204],[-108.48241,46.45312],[-108.48549,46.4527],[-108.4878,46.454],[-108.49161,46.453],[-108.49389,46.45084],[-108.49852,46.44949],[-108.5,46.44516],[-108.50595,46.44696],[-108.52156,46.44671],[-108.57311,46.42783],[-108.57316,46.42811],[-108.52209,46.44676],[-108.50606,46.44728],[-108.49163,46.45323],[-108.4853,46.45466],[-108.48141,46.45504],[-108.48196,46.45278],[-108.48125,46.45237],[-108.47922,46.45254],[-108.47962,46.45418],[-108.47857,46.45508],[-108.47449,46.45493],[-108.47324,46.45742],[-108.47564,46.45779],[-108.47632,46.45911],[-108.46908,46.46067],[-108.46814,46.46311],[-108.44446,46.46094],[-108.42884,46.47241],[-108.40315,46.46945],[-108.31167,46.47967],[-108.28565,46.49361],[-108.25494,46.5024],[-108.25461,46.50711],[-108.2444,46.511],[-108.22539,46.51231],[-108.22325,46.51213],[-108.21864,46.5108],[-108.21537,46.50913],[-108.21444,46.50645],[-108.21107,46.50713],[-108.20715,46.50647],[-108.20338,46.50344],[-108.19408,46.5056],[-108.18661,46.503],[-108.18309,46.50391],[-108.18392,46.50552],[-108.18357,46.50708],[-108.17992,46.50934],[-108.18173,46.51103],[-108.18046,46.51286],[-108.17484,46.51461],[-108.16983,46.51502],[-108.16431,46.51454],[-108.16058,46.51498],[-108.14915,46.51411],[-108.12762,46.51474],[-108.09787,46.52466],[-108.09536,46.52079],[-108.09221,46.5204],[-108.08532,46.5206],[-108.08403,46.52169],[-108.08316,46.52571],[-108.08018,46.52509],[-108.07708,46.52608],[-108.07186,46.53342],[-108.0567,46.54133],[-108.04813,46.54099],[-108.04413,46.54577],[-108.04476,46.54685],[-108.04356,46.54899],[-108.04088,46.54898],[-108.03596,46.54585],[-108.03423,46.54731],[-108.03442,46.54928],[-108.03238,46.55254],[-108.03247,46.55516],[-108.02757,46.55937],[-108.02529,46.55974],[-108.02516,46.55477],[-108.01968,46.55615],[-108.02012,46.55949],[-108.01508,46.55839],[-108.01694,46.55474],[-108.01231,46.55435],[-108.00807,46.55748],[-107.99954,46.55475],[-107.99469,46.5555],[-107.98968,46.55563],[-107.98748,46.55469],[-107.97883,46.55802],[-107.97337,46.56384],[-107.96753,46.56693],[-107.95321,46.56915],[-107.94442,46.56605],[-107.93548,46.57004],[-107.93348,46.57236],[-107.92542,46.57087],[-107.92401,46.57362],[-107.92523,46.57575],[-107.92072,46.57718],[-107.90747,46.57065],[-107.87531,46.58202],[-107.87351,46.58226],[-107.87178,46.58122],[-107.87145,46.58155],[-107.87144,46.58258],[-107.87206,46.58302],[-107.87206,46.58366],[-107.87113,46.58418],[-107.8686,46.58477],[-107.86652,46.58628],[-107.86628,46.58454],[-107.86655,46.58279],[-107.86734,46.58154],[-107.86622,46.58025],[-107.85811,46.58214],[-107.85838,46.58756],[-107.85188,46.58642],[-107.84861,46.59135],[-107.83953,46.59324],[-107.82956,46.6083],[-107.82634,46.6108],[-107.82058,46.61228],[-107.82041,46.61245],[-107.81958,46.61292],[-107.81945,46.61297],[-107.82254,46.62172],[-107.81445,46.6272],[-107.81318,46.64006],[-107.82183,46.63992],[-107.81741,46.64506],[-107.82134,46.6462],[-107.81804,46.64882],[-107.81562,46.64951],[-107.81415,46.65151],[-107.81539,46.65238],[-107.81549,46.65456],[-107.80931,46.65757],[-107.81017,46.66134],[-107.80608,46.6633],[-107.8015,46.66128],[-107.79907,46.66438],[-107.79832,46.6651],[-107.79641,46.66579],[-107.79772,46.66816],[-107.79992,46.66824],[-107.80127,46.67091],[-107.79347,46.67843],[-107.79536,46.6862],[-107.80059,46.68783],[-107.80094,46.68886],[-107.79973,46.69058],[-107.79967,46.6923],[-107.80103,46.69312],[-107.80237,46.69284],[-107.80309,46.69385],[-107.80579,46.69409],[-107.80547,46.69514],[-107.80364,46.69624],[-107.80731,46.69661],[-107.80745,46.69291],[-107.80958,46.69303],[-107.81122,46.69587],[-107.8158,46.69892],[-107.81707,46.70169],[-107.82159,46.70206],[-107.82233,46.70172],[-107.82326,46.70302],[-107.82278,46.70433],[-107.82099,46.70946],[-107.8204,46.71223],[-107.82304,46.71297],[-107.82465,46.71128],[-107.82548,46.71396],[-107.82646,46.7146],[-107.82624,46.71602],[-107.82764,46.72659],[-107.82309,46.74577],[-107.84822,46.778],[-107.84593,46.78382],[-107.84334,46.78447],[-107.84271,46.78826],[-107.84363,46.79012],[-107.83878,46.79002],[-107.83835,46.7935],[-107.8475,46.79518],[-107.85384,46.79746],[-107.84613,46.80587],[-107.85603,46.82202],[-107.876,46.83704],[-107.87712,46.8451],[-107.88445,46.84622],[-107.89484,46.85053],[-107.89555,46.85371],[-107.90157,46.85254],[-107.90624,46.85479],[-107.90733,46.85729],[-107.905,46.86051],[-107.90653,46.86455],[-107.9149,46.86755],[-107.91878,46.86627],[-107.92091,46.86849],[-107.91979,46.87077],[-107.92056,46.87537],[-107.92602,46.87816],[-107.93237,46.87635],[-107.93554,46.87344],[-107.9396,46.87695],[-107.94159,46.88366],[-107.93554,46.88763],[-107.94225,46.89282],[-107.94177,46.89525],[-107.93644,46.89776],[-107.93522,46.89604],[-107.92968,46.89767],[-107.93194,46.90035],[-107.9317,46.90345],[-107.93389,46.90423],[-107.93441,46.90482],[-107.9338,46.90575],[-107.93054,46.90748],[-107.9286,46.90807],[-107.93495,46.91468],[-107.93006,46.92805]]]},"properties":{"permanent_":"{d5bb51ad-67e0-4cbe-89e9-ae146db7da68}","fdate":"2022-06-07T00:00:00.000Z","resolution":2,"gnis_id":"","gnis_name":"","areasqkm":5.80769851,"elevation":null,"ftype":460,"fcode":46006,"visibility":5000000,"SHAPE_Leng":null,"SHAPE_Area":null,"ObjectID":4098}},
{"type":"Feature","geometry":{"type":"Polygon","coordinates":[[[-113.97231,48.50014],[-113.97172,48.50011],[-113.96423,48.4988],[-113.96389,48.49897],[-113.94757,48.49808],[-113.94749,48.49854],[-113.93933,48.50231],[-113.93825,48.502],[-113.93726,48.50195],[-113.93653,48.5019],[-113.93181,48.5027],[-113.9305,48.50226],[-113.92161,48.49964],[-113.92011,48.50018],[-113.91716,48.49853],[-113.91695,48.49809],[-113.91025,48.49355],[-113.89529,48.49465],[-113.88937,48.49747],[-113.87986,48.49351],[-113.8629,48.49319],[-113.85618,48.4949],[-113.85067,48.48871],[-113.83482,48.48468],[-113.82184,48.47636],[-113.81177,48.46365],[-113.79995,48.4537],[-113.80544,48.44412],[-113.80977,48.44552],[-113.8058,48.45837],[-113.81608,48.46268],[-113.82163,48.47051],[-113.83558,48.48337],[-113.84904,48.48459],[-113.86315,48.49225],[-113.87818,48.49225],[-113.8894,48.49724],[-113.89485,48.49445],[-113.90972,48.49318],[-113.91742,48.49718],[-113.91734,48.49834],[-113.91997,48.49997],[-113.92164,48.49937],[-113.9306,48.50208],[-113.93177,48.50254],[-113.93651,48.50165],[-113.93728,48.50177],[-113.93817,48.50166],[-113.93932,48.50205],[-113.94704,48.49856],[-113.94707,48.49797],[-113.96355,48.49859],[-113.9643,48.49855],[-113.97145,48.4995],[-113.97226,48.49952],[-113.9931,48.50512],[-114.07096,48.46526],[-114.07109,48.46527],[-114.07131,48.46529],[-114.07189,48.46535],[-114.07182,48.46583],[-114.07163,48.46678],[-114.07163,48.46679],[-113.99688,48.50793],[-113.97231,48.50014]]]},"properties":{"permanent_":"{6872a0e1-605a-4a0e-8288-3874ea1d9535}","fdate":"2019-01-03T00:00:00.000Z","resolution":2,"gnis_id":"","gnis_name":"","areasqkm":7.85115425,"elevation":null,"ftype":460,"fcode":46006,"visibility":5000000,"SHAPE_Leng":null,"SHAPE_Area":null,"ObjectID":4187}},
{"type":"Feature","geometry":{"type":"Polygon","coordinates":[[[-105.25054,48.0928],[-105.24857,48.08843],[-105.28806,48.08332],[-105.30176,48.0787],[-105.32255,48.07904],[-105.33331,48.09281],[-105.37255,48.08787],[-105.41424,48.08609],[-105.50855,48.09284],[-105.5244,48.07199],[-105.53936,48.06462],[-105.54678,48.06556],[-105.56728,48.08209],[-105.63122,48.07178],[-105.64631,48.04598],[-105.69309,48.05332],[-105.71778,48.03126],[-105.81823,48.02118],[-105.85696,48.00679],[-105.8962,48.03059],[-105.90096,48.00664],[-105.98319,48.01785],[-106.01205,48.00433],[-106.08561,48.01069],[-106.11076,47.99942],[-106.14611,48.0066],[-106.12746,48.02077],[-106.13475,48.03065],[-106.20754,48.02504],[-106.23685,48.02672],[-106.26252,48.03765],[-106.27456,48.04559],[-106.29047,48.03989],[-106.30437,48.04249],[-106.30574,48.04791],[-106.31882,48.05445],[-106.33669,48.04406],[-106.36638,48.04655],[-106.36941,48.0585],[-106.39377,48.06347],[-106.41653,48.04278],[-106.42926,48.01464],[-106.44269,48.0314],[-106.42781,48.03354],[-106.42172,48.04853],[-106.40325,48.06952],[-106.36803,48.06173],[-106.36307,48.0471],[-106.3339,48.0523],[-106.31918,48.05714],[-106.31427,48.06314],[-106.30651,48.06132],[-106.30094,48.0626],[-106.30296,48.06828],[-106.29549,48.07011],[-106.29569,48.06501],[-106.27944,48.06811],[-106.28373,48.0874],[-106.27979,48.08947],[-106.27217,48.09048],[-106.26869,48.09931],[-106.27641,48.09754],[-106.27505,48.09377],[-106.27861,48.09132],[-106.28218,48.0919],[-106.28542,48.09446],[-106.29219,48.09503],[-106.29373,48.09588],[-106.2945,48.09809],[-106.29354,48.09939],[-106.29208,48.09955],[-106.28753,48.09776],[-106.28464,48.10007],[-106.28739,48.10191],[-106.28806,48.10414],[-106.28446,48.10699],[-106.28474,48.11151],[-106.28924,48.11403],[-106.29141,48.11226],[-106.28766,48.10931],[-106.28817,48.10534],[-106.29312,48.10604],[-106.29537,48.10995],[-106.30043,48.10918],[-106.30284,48.11051],[-106.30266,48.11259],[-106.29964,48.11627],[-106.30047,48.11826],[-106.30922,48.11783],[-106.30603,48.11214],[-106.30746,48.11046],[-106.31425,48.11167],[-106.31444,48.11412],[-106.3159,48.11608],[-106.32058,48.11619],[-106.32232,48.11407],[-106.32168,48.11205],[-106.32199,48.11116],[-106.32343,48.1103],[-106.32634,48.10963],[-106.32918,48.10944],[-106.33166,48.11019],[-106.33212,48.11475],[-106.33702,48.11697],[-106.33852,48.11516],[-106.33358,48.11316],[-106.3347,48.11115],[-106.33769,48.11006],[-106.33944,48.1103],[-106.33941,48.11297],[-106.34196,48.11567],[-106.34589,48.11585],[-106.3465,48.1143],[-106.34534,48.1108],[-106.35004,48.10842],[-106.35876,48.11672],[-106.35143,48.11876],[-106.35954,48.12881],[-106.36951,48.12057],[-106.37315,48.11865],[-106.37605,48.11858],[-106.37956,48.11963],[-106.38084,48.12065],[-106.38295,48.12511],[-106.38336,48.12758],[-106.38291,48.12927],[-106.38404,48.1311],[-106.38306,48.1331],[-106.38695,48.13377],[-106.38827,48.13177],[-106.39117,48.13193],[-106.39268,48.13428],[-106.39556,48.13507],[-106.40124,48.13026],[-106.40296,48.127],[-106.40442,48.1257],[-106.40669,48.12565],[-106.42605,48.14003],[-106.47559,48.16065],[-106.48325,48.15173],[-106.50705,48.14871],[-106.50999,48.14598],[-106.50991,48.14394],[-106.51304,48.14096],[-106.51635,48.14175],[-106.51627,48.14396],[-106.51935,48.14586],[-106.5212,48.14522],[-106.52201,48.1421],[-106.52332,48.14016],[-106.52497,48.13942],[-106.52874,48.13917],[-106.53183,48.13993],[-106.535,48.14386],[-106.53883,48.13426],[-106.54455,48.13108],[-106.54611,48.13666],[-106.54086,48.13888],[-106.54056,48.14181],[-106.54256,48.14282],[-106.54541,48.14222],[-106.54658,48.13938],[-106.55021,48.13852],[-106.55131,48.13964],[-106.55131,48.14066],[-106.54824,48.14907],[-106.55094,48.15359],[-106.56542,48.1591],[-106.59273,48.15989],[-106.60898,48.16565],[-106.60558,48.17074],[-106.60843,48.17285],[-106.61155,48.1725],[-106.61251,48.16891],[-106.61492,48.16897],[-106.61578,48.17017],[-106.61622,48.17423],[-106.61563,48.17732],[-106.61889,48.18009],[-106.62135,48.17999],[-106.6219,48.17572],[-106.62281,48.1746],[-106.62536,48.1735],[-106.62694,48.17327],[-106.62876,48.17376],[-106.62971,48.17925],[-106.62936,48.18037],[-106.62812,48.18141],[-106.62593,48.18214],[-106.62494,48.1849],[-106.62704,48.18959],[-106.62911,48.19133],[-106.63207,48.19127],[-106.63267,48.18996],[-106.63272,48.18809],[-106.6302,48.18565],[-106.62922,48.18398],[-106.62948,48.18225],[-106.63275,48.17877],[-106.63459,48.17531],[-106.63897,48.17141],[-106.64156,48.17139],[-106.66617,48.1877],[-106.70177,48.23951],[-106.70012,48.24588],[-106.70854,48.24572],[-106.71636,48.25136],[-106.71779,48.24976],[-106.72074,48.24897],[-106.72281,48.24972],[-106.72462,48.24864],[-106.72473,48.24702],[-106.72642,48.24477],[-106.72941,48.24244],[-106.73119,48.24143],[-106.73825,48.24007],[-106.73659,48.24281],[-106.73277,48.24494],[-106.73205,48.24704],[-106.73343,48.24841],[-106.73495,48.24851],[-106.7365,48.2478],[-106.73993,48.24526],[-106.74044,48.24907],[-106.75208,48.25498],[-106.75047,48.25986],[-106.74283,48.26254],[-106.74611,48.26144],[-106.74736,48.26225],[-106.74752,48.26293],[-106.74625,48.26514],[-106.74847,48.26765],[-106.75171,48.2681],[-106.75412,48.27094],[-106.75864,48.27097],[-106.76152,48.26846],[-106.76616,48.26665],[-106.77044,48.26573],[-106.77204,48.26784],[-106.76965,48.27314],[-106.76884,48.27445],[-106.76791,48.27508],[-106.76826,48.27769],[-106.77391,48.27792],[-106.7711,48.28168],[-106.77224,48.28357],[-106.77561,48.28546],[-106.77721,48.28498],[-106.77742,48.28356],[-106.77865,48.2821],[-106.78291,48.28011],[-106.78372,48.28018],[-106.78456,48.28088],[-106.78462,48.28275],[-106.78373,48.28681],[-106.78083,48.29077],[-106.78595,48.29603],[-106.77885,48.29887],[-106.78093,48.30218],[-106.79071,48.30214],[-106.797,48.30795],[-106.79696,48.3091],[-106.79612,48.30995],[-106.79432,48.31044],[-106.79272,48.31184],[-106.79199,48.31294],[-106.79427,48.3159],[-106.79564,48.31634],[-106.7989,48.31658],[-106.8017,48.31472],[-106.79861,48.30581],[-106.80122,48.30497],[-106.80553,48.30453],[-106.80694,48.30494],[-106.8074,48.30579],[-106.80737,48.3067],[-106.80692,48.30918],[-106.81036,48.30947],[-106.8139,48.30704],[-106.8221,48.3057],[-106.81922,48.31209],[-106.82672,48.31528],[-106.83356,48.32758],[-106.83342,48.3353],[-106.83748,48.33746],[-106.83865,48.3365],[-106.84059,48.33652],[-106.84214,48.3375],[-106.85302,48.34658],[-106.86004,48.34351],[-106.86633,48.34353],[-106.8657,48.34713],[-106.868,48.34896],[-106.8708,48.34889],[-106.8729,48.34811],[-106.87603,48.34608],[-106.88116,48.34601],[-106.88214,48.34616],[-106.88305,48.34681],[-106.88146,48.34914],[-106.87678,48.34852],[-106.87562,48.349],[-106.87597,48.35085],[-106.87896,48.35263],[-106.87981,48.35403],[-106.88194,48.3554],[-106.88339,48.35548],[-106.88368,48.35429],[-106.88255,48.35175],[-106.88407,48.34939],[-106.88443,48.34779],[-106.88571,48.34642],[-106.88736,48.34605],[-106.89076,48.34801],[-106.89149,48.35003],[-106.89043,48.35337],[-106.88767,48.35596],[-106.88861,48.35853],[-106.89502,48.36238],[-106.90088,48.35822],[-106.90463,48.3582],[-106.90698,48.36209],[-106.91457,48.3623],[-106.91716,48.35962],[-106.91844,48.35962],[-106.92194,48.36053],[-106.92675,48.36272],[-106.92725,48.36435],[-106.92642,48.36478],[-106.92528,48.36503],[-106.92248,48.36505],[-106.92205,48.36738],[-106.92403,48.36963],[-106.92314,48.37438],[-106.93468,48.37212],[-106.93462,48.37686],[-106.93965,48.37728],[-106.94213,48.37851],[-106.9455,48.37887],[-106.94793,48.37501],[-106.94916,48.37467],[-106.95153,48.37495],[-106.9519,48.37557],[-106.9511,48.37849],[-106.95221,48.38056],[-106.95425,48.38056],[-106.95405,48.37763],[-106.95472,48.37596],[-106.95615,48.3757],[-106.95695,48.37573],[-106.95778,48.376],[-106.95839,48.37686],[-106.95872,48.37913],[-106.95975,48.37979],[-106.96457,48.38059],[-106.96506,48.38022],[-106.96456,48.37894],[-106.96449,48.37776],[-106.96479,48.37698],[-106.96573,48.37617],[-106.9746,48.37239],[-106.97523,48.37315],[-106.96628,48.376],[-106.96508,48.37676],[-106.96461,48.37786],[-106.96518,48.37994],[-106.96519,48.3802],[-106.96478,48.38062],[-106.9643,48.3807],[-106.95975,48.37986],[-106.95865,48.37924],[-106.9583,48.37698],[-106.95761,48.37608],[-106.95663,48.37576],[-106.95415,48.37739],[-106.95478,48.37978],[-106.95418,48.38074],[-106.95228,48.3807],[-106.951,48.3792],[-106.95103,48.37806],[-106.95178,48.37595],[-106.95104,48.3749],[-106.94814,48.37501],[-106.94714,48.3785],[-106.94619,48.3789],[-106.94478,48.37896],[-106.94225,48.37872],[-106.93455,48.37702],[-106.93461,48.37223],[-106.92314,48.37489],[-106.92161,48.36664],[-106.92216,48.36494],[-106.92345,48.36468],[-106.92472,48.36491],[-106.92585,48.36484],[-106.92636,48.36261],[-106.91984,48.36002],[-106.91692,48.3599],[-106.91466,48.36244],[-106.91083,48.36314],[-106.90662,48.36207],[-106.90108,48.35833],[-106.89514,48.36251],[-106.88498,48.36371],[-106.8877,48.35516],[-106.8913,48.34996],[-106.89036,48.3478],[-106.88766,48.34631],[-106.88476,48.34765],[-106.88439,48.34931],[-106.88276,48.35194],[-106.88402,48.35496],[-106.88354,48.35555],[-106.88157,48.35543],[-106.87975,48.35422],[-106.87833,48.35239],[-106.87561,48.35079],[-106.87496,48.34961],[-106.876,48.34862],[-106.87775,48.34838],[-106.88106,48.349],[-106.88181,48.34627],[-106.87683,48.34613],[-106.87248,48.34851],[-106.87102,48.34899],[-106.86906,48.34921],[-106.8673,48.34894],[-106.86586,48.34781],[-106.85873,48.34415],[-106.85142,48.34796],[-106.84843,48.34342],[-106.8456,48.34155],[-106.84301,48.33855],[-106.84023,48.33661],[-106.83599,48.33875],[-106.83296,48.33516],[-106.83345,48.32772],[-106.82667,48.31552],[-106.81835,48.31189],[-106.81645,48.30912],[-106.81008,48.30969],[-106.80701,48.30943],[-106.80595,48.30838],[-106.80695,48.30706],[-106.80721,48.30568],[-106.80574,48.30469],[-106.80082,48.30518],[-106.79892,48.30578],[-106.80274,48.31122],[-106.80255,48.31411],[-106.79923,48.31658],[-106.79852,48.31682],[-106.79438,48.31615],[-106.7918,48.3132],[-106.79206,48.31236],[-106.7937,48.31075],[-106.79466,48.31014],[-106.79641,48.30948],[-106.79675,48.30803],[-106.78645,48.31067],[-106.78478,48.30233],[-106.78098,48.30283],[-106.77883,48.29949],[-106.77859,48.29824],[-106.78542,48.29552],[-106.78069,48.29073],[-106.78323,48.28745],[-106.78455,48.28141],[-106.78364,48.2803],[-106.77882,48.28221],[-106.77766,48.28354],[-106.77758,48.28474],[-106.77689,48.28545],[-106.77554,48.2856],[-106.77478,48.28538],[-106.77161,48.28331],[-106.76776,48.27719],[-106.76761,48.27513],[-106.7691,48.27382],[-106.76996,48.27062],[-106.77058,48.26595],[-106.76607,48.26682],[-106.7613,48.26892],[-106.75938,48.27076],[-106.75696,48.27164],[-106.75412,48.27113],[-106.75158,48.26832],[-106.74926,48.26828],[-106.74634,48.2662],[-106.74608,48.2646],[-106.74723,48.26255],[-106.74591,48.26168],[-106.7429,48.26271],[-106.74141,48.2592],[-106.75027,48.25958],[-106.75188,48.25516],[-106.74634,48.25346],[-106.74009,48.24902],[-106.73458,48.24869],[-106.73276,48.24837],[-106.73206,48.2479],[-106.73181,48.24657],[-106.7323,48.24524],[-106.73791,48.24028],[-106.72963,48.24251],[-106.72588,48.24565],[-106.72499,48.24849],[-106.72374,48.24979],[-106.71638,48.25159],[-106.70914,48.25012],[-106.68247,48.23788],[-106.6753,48.20223],[-106.64197,48.17204],[-106.63522,48.17491],[-106.63356,48.17818],[-106.62964,48.18246],[-106.6303,48.1854],[-106.63257,48.18738],[-106.63309,48.18868],[-106.63267,48.19073],[-106.63184,48.19161],[-106.6303,48.1918],[-106.62782,48.19089],[-106.62675,48.18981],[-106.62452,48.18411],[-106.62591,48.18177],[-106.62894,48.1805],[-106.62878,48.17482],[-106.62692,48.17356],[-106.62432,48.17418],[-106.62266,48.17516],[-106.62187,48.18009],[-106.61928,48.18047],[-106.61603,48.17868],[-106.61509,48.17671],[-106.61601,48.1739],[-106.61491,48.16938],[-106.61275,48.16926],[-106.61192,48.17257],[-106.60894,48.17329],[-106.60601,48.17178],[-106.56556,48.15933],[-106.5506,48.15383],[-106.53489,48.15871],[-106.53376,48.15501],[-106.54836,48.14828],[-106.55104,48.13985],[-106.54726,48.13922],[-106.5461,48.14151],[-106.54479,48.1429],[-106.54206,48.14293],[-106.54023,48.14181],[-106.5404,48.13907],[-106.53708,48.14058],[-106.53943,48.14486],[-106.53419,48.14386],[-106.5324,48.14071],[-106.52851,48.13939],[-106.52348,48.14038],[-106.52194,48.14313],[-106.52136,48.14534],[-106.52055,48.14604],[-106.51794,48.14575],[-106.51595,48.14386],[-106.51598,48.14192],[-106.51281,48.14146],[-106.5102,48.14562],[-106.51391,48.14891],[-106.49993,48.16105],[-106.47626,48.16087],[-106.46303,48.15799],[-106.46091,48.1551],[-106.43253,48.15383],[-106.42573,48.1401],[-106.4108,48.12927],[-106.40719,48.1261],[-106.40368,48.12661],[-106.40133,48.13045],[-106.39633,48.13508],[-106.39501,48.13534],[-106.39215,48.13433],[-106.38864,48.13182],[-106.3867,48.1341],[-106.38323,48.13351],[-106.38266,48.13285],[-106.38364,48.13153],[-106.38231,48.12932],[-106.38307,48.12705],[-106.38236,48.12502],[-106.3809,48.12368],[-106.38096,48.12138],[-106.37844,48.11947],[-106.37587,48.11882],[-106.3728,48.11895],[-106.36959,48.12121],[-106.35956,48.12914],[-106.34702,48.11454],[-106.34634,48.11582],[-106.34477,48.11664],[-106.34123,48.11574],[-106.33939,48.11397],[-106.33925,48.11084],[-106.33698,48.11056],[-106.33467,48.11357],[-106.33864,48.11487],[-106.33888,48.11687],[-106.33635,48.11719],[-106.3321,48.11543],[-106.33158,48.11116],[-106.32632,48.10983],[-106.32332,48.1106],[-106.32208,48.11154],[-106.32273,48.11408],[-106.32048,48.11652],[-106.31671,48.1168],[-106.31499,48.11614],[-106.31397,48.1143],[-106.31394,48.11194],[-106.30664,48.11154],[-106.30972,48.11725],[-106.30925,48.1185],[-106.30661,48.11965],[-106.30317,48.11962],[-106.2993,48.11795],[-106.29891,48.11654],[-106.30269,48.1118],[-106.30004,48.1095],[-106.29616,48.11024],[-106.29377,48.10965],[-106.29287,48.10642],[-106.28798,48.10882],[-106.29213,48.11272],[-106.28936,48.11438],[-106.28412,48.11165],[-106.28399,48.10672],[-106.28761,48.10316],[-106.28408,48.09988],[-106.28492,48.09815],[-106.28863,48.09749],[-106.29149,48.09891],[-106.29311,48.09915],[-106.29341,48.09621],[-106.29129,48.09528],[-106.28655,48.09509],[-106.28318,48.09403],[-106.28095,48.09179],[-106.27603,48.09333],[-106.27695,48.09794],[-106.26886,48.09997],[-106.26384,48.09588],[-106.27091,48.09021],[-106.27916,48.08908],[-106.28199,48.08406],[-106.27412,48.082],[-106.28152,48.07975],[-106.27756,48.07106],[-106.27981,48.06744],[-106.30143,48.0611],[-106.30781,48.06091],[-106.3133,48.06241],[-106.31802,48.05746],[-106.30614,48.05317],[-106.29998,48.04182],[-106.28242,48.04742],[-106.26811,48.04608],[-106.26325,48.04057],[-106.23716,48.03115],[-106.21037,48.02785],[-106.14676,48.0307],[-106.13373,48.0337],[-106.12191,48.02878],[-106.1086,48.00689],[-106.07764,48.03677],[-106.05242,48.02697],[-105.99706,48.03361],[-105.97931,48.01883],[-105.90237,48.00858],[-105.89998,48.03919],[-105.84928,48.00978],[-105.82354,48.02129],[-105.71284,48.03647],[-105.68338,48.06181],[-105.64384,48.05078],[-105.65133,48.07846],[-105.61982,48.07445],[-105.56801,48.08437],[-105.55439,48.07443],[-105.53751,48.06665],[-105.5239,48.07649],[-105.51531,48.09461],[-105.50373,48.0989],[-105.44366,48.09027],[-105.39201,48.09445],[-105.36357,48.08953],[-105.35172,48.09694],[-105.32475,48.09242],[-105.31049,48.08055],[-105.25054,48.0928]]]},"properties":{"permanent_":"146572169","fdate":"2022-03-30T00:00:00.000Z","resolution":2,"gnis_id":"","gnis_name":"","areasqkm":46.40541391,"elevation":null,"ftype":460,"fcode":46006,"visibility":5000000,"SHAPE_Leng":null,"SHAPE_Area":null,"ObjectID":4200}},
{"type":"Feature","geometry":{"type":"MultiPolygon","coordinates":[[[[-107.47463,46.16018],[-107.4745,46.15949],[-107.47477,46.15726],[-107.47482,46.15608],[-107.47491,46.1554],[-107.47507,46.15463],[-107.52116,46.14816],[-107.53392,46.13722],[-107.57276,46.14291],[-107.61073,46.11194],[-107.64715,46.11093],[-107.68457,46.09887],[-107.68426,46.08503],[-107.69021,46.07849],[-107.70408,46.07945],[-107.73306,46.06976],[-107.747,46.06031],[-107.76344,46.05968],[-107.81425,46.03612],[-107.81397,46.03631],[-107.81639,46.03697],[-107.87798,46.02414],[-107.8945,46.0265],[-107.91926,46.00729],[-107.92505,46.00263],[-107.93073,46.00144],[-107.94631,45.99488],[-107.95219,45.99533],[-107.95339,45.99579],[-108.07366,45.99093],[-108.108,45.99806],[-108.10842,45.99814],[-108.11103,45.99767],[-108.11609,45.99377],[-108.12858,45.99751],[-108.13604,45.9996],[-108.1361,45.99959],[-108.16101,46.00169],[-108.20196,45.98537],[-108.22677,45.98333],[-108.2395,45.97218],[-108.25962,45.96594],[-108.25975,45.96589],[-108.25962,45.96611],[-108.26137,45.96531],[-108.26277,45.96112],[-108.27231,45.95337],[-108.29098,45.94947],[-108.28856,45.93963],[-108.31587,45.90866],[-108.3132,45.89075],[-108.32639,45.88048],[-108.37581,45.86293],[-108.38939,45.85133],[-108.41361,45.84457],[-108.42442,45.8248],[-108.43076,45.82008],[-108.4389,45.81883],[-108.44109,45.81611],[-108.4438,45.81558],[-108.44814,45.81469],[-108.44819,45.81466],[-108.4637,45.8038],[-108.46575,45.8052],[-108.45344,45.81459],[-108.45206,45.81598],[-108.42484,45.84064],[-108.41358,45.84813],[-108.40083,45.85203],[-108.39319,45.85685],[-108.3718,45.86683],[-108.36913,45.87151],[-108.35708,45.87275],[-108.35121,45.87464],[-108.35049,45.87767],[-108.34397,45.88118],[-108.32957,45.88153],[-108.32439,45.89045],[-108.31884,45.92173],[-108.29687,45.94169],[-108.29758,45.94403],[-108.29779,45.94688],[-108.29709,45.94891],[-108.26715,45.96431],[-108.23865,45.97573],[-108.23,45.98414],[-108.20737,45.98788],[-108.16523,46.00369],[-108.0562,46.00362],[-108.02437,45.99535],[-107.99031,45.99997],[-107.95205,46.00112],[-107.90575,46.02594],[-107.84256,46.04146],[-107.81194,46.0388],[-107.77714,46.06307],[-107.7319,46.0779],[-107.69909,46.08133],[-107.68764,46.09844],[-107.67452,46.10969],[-107.66411,46.11337],[-107.62156,46.11171],[-107.60093,46.13544],[-107.56688,46.14592],[-107.54056,46.14101],[-107.52274,46.15343],[-107.47463,46.16018]],[[-108.31848,45.90948],[-108.31709,45.90648],[-108.31709,45.90678],[-108.31848,45.90948]],[[-108.42004,45.84239],[-108.42006,45.84237],[-108.418,45.84242],[-108.41689,45.84313],[-108.4197,45.84284],[-108.42004,45.84239]],[[-107.66143,46.1126],[-107.66752,46.11103],[-107.66909,46.11115],[-107.66535,46.10854],[-107.66332,46.10968],[-107.66119,46.11165],[-107.66143,46.1126]],[[-107.97861,45.99849],[-107.98025,45.99794],[-107.97674,45.99678],[-107.97341,45.99649],[-107.9734,45.99649],[-107.97861,45.99849]],[[-108.34337,45.88055],[-108.3442,45.88045],[-108.34595,45.87954],[-108.3462,45.87885],[-108.34712,45.87711],[-108.34715,45.87708],[-108.34874,45.87576],[-108.34594,45.87571],[-108.33895,45.879],[-108.33943,45.8792],[-108.34337,45.88055]],[[-108.20172,45.98998],[-108.20412,45.98891],[-108.20591,45.98678],[-108.20577,45.9868],[-108.19709,45.98946],[-108.20172,45.98998]],[[-108.3656,45.87141],[-108.36561,45.87141],[-108.3663,45.87153],[-108.36769,45.86955],[-108.36588,45.86962],[-108.36525,45.87117],[-108.3656,45.87141]],[[-107.9185,46.01546],[-107.9194,46.01343],[-107.9194,46.01339],[-107.91644,46.016],[-107.9185,46.01546]],[[-108.40749,45.84897],[-108.4079,45.84874],[-108.40982,45.84802],[-108.40936,45.84652],[-108.4088,45.84656],[-108.40807,45.84668],[-108.40611,45.84806],[-108.406,45.84818],[-108.40749,45.84897]],[[-108.4458,45.81614],[-108.44483,45.81622],[-108.44333,45.8167],[-108.4486,45.81606],[-108.4458,45.81614]],[[-108.31736,45.90082],[-108.3154,45.89984],[-108.3154,45.90132],[-108.31932,45.90383],[-108.31932,45.90382],[-108.31976,45.90365],[-108.31736,45.90082]],[[-107.82804,46.03813],[-107.82793,46.03818],[-107.82768,46.03828],[-107.82731,46.03844],[-107.82868,46.03802],[-107.82976,46.03669],[-107.82563,46.03575],[-107.82423,46.03619],[-107.82354,46.03723],[-107.82646,46.03814],[-107.82804,46.03813]],[[-108.2654,45.96068],[-108.26373,45.9622],[-108.26363,45.96287],[-108.26697,45.96276],[-108.2654,45.96068]],[[-107.9548,45.99679],[-107.95474,45.99679],[-107.9541,45.99798],[-107.95586,45.99866],[-107.95711,45.99687],[-107.9548,45.99679]],[[-108.39347,45.85591],[-108.39174,45.85428],[-108.39296,45.85618],[-108.39347,45.85591]],[[-107.92327,46.00722],[-107.92444,46.00516],[-107.92216,46.00724],[-107.92269,46.00947],[-107.92271,46.00943],[-107.92276,46.00936],[-107.92299,46.00734],[-107.92327,46.00722]],[[-108.36825,45.86904],[-108.36588,45.86855],[-108.36566,45.86864],[-108.36821,45.86905],[-108.36825,45.86904]],[[-108.44247,45.81594],[-108.4419,45.81735],[-108.44397,45.81607],[-108.44403,45.81605],[-108.44393,45.81588],[-108.44247,45.81594]]],[[[-107.6874,46.08437],[-107.68984,46.08093],[-107.68707,46.08811],[-107.68806,46.08534],[-107.6874,46.08437]]],[[[-108.03075,45.99437],[-108.03586,45.99535],[-108.03601,45.99539],[-108.03075,45.99437]]]]},"properties":{"permanent_":"{D8C8F11D-96ED-422F-9BA0-DDC4D5FAC678}","fdate":"2022-03-30T00:00:00.000Z","resolution":2,"gnis_id":"","gnis_name":"","areasqkm":25.2829911,"elevation":null,"ftype":460,"fcode":46006,"visibility":5000000,"SHAPE_Leng":null,"SHAPE_Area":null,"ObjectID":4201}},
{"type":"Feature","geometry":{"type":"Polygon","coordinates":[[[-112.33727,45.5621],[-112.33763,45.56215],[-112.33773,45.56216],[-112.33783,45.56217],[-112.33804,45.56219],[-112.34075,45.58623],[-112.33652,45.58953],[-112.34059,45.59819],[-112.33989,45.60033],[-112.33681,45.60296],[-112.33048,45.60591],[-112.31644,45.63752],[-112.29219,45.66054],[-112.29207,45.67587],[-112.27568,45.69445],[-112.25649,45.7042],[-112.24628,45.70498],[-112.23631,45.7077],[-112.22681,45.70917],[-112.22266,45.70788],[-112.21889,45.71089],[-112.22387,45.71453],[-112.22401,45.72268],[-112.22384,45.72392],[-112.2224,45.7249],[-112.22017,45.72502],[-112.21799,45.72417],[-112.21612,45.72531],[-112.21621,45.72617],[-112.21894,45.72769],[-112.2158,45.73009],[-112.21084,45.73029],[-112.20988,45.73247],[-112.21287,45.73318],[-112.21378,45.73454],[-112.21341,45.73548],[-112.21206,45.73614],[-112.20962,45.73553],[-112.2029,45.73767],[-112.19394,45.74865],[-112.15613,45.75631],[-112.13708,45.77242],[-112.13749,45.78145],[-112.1246,45.79483],[-112.12312,45.79973],[-112.11829,45.80053],[-112.11335,45.80612],[-112.1175,45.81217],[-112.11468,45.81607],[-112.09384,45.81884],[-112.08927,45.82381],[-112.09274,45.82854],[-112.09245,45.83007],[-112.08807,45.83245],[-112.05029,45.85491],[-112.01932,45.86054],[-111.98445,45.84658],[-111.92937,45.85525],[-111.91909,45.8492],[-111.91055,45.84015],[-111.90937,45.83866],[-111.90982,45.83698],[-111.91391,45.83152],[-111.90876,45.8282],[-111.89388,45.83102],[-111.88321,45.83036],[-111.88015,45.82884],[-111.87245,45.81838],[-111.84649,45.8214],[-111.83491,45.82084],[-111.80966,45.81278],[-111.80313,45.79658],[-111.79427,45.79555],[-111.78535,45.79318],[-111.77537,45.79876],[-111.75631,45.80424],[-111.74587,45.80236],[-111.74164,45.79932],[-111.73469,45.7985],[-111.72949,45.7969],[-111.72656,45.79349],[-111.70352,45.7969],[-111.68924,45.81557],[-111.68213,45.81814],[-111.68298,45.81934],[-111.68132,45.82151],[-111.67888,45.82246],[-111.67625,45.82209],[-111.66186,45.82778],[-111.65994,45.83352],[-111.65654,45.83444],[-111.65552,45.83572],[-111.65485,45.83987],[-111.65593,45.84352],[-111.65178,45.85025],[-111.61404,45.87411],[-111.58842,45.90677],[-111.54416,45.9173],[-111.5422,45.92017],[-111.53767,45.91834],[-111.53188,45.92029],[-111.53384,45.92233],[-111.53624,45.92323],[-111.53515,45.92457],[-111.52258,45.92672],[-111.50614,45.92679],[-111.50556,45.92681],[-111.50546,45.92639],[-111.53194,45.92482],[-111.53431,45.92295],[-111.53145,45.92124],[-111.53225,45.91845],[-111.54038,45.9115],[-111.55838,45.90444],[-111.58255,45.90694],[-111.61258,45.87422],[-111.63504,45.86068],[-111.6402,45.85333],[-111.65534,45.84323],[-111.65438,45.83808],[-111.65539,45.83528],[-111.65632,45.83427],[-111.66112,45.82785],[-111.66828,45.8238],[-111.67523,45.82208],[-111.67957,45.82192],[-111.68177,45.82001],[-111.68168,45.81648],[-111.69008,45.81404],[-111.69118,45.80811],[-111.69873,45.79936],[-111.70546,45.79561],[-111.72655,45.7932],[-111.73227,45.79758],[-111.73697,45.797],[-111.75068,45.80321],[-111.75864,45.80314],[-111.76367,45.79955],[-111.77396,45.79845],[-111.78382,45.79305],[-111.78826,45.79229],[-111.79198,45.79446],[-111.80149,45.79509],[-111.806,45.79888],[-111.81062,45.81282],[-111.84462,45.82119],[-111.8729,45.81754],[-111.87872,45.82623],[-111.88371,45.83013],[-111.90831,45.82786],[-111.91224,45.82916],[-111.91505,45.83277],[-111.90979,45.83897],[-111.91461,45.84137],[-111.91914,45.84427],[-111.91999,45.84928],[-111.9301,45.85411],[-111.9854,45.84617],[-112.02561,45.85367],[-112.07408,45.84026],[-112.07978,45.8322],[-112.08749,45.83206],[-112.09027,45.83122],[-112.09193,45.82825],[-112.08862,45.82387],[-112.09259,45.819],[-112.09745,45.81701],[-112.11482,45.81565],[-112.11177,45.80566],[-112.11634,45.80118],[-112.12334,45.79878],[-112.1236,45.79463],[-112.12697,45.79195],[-112.13033,45.78422],[-112.13335,45.78255],[-112.13757,45.76978],[-112.15271,45.7566],[-112.16747,45.75013],[-112.19205,45.74831],[-112.20271,45.73733],[-112.20916,45.73536],[-112.21071,45.73521],[-112.21262,45.73566],[-112.21306,45.73385],[-112.21004,45.73278],[-112.20856,45.73076],[-112.21097,45.72982],[-112.21557,45.72961],[-112.21544,45.72624],[-112.21541,45.72523],[-112.21709,45.72409],[-112.219,45.72388],[-112.21982,45.72467],[-112.22329,45.7242],[-112.22351,45.72289],[-112.22226,45.71968],[-112.22342,45.71469],[-112.21982,45.71339],[-112.21854,45.71015],[-112.22319,45.70743],[-112.22895,45.70834],[-112.23601,45.70684],[-112.23421,45.70326],[-112.24488,45.70536],[-112.24791,45.70118],[-112.25562,45.70406],[-112.27516,45.69434],[-112.29071,45.67669],[-112.29119,45.65636],[-112.31483,45.63904],[-112.33041,45.60539],[-112.33917,45.60055],[-112.33628,45.59821],[-112.33812,45.59462],[-112.33578,45.59008],[-112.3405,45.58593],[-112.33727,45.5621]]]},"properties":{"permanent_":"{1873F85F-961B-4A56-841D-B6367118174D}","fdate":"2020-07-24T00:00:00.000Z","resolution":2,"gnis_id":"","gnis_name":"","areasqkm":7.43072503,"elevation":null,"ftype":460,"fcode":46006,"visibility":5000000,"SHAPE_Leng":null,"SHAPE_Area":null,"ObjectID":4219}},
{"type":"Feature","geometry":{"type":"Polygon","coordinates":[[[-112.11317,44.6335],[-112.13115,44.63716],[-112.13189,44.63672],[-112.15816,44.64105],[-112.15808,44.64064],[-112.11336,44.63347],[-112.16056,44.63894],[-112.20549,44.63681],[-112.27029,44.61742],[-112.27034,44.63915],[-112.22812,44.64489],[-112.15129,44.64557],[-112.11317,44.6335]]]},"properties":{"permanent_":"120004512","fdate":"2004-03-16T00:00:00.000Z","resolution":2,"gnis_id":"","gnis_name":"","areasqkm":7.501,"elevation":null,"ftype":403,"fcode":40307,"visibility":5000000,"SHAPE_Leng":null,"SHAPE_Area":null,"ObjectID":4260}},
{"type":"Feature","geometry":{"type":"Polygon","coordinates":[[[-111.71614,48.3789],[-111.71997,48.3819],[-111.71974,48.38314],[-111.71815,48.38475],[-111.71638,48.38543],[-111.71501,48.38549],[-111.71241,48.38456],[-111.71053,48.38464],[-111.70979,48.3851],[-111.70985,48.38611],[-111.71225,48.38942],[-111.70942,48.39078],[-111.70527,48.39163],[-111.70287,48.38878],[-111.69207,48.39174],[-111.68859,48.39618],[-111.68634,48.39747],[-111.6825,48.39702],[-111.67895,48.39469],[-111.67507,48.39652],[-111.67144,48.39322],[-111.65496,48.39288],[-111.65495,48.39289],[-111.65032,48.39386],[-111.64571,48.39252],[-111.64519,48.39209],[-111.64381,48.39048],[-111.64701,48.38584],[-111.63897,48.38725],[-111.63941,48.38121],[-111.60299,48.36938],[-111.57522,48.36606],[-111.5716,48.36335],[-111.55879,48.35574],[-111.5588,48.35457],[-111.57791,48.35845],[-111.62678,48.36259],[-111.64033,48.36383],[-111.64093,48.36399],[-111.64349,48.36935],[-111.64904,48.38612],[-111.64691,48.39229],[-111.67245,48.39269],[-111.67531,48.39584],[-111.67858,48.39436],[-111.68673,48.39682],[-111.68754,48.39454],[-111.69178,48.39107],[-111.69779,48.38971],[-111.70186,48.38498],[-111.70442,48.3902],[-111.7111,48.38959],[-111.70893,48.38551],[-111.71509,48.3792],[-111.73196,48.37175],[-111.75847,48.37685],[-111.76846,48.36576],[-111.78122,48.37341],[-111.78215,48.37989],[-111.79627,48.39257],[-111.82483,48.40432],[-111.84028,48.39469],[-111.85872,48.42261],[-111.88817,48.42088],[-111.93578,48.43173],[-111.95464,48.42451],[-111.95235,48.41831],[-111.95935,48.41836],[-111.96292,48.41471],[-111.96422,48.4146],[-111.96585,48.41515],[-111.96923,48.41847],[-111.97484,48.4163],[-111.97812,48.41621],[-111.9817,48.41849],[-111.98301,48.42093],[-111.98236,48.4233],[-111.98079,48.4333],[-111.99816,48.43989],[-111.99957,48.44094],[-111.99912,48.44297],[-112.0018,48.4475],[-112.01841,48.45111],[-112.02172,48.45357],[-112.02398,48.45459],[-112.02583,48.45444],[-112.02994,48.44852],[-112.03431,48.44715],[-112.04332,48.45514],[-112.04703,48.44981],[-112.05224,48.44824],[-112.06684,48.45151],[-112.08272,48.44215],[-112.09145,48.43984],[-112.09795,48.43983],[-112.09993,48.44161],[-112.09592,48.44593],[-112.09944,48.45073],[-112.11289,48.44804],[-112.12308,48.45976],[-112.17966,48.47694],[-112.20347,48.47648],[-112.20749,48.47689],[-112.20898,48.47876],[-112.22194,48.48562],[-112.22784,48.48615],[-112.22811,48.48639],[-112.22821,48.48649],[-112.22807,48.48659],[-112.22803,48.48663],[-112.22798,48.48667],[-112.21845,48.48512],[-112.20943,48.48011],[-112.2071,48.47711],[-112.18028,48.47785],[-112.15263,48.47135],[-112.09894,48.45096],[-112.09507,48.44541],[-112.09862,48.44091],[-112.09338,48.44011],[-112.08465,48.44221],[-112.06703,48.45167],[-112.05744,48.45265],[-112.04864,48.45039],[-112.04372,48.45586],[-112.03337,48.44788],[-112.02775,48.45194],[-112.02735,48.4536],[-112.02601,48.45472],[-112.02405,48.45501],[-112.00104,48.44746],[-111.99876,48.44339],[-111.99903,48.44068],[-111.99476,48.44036],[-111.99125,48.4384],[-111.984,48.43784],[-111.97757,48.44084],[-111.97525,48.43718],[-111.98052,48.43177],[-111.98043,48.42714],[-111.982,48.41997],[-111.97938,48.41759],[-111.97402,48.41694],[-111.96876,48.41866],[-111.96616,48.41663],[-111.9646,48.41496],[-111.96298,48.41515],[-111.9594,48.41881],[-111.96003,48.42299],[-111.93771,48.43202],[-111.92004,48.4321],[-111.88452,48.42171],[-111.87145,48.42792],[-111.85756,48.42219],[-111.77767,48.38726],[-111.78051,48.37343],[-111.76682,48.36838],[-111.75916,48.37716],[-111.74166,48.37967],[-111.71614,48.3789]]]},"properties":{"permanent_":"144845917","fdate":"2022-05-03T00:00:00.000Z","resolution":2,"gnis_id":"","gnis_name":"","areasqkm":6.22557947,"elevation":null,"ftype":460,"fcode":46006,"visibility":5000000,"SHAPE_Leng":null,"SHAPE_Area":null,"ObjectID":4291}},
{"type":"Feature","geometry":{"type":"Polygon","coordinates":[[[-110.50815,47.93166],[-110.5109,47.93087],[-110.51249,47.93101],[-110.51511,47.93229],[-110.52039,47.93003],[-110.52046,47.92686],[-110.52721,47.92807],[-110.5278,47.92359],[-110.53993,47.92125],[-110.54098,47.91647],[-110.54175,47.91589],[-110.54494,47.91529],[-110.5482,47.91287],[-110.54638,47.91114],[-110.54819,47.90849],[-110.55514,47.9069],[-110.55877,47.90068],[-110.57898,47.89071],[-110.5869,47.88817],[-110.59298,47.8884],[-110.59646,47.88671],[-110.59532,47.88318],[-110.60242,47.87607],[-110.60612,47.87651],[-110.60803,47.87265],[-110.6088,47.87177],[-110.60979,47.87142],[-110.61182,47.87168],[-110.61903,47.87573],[-110.62723,47.87178],[-110.62481,47.8685],[-110.62549,47.86712],[-110.62669,47.86668],[-110.62908,47.86687],[-110.63174,47.86621],[-110.63642,47.86592],[-110.64236,47.86169],[-110.64569,47.86387],[-110.64416,47.86623],[-110.64851,47.8661],[-110.65106,47.86463],[-110.65294,47.86401],[-110.6539,47.86419],[-110.65691,47.86654],[-110.66412,47.86444],[-110.66894,47.86712],[-110.67338,47.86517],[-110.67753,47.86657],[-110.67916,47.86313],[-110.68416,47.86066],[-110.6856,47.85777],[-110.68907,47.85977],[-110.68573,47.85798],[-110.68415,47.86102],[-110.6794,47.86314],[-110.67927,47.8662],[-110.67739,47.86669],[-110.66957,47.86721],[-110.66725,47.86717],[-110.6654,47.86647],[-110.6641,47.86463],[-110.65793,47.8667],[-110.6559,47.86643],[-110.65275,47.8642],[-110.64861,47.86626],[-110.64469,47.86731],[-110.63678,47.86609],[-110.63179,47.86642],[-110.62914,47.86703],[-110.62674,47.86682],[-110.62516,47.86844],[-110.62745,47.87186],[-110.61849,47.87611],[-110.61185,47.87187],[-110.6094,47.87171],[-110.60863,47.87208],[-110.60714,47.87472],[-110.60668,47.87623],[-110.6061,47.87673],[-110.60505,47.88188],[-110.5955,47.88356],[-110.59672,47.8865],[-110.59572,47.88805],[-110.58563,47.89024],[-110.5588,47.90108],[-110.55525,47.90698],[-110.54815,47.90879],[-110.54674,47.91115],[-110.54842,47.91237],[-110.54808,47.91358],[-110.54525,47.91538],[-110.5418,47.91617],[-110.54109,47.91711],[-110.54152,47.91906],[-110.54003,47.92137],[-110.52753,47.92814],[-110.51587,47.93221],[-110.51398,47.93248],[-110.51159,47.93101],[-110.50894,47.9319],[-110.50815,47.93166]]]},"properties":{"permanent_":"129598316","fdate":"2022-05-03T00:00:00.000Z","resolution":2,"gnis_id":"","gnis_name":"","areasqkm":5.51990624,"elevation":null,"ftype":460,"fcode":46006,"visibility":5000000,"SHAPE_Leng":null,"SHAPE_Area":null,"ObjectID":4292}},
{"type":"Feature","geometry":{"type":"Polygon","coordinates":[[[-106.93373,47.67492],[-106.92653,47.67043],[-106.90194,47.67431],[-106.87887,47.6834],[-106.87129,47.69587],[-106.88203,47.71934],[-106.87527,47.72346],[-106.86778,47.69628],[-106.87841,47.67857],[-106.90332,47.67109],[-106.93013,47.66927],[-106.93373,47.67492]]]},"properties":{"permanent_":"151165135","fdate":"2006-09-23T00:00:00.000Z","resolution":2,"gnis_id":"","gnis_name":"","areasqkm":9.421,"elevation":null,"ftype":461,"fcode":46100,"visibility":5000000,"SHAPE_Leng":null,"SHAPE_Area":null,"ObjectID":4715}}
]}