{"type":"FeatureCollection", "features": [
{"type":"Feature","geometry":{"type":"MultiLineString","coordinates":[[[-110.56446,44.99252],[-110.57589,44.9963],[-110.58238,44.99871],[-110.58288,44.99994],[-110.58797,45.01015],[-110.59461,45.012],[-110.59585,45.01267],[-110.60248,45.01545],[-110.60927,45.01508],[-110.61934,45.01139],[-110.62576,45.00945],[-110.65014,45.02853],[-110.66562,45.03061],[-110.67402,45.02774],[-110.67481,45.02694],[-110.68462,45.02816],[-110.69103,45.02731],[-110.69379,45.02922],[-110.69756,45.02962],[-110.69998,45.03012],[-110.70861,45.03338],[-110.71517,45.03365],[-110.74553,45.04576],[-110.75077,45.04913],[-110.7509,45.04927],[-110.75377,45.0516],[-110.77195,45.06684],[-110.77199,45.06694],[-110.77259,45.06847],[-110.77138,45.0704],[-110.77081,45.07135],[-110.77707,45.09082],[-110.77917,45.09162],[-110.78939,45.10699],[-110.79121,45.11007],[-110.79541,45.11457],[-110.79666,45.11689],[-110.79858,45.1202],[-110.799,45.12127],[-110.79944,45.12404],[-110.7998,45.12457],[-110.80506,45.12793],[-110.81461,45.14167],[-110.82967,45.15889],[-110.83552,45.16237],[-110.83989,45.16498],[-110.84578,45.16532],[-110.84866,45.16587],[-110.85365,45.16695],[-110.87433,45.17169],[-110.90157,45.20125],[-110.9022,45.21055],[-110.87323,45.24765],[-110.87357,45.24861],[-110.8642,45.25598],[-110.86301,45.25707],[-110.86172,45.25962],[-110.86118,45.26337],[-110.85867,45.26503],[-110.85647,45.26642],[-110.85037,45.27028],[-110.84261,45.28015],[-110.84112,45.28381],[-110.84099,45.28544],[-110.83503,45.29204],[-110.82696,45.298],[-110.81449,45.3125],[-110.78398,45.3195],[-110.7758,45.32356],[-110.77523,45.32444],[-110.76488,45.33359],[-110.76295,45.33483],[-110.76221,45.33512],[-110.75727,45.33737],[-110.7571,45.33744],[-110.75389,45.33902],[-110.7503,45.33789],[-110.74993,45.33784],[-110.74942,45.33779],[-110.74159,45.339],[-110.73947,45.34183],[-110.73919,45.34279],[-110.7379,45.34421],[-110.73772,45.34449],[-110.73605,45.35072],[-110.73506,45.35813],[-110.73454,45.35878],[-110.72865,45.36166],[-110.7285,45.36177],[-110.72601,45.3664],[-110.72691,45.37072],[-110.72415,45.37397],[-110.72217,45.37416],[-110.71922,45.38029],[-110.7077,45.38811],[-110.70729,45.38907],[-110.70585,45.3929],[-110.70295,45.39838],[-110.70154,45.40242],[-110.70172,45.40442],[-110.69796,45.40793],[-110.65484,45.41653],[-110.63778,45.4207],[-110.61258,45.44789],[-110.6124,45.44839],[-110.6211,45.45445],[-110.59516,45.49258],[-110.59238,45.49533],[-110.58839,45.49883],[-110.58121,45.50826],[-110.58064,45.50852],[-110.58095,45.50974],[-110.58185,45.51642],[-110.57833,45.5178],[-110.57737,45.51771],[-110.57353,45.51999],[-110.57993,45.52429],[-110.57787,45.53066],[-110.582,45.54595],[-110.58434,45.56024],[-110.5833,45.56503],[-110.582,45.57055],[-110.579,45.57319],[-110.57717,45.57436],[-110.57201,45.57999],[-110.57391,45.58463],[-110.57183,45.58794],[-110.56917,45.59231],[-110.56612,45.59934],[-110.56722,45.60372],[-110.57367,45.61533],[-110.57438,45.6231],[-110.57383,45.62351],[-110.57159,45.62486],[-110.571,45.6255],[-110.56762,45.62983],[-110.5676,45.63096],[-110.56736,45.63191],[-110.56794,45.63361],[-110.56766,45.63429],[-110.56883,45.6389],[-110.56923,45.63996],[-110.56925,45.64],[-110.56941,45.64106],[-110.56313,45.64923],[-110.56251,45.64959],[-110.56073,45.65103],[-110.55799,45.65285],[-110.54781,45.65533],[-110.54601,45.65586],[-110.53828,45.66022],[-110.53887,45.6631],[-110.53882,45.66336],[-110.53853,45.6652],[-110.53862,45.66608],[-110.53877,45.66745],[-110.5391,45.67054],[-110.53662,45.67467],[-110.53653,45.67483],[-110.53661,45.67816],[-110.5365,45.67925],[-110.5355,45.67997],[-110.53491,45.68091],[-110.53374,45.68356],[-110.53399,45.68497],[-110.52912,45.68849],[-110.52657,45.6916],[-110.52295,45.6925],[-110.52215,45.69312],[-110.51874,45.69626],[-110.51332,45.69897],[-110.51139,45.70029],[-110.51101,45.70062],[-110.50779,45.70244],[-110.50724,45.70298],[-110.50706,45.70342],[-110.50744,45.70512],[-110.50505,45.70689],[-110.50335,45.70758],[-110.50153,45.70961],[-110.50032,45.70877],[-110.49796,45.70837],[-110.49781,45.70867],[-110.49742,45.70938],[-110.495,45.71176],[-110.49375,45.71175],[-110.49019,45.71189],[-110.48945,45.71221],[-110.4875,45.71483],[-110.4853,45.71552],[-110.48249,45.7166],[-110.48055,45.71742],[-110.47981,45.71787],[-110.47504,45.7203],[-110.46833,45.71766],[-110.46671,45.71784],[-110.46395,45.71906],[-110.45834,45.72281],[-110.45673,45.72341],[-110.45192,45.72432],[-110.45044,45.72481],[-110.44924,45.72527],[-110.44394,45.72728],[-110.44322,45.72755],[-110.43878,45.72791],[-110.43777,45.72787],[-110.43284,45.72784],[-110.43005,45.72697],[-110.42169,45.72659],[-110.41582,45.72614],[-110.41369,45.72689],[-110.41133,45.72819],[-110.40819,45.72984],[-110.40363,45.72759],[-110.39986,45.72491],[-110.39742,45.72358],[-110.39568,45.72154],[-110.39251,45.71982],[-110.39086,45.7199],[-110.38866,45.72063],[-110.38832,45.72071],[-110.38134,45.71711],[-110.38119,45.71668],[-110.38017,45.71537],[-110.37696,45.71172],[-110.37081,45.7111],[-110.36652,45.71161],[-110.36452,45.7113],[-110.34531,45.70931],[-110.33533,45.70713],[-110.32932,45.70486],[-110.32739,45.70402],[-110.3269,45.70378],[-110.3249,45.70325],[-110.32366,45.70322],[-110.32202,45.70354],[-110.31904,45.70353],[-110.31576,45.7017],[-110.31345,45.70021],[-110.3126,45.69979],[-110.30894,45.69818],[-110.30681,45.69733],[-110.30401,45.69685],[-110.30043,45.69667],[-110.29607,45.69634],[-110.292,45.69668],[-110.28907,45.69758],[-110.28755,45.69651],[-110.28024,45.69485],[-110.26754,45.6969],[-110.26428,45.69794],[-110.26376,45.69884],[-110.26346,45.69962],[-110.26304,45.70039],[-110.26502,45.71043],[-110.26657,45.71137],[-110.26805,45.71281],[-110.26792,45.71393],[-110.26399,45.71729],[-110.26134,45.72031],[-110.26022,45.72226],[-110.24925,45.72477],[-110.24567,45.72503],[-110.24105,45.72721],[-110.23951,45.73008],[-110.23852,45.73183],[-110.23745,45.73717],[-110.23477,45.74258],[-110.23297,45.74351],[-110.22735,45.74575],[-110.22487,45.74635],[-110.21571,45.74937],[-110.205,45.74682],[-110.18846,45.74806],[-110.17555,45.75524],[-110.16364,45.75946],[-110.15911,45.76339],[-110.1523,45.7635],[-110.15101,45.76322],[-110.1431,45.7678],[-110.11759,45.77249],[-110.11607,45.77338],[-110.11079,45.77437],[-110.10518,45.77347],[-110.09762,45.7758],[-110.09188,45.77762],[-110.08545,45.78107],[-110.07926,45.78269],[-110.07731,45.78275],[-110.077,45.78314]],[[-110.07687,45.78325],[-110.07629,45.78405],[-110.0755,45.7844],[-110.07248,45.78538],[-110.06849,45.78683],[-110.06164,45.79242],[-110.0546,45.80056],[-110.05365,45.80246],[-110.05189,45.80524],[-110.0495,45.80717],[-110.04575,45.81218],[-110.04567,45.81255],[-110.04554,45.81286],[-110.04432,45.8159],[-110.04226,45.81785],[-110.03642,45.81913],[-110.03232,45.8205],[-110.02971,45.82205],[-110.02286,45.82182],[-110.02073,45.82149],[-110.01894,45.82124],[-110.0155,45.82394],[-110.01479,45.82696],[-109.99614,45.83751],[-109.98566,45.8383],[-109.9841,45.83954],[-109.9798,45.84302],[-109.97634,45.84342],[-109.97262,45.84172],[-109.97121,45.84091],[-109.96391,45.83967],[-109.94963,45.84184],[-109.93735,45.84807],[-109.93287,45.85088],[-109.93187,45.85068],[-109.92472,45.85304],[-109.92067,45.85337],[-109.91807,45.85338],[-109.91349,45.85327],[-109.90945,45.85201],[-109.9063,45.84475],[-109.87715,45.84239],[-109.86895,45.83729],[-109.86795,45.83724],[-109.86274,45.8356],[-109.86049,45.83396],[-109.86002,45.83391],[-109.85879,45.83215],[-109.85839,45.83155],[-109.85625,45.82419],[-109.85335,45.81519],[-109.85015,45.81037],[-109.85004,45.80976],[-109.84958,45.80841],[-109.84844,45.80544],[-109.84844,45.80529],[-109.84556,45.80215],[-109.84373,45.80134],[-109.83923,45.80067],[-109.83309,45.79679],[-109.83265,45.79674],[-109.83055,45.79505],[-109.82424,45.7934],[-109.82352,45.79354],[-109.81552,45.79266],[-109.81543,45.79261],[-109.7929,45.7866],[-109.7899,45.78563],[-109.78734,45.7801],[-109.78692,45.77957],[-109.78632,45.77744],[-109.77992,45.77056],[-109.77451,45.76545],[-109.77611,45.76217],[-109.77011,45.75886],[-109.76479,45.75534],[-109.76009,45.7531],[-109.7594,45.75174],[-109.75791,45.75],[-109.75211,45.74108],[-109.7508,45.73966],[-109.74339,45.73565],[-109.73582,45.73531],[-109.7271,45.73813],[-109.71587,45.73806],[-109.70802,45.73814],[-109.69778,45.73808],[-109.69198,45.73877],[-109.67671,45.73956],[-109.66564,45.73788],[-109.66525,45.73766],[-109.6647,45.73732],[-109.65995,45.73446],[-109.65274,45.73191],[-109.6531,45.72865],[-109.65022,45.72632],[-109.64649,45.72593],[-109.64507,45.7232],[-109.64451,45.72268],[-109.63877,45.72096],[-109.62918,45.7172],[-109.61516,45.71153],[-109.61374,45.71047],[-109.61065,45.7092],[-109.60915,45.70868],[-109.60173,45.70841],[-109.59323,45.71202],[-109.59189,45.71314],[-109.58067,45.7145],[-109.55931,45.71159],[-109.55634,45.71151],[-109.55153,45.71256],[-109.54984,45.71472],[-109.54213,45.71408],[-109.53669,45.71413],[-109.53636,45.71385],[-109.53478,45.71334],[-109.53462,45.71332],[-109.53367,45.71351],[-109.53173,45.71417],[-109.52978,45.71439],[-109.52533,45.71431],[-109.51961,45.7164],[-109.51473,45.7159],[-109.50788,45.71466],[-109.5012,45.71476],[-109.48988,45.71075],[-109.48526,45.70548],[-109.48475,45.70288],[-109.47783,45.70005],[-109.47087,45.69496],[-109.46854,45.69509],[-109.46019,45.68969],[-109.45723,45.68793],[-109.44275,45.68924],[-109.43661,45.68648],[-109.41529,45.68333],[-109.41328,45.68516],[-109.4117,45.6873],[-109.39172,45.69674],[-109.37233,45.68131],[-109.36897,45.6778],[-109.36745,45.6756],[-109.36698,45.6752],[-109.36386,45.66964],[-109.3606,45.66828],[-109.35795,45.66714],[-109.3514,45.66414],[-109.35047,45.66359],[-109.34163,45.6523],[-109.3334,45.64326],[-109.32234,45.63782],[-109.31498,45.63635],[-109.31046,45.6351],[-109.29569,45.63685],[-109.294,45.63909],[-109.2829,45.6399],[-109.2801,45.63932],[-109.26856,45.63881],[-109.25536,45.62879],[-109.25151,45.62591],[-109.24943,45.62504],[-109.24134,45.62215],[-109.23812,45.62114],[-109.22358,45.62503],[-109.21669,45.62561],[-109.20592,45.6197],[-109.19922,45.61992],[-109.18978,45.61347],[-109.18518,45.61182],[-109.17007,45.60736],[-109.16535,45.60511],[-109.1595,45.60274],[-109.1455,45.59444],[-109.14398,45.58964],[-109.14096,45.58794],[-109.12895,45.58694],[-109.12463,45.58899],[-109.12138,45.58904],[-109.11659,45.58489],[-109.10539,45.58358],[-109.10488,45.5835],[-109.10182,45.58355],[-109.10055,45.58282],[-109.09331,45.58441],[-109.0924,45.58471],[-109.08731,45.58548],[-109.07657,45.58178],[-109.07352,45.5815],[-109.06822,45.5829],[-109.06817,45.58293],[-109.06454,45.58421],[-109.05318,45.58581],[-109.04947,45.58677],[-109.04707,45.58757],[-109.0465,45.5881],[-109.04444,45.58896],[-109.04128,45.58981],[-109.02261,45.59896],[-109.00364,45.60766],[-108.9912,45.61005],[-108.96033,45.61274],[-108.95284,45.61077],[-108.94386,45.60739],[-108.94279,45.60701],[-108.9379,45.60518],[-108.93579,45.60327],[-108.92658,45.60661],[-108.91883,45.60716],[-108.91482,45.60866],[-108.89534,45.60321],[-108.86715,45.61002],[-108.84132,45.61102],[-108.83872,45.61168],[-108.80985,45.62504],[-108.80664,45.62585],[-108.80383,45.62944],[-108.80167,45.63183],[-108.7599,45.65403],[-108.7533,45.65581],[-108.75068,45.65556],[-108.71451,45.651],[-108.71049,45.65099],[-108.70405,45.66443],[-108.66329,45.68795],[-108.65829,45.68778],[-108.64577,45.68713],[-108.64131,45.69324],[-108.61365,45.70185],[-108.60176,45.70548],[-108.59891,45.70923],[-108.59848,45.70998],[-108.59892,45.71083],[-108.59699,45.71387],[-108.59645,45.7145],[-108.59556,45.7162],[-108.59502,45.71669],[-108.59292,45.71787],[-108.59133,45.72048],[-108.58889,45.72164],[-108.58808,45.72191],[-108.58271,45.72235],[-108.58,45.72241],[-108.57669,45.72267],[-108.57433,45.72217],[-108.57423,45.72228],[-108.57332,45.72281],[-108.57295,45.72328],[-108.57254,45.72414],[-108.56019,45.73197],[-108.54355,45.73342],[-108.54298,45.73387],[-108.53577,45.73761],[-108.53001,45.73726],[-108.5265,45.73717],[-108.51521,45.74513],[-108.48754,45.7517],[-108.48101,45.7574],[-108.47425,45.76282],[-108.4746,45.76358],[-108.47372,45.76535],[-108.47113,45.7699],[-108.47446,45.772],[-108.47739,45.77522],[-108.48092,45.779],[-108.47952,45.78314],[-108.47828,45.7835],[-108.47504,45.78582],[-108.47361,45.78819],[-108.47341,45.78957],[-108.47262,45.79117],[-108.47047,45.79522],[-108.47,45.79614],[-108.46545,45.80387],[-108.46449,45.80428],[-108.46435,45.80437],[-108.46129,45.80694],[-108.45935,45.80824],[-108.45593,45.81074],[-108.45513,45.81165],[-108.44965,45.81661],[-108.44908,45.81721],[-108.43922,45.81937],[-108.43636,45.82006],[-108.43554,45.82043],[-108.4281,45.82301],[-108.42718,45.82387],[-108.42586,45.82496],[-108.42325,45.82812],[-108.42418,45.83327],[-108.42363,45.83867],[-108.42165,45.84206],[-108.42019,45.84393],[-108.41698,45.846],[-108.41456,45.84693],[-108.41314,45.84753],[-108.40219,45.85122],[-108.39991,45.85193],[-108.39834,45.85217],[-108.39494,45.85246],[-108.39285,45.85263],[-108.38761,45.85419],[-108.38646,45.85585],[-108.38364,45.85872],[-108.38301,45.86066],[-108.38053,45.86147],[-108.37695,45.86316],[-108.37616,45.86362],[-108.37482,45.86432],[-108.37419,45.86463],[-108.37214,45.86563],[-108.36695,45.86749],[-108.36298,45.86899],[-108.35516,45.87233],[-108.35133,45.87384],[-108.34934,45.87439],[-108.34461,45.87559],[-108.33652,45.87831],[-108.33521,45.87901],[-108.33218,45.88042],[-108.32951,45.88103],[-108.32535,45.88254],[-108.32464,45.88279],[-108.32294,45.88334],[-108.31815,45.88693],[-108.3177,45.88928],[-108.31733,45.89157],[-108.31608,45.89457],[-108.31532,45.89529],[-108.31488,45.89576],[-108.31387,45.89667],[-108.3177,45.90401],[-108.3191,45.90524],[-108.31798,45.9109],[-108.31726,45.91172],[-108.31633,45.91278],[-108.31532,45.91423],[-108.31526,45.9186],[-108.31757,45.92044],[-108.3179,45.92142],[-108.30994,45.92734],[-108.30478,45.93086],[-108.29579,45.93633],[-108.29433,45.93634],[-108.29272,45.93694],[-108.29064,45.9388],[-108.2923,45.94063],[-108.29502,45.94463],[-108.29461,45.9454],[-108.29342,45.94771],[-108.29198,45.94868],[-108.28922,45.9519],[-108.28156,45.95332],[-108.27463,45.95378],[-108.2731,45.95397],[-108.27059,45.95611],[-108.26951,45.95724],[-108.26557,45.95985],[-108.26186,45.96595],[-108.25621,45.96772],[-108.24863,45.96978],[-108.24269,45.97199],[-108.24134,45.97279],[-108.23831,45.97501],[-108.23724,45.97621],[-108.23639,45.97737],[-108.23432,45.9794],[-108.23332,45.98014],[-108.23254,45.98082],[-108.2313,45.98157],[-108.22682,45.98403],[-108.222,45.98534],[-108.20845,45.98624],[-108.19934,45.98694],[-108.1939,45.99115],[-108.19211,45.99278],[-108.19133,45.99368],[-108.19051,45.99407],[-108.19011,45.99427],[-108.18414,45.99605],[-108.18047,45.99677],[-108.17421,45.99757],[-108.16887,45.99843],[-108.16346,46.00222],[-108.16202,46.00287],[-108.15733,46.00137],[-108.14912,45.99958],[-108.14611,45.99743],[-108.13709,46.00017],[-108.13623,46.00046],[-108.13025,46.00035],[-108.12469,45.99693],[-108.11942,45.99495],[-108.11785,45.99477],[-108.11383,45.9955],[-108.11115,45.99862],[-108.1086,45.99873],[-108.10544,45.99895],[-108.09907,45.9994],[-108.09204,45.99775],[-108.08659,45.99602],[-108.08022,45.99424],[-108.06714,45.99344],[-108.0615,46.00027],[-108.05711,46.00303],[-108.04753,45.99916],[-108.04531,45.99891],[-108.04168,45.99728],[-108.04005,45.99692],[-108.03134,45.9955],[-108.0261,45.99403],[-108.02257,45.99401],[-108.01351,45.99599],[-108.01205,45.99629],[-108.01024,45.99644],[-108.00368,45.99769],[-107.99886,45.99742],[-107.99565,45.99754],[-107.98711,45.99703],[-107.98479,45.9968],[-107.98026,45.99881],[-107.96926,45.9993],[-107.96504,45.99847],[-107.96261,45.99819],[-107.9603,45.99758],[-107.95964,45.99778],[-107.95574,45.99936],[-107.95409,45.99993],[-107.95286,46.00031],[-107.95125,46.00111],[-107.94984,46.00197],[-107.94629,46.0034],[-107.94093,46.00471],[-107.93639,46.00452],[-107.92998,46.00212],[-107.92655,46.00247],[-107.9247,46.00328],[-107.9208,46.00784],[-107.92057,46.00989],[-107.92048,46.01311],[-107.9204,46.01346],[-107.91644,46.01816],[-107.91371,46.01996],[-107.9122,46.02058],[-107.90804,46.02285],[-107.90137,46.02581],[-107.89643,46.02673],[-107.8956,46.02691],[-107.88664,46.02701],[-107.88305,46.02613],[-107.87649,46.02494],[-107.8735,46.02527],[-107.87194,46.0252],[-107.86854,46.03094],[-107.86215,46.03256],[-107.85539,46.03351],[-107.85238,46.03644],[-107.84853,46.03702],[-107.84788,46.03686],[-107.84689,46.03673],[-107.84115,46.03478],[-107.83997,46.03417],[-107.838,46.03343],[-107.83565,46.03342],[-107.83388,46.03407],[-107.8309,46.036],[-107.82942,46.03801],[-107.82817,46.03868],[-107.82348,46.03777],[-107.82069,46.03733],[-107.81492,46.03779],[-107.80999,46.03849],[-107.8055,46.03948],[-107.80334,46.04119],[-107.80089,46.04257],[-107.79344,46.04783],[-107.79266,46.04824],[-107.78733,46.05121],[-107.78564,46.05435],[-107.78514,46.05609],[-107.78167,46.05921],[-107.78131,46.05955],[-107.78044,46.06071],[-107.7787,46.06223],[-107.7766,46.06253],[-107.76564,46.06138],[-107.76304,46.0606],[-107.75578,46.05978],[-107.75518,46.05994],[-107.75435,46.06007],[-107.75327,46.06024],[-107.74451,46.06291],[-107.74417,46.06392],[-107.74366,46.06665],[-107.74267,46.07169],[-107.73343,46.07706],[-107.7278,46.07685],[-107.72565,46.07661],[-107.72416,46.07654],[-107.71977,46.07576],[-107.71831,46.07555],[-107.71389,46.07644],[-107.71155,46.07839],[-107.70882,46.08002],[-107.70397,46.08036],[-107.6989,46.08061],[-107.69476,46.08004],[-107.6879,46.08063],[-107.68594,46.08279],[-107.68521,46.08447],[-107.68687,46.08975],[-107.6874,46.09643],[-107.68479,46.09965],[-107.68448,46.09982],[-107.68121,46.10293],[-107.68044,46.10361],[-107.6769,46.10555],[-107.66713,46.10711],[-107.66529,46.10745],[-107.66087,46.10982],[-107.66004,46.11006],[-107.65915,46.11036],[-107.65255,46.1117],[-107.64995,46.11211],[-107.64642,46.11121],[-107.64418,46.11044],[-107.6416,46.1097],[-107.63182,46.10948],[-107.62882,46.11132],[-107.62142,46.11039],[-107.6145,46.11116],[-107.61088,46.11373],[-107.61034,46.11572],[-107.61125,46.11851],[-107.61009,46.12042],[-107.60593,46.12432],[-107.60401,46.1266],[-107.59203,46.13421],[-107.59206,46.1344],[-107.59297,46.13672],[-107.5913,46.13898],[-107.58759,46.1394],[-107.58471,46.14003],[-107.58344,46.14026],[-107.57025,46.14414],[-107.56737,46.14416],[-107.56668,46.14418],[-107.56305,46.14349],[-107.56115,46.1432],[-107.55764,46.14281],[-107.5524,46.14287],[-107.54706,46.14166],[-107.53922,46.13914],[-107.5368,46.13831],[-107.52571,46.14134],[-107.52403,46.14512],[-107.52341,46.14685],[-107.52289,46.14767],[-107.5215,46.14897],[-107.51602,46.15289],[-107.50372,46.1509],[-107.50049,46.15039],[-107.49969,46.15024],[-107.49396,46.14877],[-107.47578,46.15478],[-107.47567,46.15508],[-107.47481,46.15689],[-107.47459,46.15985],[-107.47188,46.16287],[-107.46822,46.16443],[-107.46411,46.16305],[-107.44293,46.17326],[-107.43605,46.17836],[-107.43489,46.17913],[-107.42793,46.18184],[-107.42565,46.18566],[-107.43107,46.19902],[-107.43299,46.20451],[-107.43116,46.20585],[-107.41623,46.20767],[-107.41616,46.20786],[-107.41738,46.21147],[-107.41942,46.2192],[-107.42002,46.22438],[-107.41932,46.23044],[-107.41914,46.23076],[-107.41558,46.23404],[-107.41422,46.23579],[-107.41205,46.23779],[-107.4107,46.23891],[-107.40843,46.24238],[-107.4008,46.24425],[-107.39974,46.24392],[-107.39541,46.2435],[-107.395,46.24345],[-107.38349,46.24357],[-107.37005,46.24429],[-107.36847,46.2444],[-107.36566,46.24492],[-107.36151,46.24899],[-107.35713,46.25062],[-107.35032,46.2511],[-107.34852,46.25235],[-107.33563,46.27205],[-107.32993,46.27607],[-107.29475,46.27616],[-107.30219,46.28115],[-107.30716,46.28886],[-107.30944,46.29323],[-107.30728,46.2984],[-107.30644,46.29883],[-107.30522,46.29924],[-107.29482,46.29584],[-107.27596,46.30626],[-107.27495,46.30712],[-107.25912,46.31043],[-107.24504,46.31307],[-107.23939,46.31503],[-107.23758,46.31536],[-107.23724,46.31534],[-107.23679,46.31542],[-107.22281,46.31881],[-107.21535,46.31787],[-107.20915,46.31723],[-107.20484,46.31783],[-107.20168,46.31816],[-107.19195,46.3176],[-107.19033,46.31438],[-107.18056,46.31897],[-107.17991,46.32374],[-107.17286,46.32506],[-107.16983,46.32423],[-107.15919,46.32232],[-107.15346,46.31471],[-107.1589,46.30812],[-107.14231,46.30349],[-107.12176,46.31261],[-107.11512,46.30812],[-107.1173,46.30579],[-107.12141,46.29958],[-107.12095,46.295],[-107.11767,46.29423],[-107.11683,46.29425],[-107.10973,46.29746],[-107.10168,46.29571],[-107.08993,46.29978],[-107.08951,46.29991],[-107.06795,46.30594],[-107.06477,46.30571],[-107.05452,46.31043],[-107.0345,46.30414],[-107.02033,46.30851],[-107.01298,46.30883],[-107.00532,46.30651],[-107.00374,46.30596],[-106.99983,46.30421],[-106.99118,46.30086],[-106.98024,46.29642],[-106.96908,46.29655],[-106.96179,46.30165],[-106.95008,46.29849],[-106.94516,46.295],[-106.94004,46.29576],[-106.92987,46.29327],[-106.92405,46.2916],[-106.90494,46.28405],[-106.88434,46.27935],[-106.88239,46.27734],[-106.87112,46.28585],[-106.84535,46.27708],[-106.83006,46.28187],[-106.82289,46.28882],[-106.81925,46.28943],[-106.81739,46.28944],[-106.8148,46.28637],[-106.81559,46.2857],[-106.81579,46.28553],[-106.81786,46.28214],[-106.80646,46.27985],[-106.79936,46.27712],[-106.79635,46.26937],[-106.78894,46.2652],[-106.76168,46.26395],[-106.74897,46.25984],[-106.74547,46.26018],[-106.72065,46.25944],[-106.71905,46.25957],[-106.71196,46.26265],[-106.71076,46.26329],[-106.70645,46.26558],[-106.69654,46.26456],[-106.68979,46.26757],[-106.68833,46.26877],[-106.68737,46.26979],[-106.68377,46.27317],[-106.68192,46.27461],[-106.67945,46.27571],[-106.65342,46.27484],[-106.64618,46.27488],[-106.63613,46.27817],[-106.62406,46.28332],[-106.61638,46.28498],[-106.60811,46.28791],[-106.5972,46.29229],[-106.57877,46.28609],[-106.57249,46.28694],[-106.55367,46.2997],[-106.53523,46.30091],[-106.5333,46.2986],[-106.53148,46.29541],[-106.53063,46.29225],[-106.52958,46.28963],[-106.52772,46.2851],[-106.52147,46.28482],[-106.52045,46.28512],[-106.51935,46.28505],[-106.51085,46.29021],[-106.50816,46.29221],[-106.50432,46.2889],[-106.494,46.28446],[-106.49139,46.28219],[-106.48786,46.28072],[-106.48327,46.27577],[-106.47664,46.27431],[-106.45887,46.27635],[-106.44915,46.27701],[-106.44134,46.27724],[-106.43173,46.28365],[-106.42658,46.28792],[-106.42408,46.28924],[-106.41383,46.29144],[-106.39899,46.28817],[-106.39829,46.28811],[-106.38842,46.29164],[-106.37495,46.29158],[-106.3713,46.2916],[-106.37029,46.29084],[-106.35636,46.29022],[-106.34584,46.28528],[-106.34546,46.28465],[-106.3429,46.28297],[-106.33583,46.28332],[-106.32605,46.28706],[-106.31937,46.28502],[-106.31924,46.27813],[-106.31887,46.27685],[-106.3176,46.27352],[-106.31613,46.27263],[-106.31544,46.27241],[-106.30756,46.27192],[-106.30643,46.2718],[-106.30392,46.27237],[-106.28594,46.26836],[-106.28526,46.26722],[-106.28022,46.26566],[-106.2716,46.26465],[-106.2629,46.26529],[-106.25006,46.27002],[-106.24942,46.2715],[-106.24974,46.28062],[-106.24163,46.2815],[-106.23445,46.28364],[-106.22219,46.29216],[-106.19891,46.28848],[-106.19416,46.2879],[-106.18096,46.2865],[-106.17302,46.29936],[-106.17283,46.29997],[-106.16791,46.30588],[-106.16063,46.30423],[-106.15141,46.30597],[-106.14767,46.31386],[-106.13748,46.31461],[-106.12922,46.3177],[-106.11992,46.32294],[-106.11538,46.32404],[-106.10572,46.32448],[-106.10467,46.32583],[-106.10251,46.32948],[-106.08303,46.33147],[-106.07988,46.33589],[-106.07947,46.33621],[-106.0756,46.34275],[-106.06141,46.34998],[-106.0587,46.35376],[-106.05428,46.36002],[-106.04881,46.36092],[-106.03739,46.34947],[-106.0116,46.35067],[-106.0096,46.35109],[-105.99583,46.34767],[-105.99352,46.34663],[-105.97479,46.34432],[-105.96248,46.34223],[-105.95915,46.34336],[-105.95824,46.34368],[-105.95539,46.34503],[-105.947,46.35727]],[[-105.94589,46.35714],[-105.94042,46.35991],[-105.93521,46.37146],[-105.93355,46.37727],[-105.93261,46.37869],[-105.91934,46.38227],[-105.89623,46.39794],[-105.89166,46.39971],[-105.88351,46.40227],[-105.8745,46.40441],[-105.86737,46.40975],[-105.86556,46.41662],[-105.86294,46.41908],[-105.8605,46.42064],[-105.85364,46.42419],[-105.84623,46.42786],[-105.83737,46.43094],[-105.83004,46.43244],[-105.82681,46.4327],[-105.80789,46.44264],[-105.81352,46.45852],[-105.81242,46.46128],[-105.81052,46.46416],[-105.81029,46.46429],[-105.8097,46.46507],[-105.80585,46.46979],[-105.80254,46.47299],[-105.80241,46.47308],[-105.79366,46.47702],[-105.76192,46.48888],[-105.75658,46.49076],[-105.7467,46.49709],[-105.74444,46.49831],[-105.74197,46.49972],[-105.73665,46.50364],[-105.73287,46.51105],[-105.73082,46.51614],[-105.7266,46.52773],[-105.71583,46.5315],[-105.71538,46.53152],[-105.71366,46.53179],[-105.70895,46.53335],[-105.68229,46.54428],[-105.6792,46.54455],[-105.67787,46.54492],[-105.67293,46.54671],[-105.66122,46.55144],[-105.66051,46.55153],[-105.65437,46.55341],[-105.64089,46.5574],[-105.63517,46.55945],[-105.61346,46.5636],[-105.60603,46.56537],[-105.60031,46.57044],[-105.59736,46.57808],[-105.59665,46.58075],[-105.59699,46.58182],[-105.59192,46.59945],[-105.58153,46.60415],[-105.58085,46.60448],[-105.57542,46.60947],[-105.57403,46.61882],[-105.5689,46.62253],[-105.56583,46.63399],[-105.56586,46.63928],[-105.56508,46.64147],[-105.55671,46.64916],[-105.55569,46.64979],[-105.54713,46.65739],[-105.54122,46.66218],[-105.54031,46.66251],[-105.5314,46.66162],[-105.5211,46.65644],[-105.51928,46.65614],[-105.50588,46.66058],[-105.4993,46.66437],[-105.49676,46.66676],[-105.4954,46.67381],[-105.48963,46.68503],[-105.48883,46.68613],[-105.48153,46.69226],[-105.47479,46.698],[-105.47663,46.70607],[-105.47583,46.70753],[-105.45666,46.7201],[-105.44742,46.72062],[-105.44193,46.72208],[-105.44032,46.72827],[-105.43923,46.73608],[-105.43634,46.74059],[-105.4363,46.74114],[-105.43628,46.74165],[-105.43619,46.74259],[-105.43495,46.75064],[-105.43271,46.75737],[-105.43161,46.76078],[-105.43011,46.76427],[-105.42098,46.76533],[-105.40219,46.76164],[-105.39903,46.76962],[-105.41538,46.78146],[-105.416,46.7818],[-105.41979,46.784],[-105.42133,46.78849],[-105.42091,46.7898],[-105.41023,46.79686],[-105.40339,46.7973],[-105.39551,46.79767],[-105.39016,46.79654],[-105.38768,46.79516],[-105.38092,46.79463],[-105.37501,46.79905],[-105.37266,46.80136],[-105.36779,46.80415],[-105.36472,46.80478],[-105.35218,46.80448],[-105.35032,46.80472],[-105.34812,46.80469],[-105.33817,46.80388],[-105.331,46.8084],[-105.32856,46.80964],[-105.32352,46.81019],[-105.31312,46.80743],[-105.31301,46.8074],[-105.29541,46.80473],[-105.27413,46.80539],[-105.27211,46.80473],[-105.26571,46.80314],[-105.24685,46.8009],[-105.23614,46.80203],[-105.23408,46.80244],[-105.23087,46.80301],[-105.22305,46.80655],[-105.21117,46.81489],[-105.20046,46.81612],[-105.19268,46.81789],[-105.19039,46.81901],[-105.1879,46.82084],[-105.18267,46.8247],[-105.16018,46.82886],[-105.14863,46.83692],[-105.14465,46.85345],[-105.13547,46.85774],[-105.13026,46.85846],[-105.12903,46.85852],[-105.11721,46.85595],[-105.11081,46.85406],[-105.1103,46.85388],[-105.1038,46.85167],[-105.08665,46.85296],[-105.07923,46.85387],[-105.06172,46.8437],[-105.06171,46.84283],[-105.05779,46.84025],[-105.04885,46.84412],[-105.04189,46.84836],[-105.03366,46.85372],[-105.02921,46.85496],[-105.02886,46.85507],[-105.02027,46.85777],[-105.01546,46.85861],[-105.01366,46.8591],[-105.01041,46.86061],[-105.01023,46.86071],[-105.00672,46.86216],[-105.00471,46.86308],[-105.00027,46.86562],[-104.9959,46.86739],[-104.99079,46.86931],[-104.9899,46.86961],[-104.9874,46.8707],[-104.98392,46.87131],[-104.98124,46.87167],[-104.97156,46.87349],[-104.96405,46.87672],[-104.96265,46.8777],[-104.96147,46.87851],[-104.96086,46.88134],[-104.95269,46.88694],[-104.94415,46.89037],[-104.92879,46.90165],[-104.92737,46.90248],[-104.92244,46.90609],[-104.91544,46.91366],[-104.90595,46.91586],[-104.872,46.92286],[-104.87863,46.93616],[-104.878,46.93932],[-104.85786,46.94586],[-104.83646,46.94739],[-104.83266,46.94582],[-104.82852,46.94605],[-104.81525,46.94785],[-104.81193,46.94962],[-104.79739,46.95722],[-104.79278,46.96442],[-104.78653,46.97005],[-104.78553,46.99191],[-104.78612,46.99361],[-104.78547,46.99808],[-104.78565,47.00498],[-104.78566,47.0107],[-104.78521,47.01287],[-104.78499,47.01636],[-104.78428,47.01859],[-104.78183,47.02273],[-104.78113,47.02548],[-104.76817,47.03324],[-104.76268,47.03774],[-104.7583,47.04702],[-104.75649,47.05391],[-104.75525,47.06109],[-104.75791,47.0734],[-104.73811,47.08894],[-104.73165,47.09657],[-104.72138,47.09926],[-104.72122,47.09934],[-104.7074,47.1236],[-104.70678,47.12345],[-104.7045,47.12412],[-104.69791,47.13224],[-104.69415,47.13633],[-104.69094,47.14146],[-104.68949,47.14286],[-104.6841,47.1512],[-104.67184,47.15465],[-104.66544,47.15547],[-104.66463,47.15586],[-104.65629,47.16045],[-104.65391,47.16432],[-104.65364,47.16472],[-104.65317,47.16582],[-104.65275,47.16667],[-104.65008,47.16861],[-104.65616,47.18351],[-104.65714,47.19087],[-104.66433,47.19653],[-104.66445,47.19739],[-104.65965,47.204],[-104.65218,47.2092],[-104.65084,47.21033],[-104.64031,47.21933],[-104.63515,47.23001],[-104.63538,47.23082],[-104.63496,47.23529],[-104.62883,47.24093],[-104.63287,47.24488],[-104.62994,47.24773],[-104.62652,47.24962],[-104.60247,47.25768],[-104.61198,47.26214],[-104.60334,47.26978],[-104.60183,47.27051],[-104.59417,47.26948],[-104.58041,47.26909],[-104.55279,47.26266],[-104.55137,47.27567],[-104.53025,47.28039],[-104.49723,47.28898],[-104.49638,47.28922],[-104.46197,47.30513],[-104.46162,47.30579],[-104.45599,47.31381],[-104.45307,47.31576],[-104.45165,47.31749],[-104.45142,47.31938],[-104.44968,47.32189],[-104.44475,47.32677],[-104.43668,47.32927],[-104.43194,47.33391],[-104.43179,47.33591],[-104.429,47.33916],[-104.42774,47.34026],[-104.42381,47.34427],[-104.4195,47.34816],[-104.42086,47.35026],[-104.42028,47.35494],[-104.3979,47.35539],[-104.39766,47.35543],[-104.39698,47.35598],[-104.39627,47.36696],[-104.39866,47.36942],[-104.38428,47.38155],[-104.36961,47.38145],[-104.36075,47.38308],[-104.35367,47.38639],[-104.35339,47.38688],[-104.34926,47.39203],[-104.34609,47.40256],[-104.34943,47.40918],[-104.34359,47.42417],[-104.34505,47.42865],[-104.34938,47.4335],[-104.34481,47.43948],[-104.34337,47.44053],[-104.33693,47.44329],[-104.31724,47.45165],[-104.31518,47.45524],[-104.31112,47.46325],[-104.30413,47.47005],[-104.28948,47.46608],[-104.27193,47.47189],[-104.27729,47.47739],[-104.27266,47.48134],[-104.2722,47.48249],[-104.27295,47.49616],[-104.27708,47.50102],[-104.26177,47.50688],[-104.25491,47.50815],[-104.25372,47.50868],[-104.25265,47.5118],[-104.25569,47.51413],[-104.26071,47.52181],[-104.26318,47.53131],[-104.251,47.54008],[-104.24733,47.54722],[-104.23452,47.56071],[-104.2325,47.56485],[-104.22156,47.57035],[-104.21815,47.57795],[-104.21961,47.57844],[-104.22593,47.58366],[-104.22836,47.58702],[-104.22618,47.58975],[-104.22421,47.59163],[-104.21086,47.60257],[-104.18612,47.61203],[-104.1852,47.61264],[-104.18388,47.61379],[-104.18256,47.63412],[-104.18186,47.63426],[-104.18164,47.6347],[-104.17641,47.65476],[-104.17089,47.66074],[-104.15898,47.6729],[-104.1587,47.67403],[-104.14451,47.68063],[-104.14058,47.68067],[-104.12976,47.68189],[-104.12816,47.68191],[-104.12729,47.68194],[-104.12545,47.68298],[-104.12418,47.6867],[-104.10958,47.69488],[-104.10729,47.69561],[-104.10605,47.69596],[-104.10352,47.69676],[-104.09508,47.69902],[-104.09425,47.69931],[-104.08921,47.71367],[-104.08938,47.71438],[-104.0893,47.71571],[-104.08941,47.72008],[-104.09342,47.72815],[-104.0938,47.72945],[-104.09541,47.73791],[-104.09335,47.74095],[-104.07251,47.75639],[-104.04983,47.75861],[-104.04351,47.7589],[-104.0432,47.759]],[[-104.04282,47.78367],[-104.05271,47.7871],[-104.07247,47.79469],[-104.06959,47.80019],[-104.04664,47.80625],[-104.04244,47.80682]],[[-110.55392,44.99252],[-110.54459,44.99374],[-110.51806,44.99316],[-110.51717,44.99252]]]},"properties":{"gnis_id":"01035255","gnis_name":"Yellowstone River","fcode":55800,"visibility":5000000}},
{"type":"Feature","geometry":{"type":"MultiLineString","coordinates":[[[-112.33763,45.56215],[-112.33712,45.55439],[-112.33327,45.55412],[-112.33272,45.55244],[-112.33339,45.54985],[-112.33371,45.54913],[-112.33386,45.54095],[-112.33607,45.53874],[-112.33592,45.53741],[-112.33644,45.53628],[-112.3371,45.53586],[-112.33786,45.53529],[-112.34127,45.53471],[-112.3366,45.53358],[-112.3328,45.53202],[-112.33671,45.52565],[-112.34012,45.52568],[-112.34053,45.52484],[-112.34024,45.52038],[-112.34051,45.51987],[-112.34032,45.51925],[-112.34546,45.51685],[-112.34227,45.51479],[-112.34571,45.5147],[-112.34761,45.5128],[-112.35144,45.51158],[-112.34984,45.51003],[-112.35379,45.50697],[-112.35779,45.50232],[-112.35536,45.49635],[-112.35502,45.49588],[-112.35352,45.49489],[-112.35325,45.49249],[-112.35414,45.49207],[-112.3544,45.49128],[-112.35355,45.48949],[-112.35329,45.48897],[-112.35313,45.48796],[-112.35671,45.48575],[-112.35729,45.48479],[-112.35716,45.48407],[-112.35751,45.48136],[-112.35965,45.47902],[-112.36031,45.47907],[-112.3626,45.4761],[-112.36283,45.4759],[-112.36354,45.47532],[-112.3647,45.47276],[-112.3657,45.47199],[-112.36713,45.46946],[-112.36738,45.46947],[-112.36952,45.46746],[-112.36994,45.46698],[-112.36992,45.46663],[-112.37729,45.46147],[-112.37966,45.46127],[-112.38065,45.46074],[-112.38417,45.45609],[-112.38457,45.45541],[-112.38944,45.44879],[-112.38922,45.44835],[-112.3894,45.44789],[-112.39189,45.44648],[-112.39189,45.44608],[-112.3916,45.44599],[-112.39195,45.44446],[-112.39508,45.44638],[-112.39861,45.44058],[-112.40336,45.44171],[-112.40163,45.4378],[-112.40609,45.43541],[-112.40681,45.43509],[-112.40834,45.43435],[-112.41331,45.42785],[-112.41528,45.42618],[-112.41757,45.42322],[-112.41846,45.42338],[-112.42128,45.42181],[-112.42075,45.41728],[-112.42687,45.41597],[-112.42608,45.41579],[-112.43194,45.41449],[-112.43142,45.4143],[-112.43295,45.41272],[-112.43284,45.41222],[-112.42876,45.40659],[-112.43,45.40451],[-112.43276,45.40457],[-112.43291,45.4043],[-112.43283,45.40373],[-112.43157,45.40361],[-112.43264,45.40222],[-112.4323,45.40178],[-112.43242,45.40119],[-112.43309,45.40036],[-112.4335,45.39389],[-112.4336,45.39345],[-112.4353,45.391],[-112.43561,45.39012],[-112.43604,45.38882],[-112.43707,45.38894],[-112.43722,45.38862],[-112.4375,45.38849],[-112.4377,45.38839],[-112.44971,45.38127],[-112.45659,45.38142],[-112.45792,45.38109],[-112.45871,45.38086],[-112.45951,45.38066],[-112.46008,45.38056],[-112.46154,45.38013],[-112.46166,45.38033],[-112.46217,45.38074],[-112.4654,45.38115],[-112.4657,45.38177],[-112.46561,45.38243],[-112.4648,45.38305],[-112.47042,45.38391],[-112.47762,45.38054],[-112.47857,45.38089],[-112.48101,45.37858],[-112.48184,45.3787],[-112.48199,45.37705],[-112.48285,45.37674],[-112.48374,45.3776],[-112.4861,45.37827],[-112.48633,45.37773],[-112.48675,45.37646],[-112.48894,45.37833],[-112.48873,45.37942],[-112.49085,45.37996],[-112.49217,45.37994],[-112.49322,45.37922],[-112.49304,45.37804],[-112.49431,45.37761],[-112.49601,45.37729],[-112.49657,45.37712],[-112.49701,45.37673],[-112.49757,45.37655],[-112.49785,45.37636],[-112.49843,45.37607],[-112.49939,45.3763],[-112.50174,45.37538],[-112.50106,45.37523],[-112.50124,45.37428],[-112.50198,45.37415],[-112.50654,45.37147],[-112.50931,45.36867],[-112.51228,45.36616],[-112.51458,45.36317],[-112.51459,45.36309],[-112.51527,45.36199],[-112.51586,45.36209],[-112.51955,45.36113],[-112.52109,45.3615],[-112.52629,45.35916],[-112.52695,45.35885],[-112.52699,45.3582],[-112.52971,45.35364],[-112.53065,45.35258],[-112.53096,45.35169],[-112.5321,45.35066],[-112.53246,45.3492],[-112.53349,45.34991],[-112.53437,45.34956],[-112.53728,45.34624],[-112.53735,45.34525],[-112.5405,45.34065],[-112.54258,45.34232],[-112.54337,45.34218],[-112.54485,45.33876],[-112.54437,45.33818],[-112.54499,45.3365],[-112.54536,45.33566],[-112.54602,45.33475],[-112.54644,45.33242],[-112.54807,45.33222],[-112.54937,45.33095],[-112.55142,45.32891],[-112.55208,45.32667],[-112.55217,45.32547],[-112.5533,45.32459],[-112.55437,45.32406],[-112.55876,45.3215],[-112.55827,45.31816],[-112.55827,45.31772],[-112.55816,45.31729],[-112.55688,45.31688],[-112.55554,45.31504],[-112.55565,45.31296],[-112.55623,45.31235],[-112.55854,45.31002],[-112.55775,45.30992],[-112.56145,45.30718],[-112.56346,45.30486],[-112.56702,45.30477],[-112.56792,45.30455],[-112.56943,45.30214],[-112.57149,45.30262],[-112.57241,45.30183],[-112.57501,45.29263],[-112.57551,45.29188],[-112.57495,45.29124],[-112.57637,45.29041],[-112.57658,45.28951],[-112.57814,45.28435],[-112.57707,45.28399],[-112.57741,45.28375],[-112.57793,45.28281],[-112.58021,45.28259],[-112.58099,45.28282],[-112.58224,45.28239],[-112.58432,45.27428],[-112.58743,45.27168],[-112.58806,45.26921],[-112.59023,45.26671],[-112.59163,45.26005],[-112.59329,45.2607],[-112.59492,45.2591],[-112.59549,45.25637],[-112.60909,45.24911],[-112.60884,45.24857],[-112.6093,45.24776],[-112.61256,45.24389],[-112.61247,45.24375],[-112.61424,45.24229],[-112.6162,45.242],[-112.61654,45.24209],[-112.61692,45.23991],[-112.61849,45.23863],[-112.6196,45.23836],[-112.62596,45.23482],[-112.62945,45.23365],[-112.63072,45.2333],[-112.63216,45.23337],[-112.63328,45.23372],[-112.63586,45.23417],[-112.63611,45.23378],[-112.63838,45.2312],[-112.64323,45.22866],[-112.64368,45.22773],[-112.64543,45.22813],[-112.64773,45.22719],[-112.64842,45.22657],[-112.65155,45.21985],[-112.65891,45.21755],[-112.66174,45.21553],[-112.66602,45.21496],[-112.67064,45.21307],[-112.67083,45.21254],[-112.67052,45.21088],[-112.67226,45.20976],[-112.67452,45.20906],[-112.67534,45.20875],[-112.67572,45.20839],[-112.67879,45.20712],[-112.67997,45.20747],[-112.67964,45.20441],[-112.67588,45.20129],[-112.67643,45.20073],[-112.67693,45.19812],[-112.67825,45.19673],[-112.67833,45.19672],[-112.68053,45.19718],[-112.68366,45.19589],[-112.68433,45.19551],[-112.68439,45.19369],[-112.68667,45.18941],[-112.68847,45.18684],[-112.68908,45.18201],[-112.68872,45.18121],[-112.68957,45.18075],[-112.69049,45.17998],[-112.69032,45.17918],[-112.69342,45.17642],[-112.69294,45.17608],[-112.69151,45.17483],[-112.69093,45.17492],[-112.69027,45.17399],[-112.69116,45.17222],[-112.69045,45.17194],[-112.69035,45.17188],[-112.69133,45.16785],[-112.69447,45.16782],[-112.69413,45.16556],[-112.69535,45.16455],[-112.69602,45.16396],[-112.69614,45.16261],[-112.69788,45.15952],[-112.6977,45.15856],[-112.69909,45.15661],[-112.69991,45.15604],[-112.70003,45.15554],[-112.70324,45.15516],[-112.70399,45.15422],[-112.70354,45.15016],[-112.70385,45.14944],[-112.70579,45.14592],[-112.70652,45.14587],[-112.70839,45.14449],[-112.71335,45.14257],[-112.71345,45.14154],[-112.71382,45.14134],[-112.72189,45.13987],[-112.72202,45.13988],[-112.73051,45.13664],[-112.73072,45.13643],[-112.73117,45.13559],[-112.73135,45.1351],[-112.73313,45.1351],[-112.74043,45.13024],[-112.74053,45.1301],[-112.7406,45.12985],[-112.74303,45.12628],[-112.74419,45.1257],[-112.7452,45.12491],[-112.74515,45.12423],[-112.74726,45.12185],[-112.74795,45.12114],[-112.74801,45.12066],[-112.75826,45.11001],[-112.77868,45.1033],[-112.77886,45.10254],[-112.77993,45.08554],[-112.78336,45.08171],[-112.78555,45.08088],[-112.78813,45.07835],[-112.79326,45.07349],[-112.79404,45.07258],[-112.79748,45.07218],[-112.79705,45.07172],[-112.81156,45.05859],[-112.8128,45.05759],[-112.81552,45.05492],[-112.81508,45.05165],[-112.81602,45.05052],[-112.81922,45.04838],[-112.82047,45.04787],[-112.82137,45.04794],[-112.82236,45.04796],[-112.82707,45.04659],[-112.82838,45.04602],[-112.82934,45.04504],[-112.82947,45.0448],[-112.82992,45.04425],[-112.82994,45.04389],[-112.83037,45.04357],[-112.83065,45.04185],[-112.83021,45.04136],[-112.83029,45.04107],[-112.83002,45.04087],[-112.83044,45.03946],[-112.83181,45.0394],[-112.83441,45.03651],[-112.83499,45.03558],[-112.83772,45.03577],[-112.83874,45.03504],[-112.84055,45.03192],[-112.84221,45.03044],[-112.84214,45.02966],[-112.84231,45.02916],[-112.84386,45.02778],[-112.84456,45.02611],[-112.84355,45.02509],[-112.84406,45.02443],[-112.83811,45.01549],[-112.83818,45.01527],[-112.85232,45.00482],[-112.85595,45.00293],[-112.85708,45.00171],[-112.85733,45.00154]],[[-112.85859,44.99994],[-112.86182,44.99616],[-112.86165,44.99527],[-112.85993,44.97588]]]},"properties":{"gnis_id":"00779637","gnis_name":"Beaverhead River","fcode":55800,"visibility":5000000}},
{"type":"Feature","geometry":{"type":"MultiLineString","coordinates":[[[-114.13674,45.95497],[-114.13677,45.95476],[-114.13733,45.9544],[-114.13688,45.95255],[-114.13506,45.94936],[-114.13466,45.94552],[-114.13309,45.9417],[-114.13207,45.93455],[-114.13475,45.93425],[-114.1359,45.93246],[-114.13405,45.93119],[-114.13295,45.93053],[-114.1331,45.92907],[-114.13493,45.92685],[-114.13709,45.92564],[-114.13877,45.92355],[-114.1404,45.92357],[-114.13988,45.92106],[-114.14145,45.91743],[-114.15357,45.91038],[-114.16187,45.91036],[-114.16466,45.91039],[-114.16996,45.90915],[-114.17962,45.8972],[-114.18094,45.89502],[-114.18132,45.89467],[-114.18763,45.88962],[-114.18969,45.88556],[-114.18942,45.88405],[-114.18944,45.88056],[-114.19458,45.87666],[-114.19748,45.87258],[-114.19767,45.87117],[-114.20222,45.86936],[-114.20266,45.86921],[-114.20443,45.86821],[-114.21098,45.86422],[-114.21258,45.86048],[-114.21376,45.85864],[-114.21897,45.85574],[-114.22141,45.85507],[-114.22135,45.85448],[-114.22503,45.85141],[-114.22574,45.85],[-114.22741,45.84225],[-114.23078,45.8404],[-114.23388,45.83954],[-114.23442,45.83915],[-114.23462,45.83861],[-114.23282,45.83543],[-114.23575,45.8328],[-114.23329,45.82737],[-114.23462,45.82553],[-114.23894,45.81675],[-114.24467,45.8147],[-114.24943,45.81513],[-114.25545,45.81528],[-114.25696,45.81438],[-114.25834,45.81117],[-114.26603,45.80319],[-114.2679,45.80148],[-114.27297,45.79417],[-114.27298,45.7922],[-114.27086,45.78884],[-114.26858,45.78714],[-114.27007,45.78226],[-114.27083,45.77801],[-114.27456,45.77253],[-114.27658,45.77178],[-114.27785,45.77168],[-114.28174,45.77003],[-114.28249,45.76055],[-114.28309,45.75918],[-114.29458,45.75332],[-114.29134,45.74649],[-114.29159,45.74498],[-114.29093,45.74203],[-114.29043,45.74123],[-114.28906,45.74106],[-114.28571,45.73841],[-114.28234,45.73384],[-114.28307,45.73296],[-114.2839,45.7318],[-114.28224,45.72865],[-114.27928,45.7207],[-114.28076,45.71837]],[[-114.28065,45.7177],[-114.28156,45.71658],[-114.28347,45.71239],[-114.29122,45.70492],[-114.2953,45.70286],[-114.29667,45.70131],[-114.29655,45.69898],[-114.29805,45.69086],[-114.29918,45.68823],[-114.30084,45.68636],[-114.30398,45.68297],[-114.30813,45.68015]]]},"properties":{"gnis_id":"00792982","gnis_name":"West Fork Bitterroot River","fcode":55800,"visibility":5000000}},
{"type":"Feature","geometry":{"type":"LineString","coordinates":[[-114.13674,45.95497],[-114.13662,45.95482],[-114.13139,45.94853],[-114.13016,45.94733],[-114.12857,45.94302],[-114.12905,45.94216],[-114.12759,45.94015],[-114.12783,45.93815],[-114.12818,45.93683],[-114.12706,45.93398],[-114.11554,45.92562],[-114.11345,45.92235],[-114.10969,45.92037],[-114.10147,45.91517],[-114.10056,45.91506],[-114.09082,45.90961],[-114.09029,45.90796],[-114.08616,45.90538],[-114.08206,45.90684],[-114.07431,45.9053],[-114.07139,45.90212],[-114.07378,45.89642],[-114.06592,45.88338],[-114.05581,45.87604],[-114.05517,45.87667],[-114.05311,45.87642],[-114.04879,45.87175],[-114.04731,45.87099],[-114.04275,45.86831],[-114.03188,45.86389],[-114.02827,45.86058],[-114.02586,45.85986],[-114.02249,45.85929],[-114.01617,45.85273],[-114.0178,45.85008],[-114.01074,45.84872],[-114.00734,45.84715],[-113.99787,45.84283],[-113.99674,45.84221],[-113.98912,45.83449],[-113.98678,45.83434],[-113.98255,45.83764],[-113.97932,45.83661],[-113.97522,45.83803],[-113.95994,45.84251],[-113.92062,45.85491],[-113.913,45.8563],[-113.91099,45.85676],[-113.90819,45.85574],[-113.90702,45.85443],[-113.90501,45.8543],[-113.89907,45.85483],[-113.89384,45.85695],[-113.88904,45.86201],[-113.88531,45.86482],[-113.88119,45.86486],[-113.87767,45.86291],[-113.86637,45.87451],[-113.86629,45.87486],[-113.85553,45.88195],[-113.85469,45.88242],[-113.84488,45.88679],[-113.83114,45.8917],[-113.82894,45.89181],[-113.82341,45.89379],[-113.81857,45.89668],[-113.81199,45.89801],[-113.80984,45.90003],[-113.79944,45.90457],[-113.79615,45.90369],[-113.78357,45.90726],[-113.78046,45.90779]]},"properties":{"gnis_id":"00782807","gnis_name":"East Fork Bitterroot River","fcode":55800,"visibility":5000000}},
{"type":"Feature","geometry":{"type":"LineString","coordinates":[[-114.13674,45.95497],[-114.13878,45.9563],[-114.1411,45.95675],[-114.14119,45.95689],[-114.141,45.95752],[-114.13984,45.95857],[-114.13994,45.9624],[-114.14103,45.96676],[-114.14103,45.97093],[-114.1411,45.97126],[-114.14223,45.97582],[-114.14803,45.97854],[-114.1508,45.98333],[-114.15249,45.98648],[-114.15084,45.98827],[-114.15078,45.98879],[-114.15794,45.9901],[-114.15951,45.99097],[-114.16754,45.99846],[-114.16483,46.00125],[-114.16485,46.0031],[-114.16216,46.00975],[-114.16841,46.01661],[-114.1705,46.0193],[-114.16957,46.02063],[-114.16801,46.02892],[-114.16679,46.03812],[-114.16824,46.04329],[-114.17218,46.05179],[-114.17074,46.05328],[-114.16787,46.05639],[-114.16812,46.06074],[-114.16723,46.0635],[-114.16414,46.0666],[-114.16383,46.06673],[-114.1644,46.07326],[-114.16448,46.07343],[-114.16688,46.08079],[-114.16733,46.08305],[-114.17087,46.09136],[-114.18611,46.09778],[-114.18667,46.10023],[-114.1867,46.10073],[-114.18577,46.10256],[-114.18474,46.10467],[-114.18236,46.10638],[-114.17615,46.109],[-114.17579,46.10904],[-114.16998,46.10896],[-114.17045,46.11747],[-114.17273,46.11813],[-114.17533,46.12866],[-114.17075,46.13412],[-114.16342,46.13455],[-114.16269,46.13502],[-114.16201,46.13918],[-114.16747,46.15011],[-114.16686,46.15377],[-114.16506,46.15387],[-114.15969,46.15563],[-114.15978,46.16057],[-114.15975,46.16159],[-114.15985,46.16219],[-114.16111,46.17013],[-114.16166,46.17222],[-114.16275,46.17389],[-114.1653,46.17561],[-114.16644,46.176],[-114.17142,46.18106],[-114.17363,46.18206],[-114.17375,46.18253],[-114.17218,46.1846],[-114.17393,46.18763],[-114.17338,46.18908],[-114.173,46.18981],[-114.17072,46.19205],[-114.1674,46.19413],[-114.16806,46.19828],[-114.16843,46.20005],[-114.16855,46.20623],[-114.17067,46.21987],[-114.17115,46.22239],[-114.16598,46.22731],[-114.17784,46.24448],[-114.17878,46.24501],[-114.17732,46.2474],[-114.17674,46.25009],[-114.17603,46.25164],[-114.17561,46.25247],[-114.16238,46.27186],[-114.16143,46.27717],[-114.16167,46.27746],[-114.16189,46.27795],[-114.16046,46.27959],[-114.15956,46.28024],[-114.15242,46.29021],[-114.15389,46.29198],[-114.15569,46.29461],[-114.15495,46.29577],[-114.15303,46.29871],[-114.15356,46.30288],[-114.15374,46.30408],[-114.15288,46.30684],[-114.1528,46.30935],[-114.14805,46.31082],[-114.1464,46.31197],[-114.14605,46.31228],[-114.146,46.31397],[-114.14581,46.31488],[-114.14816,46.31584],[-114.14937,46.31928],[-114.1496,46.32282],[-114.15038,46.32279],[-114.14976,46.3251],[-114.14785,46.32541],[-114.14522,46.33016],[-114.14221,46.33157],[-114.13864,46.33435],[-114.13436,46.33656],[-114.1353,46.3377],[-114.13378,46.34221],[-114.12985,46.34548],[-114.12898,46.34894],[-114.13039,46.35039],[-114.13181,46.36683],[-114.13198,46.36864],[-114.13037,46.36997],[-114.12614,46.37252],[-114.12279,46.37675],[-114.12217,46.37803],[-114.11786,46.38183],[-114.12325,46.38486],[-114.11922,46.39218],[-114.1184,46.39298],[-114.11898,46.39562],[-114.11933,46.39601],[-114.12088,46.3966],[-114.12055,46.40251],[-114.12233,46.40575],[-114.12443,46.40851],[-114.12666,46.41446],[-114.12726,46.41643],[-114.12753,46.41868],[-114.12571,46.42063],[-114.12802,46.42374],[-114.12874,46.43153],[-114.12604,46.43357],[-114.12479,46.43575],[-114.12634,46.43744],[-114.12811,46.43952],[-114.12317,46.44409],[-114.12082,46.44573],[-114.12028,46.44615],[-114.11693,46.45044],[-114.12048,46.45256],[-114.12011,46.45368],[-114.11892,46.45632],[-114.11917,46.45678],[-114.11682,46.4585],[-114.12033,46.46405],[-114.11604,46.46738],[-114.1158,46.46791],[-114.11463,46.47162],[-114.10913,46.47157],[-114.10354,46.47459],[-114.10691,46.47907],[-114.10055,46.48467],[-114.09932,46.48721],[-114.10304,46.5005],[-114.10297,46.50298],[-114.10787,46.50984],[-114.10877,46.51204],[-114.11299,46.51408],[-114.10791,46.52006],[-114.10772,46.52135],[-114.10347,46.53104],[-114.10007,46.54201],[-114.09998,46.54683],[-114.09895,46.54931],[-114.09876,46.55315],[-114.09822,46.55526],[-114.09818,46.55726],[-114.09883,46.5585],[-114.0946,46.57261],[-114.07924,46.57899],[-114.07649,46.58048],[-114.07161,46.58325],[-114.06714,46.5841],[-114.06594,46.58755],[-114.06475,46.58964],[-114.0558,46.59027],[-114.05399,46.59119],[-114.0523,46.59169],[-114.05179,46.59436],[-114.05192,46.59466],[-114.05143,46.6007],[-114.05059,46.60541],[-114.04904,46.60672],[-114.04718,46.60981],[-114.04804,46.61119],[-114.04992,46.616],[-114.05032,46.61845],[-114.04977,46.62035],[-114.04635,46.62188],[-114.04809,46.62451],[-114.05131,46.62631],[-114.05623,46.62787],[-114.04984,46.63083],[-114.0512,46.63305],[-114.05422,46.63731],[-114.05436,46.63836],[-114.05454,46.64176],[-114.05393,46.64382],[-114.05414,46.64489],[-114.05494,46.64669],[-114.05481,46.6504],[-114.05283,46.65472],[-114.05234,46.65592],[-114.05108,46.66204],[-114.03872,46.66682],[-114.03938,46.66865],[-114.03928,46.67158],[-114.04013,46.67355],[-114.04512,46.67613],[-114.04914,46.6787],[-114.04582,46.68151],[-114.0394,46.6841],[-114.04442,46.68941],[-114.04668,46.69158],[-114.04488,46.69854],[-114.04794,46.70124],[-114.05095,46.7042],[-114.04882,46.70852],[-114.04641,46.70997],[-114.05004,46.71586],[-114.04906,46.71616],[-114.04432,46.71964],[-114.04512,46.72074],[-114.04689,46.72226],[-114.0498,46.72732],[-114.05156,46.73016],[-114.05359,46.73106],[-114.05855,46.73193],[-114.06313,46.73555],[-114.06294,46.73785],[-114.05959,46.73995],[-114.06021,46.74142],[-114.06128,46.74276],[-114.06196,46.74498],[-114.06221,46.74721],[-114.06254,46.74819],[-114.06208,46.75162],[-114.06159,46.7533],[-114.06279,46.75649],[-114.06317,46.75722],[-114.06339,46.75782],[-114.06366,46.75854],[-114.06308,46.76364],[-114.062,46.76648],[-114.05978,46.76875],[-114.05934,46.77059],[-114.06033,46.77283],[-114.0636,46.77431],[-114.06677,46.77556],[-114.07335,46.7768],[-114.08189,46.78039],[-114.0825,46.78164],[-114.0876,46.78572],[-114.08886,46.78707],[-114.09232,46.78943],[-114.09425,46.79056],[-114.09884,46.79566],[-114.09847,46.79659],[-114.09708,46.79922],[-114.09631,46.80034],[-114.09606,46.80071],[-114.0951,46.80357],[-114.09249,46.80634],[-114.09195,46.80686],[-114.09047,46.80847],[-114.08887,46.81074],[-114.08568,46.81485],[-114.07381,46.82305],[-114.05685,46.82691],[-114.05493,46.83303],[-114.05773,46.83569],[-114.06095,46.83802],[-114.06787,46.84165],[-114.07089,46.84137],[-114.07472,46.83866],[-114.08116,46.83575],[-114.08514,46.83606],[-114.08976,46.83784],[-114.09544,46.838],[-114.09902,46.83819],[-114.10459,46.84875],[-114.10265,46.85001],[-114.0975,46.85325],[-114.09704,46.85374],[-114.10296,46.85756],[-114.10809,46.85602],[-114.11074,46.85649],[-114.11388,46.85764],[-114.11781,46.86047],[-114.11832,46.86078],[-114.12008,46.86168]]},"properties":{"gnis_id":"00779961","gnis_name":"Bitterroot River","fcode":55800,"visibility":5000000}},
{"type":"Feature","geometry":{"type":"MultiLineString","coordinates":[[[-108.3053,47.45881],[-108.30515,47.45891],[-108.29756,47.4562],[-108.29903,47.45832],[-108.29861,47.45941],[-108.29477,47.45864],[-108.28917,47.45433],[-108.28386,47.45739],[-108.28413,47.45921],[-108.28322,47.46104],[-108.28316,47.46104],[-108.2815,47.46058],[-108.27784,47.46049],[-108.27663,47.46032],[-108.27458,47.46005],[-108.27484,47.46336],[-108.27414,47.46337],[-108.2713,47.46081],[-108.26568,47.46412],[-108.26344,47.46659],[-108.26215,47.46612],[-108.25945,47.46527],[-108.25593,47.46771],[-108.24626,47.46395],[-108.24558,47.46199],[-108.23837,47.46359],[-108.23811,47.46724],[-108.22875,47.46439],[-108.2275,47.46788],[-108.22847,47.47083],[-108.22776,47.47099],[-108.22095,47.47411],[-108.2171,47.46546],[-108.20899,47.46824],[-108.21116,47.47215],[-108.20518,47.47449],[-108.1991,47.46848],[-108.19578,47.47067],[-108.1906,47.46793],[-108.19195,47.47315],[-108.18113,47.47477],[-108.17025,47.47191],[-108.15239,47.46949],[-108.14351,47.4693],[-108.1379,47.46599],[-108.1364,47.46948],[-108.13028,47.46762],[-108.12689,47.46343],[-108.12328,47.46345],[-108.12105,47.46478],[-108.11769,47.46653],[-108.11348,47.46228],[-108.11127,47.46004],[-108.10032,47.46473],[-108.09831,47.46558],[-108.09101,47.46459],[-108.08254,47.46568],[-108.0832,47.46998],[-108.07452,47.47068],[-108.07019,47.4734],[-108.06552,47.46899],[-108.06869,47.4685],[-108.06712,47.46719],[-108.05743,47.46559],[-108.05648,47.46606],[-108.04945,47.46575],[-108.03957,47.46762],[-108.03544,47.4633],[-108.02494,47.46715],[-108.02526,47.46212],[-108.00947,47.45732],[-108.00335,47.45734],[-108.00167,47.45601],[-107.99364,47.45546],[-107.9813,47.45508],[-107.98322,47.45001],[-107.98061,47.45088]],[[-108.30561,47.45785],[-108.30582,47.45841],[-108.30546,47.45872]],[[-108.30515,47.4575],[-108.30465,47.45746]],[[-108.69484,47.44369],[-108.6961,47.44451],[-108.69475,47.44491],[-108.69377,47.44533],[-108.68595,47.44606],[-108.68564,47.4459],[-108.68537,47.4459],[-108.67798,47.44809],[-108.67605,47.44958],[-108.66601,47.45226],[-108.66123,47.45202],[-108.65281,47.45685],[-108.65188,47.4592],[-108.64703,47.45863],[-108.64081,47.4598],[-108.63906,47.46131],[-108.63764,47.45953],[-108.62816,47.45891],[-108.62085,47.45868],[-108.6208,47.45934],[-108.6145,47.46016],[-108.61281,47.46067],[-108.6042,47.46002],[-108.60375,47.45983],[-108.60402,47.4579],[-108.60406,47.45685],[-108.59983,47.45557],[-108.58889,47.4597],[-108.58826,47.46008],[-108.58553,47.45639],[-108.58164,47.45566],[-108.57898,47.45679],[-108.57696,47.45615],[-108.56478,47.46056],[-108.56445,47.46111],[-108.55847,47.46239],[-108.55504,47.46197],[-108.54948,47.46146],[-108.54813,47.46139],[-108.54734,47.45915],[-108.54657,47.45954],[-108.54055,47.45942],[-108.53592,47.45712],[-108.53813,47.45667],[-108.53684,47.45568],[-108.53553,47.45697],[-108.53379,47.45574],[-108.53147,47.45753],[-108.52843,47.45803],[-108.52198,47.45754],[-108.52064,47.4532],[-108.51383,47.45409],[-108.50865,47.45096],[-108.50739,47.452],[-108.50634,47.44877],[-108.50442,47.44836],[-108.50292,47.44612],[-108.5022,47.44586],[-108.50059,47.44752],[-108.49854,47.44878],[-108.49539,47.44631],[-108.49187,47.44526],[-108.49254,47.44441],[-108.48814,47.4433],[-108.48762,47.44163],[-108.48533,47.44119],[-108.48615,47.43978],[-108.48699,47.43936],[-108.48008,47.44164],[-108.47663,47.44267],[-108.47411,47.44284],[-108.4721,47.44344],[-108.46963,47.44095],[-108.46646,47.44345],[-108.46572,47.44285],[-108.4657,47.44238],[-108.4657,47.44233],[-108.46269,47.44675],[-108.46215,47.44667],[-108.45948,47.44569],[-108.45645,47.44101],[-108.45489,47.44095],[-108.45203,47.44316],[-108.45223,47.44441],[-108.45018,47.44625],[-108.44585,47.44289],[-108.44399,47.44732],[-108.43865,47.44679],[-108.43709,47.44363],[-108.43161,47.44223],[-108.42686,47.44359],[-108.42367,47.4415],[-108.41996,47.44226],[-108.41723,47.44608],[-108.41601,47.4464],[-108.41608,47.44721],[-108.41609,47.44868],[-108.41518,47.44924],[-108.4075,47.44601],[-108.40123,47.44663],[-108.40082,47.44689],[-108.39709,47.44328],[-108.39709,47.44313],[-108.39486,47.44487],[-108.39308,47.44488],[-108.39198,47.44552],[-108.39088,47.44574],[-108.38697,47.44354],[-108.38429,47.44309],[-108.38281,47.44138],[-108.38212,47.44138],[-108.37848,47.44305],[-108.37376,47.4422],[-108.37417,47.44367],[-108.37331,47.44417],[-108.36986,47.44548],[-108.36988,47.44638],[-108.36906,47.44738],[-108.36886,47.44756],[-108.36738,47.44794],[-108.36206,47.44969],[-108.36224,47.45046],[-108.35436,47.44789],[-108.35662,47.45172],[-108.34934,47.45253],[-108.34487,47.44735],[-108.33593,47.4489],[-108.33471,47.45029],[-108.33367,47.45033],[-108.3275,47.44903],[-108.3265,47.4484],[-108.32483,47.45064],[-108.32102,47.45044],[-108.31206,47.45518],[-108.311,47.45647],[-108.30307,47.45595],[-108.30381,47.45746]],[[-108.71577,47.43462],[-108.70755,47.44106],[-108.69885,47.44166],[-108.69515,47.4436]]]},"properties":{"gnis_id":"00770322","gnis_name":"Sacagawea River","fcode":46003,"visibility":5000000}},
{"type":"Feature","geometry":{"type":"MultiLineString","coordinates":[[[-108.3053,47.45881],[-108.30546,47.45872]],[[-108.30561,47.45785],[-108.30515,47.4575]],[[-108.30465,47.45746],[-108.30381,47.45746]],[[-108.69484,47.44369],[-108.69515,47.4436]],[[-107.91962,47.43562],[-107.93204,47.43636],[-107.94262,47.44058],[-107.94393,47.44135],[-107.95542,47.44655],[-107.95435,47.44964],[-107.96182,47.45225],[-107.96355,47.45353],[-107.97181,47.45354],[-107.97575,47.45326],[-107.98061,47.45088]]]},"properties":{"gnis_id":"00770322","gnis_name":"Sacagawea River","fcode":55800,"visibility":5000000}},
{"type":"Feature","geometry":{"type":"MultiLineString","coordinates":[[[-111.72826,46.64873],[-111.7289,46.64927],[-111.73558,46.65483],[-111.75114,46.66006],[-111.76145,46.65584],[-111.7687,46.65636],[-111.77712,46.6578],[-111.77968,46.65827],[-111.78386,46.65902],[-111.80127,46.66387],[-111.80353,46.66489],[-111.8184,46.67225],[-111.82143,46.67654],[-111.8218,46.67883],[-111.82212,46.68236],[-111.82104,46.68372],[-111.81068,46.69275],[-111.81006,46.69322],[-111.80316,46.69609],[-111.80226,46.69651],[-111.8067,46.7052],[-111.80833,46.70681],[-111.80771,46.7116],[-111.80626,46.71314],[-111.80259,46.71813],[-111.80518,46.72222],[-111.81312,46.72367],[-111.81972,46.72272],[-111.82924,46.72094],[-111.83187,46.7205],[-111.85817,46.7237],[-111.88266,46.74129],[-111.88233,46.74361],[-111.8823,46.74551],[-111.88315,46.74897],[-111.88521,46.75465],[-111.88596,46.75653],[-111.88524,46.76258],[-111.88708,46.76494],[-111.89124,46.76636],[-111.89575,46.77147],[-111.9026,46.78601],[-111.90294,46.78744],[-111.90454,46.79104],[-111.92134,46.79444],[-111.92216,46.80175],[-111.92597,46.80426],[-111.93202,46.80668],[-111.93544,46.80876],[-111.93592,46.80909],[-111.93899,46.81118],[-111.94034,46.81196],[-111.9446,46.81427],[-111.94919,46.82005],[-111.94996,46.8229],[-111.94707,46.8272],[-111.94096,46.82915],[-111.93556,46.83008],[-111.9276,46.83488],[-111.92625,46.83682],[-111.92545,46.83785],[-111.92233,46.8417],[-111.92137,46.84309],[-111.91945,46.84519],[-111.91894,46.84574],[-111.91586,46.8477],[-111.91388,46.84917],[-111.9128,46.85064],[-111.91225,46.85224],[-111.90877,46.85964],[-111.90826,46.86163],[-111.90744,46.86286],[-111.90486,46.86627],[-111.90353,46.86957],[-111.91315,46.87666],[-111.91508,46.87841],[-111.9161,46.87973],[-111.91831,46.8821],[-111.92112,46.88879],[-111.92412,46.89002],[-111.93771,46.88653],[-111.94123,46.88621],[-111.94986,46.88875],[-111.95124,46.88951],[-111.95207,46.89372],[-111.95187,46.89406],[-111.94805,46.89777],[-111.93759,46.90412],[-111.93533,46.90984],[-111.93555,46.91049],[-111.94249,46.91359],[-111.94537,46.91433],[-111.9486,46.9171],[-111.95307,46.93117],[-111.95268,46.93459],[-111.95116,46.93895],[-111.95022,46.94273],[-111.96922,46.92547],[-111.97276,46.92586],[-111.97382,46.92719],[-111.97117,46.94003],[-111.97012,46.94179],[-111.96819,46.94548],[-111.94752,46.95453],[-111.94939,46.95804],[-111.95816,46.96035],[-111.96065,46.96092],[-111.96693,46.9637],[-111.9743,46.96678],[-111.97958,46.96942],[-111.98663,46.97481],[-111.98735,46.97945],[-111.98976,46.98662],[-111.99437,46.98974],[-112.00276,46.99107],[-112.00439,46.99154]],[[-111.2059,47.53388],[-111.20529,47.53331],[-111.20099,47.53241],[-111.19873,47.53288],[-111.19796,47.53449],[-111.19574,47.53609],[-111.19451,47.53653],[-111.19079,47.53986],[-111.19031,47.54025],[-111.1858,47.54045],[-111.17995,47.5444],[-111.17662,47.54651],[-111.17489,47.54762],[-111.17192,47.54861],[-111.17093,47.5488],[-111.17006,47.54897],[-111.16688,47.54932],[-111.16165,47.54945],[-111.15498,47.55019],[-111.15297,47.55095],[-111.15005,47.55233],[-111.14904,47.55274]],[[-111.14876,47.55281],[-111.14496,47.55377],[-111.13963,47.5589],[-111.13899,47.55978],[-111.13846,47.56036],[-111.13513,47.56414],[-111.13426,47.56473],[-111.13225,47.56641],[-111.12799,47.56863],[-111.1258,47.56904],[-111.12543,47.56928],[-111.12436,47.57013],[-111.12312,47.57003]],[[-111.06028,47.58129],[-111.06072,47.58074],[-111.06276,47.5786],[-111.07662,47.5779],[-111.08069,47.57956],[-111.0817,47.57976],[-111.08461,47.57857],[-111.08526,47.57823],[-111.08596,47.57765],[-111.08877,47.56708],[-111.09141,47.56723],[-111.10846,47.56551],[-111.10952,47.5656],[-111.11766,47.56643],[-111.12133,47.56941],[-111.12188,47.56964]],[[-112.00487,46.99162],[-112.01065,46.99556],[-112.00538,46.99923],[-111.99992,47.00166],[-112.00984,47.01689],[-112.01495,47.023],[-112.01519,47.02326],[-112.00736,47.02973],[-112.005,47.02975],[-112.00083,47.02993],[-111.99874,47.03025],[-111.99583,47.03391],[-111.99535,47.0356],[-111.99546,47.03869],[-111.9951,47.04599],[-111.99029,47.04933],[-111.98132,47.05259],[-111.97964,47.05324],[-111.96707,47.0551],[-111.96713,47.06433],[-111.96117,47.07635],[-111.95882,47.08759],[-111.95196,47.10518],[-111.94981,47.10713],[-111.9495,47.10774],[-111.94905,47.10868],[-111.94937,47.11021],[-111.94769,47.11611],[-111.94424,47.11927],[-111.93668,47.1219],[-111.93319,47.1212],[-111.93058,47.12139],[-111.9231,47.12455],[-111.90997,47.12741],[-111.89843,47.12471],[-111.88509,47.12316],[-111.88615,47.13421],[-111.87424,47.13093],[-111.86631,47.13045],[-111.86203,47.13756],[-111.86149,47.13847],[-111.85902,47.14117],[-111.84716,47.14073],[-111.84741,47.14288],[-111.8525,47.14876],[-111.84966,47.15554],[-111.84822,47.15592],[-111.83343,47.15519],[-111.82689,47.15727],[-111.82366,47.1614],[-111.83235,47.16976],[-111.82857,47.17172],[-111.81795,47.17248],[-111.812,47.17801],[-111.80308,47.18618],[-111.78838,47.19523],[-111.77352,47.19784],[-111.76442,47.2263],[-111.74319,47.22538],[-111.72864,47.23717],[-111.71798,47.23562],[-111.70575,47.25714],[-111.69093,47.27993],[-111.68606,47.28525],[-111.67938,47.28838],[-111.67653,47.29127],[-111.67513,47.29344],[-111.67531,47.29633],[-111.64316,47.29039],[-111.63942,47.31267],[-111.60808,47.31722],[-111.6078,47.32723],[-111.60608,47.34042],[-111.55867,47.36099],[-111.5372,47.36422],[-111.51383,47.37958],[-111.52291,47.39797],[-111.50154,47.40425],[-111.50266,47.43055],[-111.50118,47.43104],[-111.47918,47.41399],[-111.47345,47.43198],[-111.40828,47.41197],[-111.38777,47.43485],[-111.37487,47.40819],[-111.35317,47.43111],[-111.35278,47.43497],[-111.34804,47.43603],[-111.34635,47.43563],[-111.33949,47.41936],[-111.34674,47.39843],[-111.34406,47.39213],[-111.3404,47.39076],[-111.32107,47.3904],[-111.31828,47.39267],[-111.3161,47.40348],[-111.31318,47.40994],[-111.28655,47.4181],[-111.28565,47.41922],[-111.28581,47.42993],[-111.29493,47.43762],[-111.30047,47.44191],[-111.30092,47.44229],[-111.30115,47.44679],[-111.30084,47.44936],[-111.31575,47.47194],[-111.31211,47.49462],[-111.30725,47.51491],[-111.27593,47.52122],[-111.26167,47.52123]],[[-111.72785,46.64846],[-111.72322,46.64561],[-111.71869,46.64406],[-111.71435,46.64323],[-111.70617,46.64196],[-111.70483,46.6415],[-111.6976,46.63477],[-111.69696,46.62991],[-111.69449,46.62577],[-111.69426,46.62538],[-111.69258,46.62262],[-111.6893,46.61731],[-111.68463,46.60947],[-111.68292,46.60582],[-111.67993,46.60303],[-111.6737,46.59931],[-111.65926,46.58727],[-111.65546,46.58433],[-111.64751,46.57899],[-111.64111,46.57295],[-111.63598,46.56938],[-111.62915,46.56095],[-111.62532,46.55726],[-111.60868,46.54543],[-111.60444,46.54432],[-111.59876,46.54195],[-111.597,46.54146],[-111.57694,46.5301],[-111.57564,46.52886],[-111.5742,46.51465],[-111.57124,46.50532],[-111.57055,46.50474],[-111.56787,46.50347],[-111.56775,46.5033],[-111.56634,46.5016],[-111.56592,46.50075],[-111.5498,46.48184],[-111.54691,46.47528],[-111.5424,46.47177],[-111.53975,46.46815],[-111.53773,46.45624],[-111.53205,46.44188],[-111.53121,46.43744],[-111.52998,46.43588],[-111.52825,46.43216],[-111.53049,46.41651],[-111.5306,46.4104],[-111.53139,46.4067],[-111.53175,46.40533],[-111.52201,46.36765],[-111.52177,46.36724],[-111.5236,46.36284],[-111.52534,46.35697],[-111.52469,46.35251],[-111.52399,46.35111],[-111.5225,46.34851],[-111.52207,46.34756],[-111.52366,46.34629],[-111.52372,46.34451],[-111.52468,46.34144],[-111.5249,46.34113],[-111.53434,46.3344],[-111.5369,46.33176],[-111.53747,46.33057],[-111.53796,46.32949],[-111.538,46.32847],[-111.53804,46.32784],[-111.53821,46.32712],[-111.53877,46.32452],[-111.53838,46.32392],[-111.5384,46.32187],[-111.53878,46.31925],[-111.53978,46.31402],[-111.54018,46.30917],[-111.53776,46.30882],[-111.53488,46.30743],[-111.53009,46.30448],[-111.52812,46.30116],[-111.52817,46.29972],[-111.52711,46.29771],[-111.52688,46.29661],[-111.52642,46.29505],[-111.52568,46.29393],[-111.52369,46.29105],[-111.52254,46.28926],[-111.52199,46.28776],[-111.5173,46.28321],[-111.5158,46.28245],[-111.51422,46.2822],[-111.50965,46.27968],[-111.50818,46.27662],[-111.50372,46.27282],[-111.50309,46.26916],[-111.50176,46.26671],[-111.50017,46.26543],[-111.49625,46.26209],[-111.49824,46.26153],[-111.50052,46.25862],[-111.50055,46.25714],[-111.4997,46.25569],[-111.49558,46.25504],[-111.49532,46.25516],[-111.49484,46.25544],[-111.49462,46.25533]],[[-104.5402,48.12341],[-104.53933,48.12332],[-104.53861,48.12332],[-104.53683,48.1231],[-104.53102,48.12159],[-104.52442,48.12013],[-104.52408,48.12019],[-104.52233,48.12026],[-104.51951,48.11804],[-104.51697,48.11558],[-104.50689,48.11001],[-104.50645,48.11006],[-104.50382,48.11092],[-104.49587,48.11598],[-104.48906,48.1215],[-104.48277,48.12299],[-104.48244,48.12225],[-104.47743,48.12302],[-104.47442,48.12364],[-104.47056,48.1232],[-104.46677,48.12221],[-104.46462,48.12173],[-104.46247,48.12046],[-104.46175,48.12004],[-104.45562,48.11314],[-104.4544,48.11004],[-104.45338,48.10833],[-104.45142,48.10603],[-104.45225,48.10359],[-104.45179,48.1018],[-104.44904,48.09952],[-104.4456,48.09644],[-104.44338,48.09481],[-104.43747,48.0925],[-104.42838,48.08957],[-104.42314,48.08777],[-104.42123,48.08669],[-104.41811,48.08501],[-104.41621,48.08421],[-104.41531,48.08233],[-104.4095,48.08051],[-104.40575,48.07841],[-104.40557,48.07802],[-104.39864,48.07721],[-104.39413,48.0767],[-104.38752,48.07552],[-104.38527,48.076],[-104.38233,48.07568],[-104.37949,48.07838],[-104.37316,48.07651],[-104.37141,48.07538],[-104.35588,48.0607],[-104.35505,48.05523],[-104.35234,48.0492],[-104.34972,48.04814],[-104.34312,48.04604],[-104.33493,48.04673],[-104.3224,48.04533],[-104.31444,48.04702],[-104.31231,48.04736],[-104.30661,48.04965],[-104.30399,48.05041],[-104.29393,48.05101],[-104.29375,48.05115],[-104.28936,48.0505],[-104.28763,48.04983],[-104.28462,48.04817],[-104.28053,48.04587],[-104.27602,48.04497],[-104.27538,48.04381],[-104.27326,48.04343],[-104.27193,48.04256],[-104.26605,48.03917],[-104.26535,48.03843],[-104.26202,48.03726],[-104.26019,48.03658],[-104.25978,48.03643],[-104.25674,48.03537],[-104.25235,48.03377],[-104.24862,48.0319],[-104.24583,48.03148],[-104.23965,48.03009],[-104.23337,48.03003],[-104.22842,48.03014],[-104.22599,48.03112],[-104.22124,48.03166],[-104.21867,48.0327],[-104.21161,48.03347],[-104.20695,48.03522],[-104.20281,48.0369],[-104.20226,48.0373],[-104.1984,48.04366],[-104.19714,48.0456],[-104.19704,48.04569],[-104.19476,48.04797],[-104.19074,48.04862],[-104.18674,48.04841],[-104.1828,48.04354],[-104.18116,48.04092],[-104.17687,48.03887],[-104.1738,48.03672],[-104.16942,48.03507],[-104.163,48.03973],[-104.16158,48.04072],[-104.16132,48.04095],[-104.15492,48.04566],[-104.14994,48.05073],[-104.14194,48.05477],[-104.1272,48.04807],[-104.12658,48.04645],[-104.12521,48.03872],[-104.113,48.03046],[-104.10045,48.02955],[-104.09613,48.02343],[-104.10055,48.02044],[-104.10319,48.01823],[-104.10837,48.01362],[-104.10458,48.0113],[-104.10265,48.00971],[-104.10195,48.00347],[-104.08595,48.00003],[-104.08363,47.99949],[-104.07924,47.99938],[-104.07532,48.00223],[-104.06575,48.00303],[-104.06285,48.00268],[-104.06187,48.00135],[-104.05402,47.99968],[-104.04395,47.99612]],[[-106.40258,48.00641],[-106.39839,47.9914],[-106.40837,47.98141],[-106.43812,47.96321],[-106.45663,47.96734],[-106.50913,47.94957],[-106.51196,47.94624],[-106.51433,47.93534],[-106.51164,47.92779],[-106.51677,47.91863],[-106.52081,47.8931],[-106.52756,47.88902],[-106.53588,47.87702],[-106.534,47.87051],[-106.53877,47.8583],[-106.54859,47.84244],[-106.55376,47.83553],[-106.56458,47.82598],[-106.56885,47.82508],[-106.59707,47.80379],[-106.60127,47.80292],[-106.6222,47.78916],[-106.63509,47.79058],[-106.66499,47.78669],[-106.66794,47.78328],[-106.67621,47.77636],[-106.70908,47.76792],[-106.7186,47.75748],[-106.7302,47.74798],[-106.73363,47.74693],[-106.74358,47.73987],[-106.79893,47.73804],[-106.83533,47.73677],[-106.84577,47.73836],[-106.8836,47.72678],[-106.88719,47.70824],[-106.88282,47.70063],[-106.88476,47.68552],[-106.88906,47.68422],[-106.91051,47.67651],[-106.92555,47.67679],[-106.93971,47.67413],[-106.95009,47.67484],[-106.95592,47.67266],[-106.9769,47.67196],[-106.98231,47.67001],[-107.00534,47.66835],[-107.01007,47.66517],[-107.01941,47.66516],[-107.04537,47.6657],[-107.06376,47.6631],[-107.0663,47.66383],[-107.07207,47.66307],[-107.08549,47.66511],[-107.0925,47.6685],[-107.0931,47.66847],[-107.11042,47.67044],[-107.13558,47.66902],[-107.1524,47.6685],[-107.15833,47.66507],[-107.17216,47.66258],[-107.18732,47.66247],[-107.19638,47.6608],[-107.21717,47.66159],[-107.23032,47.66287],[-107.23801,47.66426],[-107.24544,47.66606],[-107.24932,47.66685],[-107.25091,47.66704],[-107.2613,47.66793],[-107.27153,47.67344],[-107.27736,47.67518],[-107.28236,47.67887],[-107.29214,47.68152],[-107.29689,47.68288],[-107.30613,47.68362],[-107.31482,47.68484],[-107.31811,47.68453],[-107.32269,47.68386],[-107.32352,47.68362],[-107.3244,47.68312],[-107.34523,47.68003],[-107.35187,47.68178],[-107.36166,47.68613],[-107.36617,47.68897],[-107.37509,47.69392],[-107.38007,47.69704],[-107.40038,47.69732],[-107.41171,47.6937],[-107.41241,47.69356],[-107.42347,47.68486],[-107.4265,47.68202],[-107.42599,47.67657],[-107.42702,47.67383],[-107.42661,47.66559],[-107.42661,47.65661],[-107.43149,47.65202],[-107.43172,47.65162],[-107.43279,47.64441],[-107.43371,47.64301],[-107.43338,47.63913],[-107.43165,47.6286],[-107.43667,47.62125],[-107.44001,47.61813],[-107.44365,47.61788],[-107.4582,47.6194],[-107.46471,47.62088],[-107.46504,47.62101],[-107.47371,47.62366],[-107.47703,47.62408],[-107.48346,47.6248],[-107.48662,47.62437],[-107.49935,47.62636],[-107.50409,47.62648],[-107.50753,47.62868],[-107.51196,47.62991],[-107.51481,47.63195],[-107.51767,47.63382],[-107.51927,47.63542],[-107.52415,47.63824],[-107.52439,47.63831],[-107.52832,47.64036],[-107.53163,47.64208],[-107.53646,47.64464],[-107.54087,47.64595],[-107.5422,47.64572],[-107.54782,47.6459],[-107.5524,47.64568],[-107.55867,47.64657],[-107.56109,47.64622],[-107.56615,47.64715],[-107.56897,47.64729],[-107.57449,47.6479],[-107.57466,47.64787],[-107.58515,47.64912],[-107.58605,47.64899],[-107.58738,47.64893],[-107.59275,47.64907],[-107.59858,47.64822],[-107.60885,47.64981],[-107.60941,47.64997],[-107.62305,47.64877],[-107.62448,47.6484],[-107.63067,47.64639],[-107.63512,47.6423],[-107.63733,47.64168],[-107.6486,47.63286],[-107.66244,47.62887],[-107.66401,47.62853],[-107.67145,47.62724],[-107.67469,47.62652],[-107.67741,47.62628],[-107.6842,47.62494],[-107.69677,47.62218],[-107.70126,47.61971],[-107.71165,47.61011],[-107.71442,47.60413],[-107.71469,47.60093],[-107.7161,47.59267],[-107.71674,47.59104],[-107.72182,47.58565],[-107.72229,47.58523],[-107.72703,47.5821],[-107.73891,47.57317],[-107.73968,47.5729],[-107.7465,47.56791],[-107.75278,47.56431],[-107.75678,47.56138],[-107.75911,47.55991],[-107.7621,47.55614],[-107.76292,47.55455],[-107.76466,47.55127],[-107.78472,47.54718],[-107.78662,47.54737],[-107.79284,47.54852],[-107.79291,47.54854],[-107.79928,47.54865],[-107.80957,47.54645],[-107.83492,47.53166],[-107.83776,47.53059],[-107.85003,47.52644],[-107.85395,47.52462],[-107.86579,47.51533],[-107.85577,47.49639],[-107.85596,47.49092],[-107.86078,47.47621],[-107.86362,47.47072],[-107.8639,47.46666],[-107.86495,47.46158],[-107.86577,47.45925],[-107.86626,47.45839],[-107.86934,47.45437],[-107.8708,47.45318],[-107.87553,47.45102],[-107.90504,47.45237],[-107.90685,47.4598],[-107.90759,47.46172],[-107.90891,47.46461],[-107.9089,47.46539],[-107.90959,47.47064],[-107.90959,47.47084],[-107.90906,47.47454],[-107.90871,47.47625],[-107.90869,47.47636],[-107.90761,47.47911],[-107.90348,47.49165],[-107.90287,47.49759],[-107.90314,47.4993],[-107.90551,47.51069],[-107.91412,47.52153],[-107.92401,47.54092],[-107.92454,47.54549],[-107.92737,47.55909],[-107.93357,47.56483],[-107.95138,47.57163],[-107.95688,47.5733],[-107.97838,47.58101],[-108.01298,47.58493],[-108.02393,47.58642],[-108.03019,47.58777],[-108.0433,47.59237],[-108.0767,47.596],[-108.07982,47.59566],[-108.08944,47.59457],[-108.10061,47.59736],[-108.1026,47.59832],[-108.10548,47.59748],[-108.10937,47.5964],[-108.11555,47.59497],[-108.12276,47.59264],[-108.13108,47.58969],[-108.13161,47.58957],[-108.1337,47.58933],[-108.13915,47.58765],[-108.14649,47.58602],[-108.14787,47.58554],[-108.15102,47.58499],[-108.15529,47.58448],[-108.15773,47.58375],[-108.16195,47.58327],[-108.16889,47.58322],[-108.1706,47.58323],[-108.17909,47.58383],[-108.17923,47.58381],[-108.18605,47.58415],[-108.19011,47.58456],[-108.19239,47.58509],[-108.19264,47.5852],[-108.19919,47.58626],[-108.20498,47.58626],[-108.20566,47.58651],[-108.2091,47.58688],[-108.21352,47.58638],[-108.2175,47.58624],[-108.22586,47.58634],[-108.2313,47.58588],[-108.23254,47.58587],[-108.24214,47.5859],[-108.24595,47.58562],[-108.25541,47.58511],[-108.25773,47.58482],[-108.26063,47.58434],[-108.26346,47.58376],[-108.26633,47.58327],[-108.26805,47.58289],[-108.27762,47.58235],[-108.29068,47.5836],[-108.29105,47.58369],[-108.29905,47.58444],[-108.3152,47.58147],[-108.31769,47.58154],[-108.32019,47.58088],[-108.32458,47.57934],[-108.32973,47.57625],[-108.3496,47.57249],[-108.35122,47.57288],[-108.3562,47.57546],[-108.36314,47.57637],[-108.37004,47.57597],[-108.37847,47.57793],[-108.38045,47.58015],[-108.37838,47.58635],[-108.38107,47.58914],[-108.39403,47.59402],[-108.40018,47.59508],[-108.40362,47.59538],[-108.4194,47.58436],[-108.42852,47.58862],[-108.42202,47.60093],[-108.42842,47.60508],[-108.44028,47.60342],[-108.44066,47.60383],[-108.43853,47.61184],[-108.44452,47.61548],[-108.4559,47.61597],[-108.4592,47.61464],[-108.46826,47.60203],[-108.5094,47.60162],[-108.51085,47.60381],[-108.50799,47.60786],[-108.53059,47.61931],[-108.55776,47.61195],[-108.58479,47.61586],[-108.6089,47.62468],[-108.61151,47.62439],[-108.61854,47.62212],[-108.62916,47.61995],[-108.66513,47.62014],[-108.66592,47.61994],[-108.67572,47.62205],[-108.68426,47.63032],[-108.699,47.62859],[-108.71048,47.63991],[-108.72753,47.64862],[-108.7507,47.64582],[-108.77244,47.64589],[-108.77538,47.64938],[-108.78887,47.66097],[-108.78169,47.67337],[-108.78469,47.6813],[-108.79508,47.69034],[-108.80202,47.69209],[-108.81302,47.70193],[-108.81405,47.70286],[-108.815,47.70448],[-108.82459,47.71032],[-108.84997,47.72118],[-108.85156,47.72158],[-108.86034,47.72397],[-108.87043,47.72745],[-108.88019,47.7309],[-108.88409,47.73265],[-108.88425,47.73272],[-108.89324,47.73479],[-108.90238,47.73612],[-108.9039,47.73607],[-108.91721,47.73593],[-108.93115,47.73293],[-108.93485,47.73017],[-108.94759,47.74156],[-108.94132,47.74542],[-108.92809,47.76286],[-108.93571,47.76647],[-108.94587,47.7806],[-108.94141,47.78314],[-108.93775,47.78759],[-108.94529,47.7924],[-108.96666,47.79438],[-108.96877,47.79699],[-108.9723,47.7999],[-108.98668,47.80184],[-108.9927,47.80277],[-109.01766,47.79956],[-109.01798,47.79942],[-109.02244,47.79636],[-109.02416,47.79498],[-109.05073,47.79519],[-109.0627,47.7999],[-109.07626,47.80036],[-109.07857,47.79916],[-109.08994,47.79545],[-109.09619,47.7936],[-109.10576,47.78972],[-109.11094,47.78897],[-109.12276,47.78516],[-109.12573,47.78449],[-109.12989,47.78216],[-109.16276,47.77991],[-109.16436,47.78032],[-109.19394,47.79134],[-109.21331,47.79173],[-109.21526,47.79285],[-109.21796,47.79354],[-109.25079,47.79379],[-109.26429,47.79256],[-109.27219,47.79309],[-109.27835,47.79182],[-109.28384,47.78639],[-109.28354,47.7811],[-109.28209,47.77845],[-109.28553,47.77414],[-109.30228,47.76934],[-109.30934,47.76149],[-109.31147,47.75938],[-109.32086,47.75586],[-109.3331,47.75525],[-109.33592,47.75435],[-109.34458,47.75146],[-109.34901,47.75089],[-109.35938,47.748],[-109.36431,47.74534],[-109.37333,47.743],[-109.3796,47.74342],[-109.38134,47.74353],[-109.38825,47.74228],[-109.39125,47.73646],[-109.39266,47.73524],[-109.40358,47.73058],[-109.40636,47.72837],[-109.41133,47.72475],[-109.41751,47.72222],[-109.43203,47.722],[-109.43262,47.72264],[-109.45264,47.72451],[-109.45362,47.72415],[-109.47278,47.73145],[-109.4742,47.73146],[-109.48403,47.73007],[-109.49901,47.73674],[-109.50824,47.74189],[-109.50889,47.74257],[-109.51369,47.74535],[-109.51513,47.74557],[-109.52496,47.74509],[-109.5319,47.74183],[-109.53955,47.73865],[-109.54735,47.74017],[-109.55057,47.74151],[-109.55245,47.74159],[-109.55966,47.74451],[-109.56589,47.74506],[-109.57693,47.74711],[-109.58528,47.7468],[-109.58905,47.74471],[-109.59501,47.74135],[-109.61802,47.73657],[-109.62882,47.7387],[-109.62931,47.73862],[-109.63509,47.73891],[-109.64466,47.73638],[-109.6468,47.73589],[-109.6477,47.73581],[-109.65684,47.73539],[-109.67625,47.73486],[-109.68059,47.73401],[-109.6873,47.73151],[-109.68956,47.73006],[-109.69487,47.72116],[-109.69612,47.71988],[-109.70102,47.71593],[-109.7034,47.71463],[-109.70938,47.71176],[-109.71403,47.70839],[-109.71673,47.70627],[-109.71696,47.70609],[-109.72131,47.70316],[-109.7276,47.70266],[-109.73944,47.70331],[-109.74611,47.70364],[-109.75105,47.70282],[-109.75962,47.7066],[-109.762,47.70767],[-109.76913,47.70955],[-109.77128,47.70962],[-109.77801,47.70873],[-109.7822,47.7081],[-109.78534,47.70805],[-109.79626,47.71161],[-109.80533,47.71227],[-109.81055,47.71193],[-109.81529,47.71229],[-109.81879,47.71333],[-109.82449,47.7159],[-109.82891,47.71662],[-109.83408,47.71512],[-109.83496,47.71524],[-109.8438,47.71555],[-109.85511,47.71724],[-109.8659,47.72744],[-109.86621,47.72816],[-109.86926,47.73354],[-109.87599,47.73997],[-109.88345,47.74521],[-109.88358,47.74539],[-109.88574,47.74987],[-109.88614,47.75187],[-109.8912,47.7621],[-109.89706,47.76388],[-109.90565,47.76258],[-109.92619,47.75995],[-109.94092,47.77315],[-109.94857,47.78012],[-109.95302,47.78184],[-109.97147,47.78385],[-109.98793,47.79541],[-109.98876,47.79602],[-109.99137,47.79812],[-109.99994,47.80334],[-110.00842,47.80659],[-110.02184,47.81167],[-110.02404,47.81341],[-110.03494,47.81666],[-110.03537,47.81714],[-110.0396,47.81852],[-110.04353,47.81835],[-110.06199,47.82046],[-110.06942,47.82493],[-110.07183,47.83083],[-110.07233,47.83855],[-110.07119,47.83975],[-110.06942,47.84119],[-110.06679,47.85024],[-110.06904,47.85359],[-110.07242,47.8589],[-110.06784,47.86338],[-110.0658,47.86469],[-110.06232,47.87015],[-110.06421,47.87666],[-110.06499,47.87748],[-110.06458,47.88409],[-110.06444,47.88472],[-110.06317,47.89212],[-110.06238,47.89428],[-110.06176,47.89686],[-110.06098,47.89975],[-110.06061,47.9055],[-110.0604,47.90717],[-110.05949,47.91264],[-110.05755,47.91681],[-110.05607,47.92132],[-110.06183,47.92977],[-110.06971,47.93788],[-110.06991,47.93837],[-110.07527,47.94313],[-110.07828,47.94548],[-110.08283,47.94794],[-110.08913,47.95983],[-110.09141,47.96126],[-110.10406,47.96997],[-110.1078,47.97432],[-110.11146,47.98386],[-110.11231,47.98543],[-110.1128,47.98589],[-110.11426,47.98794],[-110.11666,47.99181],[-110.11742,47.99311],[-110.12036,47.99955],[-110.12037,47.9996],[-110.12347,48.00356],[-110.12215,48.01668],[-110.12916,48.02176],[-110.14416,48.03184],[-110.14713,48.03406],[-110.15748,48.03864],[-110.15838,48.03884],[-110.16084,48.03939],[-110.17237,48.04056],[-110.17719,48.03976],[-110.18694,48.03868],[-110.20583,48.03216],[-110.22299,48.03059],[-110.22394,48.03112],[-110.22858,48.0329],[-110.2339,48.03167],[-110.23596,48.03003],[-110.23589,48.02777],[-110.2392,48.02452],[-110.2415,48.01387],[-110.24097,48.01111],[-110.24107,48.01045],[-110.25186,48.00046],[-110.26134,48.00513],[-110.26971,48.00965],[-110.28632,48.01975],[-110.29243,48.02166],[-110.29525,48.02237],[-110.31571,48.01478],[-110.31864,48.00771],[-110.32086,47.98574],[-110.3241,47.98619],[-110.32478,47.98595],[-110.33005,47.98616],[-110.33091,47.98644],[-110.33354,47.98817],[-110.33482,47.98849],[-110.34446,47.99167],[-110.35313,47.99037],[-110.35506,47.98773],[-110.35767,47.98588],[-110.36334,47.98238],[-110.36519,47.98057],[-110.36645,47.97792],[-110.37171,47.97145],[-110.37325,47.96462],[-110.37266,47.96345],[-110.37291,47.96239],[-110.37264,47.95821],[-110.37313,47.95335],[-110.38279,47.95001],[-110.38963,47.94934],[-110.39619,47.95051],[-110.41186,47.95821],[-110.42706,47.94698],[-110.43408,47.94142],[-110.44535,47.94218],[-110.45733,47.94325],[-110.45834,47.94315],[-110.46898,47.93478],[-110.47105,47.92856],[-110.48956,47.92953],[-110.48757,47.91118],[-110.48225,47.91138],[-110.47205,47.91144],[-110.46668,47.91169],[-110.45784,47.89385],[-110.465,47.88508],[-110.46757,47.88321],[-110.50077,47.87958],[-110.50125,47.87948],[-110.50306,47.87498],[-110.50297,47.87371],[-110.50157,47.87004],[-110.50077,47.86774],[-110.50077,47.86318],[-110.50108,47.86264],[-110.50561,47.86059],[-110.50671,47.86015],[-110.50962,47.85879],[-110.51106,47.85663],[-110.51627,47.85474],[-110.53333,47.85711],[-110.54198,47.85815],[-110.54951,47.85847],[-110.58397,47.87497],[-110.59282,47.87562],[-110.59335,47.87497],[-110.58987,47.86751],[-110.59349,47.86159],[-110.58676,47.84285],[-110.60256,47.84312],[-110.62577,47.83544],[-110.65131,47.8232],[-110.65802,47.82199],[-110.66848,47.81328],[-110.68825,47.80282],[-110.70815,47.79056],[-110.71413,47.7923],[-110.71802,47.79258],[-110.72454,47.79269],[-110.72595,47.78979],[-110.7322,47.78512],[-110.73604,47.78377],[-110.74212,47.78138],[-110.75077,47.77653],[-110.75657,47.77506],[-110.75964,47.77425],[-110.76864,47.77384],[-110.77197,47.77347],[-110.77273,47.7733],[-110.78729,47.76777],[-110.79143,47.7637],[-110.80537,47.7575],[-110.81493,47.75681],[-110.81754,47.75703],[-110.82296,47.75729],[-110.82602,47.75749],[-110.85194,47.76949],[-110.86742,47.76509],[-110.87578,47.76204],[-110.87641,47.76218],[-110.87943,47.7626],[-110.89552,47.76162],[-110.89667,47.75908],[-110.89673,47.75796],[-110.90238,47.75188],[-110.90457,47.75152],[-110.90543,47.7512],[-110.91086,47.74997],[-110.91135,47.74934],[-110.91229,47.7474],[-110.92117,47.7356],[-110.927,47.73369],[-110.93354,47.73402],[-110.93777,47.73454],[-110.94246,47.73377],[-110.94818,47.72896],[-110.95696,47.70945],[-110.96245,47.70667],[-110.96519,47.70542],[-110.97635,47.69895],[-110.9818,47.69515],[-110.98384,47.68699],[-110.98365,47.68182],[-110.99799,47.67532],[-110.99926,47.67374],[-111.00302,47.66799],[-111.00183,47.66166],[-111.00771,47.65796],[-111.00998,47.65739],[-111.01725,47.65431],[-111.01948,47.65186],[-111.02045,47.65011],[-111.02066,47.64963],[-111.02167,47.64501],[-111.02196,47.64305],[-111.02398,47.63838],[-111.02416,47.63812],[-111.0242,47.6379],[-111.02542,47.63561],[-111.02719,47.6336],[-111.0276,47.63333],[-111.02928,47.63169],[-111.03206,47.62948],[-111.03412,47.628],[-111.03769,47.62497],[-111.0399,47.62232],[-111.04001,47.61847],[-111.03986,47.61661],[-111.03994,47.61564],[-111.04282,47.6136],[-111.04519,47.61236],[-111.04642,47.61146],[-111.04673,47.61077],[-111.04727,47.60813],[-111.04716,47.60767],[-111.04666,47.6062],[-111.04683,47.60538],[-111.04728,47.60349],[-111.04896,47.60056],[-111.04955,47.59895],[-111.0498,47.59838],[-111.05263,47.59507],[-111.0567,47.59144],[-111.0581,47.59004],[-111.05862,47.58839],[-111.05907,47.58706],[-111.05938,47.58566],[-111.0594,47.58306],[-111.06002,47.5816]],[[-111.26128,47.52131],[-111.2508,47.52365],[-111.24541,47.52731],[-111.24485,47.52769],[-111.24035,47.52994],[-111.23537,47.53238],[-111.23186,47.53458],[-111.23106,47.53538],[-111.22997,47.53572],[-111.2289,47.53602],[-111.21766,47.53653],[-111.21482,47.53729],[-111.2102,47.53676],[-111.20639,47.53509],[-111.20611,47.53405]],[[-106.4117,48.01252],[-106.42469,48.01449],[-106.43039,48.01803],[-106.43201,48.01866],[-106.4272,48.02481],[-106.42481,48.02532],[-106.42332,48.0291],[-106.41963,48.03891],[-106.41855,48.04083],[-106.41865,48.04303],[-106.41782,48.04403],[-106.41336,48.04669],[-106.40745,48.05532],[-106.36969,48.06071],[-106.36707,48.05821],[-106.36653,48.04873],[-106.36632,48.04844],[-106.36303,48.04633],[-106.36229,48.04599],[-106.35499,48.04444],[-106.35466,48.04428],[-106.35238,48.04377],[-106.35079,48.04363],[-106.34997,48.04359],[-106.33935,48.04612],[-106.33679,48.04657],[-106.33246,48.0502],[-106.32917,48.05197],[-106.32633,48.05346],[-106.3209,48.05545],[-106.31707,48.05547],[-106.31475,48.05501],[-106.31017,48.05327],[-106.30715,48.05164],[-106.29938,48.0412],[-106.28466,48.04591],[-106.27197,48.04603],[-106.26771,48.04326],[-106.26023,48.03797],[-106.25826,48.03727],[-106.25803,48.03725],[-106.25377,48.03593],[-106.2492,48.03345],[-106.24767,48.03262],[-106.24653,48.03211],[-106.24214,48.0292],[-106.23916,48.02835],[-106.2358,48.02757],[-106.21739,48.02647],[-106.20277,48.02742],[-106.19308,48.02854],[-106.19026,48.02849],[-106.18152,48.02959],[-106.18084,48.02947],[-106.17924,48.02812],[-106.17314,48.02801],[-106.17214,48.02817],[-106.16918,48.02834],[-106.16773,48.02941],[-106.15934,48.03038],[-106.15445,48.03051],[-106.14647,48.02977],[-106.1336,48.03223],[-106.13018,48.03232],[-106.12297,48.02468],[-106.14557,48.00793],[-106.1431,48.00652],[-106.14027,48.00623],[-106.13191,48.00589],[-106.12019,48.00373],[-106.11468,48.00491],[-106.11177,48.00469],[-106.11062,48.00564],[-106.09862,48.00968],[-106.0952,48.01328],[-106.09208,48.01491],[-106.09079,48.01605],[-106.09063,48.01617],[-106.08808,48.01775],[-106.08703,48.01828],[-106.08533,48.02387],[-106.08766,48.02813],[-106.08862,48.03324],[-106.0809,48.0355],[-106.07772,48.03561],[-106.05833,48.02916],[-106.05264,48.02411],[-106.05051,48.02138],[-106.04824,48.0184],[-106.04687,48.01373],[-106.04231,48.00761],[-106.01521,48.00586],[-106.01262,48.0088],[-106.01077,48.01327],[-106.01293,48.01604],[-106.02301,48.02142],[-106.01954,48.0324],[-106.00415,48.03347],[-105.99264,48.02789],[-105.98474,48.02108],[-105.97368,48.01539],[-105.95978,48.01348],[-105.94667,48.01476],[-105.94038,48.01456],[-105.91809,48.00396],[-105.90587,48.00613],[-105.90112,48.00789],[-105.89737,48.01915],[-105.8991,48.02203],[-105.89792,48.02311],[-105.89898,48.02925],[-105.89954,48.03527],[-105.85729,48.00947],[-105.82819,48.01687],[-105.78085,48.03134],[-105.77348,48.0483],[-105.7663,48.04033],[-105.76234,48.02823],[-105.75486,48.02531],[-105.73228,48.03136],[-105.72522,48.03209],[-105.71684,48.03332],[-105.71475,48.03443],[-105.70953,48.03864],[-105.70408,48.04712],[-105.70414,48.04737],[-105.70285,48.049],[-105.70019,48.04969],[-105.70009,48.04976],[-105.68786,48.05602],[-105.68184,48.05834],[-105.68019,48.05895],[-105.66454,48.05395],[-105.65644,48.04591],[-105.64104,48.05315],[-105.63937,48.06347],[-105.65152,48.07203],[-105.65199,48.07381],[-105.64674,48.07731],[-105.64111,48.07648],[-105.63846,48.07613],[-105.62377,48.0745],[-105.62008,48.07327],[-105.61731,48.07352],[-105.61103,48.07533],[-105.60315,48.08006],[-105.60215,48.08215],[-105.60026,48.08316],[-105.5932,48.08223],[-105.59252,48.08143],[-105.5858,48.08001],[-105.58036,48.08056],[-105.55937,48.07667],[-105.55937,48.07546],[-105.55391,48.07254],[-105.55349,48.07262],[-105.54978,48.0709],[-105.54604,48.06954],[-105.54045,48.06532],[-105.53963,48.06509],[-105.53556,48.06644],[-105.53447,48.06678],[-105.53017,48.06876],[-105.52696,48.07157],[-105.523,48.0755],[-105.52273,48.0761],[-105.52274,48.07862],[-105.52047,48.08153],[-105.5204,48.0853],[-105.52028,48.08644],[-105.5076,48.09505],[-105.49083,48.09213],[-105.4726,48.0935],[-105.46951,48.09242],[-105.46678,48.09366],[-105.46216,48.09222],[-105.46074,48.09155],[-105.45605,48.09011],[-105.45298,48.08925],[-105.45083,48.0894],[-105.4453,48.08975],[-105.4446,48.08963],[-105.43878,48.09003],[-105.4297,48.09044],[-105.42786,48.09203],[-105.42214,48.09255],[-105.41708,48.09262],[-105.40936,48.09155],[-105.38866,48.0929],[-105.38183,48.09247],[-105.3772,48.09135],[-105.37712,48.09134],[-105.37569,48.09067],[-105.37542,48.08988],[-105.36334,48.08894],[-105.36093,48.0894],[-105.35736,48.09048],[-105.35669,48.09074],[-105.34734,48.09391],[-105.34544,48.0958],[-105.34094,48.09489],[-105.3295,48.09206],[-105.32498,48.08437],[-105.32414,48.08131],[-105.3088,48.07969],[-105.3002,48.07975],[-105.29731,48.08101],[-105.29439,48.08214],[-105.29435,48.08256],[-105.28802,48.08427],[-105.28402,48.08467],[-105.27285,48.08569],[-105.26848,48.08596],[-105.26571,48.08805],[-105.25861,48.08962],[-105.25743,48.08957],[-105.25263,48.08992],[-105.25085,48.08934],[-105.24201,48.09119],[-105.22725,48.08819],[-105.22547,48.07126],[-105.20919,48.06319],[-105.20794,48.06344],[-105.2075,48.06329],[-105.20718,48.06319],[-105.20274,48.06419],[-105.19968,48.06378],[-105.19413,48.06669],[-105.18889,48.06876],[-105.18878,48.06878],[-105.18671,48.07194],[-105.18663,48.07275],[-105.18448,48.07575],[-105.18257,48.07794],[-105.18182,48.07906],[-105.18159,48.08031],[-105.18154,48.08036],[-105.18155,48.08169],[-105.18222,48.08731],[-105.18207,48.09075],[-105.18298,48.09618],[-105.17597,48.10417],[-105.16938,48.10125],[-105.17577,48.08961],[-105.17553,48.08531],[-105.17234,48.08146],[-105.17108,48.08042],[-105.16263,48.07712],[-105.16225,48.07719],[-105.1619,48.07682],[-105.15414,48.07405],[-105.14239,48.07235],[-105.14023,48.0727],[-105.139,48.07294],[-105.13427,48.07384],[-105.12553,48.07633],[-105.11429,48.07834],[-105.10873,48.07493],[-105.10733,48.06967],[-105.11928,48.06162],[-105.11959,48.06014],[-105.11832,48.05937],[-105.10444,48.05996],[-105.09565,48.06119],[-105.08759,48.06346],[-105.08671,48.06353],[-105.08194,48.06602],[-105.0817,48.06699],[-105.07954,48.06762],[-105.0717,48.07435],[-105.06509,48.07785],[-105.05778,48.0777],[-105.05436,48.07688],[-105.05011,48.07351],[-105.04927,48.06807],[-105.05108,48.06581],[-105.052,48.06286],[-105.05199,48.0565],[-105.04978,48.0546],[-105.04945,48.05444],[-105.04217,48.05358],[-105.04212,48.05387],[-105.04104,48.05491],[-105.04126,48.0561],[-105.04084,48.06035],[-105.03796,48.06294],[-105.03666,48.06262],[-105.03222,48.06455],[-105.02486,48.06592],[-105.01372,48.07547],[-105.01396,48.07697],[-105.01275,48.07985],[-105.01079,48.08039],[-105.00255,48.08511],[-104.9987,48.08454],[-104.99695,48.08493],[-104.99331,48.08237],[-104.99247,48.07983],[-104.99967,48.07089],[-104.99933,48.06906],[-104.99256,48.06543],[-104.98995,48.06613],[-104.98844,48.06723],[-104.98623,48.06877],[-104.98442,48.07144],[-104.98207,48.07437],[-104.97482,48.08594],[-104.97679,48.09152],[-104.96213,48.09881],[-104.96141,48.09858],[-104.94733,48.094],[-104.93687,48.09747],[-104.93345,48.10206],[-104.93036,48.10409],[-104.92915,48.10738],[-104.92517,48.11352],[-104.92383,48.12108],[-104.92381,48.12127],[-104.92406,48.12441],[-104.92482,48.12638],[-104.92503,48.12677],[-104.92493,48.12834],[-104.92481,48.13011],[-104.92379,48.13367],[-104.92301,48.13665],[-104.92137,48.13867],[-104.91822,48.14127],[-104.91517,48.14363],[-104.91425,48.14444],[-104.91043,48.14606],[-104.91029,48.14609],[-104.90186,48.14774],[-104.90067,48.14876],[-104.88839,48.1498],[-104.88542,48.14923],[-104.883,48.14816],[-104.87814,48.14711],[-104.87447,48.14505],[-104.87071,48.14339],[-104.86821,48.13994],[-104.86162,48.13221],[-104.85714,48.12792],[-104.85456,48.12628],[-104.85259,48.12469],[-104.848,48.12328],[-104.84075,48.12095],[-104.83202,48.11982],[-104.82094,48.11932],[-104.81875,48.11932],[-104.81693,48.11939],[-104.81215,48.12304],[-104.80832,48.12395],[-104.80543,48.1234],[-104.79928,48.12549],[-104.79484,48.12708],[-104.78656,48.12899],[-104.7857,48.12918],[-104.77055,48.12959],[-104.76214,48.12745],[-104.75707,48.1231],[-104.75562,48.12061],[-104.75279,48.11753],[-104.75262,48.11711],[-104.75171,48.11614],[-104.74773,48.11211],[-104.73233,48.11368],[-104.72644,48.1134],[-104.72322,48.11344],[-104.71763,48.11694],[-104.71531,48.11887],[-104.71427,48.11972],[-104.7109,48.12052],[-104.70579,48.11997],[-104.70514,48.12016],[-104.70328,48.11968],[-104.70117,48.11951],[-104.7001,48.11943],[-104.69619,48.11744],[-104.69163,48.11677],[-104.68648,48.11453],[-104.68408,48.1129],[-104.68378,48.11289],[-104.68175,48.11218],[-104.68065,48.11023],[-104.6807,48.10973],[-104.68064,48.10933],[-104.68167,48.1072],[-104.6835,48.1056],[-104.68044,48.103],[-104.67187,48.10377],[-104.66461,48.10665],[-104.66133,48.10705],[-104.65759,48.10768],[-104.64564,48.10995],[-104.64211,48.11151],[-104.6414,48.11166],[-104.63835,48.11183],[-104.63331,48.11098],[-104.62504,48.12128],[-104.61857,48.13037],[-104.61392,48.1319],[-104.61389,48.13194],[-104.61278,48.13433],[-104.61009,48.13868],[-104.61005,48.14127],[-104.59106,48.13154],[-104.59061,48.12849],[-104.5894,48.12505],[-104.58982,48.12067],[-104.58939,48.11752],[-104.59234,48.10828],[-104.58023,48.10951],[-104.5762,48.11173],[-104.57002,48.11506],[-104.56621,48.11732],[-104.56019,48.12152],[-104.55671,48.12226],[-104.5537,48.12321],[-104.55278,48.12418],[-104.55251,48.12415],[-104.54913,48.12501],[-104.54266,48.12373]],[[-111.50556,45.92681],[-111.50314,45.9331],[-111.50163,45.93264],[-111.49869,45.93289],[-111.49561,45.93567],[-111.49347,45.93877],[-111.4877,45.94192],[-111.48262,45.94586],[-111.47168,45.95121],[-111.4682,45.95504],[-111.46546,45.96003],[-111.46511,45.96131],[-111.46366,45.9696],[-111.46351,45.97103],[-111.4633,45.97225],[-111.46515,45.97974],[-111.46435,45.98629],[-111.45493,45.99849],[-111.44863,45.99589],[-111.44766,45.99503],[-111.44306,45.99073],[-111.44108,45.99107],[-111.44026,45.99134],[-111.43982,45.99135],[-111.43922,45.99159],[-111.436,45.99264],[-111.42908,45.99297],[-111.42817,45.99303],[-111.42002,45.99604],[-111.41909,45.99625],[-111.41526,45.9999],[-111.41488,46.00038],[-111.41365,46.00752],[-111.41684,46.00992],[-111.42112,46.01576],[-111.42925,46.02083],[-111.42681,46.02327],[-111.42353,46.02901],[-111.42293,46.03241],[-111.42509,46.04691],[-111.42393,46.04849],[-111.42412,46.05067],[-111.4236,46.05118],[-111.42355,46.05204],[-111.42375,46.05406],[-111.4228,46.05658],[-111.42381,46.05839],[-111.42413,46.06113],[-111.42292,46.06329],[-111.42023,46.06516],[-111.40912,46.08064],[-111.40683,46.08392],[-111.39492,46.089],[-111.39447,46.08916],[-111.39164,46.0911],[-111.3916,46.09382],[-111.39906,46.10539],[-111.41626,46.10586],[-111.41811,46.10694],[-111.42275,46.10799],[-111.42744,46.10861],[-111.42898,46.10985],[-111.42994,46.11019],[-111.43732,46.11345],[-111.44144,46.11545],[-111.43862,46.12041],[-111.4197,46.12708],[-111.40905,46.12027],[-111.40828,46.11997],[-111.40102,46.13544],[-111.41457,46.14502],[-111.44278,46.15423],[-111.46349,46.18673],[-111.4776,46.1885],[-111.47985,46.18876],[-111.48194,46.19005],[-111.48237,46.19038],[-111.48711,46.19372],[-111.48796,46.21302],[-111.4863,46.21638],[-111.48505,46.21832],[-111.4842,46.2198],[-111.48291,46.22036],[-111.48125,46.22533],[-111.47805,46.22794],[-111.4703,46.23878],[-111.47046,46.24147],[-111.47321,46.24328],[-111.48582,46.24468],[-111.48617,46.24451],[-111.49195,46.25142],[-111.49172,46.25289],[-111.49191,46.25395],[-111.49198,46.25426],[-111.49268,46.25476],[-111.49293,46.25469]]]},"properties":{"gnis_id":"00756398","gnis_name":"Missouri River","fcode":55800,"visibility":5000000}},
{"type":"Feature","geometry":{"type":"LineString","coordinates":[[-114.07121,48.46529],[-114.07163,48.46678],[-114.07601,48.47153],[-114.07817,48.47184],[-114.08142,48.47135],[-114.09092,48.47247],[-114.09118,48.47308],[-114.09294,48.47879],[-114.09536,48.48268],[-114.1084,48.489],[-114.10864,48.48912],[-114.11778,48.48904],[-114.12275,48.48882],[-114.12474,48.49318],[-114.13059,48.50673],[-114.13751,48.50639],[-114.13971,48.5077],[-114.12464,48.51961],[-114.11783,48.52796],[-114.1148,48.5288],[-114.11437,48.52974],[-114.11731,48.53671],[-114.11432,48.53752],[-114.11363,48.53799],[-114.11494,48.54125],[-114.12079,48.54607],[-114.12528,48.54968],[-114.12512,48.55007],[-114.12613,48.55644],[-114.12665,48.55821],[-114.12664,48.55842],[-114.12468,48.56264],[-114.12537,48.56479],[-114.12564,48.56541],[-114.12711,48.56816],[-114.12926,48.57019],[-114.13343,48.57323],[-114.13508,48.57418],[-114.14041,48.57725],[-114.15189,48.57809],[-114.15748,48.58297],[-114.1523,48.59019],[-114.15887,48.59331],[-114.1607,48.59348],[-114.16545,48.59358],[-114.16346,48.604],[-114.16614,48.604],[-114.16895,48.60467],[-114.17138,48.6072],[-114.16826,48.61047],[-114.16155,48.61071],[-114.15465,48.61145],[-114.14255,48.61833],[-114.13881,48.61904],[-114.13944,48.62194],[-114.14099,48.62406],[-114.14194,48.62895],[-114.14454,48.63175],[-114.14912,48.63415],[-114.15131,48.63495],[-114.15706,48.63748],[-114.15772,48.63791],[-114.15715,48.64169],[-114.16509,48.64502],[-114.16624,48.64606],[-114.1666,48.64647],[-114.16897,48.65068],[-114.17217,48.65369],[-114.17416,48.65579],[-114.17378,48.65634],[-114.17204,48.65741],[-114.17294,48.65919],[-114.17772,48.66093],[-114.17869,48.66192],[-114.18032,48.66295],[-114.18035,48.66343],[-114.18202,48.66504],[-114.18484,48.66682],[-114.18812,48.67106],[-114.19073,48.67528],[-114.19307,48.6767],[-114.19571,48.67894],[-114.18871,48.68062],[-114.18732,48.6811],[-114.19021,48.68884],[-114.19397,48.69068],[-114.1955,48.69091],[-114.19632,48.69096],[-114.20787,48.69463],[-114.20797,48.69474],[-114.20914,48.69597],[-114.20744,48.69825],[-114.20706,48.70294],[-114.20796,48.70597],[-114.20825,48.70743],[-114.20838,48.70799],[-114.21691,48.71486],[-114.21985,48.71233],[-114.22055,48.7121],[-114.2255,48.7134],[-114.22808,48.71427],[-114.23045,48.71498],[-114.23766,48.7175],[-114.23861,48.71789],[-114.24046,48.71803],[-114.24168,48.71656],[-114.2415,48.71615],[-114.2412,48.7158],[-114.24417,48.71532],[-114.24739,48.71781],[-114.24873,48.71924],[-114.25023,48.72106],[-114.25224,48.72413],[-114.25368,48.72933],[-114.26276,48.73177],[-114.26577,48.73535],[-114.26384,48.73858],[-114.26292,48.74441],[-114.26199,48.74865],[-114.26768,48.75393],[-114.2698,48.75537],[-114.27718,48.75993],[-114.27784,48.76065],[-114.27923,48.7633],[-114.27737,48.76511],[-114.27795,48.76735],[-114.28184,48.7826],[-114.28215,48.7832],[-114.28222,48.78333],[-114.28251,48.78388],[-114.28485,48.78564],[-114.28682,48.78781],[-114.2938,48.79015],[-114.29706,48.79199],[-114.30725,48.79674],[-114.30885,48.79715],[-114.31269,48.7967],[-114.3215,48.80467],[-114.32506,48.80581],[-114.32758,48.80847],[-114.337,48.81797],[-114.34082,48.82064],[-114.34133,48.82229],[-114.34166,48.82415],[-114.33563,48.83385],[-114.34181,48.83535],[-114.34242,48.8357],[-114.34473,48.83763],[-114.34587,48.83833],[-114.35291,48.84966],[-114.34724,48.85382],[-114.34783,48.85518],[-114.36722,48.85776],[-114.36765,48.85933],[-114.36095,48.87017],[-114.37428,48.87589],[-114.36654,48.88645],[-114.37142,48.88977],[-114.37093,48.8953],[-114.3781,48.91425],[-114.37502,48.9148],[-114.37653,48.91719],[-114.3879,48.92175],[-114.38768,48.92236],[-114.38797,48.92787],[-114.393,48.93149],[-114.39417,48.93549],[-114.39456,48.93625],[-114.39642,48.93782],[-114.40064,48.94147],[-114.41022,48.94106],[-114.41174,48.94362],[-114.41272,48.94543],[-114.41211,48.94956],[-114.41198,48.94982],[-114.41347,48.95237],[-114.4145,48.95293],[-114.41896,48.9532],[-114.41985,48.95257],[-114.42183,48.9517],[-114.42326,48.95213],[-114.42533,48.95504],[-114.42322,48.95789],[-114.4244,48.95974],[-114.43027,48.96223],[-114.43532,48.96629],[-114.44,48.97129],[-114.44355,48.97257],[-114.44706,48.97561],[-114.44713,48.97574],[-114.44873,48.9782],[-114.44922,48.97852],[-114.45166,48.98437],[-114.45438,48.98722],[-114.45729,48.98795],[-114.46204,48.98928],[-114.47557,49.00108]]},"properties":{"gnis_id":"00788164","gnis_name":"North Fork Flathead River","fcode":55800,"visibility":5000000}},
{"type":"Feature","geometry":{"type":"MultiLineString","coordinates":[[[-112.52287,46.25017],[-112.49718,46.25547],[-112.49385,46.25827],[-112.49314,46.25886],[-112.49193,46.25994],[-112.49096,46.26077],[-112.49024,46.26075],[-112.48789,46.26117],[-112.48323,46.26094],[-112.48302,46.26088],[-112.4781,46.25709],[-112.47601,46.25638],[-112.47248,46.25569],[-112.46881,46.2553],[-112.456,46.25291],[-112.45464,46.25214],[-112.44677,46.2499],[-112.44645,46.25002],[-112.44325,46.25044],[-112.43477,46.25047],[-112.42843,46.25022],[-112.4077,46.25047],[-112.40576,46.25377],[-112.40367,46.25491],[-112.38105,46.26209],[-112.37712,46.26155],[-112.37156,46.26121],[-112.36083,46.26539],[-112.36052,46.26462],[-112.35597,46.26512],[-112.34785,46.26403],[-112.34637,46.26346],[-112.32923,46.26074],[-112.32676,46.26181],[-112.31742,46.26509],[-112.31125,46.26753],[-112.29774,46.26511],[-112.29602,46.26491],[-112.27568,46.26985],[-112.2679,46.27042],[-112.25952,46.26697],[-112.25404,46.26738],[-112.25097,46.26864],[-112.24658,46.26951],[-112.24101,46.27055],[-112.23935,46.27028],[-112.23825,46.27076],[-112.23251,46.27024],[-112.21874,46.26883],[-112.21961,46.26489],[-112.21991,46.26323],[-112.21395,46.25839],[-112.20367,46.26353],[-112.1937,46.2619],[-112.19026,46.25974],[-112.18896,46.25922],[-112.18708,46.25918],[-112.18525,46.25669],[-112.18492,46.25576],[-112.18399,46.25547],[-112.18353,46.25486],[-112.17897,46.25223],[-112.17494,46.24915],[-112.17286,46.2454],[-112.17164,46.24505],[-112.16522,46.23927],[-112.16052,46.2384],[-112.15622,46.23706],[-112.1483,46.23484],[-112.14536,46.23389],[-112.14026,46.23201],[-112.12071,46.23117],[-112.11936,46.23053],[-112.1088,46.22424],[-112.10708,46.22427],[-112.10343,46.22417],[-112.10055,46.22347],[-112.09923,46.22328],[-112.09576,46.22288],[-112.09552,46.22249],[-112.09293,46.22165],[-112.09112,46.22053],[-112.08813,46.21611],[-112.08693,46.20176],[-112.08262,46.19564],[-112.07182,46.19442],[-112.07148,46.19278],[-112.06626,46.18951],[-112.05888,46.18721],[-112.05802,46.18548],[-112.05318,46.18105],[-112.05064,46.18134],[-112.04487,46.18127],[-112.03279,46.1782],[-112.03147,46.17636],[-111.99986,46.15776],[-111.9961,46.15469],[-111.98339,46.14134],[-111.9821,46.14026],[-111.95679,46.13149],[-111.94198,46.13151],[-111.93851,46.12797],[-111.92805,46.11884],[-111.92867,46.11578],[-111.91528,46.10211],[-111.91432,46.10155],[-111.90788,46.09712],[-111.90848,46.09049],[-111.907,46.0895],[-111.88778,46.06274],[-111.87995,46.06081],[-111.87889,46.06111]],[[-111.92222,45.91658],[-111.92314,45.91609],[-111.92341,45.91604]],[[-111.9249,45.91603],[-111.92461,45.91586]],[[-111.91674,45.93719],[-111.91648,45.93738]],[[-111.9161,45.9357],[-111.91735,45.93611]]]},"properties":{"gnis_id":"00780285","gnis_name":"Boulder River","fcode":46006,"visibility":5000000}},
{"type":"Feature","geometry":{"type":"MultiLineString","coordinates":[[[-112.24874,46.14886],[-112.24722,46.14964],[-112.24619,46.14978],[-112.23807,46.15441],[-112.2356,46.15632],[-112.22678,46.15749],[-112.22261,46.15888],[-112.21323,46.16441],[-112.21314,46.16457],[-112.2007,46.17138],[-112.19478,46.17278],[-112.18361,46.17984],[-112.17659,46.18112],[-112.16895,46.1839],[-112.16329,46.18601],[-112.14646,46.19288],[-112.13993,46.19325],[-112.13369,46.19402],[-112.12673,46.20029],[-112.11531,46.20229],[-112.11061,46.20528],[-112.09597,46.20215],[-112.08544,46.19722],[-112.08504,46.19654],[-112.08262,46.19564]],[[-112.31208,46.13864],[-112.30296,46.119],[-112.29641,46.11698],[-112.29238,46.12066],[-112.28524,46.12522],[-112.27781,46.1292],[-112.26631,46.13595],[-112.2622,46.13975],[-112.25956,46.14277]],[[-112.25062,46.14842],[-112.25375,46.14706],[-112.2556,46.14602],[-112.25861,46.14357]]]},"properties":{"gnis_id":"00786250","gnis_name":"Little Boulder River","fcode":46006,"visibility":5000000}},
{"type":"Feature","geometry":{"type":"MultiLineString","coordinates":[[[-112.13746,47.78732],[-112.13037,47.78454],[-112.12567,47.78675],[-112.11832,47.78723],[-112.11534,47.79129],[-112.08684,47.81238],[-112.07494,47.81809],[-112.07534,47.81985],[-112.06683,47.82027],[-112.05162,47.81952],[-112.04292,47.82991],[-112.03732,47.83436],[-112.02878,47.84231],[-112.00753,47.86528],[-111.99532,47.86202],[-111.99519,47.86198],[-111.99186,47.86244],[-111.97661,47.87806],[-111.98368,47.88771],[-111.98433,47.8881],[-111.98423,47.88864],[-111.97892,47.8928],[-111.97663,47.89125],[-111.94547,47.89365],[-111.94542,47.8937],[-111.9453,47.89385],[-111.94211,47.89587],[-111.92921,47.89149],[-111.8952,47.90213],[-111.87206,47.90005],[-111.86282,47.90706],[-111.8646,47.91332],[-111.84788,47.91161],[-111.84334,47.91213],[-111.84092,47.91257],[-111.82576,47.92099],[-111.82373,47.92077],[-111.81968,47.91738],[-111.81899,47.91545],[-111.81236,47.91435],[-111.81245,47.91497],[-111.80813,47.91712],[-111.80876,47.91801],[-111.80209,47.91989],[-111.8008,47.91929],[-111.78994,47.9203],[-111.78272,47.92476],[-111.78126,47.92417],[-111.7751,47.9268],[-111.77215,47.92995],[-111.76976,47.93124],[-111.76707,47.93348],[-111.76408,47.93249],[-111.7633,47.93087],[-111.7616,47.93094],[-111.75707,47.93245],[-111.75438,47.92669],[-111.75411,47.92675],[-111.75133,47.92754],[-111.74909,47.92437],[-111.73242,47.92245],[-111.72316,47.93055],[-111.71787,47.92965],[-111.71484,47.92778],[-111.70185,47.92205],[-111.6933,47.92236],[-111.68916,47.92349],[-111.6867,47.92207],[-111.68671,47.92181],[-111.67744,47.91792],[-111.67197,47.92225],[-111.67197,47.92439],[-111.665,47.93549],[-111.65748,47.92839],[-111.65641,47.93061],[-111.64632,47.93055],[-111.64021,47.93143],[-111.63727,47.93155],[-111.6369,47.93309],[-111.6231,47.92657],[-111.61506,47.92122],[-111.58518,47.92926],[-111.57631,47.93243],[-111.56636,47.92915],[-111.56586,47.92886],[-111.54814,47.93598],[-111.49564,47.94536],[-111.49158,47.94407],[-111.4852,47.94507],[-111.48877,47.94959],[-111.4862,47.95132],[-111.4795,47.95454],[-111.47123,47.95945],[-111.45721,47.95629],[-111.45648,47.95689],[-111.45117,47.95507],[-111.45024,47.95523],[-111.44996,47.95525],[-111.44556,47.95137],[-111.44078,47.95365],[-111.43923,47.9522],[-111.4338,47.94319],[-111.43315,47.9428],[-111.43304,47.94273],[-111.43315,47.94265],[-111.43535,47.94195],[-111.43393,47.9402],[-111.43077,47.93116],[-111.42011,47.92655],[-111.41611,47.92608],[-111.40353,47.92278],[-111.39329,47.91939],[-111.37195,47.91618],[-111.36106,47.91716],[-111.32675,47.91008],[-111.31528,47.90415],[-111.30882,47.90252],[-111.29906,47.89835],[-111.29518,47.89392],[-111.29393,47.89315],[-111.29153,47.88847],[-111.28755,47.88868],[-111.28109,47.88495],[-111.27643,47.8818],[-111.27193,47.87809],[-111.25896,47.87896],[-111.25171,47.87831],[-111.24846,47.87863],[-111.24421,47.87893],[-111.23094,47.87877],[-111.23029,47.87922],[-111.22923,47.87995],[-111.18633,47.88612],[-111.18786,47.88677],[-111.18923,47.8908],[-111.18972,47.89178],[-111.18728,47.89282],[-111.18625,47.89198],[-111.16804,47.90584],[-111.16609,47.90556],[-111.16467,47.90372],[-111.164,47.90424],[-111.15682,47.90573],[-111.13486,47.8973],[-111.1273,47.89321],[-111.10907,47.89031],[-111.11137,47.88715],[-111.10072,47.88649],[-111.08375,47.89526],[-111.08144,47.89554],[-111.08127,47.89554],[-111.06534,47.89384],[-111.04065,47.89386],[-111.0296,47.87265],[-111.02288,47.87244],[-110.99003,47.86091],[-110.98859,47.86276],[-110.98265,47.86377],[-110.96087,47.85553],[-110.91234,47.85761],[-110.90771,47.85605],[-110.9065,47.85711],[-110.84411,47.86993],[-110.84312,47.88243],[-110.83647,47.88277],[-110.83733,47.88711],[-110.82793,47.88637],[-110.82612,47.88571],[-110.82085,47.8774],[-110.82228,47.8731],[-110.81614,47.87413],[-110.82005,47.86676],[-110.81647,47.86259],[-110.81065,47.86154],[-110.80544,47.85213],[-110.79654,47.84093],[-110.77694,47.84082],[-110.76243,47.83673],[-110.7471,47.83849],[-110.71931,47.84167],[-110.71625,47.84341],[-110.70615,47.84668],[-110.70924,47.85091],[-110.68299,47.86157],[-110.62229,47.87302],[-110.6214,47.87342],[-110.61936,47.87508],[-110.58605,47.88934],[-110.56841,47.89681],[-110.55987,47.89985],[-110.54132,47.91838],[-110.53755,47.92173],[-110.52749,47.92794],[-110.50854,47.93178],[-110.50824,47.93208]],[[-112.39299,47.88499],[-112.39309,47.88517],[-112.39484,47.88537]],[[-112.63341,47.88306],[-112.60312,47.88429],[-112.59972,47.8853],[-112.59453,47.88525],[-112.59048,47.88516],[-112.58953,47.88475],[-112.57524,47.88096],[-112.56096,47.88371],[-112.55974,47.88415],[-112.55882,47.88363],[-112.55872,47.88356],[-112.55531,47.88041],[-112.55324,47.87894],[-112.55159,47.87834],[-112.55011,47.87821],[-112.54505,47.87693],[-112.52338,47.87667]],[[-112.49275,47.87788],[-112.49246,47.87779],[-112.49229,47.87762],[-112.49208,47.87766]]]},"properties":{"gnis_id":"00792009","gnis_name":"Teton River","fcode":55800,"visibility":5000000}},
{"type":"Feature","geometry":{"type":"LineString","coordinates":[[-112.51814,46.98573],[-112.51822,46.98558],[-112.52432,46.98052],[-112.53484,46.97432],[-112.56308,46.96531],[-112.56664,46.9648],[-112.57172,46.96208],[-112.57583,46.96156],[-112.58071,46.95699],[-112.58518,46.9557],[-112.58551,46.95569],[-112.59069,46.9544],[-112.59641,46.953],[-112.59744,46.95229],[-112.60439,46.95314],[-112.60587,46.9528],[-112.60745,46.95176],[-112.60985,46.95129],[-112.61,46.95127],[-112.61195,46.95074],[-112.61409,46.95095],[-112.61461,46.95093],[-112.61587,46.95033],[-112.61932,46.95197],[-112.62142,46.95139],[-112.6231,46.94988],[-112.6274,46.94997],[-112.68231,46.94663],[-112.68975,46.93641],[-112.69226,46.93628],[-112.70132,46.93941],[-112.70328,46.93974],[-112.70512,46.94009],[-112.70634,46.93997],[-112.70778,46.94055],[-112.70873,46.94103],[-112.72938,46.94496],[-112.73939,46.94343],[-112.75246,46.94129],[-112.76134,46.93471],[-112.76392,46.93577],[-112.76484,46.93789],[-112.76721,46.93749],[-112.77647,46.93763],[-112.79109,46.93805],[-112.80093,46.94582],[-112.80714,46.94834],[-112.82104,46.94008],[-112.82832,46.9429],[-112.82925,46.94189],[-112.83163,46.94163],[-112.8319,46.94127],[-112.84056,46.93816],[-112.8513,46.92704],[-112.85724,46.9259],[-112.86004,46.92513],[-112.86064,46.92568],[-112.86112,46.92559],[-112.86641,46.92132],[-112.86848,46.9242],[-112.86983,46.92446],[-112.87625,46.92889],[-112.87747,46.9284],[-112.88046,46.92844],[-112.88234,46.93899],[-112.90117,46.94229],[-112.90316,46.9416],[-112.90617,46.94174],[-112.91486,46.94494],[-112.91575,46.9439],[-112.91798,46.94129],[-112.92111,46.94089],[-112.92766,46.93826],[-112.93155,46.93637],[-112.93389,46.93667],[-112.95485,46.94468],[-112.95779,46.94441],[-112.95836,46.94358],[-112.9617,46.94147],[-112.96794,46.95576],[-112.97555,46.95523],[-112.9879,46.95076],[-112.99113,46.95411],[-112.99738,46.92986],[-113.00355,46.92234],[-113.00661,46.9246],[-113.01323,46.91414],[-113.01349,46.91326],[-113.01447,46.91206],[-113.01504,46.91189],[-113.01733,46.90993],[-113.01879,46.90875],[-113.02862,46.90031],[-113.02588,46.89994],[-113.02658,46.89879],[-113.02985,46.89632],[-113.03708,46.89515],[-113.04403,46.89504],[-113.04407,46.8949],[-113.05513,46.89945],[-113.07051,46.89888],[-113.07225,46.89893],[-113.07281,46.90025],[-113.06573,46.90307],[-113.06509,46.90434],[-113.06991,46.90411],[-113.08195,46.91556],[-113.09139,46.92118],[-113.11321,46.93032],[-113.11917,46.9394],[-113.11954,46.93972],[-113.12192,46.94394],[-113.12382,46.94652],[-113.1399,46.97603],[-113.13298,46.97941],[-113.12942,46.9816],[-113.12957,46.9837],[-113.12953,46.98439],[-113.12985,46.98477],[-113.13656,46.98827],[-113.13864,46.98764],[-113.14083,46.98752],[-113.14198,46.98994],[-113.14874,46.99561],[-113.18883,47.00076],[-113.19836,47.00545],[-113.21791,47.01088],[-113.23641,47.01994],[-113.27057,47.01715],[-113.27263,47.017],[-113.28237,47.0251],[-113.31692,47.02089],[-113.32064,47.00315],[-113.32152,46.99994],[-113.32086,46.99891],[-113.32002,46.9963],[-113.31998,46.99559],[-113.32631,46.99192],[-113.33239,46.99024],[-113.3314,46.9861],[-113.33568,46.98029],[-113.33963,46.98005],[-113.35465,46.98105],[-113.35884,46.9812],[-113.36069,46.98066],[-113.36183,46.98011],[-113.36332,46.97928],[-113.36443,46.9765],[-113.36978,46.97021],[-113.37759,46.96487],[-113.37864,46.96428],[-113.37937,46.94935],[-113.38166,46.94262],[-113.38636,46.93889],[-113.38774,46.93801],[-113.39122,46.93669],[-113.39542,46.93708],[-113.3975,46.93792],[-113.42073,46.94587],[-113.42699,46.94549],[-113.43695,46.94494],[-113.45696,46.93411],[-113.46151,46.93427],[-113.49201,46.93786],[-113.49534,46.93909],[-113.50434,46.94308],[-113.53776,46.94966],[-113.54302,46.95163],[-113.54289,46.94932],[-113.55336,46.94877],[-113.56534,46.94964],[-113.57039,46.95375],[-113.5758,46.94991],[-113.57689,46.94767],[-113.58834,46.94736],[-113.58928,46.94232],[-113.59138,46.94172],[-113.60014,46.94072],[-113.60489,46.95069],[-113.60899,46.95349],[-113.61917,46.95366],[-113.62845,46.95178],[-113.63085,46.94727],[-113.6309,46.9471],[-113.6356,46.94123],[-113.63793,46.93749],[-113.63978,46.93604],[-113.64509,46.93496],[-113.6477,46.92277],[-113.64964,46.92203],[-113.66969,46.92039],[-113.67744,46.91858],[-113.67549,46.91124],[-113.68517,46.90711],[-113.68889,46.90903],[-113.69273,46.91117],[-113.69335,46.91174],[-113.6943,46.91299],[-113.70131,46.91431],[-113.70408,46.9134],[-113.70477,46.91334],[-113.70998,46.913],[-113.71446,46.9116],[-113.71667,46.90645],[-113.71738,46.90589],[-113.72343,46.90436],[-113.72688,46.90409],[-113.729,46.90371],[-113.73261,46.90431],[-113.74256,46.90359],[-113.74884,46.90382],[-113.75185,46.90296],[-113.76178,46.8966],[-113.76922,46.89482],[-113.77226,46.8929],[-113.77331,46.89268],[-113.78504,46.89297],[-113.79188,46.89206],[-113.80213,46.8915],[-113.80734,46.89565],[-113.81745,46.89379],[-113.82232,46.88928],[-113.83268,46.88972],[-113.8382,46.8899],[-113.84043,46.8878],[-113.84068,46.88725],[-113.84227,46.88555],[-113.84898,46.88253],[-113.85071,46.88193],[-113.85306,46.88014],[-113.86965,46.87572],[-113.88807,46.87131],[-113.88947,46.87106]]},"properties":{"gnis_id":"00800475","gnis_name":"Blackfoot River","fcode":55800,"visibility":5000000}},
{"type":"Feature","geometry":{"type":"LineString","coordinates":[[-105.43619,46.74259],[-105.4352,46.74181],[-105.42938,46.73772],[-105.42448,46.73482],[-105.42027,46.73287],[-105.41766,46.73243],[-105.41703,46.73247],[-105.41304,46.73043],[-105.4124,46.72966],[-105.41207,46.7291],[-105.41045,46.72654],[-105.40847,46.72109],[-105.40659,46.71905],[-105.40524,46.71718],[-105.40387,46.71589],[-105.40145,46.7145],[-105.39444,46.7094],[-105.39391,46.70853],[-105.38167,46.70266],[-105.37865,46.70209],[-105.37379,46.69709],[-105.37278,46.69384],[-105.37213,46.69335],[-105.36871,46.69014],[-105.36756,46.68899],[-105.36584,46.68678],[-105.36419,46.68454],[-105.36084,46.68255],[-105.35983,46.68217],[-105.35619,46.68126],[-105.35537,46.6806],[-105.35454,46.67912],[-105.3539,46.67811],[-105.35314,46.67775],[-105.35273,46.67727],[-105.34912,46.6742],[-105.34797,46.67228],[-105.34748,46.66998],[-105.34744,46.66961],[-105.34773,46.6682],[-105.34767,46.66763],[-105.34571,46.66441],[-105.34515,46.66393],[-105.34487,46.66367],[-105.34316,46.66037],[-105.34329,46.66],[-105.34273,46.65751],[-105.34122,46.65595],[-105.34085,46.6551],[-105.3406,46.65465],[-105.34049,46.65423],[-105.3385,46.65204],[-105.33761,46.65045],[-105.33776,46.64974],[-105.33765,46.64938],[-105.33679,46.64759],[-105.33398,46.64443],[-105.33366,46.64383],[-105.33346,46.64325],[-105.32952,46.63793],[-105.32955,46.63675],[-105.33022,46.63577],[-105.33584,46.63082],[-105.33525,46.62708],[-105.33197,46.62555],[-105.32875,46.62385],[-105.32247,46.61856],[-105.32373,46.61633],[-105.32407,46.61589],[-105.32446,46.61538],[-105.33011,46.61467],[-105.33178,46.61534],[-105.33791,46.6165],[-105.33957,46.61656],[-105.34123,46.61667],[-105.35472,46.6136],[-105.35746,46.6108],[-105.35755,46.61052],[-105.35846,46.60814],[-105.35745,46.60401],[-105.35486,46.60298],[-105.35412,46.60296],[-105.35189,46.60276],[-105.3511,46.60237],[-105.34632,46.60256],[-105.34543,46.60284],[-105.32964,46.5954],[-105.33272,46.59064],[-105.33443,46.58924],[-105.342,46.5894],[-105.34965,46.58816],[-105.35175,46.58515],[-105.3533,46.58358],[-105.35393,46.58161],[-105.3539,46.58122],[-105.35336,46.57805],[-105.35186,46.57576],[-105.34457,46.56917],[-105.34298,46.56517],[-105.34072,46.55938],[-105.34012,46.55725],[-105.33864,46.55396],[-105.33627,46.5511],[-105.33602,46.54981],[-105.33517,46.54616],[-105.33374,46.54305],[-105.32568,46.53182],[-105.32493,46.5315],[-105.31776,46.52784],[-105.31314,46.52381],[-105.313,46.52303],[-105.32256,46.51633],[-105.31953,46.5052],[-105.32358,46.50107],[-105.32565,46.5],[-105.32618,46.49944],[-105.32651,46.49907],[-105.3307,46.49362],[-105.33078,46.49154],[-105.33043,46.48926],[-105.32443,46.48889],[-105.30857,46.47519],[-105.31625,46.45781],[-105.3174,46.44948],[-105.31672,46.4472],[-105.30969,46.42937],[-105.30717,46.4281],[-105.30567,46.42517],[-105.3049,46.42114],[-105.30402,46.41952],[-105.30289,46.41772],[-105.3064,46.41127],[-105.30782,46.4103],[-105.30841,46.40719],[-105.3074,46.40542],[-105.30833,46.39947],[-105.31171,46.4001],[-105.31873,46.3961],[-105.31808,46.38955],[-105.31807,46.38764],[-105.32019,46.38557],[-105.32285,46.38253],[-105.32658,46.37186],[-105.32407,46.36762],[-105.31585,46.36781],[-105.3033,46.35428],[-105.30151,46.35133],[-105.29999,46.34536],[-105.29476,46.33846],[-105.29233,46.33699],[-105.29598,46.32672],[-105.29812,46.32462],[-105.29608,46.31896],[-105.29255,46.31639],[-105.29631,46.29646],[-105.29216,46.29183],[-105.27909,46.27885],[-105.28537,46.26942],[-105.27435,46.25467],[-105.27048,46.25025],[-105.26507,46.24576],[-105.26166,46.23923],[-105.25774,46.23934],[-105.25404,46.23801],[-105.25447,46.2357],[-105.25464,46.2354],[-105.25138,46.23309],[-105.24948,46.23318],[-105.24414,46.23234],[-105.24288,46.23196],[-105.24242,46.23189],[-105.24213,46.23185],[-105.23627,46.23181],[-105.23346,46.23232],[-105.23282,46.23244],[-105.23183,46.23255],[-105.22853,46.23216],[-105.22836,46.23207],[-105.2281,46.23201],[-105.22376,46.22905],[-105.2236,46.22865],[-105.22243,46.2251],[-105.22082,46.22369],[-105.2201,46.22287],[-105.21974,46.22228],[-105.21553,46.21898],[-105.21456,46.21839],[-105.21317,46.21692],[-105.21078,46.21574],[-105.21046,46.21546],[-105.20981,46.21433],[-105.20775,46.21217],[-105.20742,46.21174],[-105.20367,46.20829],[-105.2011,46.2058],[-105.19852,46.20488],[-105.19242,46.20286],[-105.18993,46.2016],[-105.18476,46.19674],[-105.18482,46.19599],[-105.17897,46.19042],[-105.17185,46.18878],[-105.16703,46.18641],[-105.15717,46.16664],[-105.15628,46.1658],[-105.15714,46.16346],[-105.15781,46.16234],[-105.16061,46.14488],[-105.16047,46.14356],[-105.15967,46.13576],[-105.14198,46.10568],[-105.13412,46.10255],[-105.09551,46.08463],[-105.09573,46.06607],[-105.0892,46.06559],[-105.07936,46.06552],[-105.07858,46.06518],[-105.07251,46.06372],[-105.07123,46.06405],[-105.06896,46.06452],[-105.06063,46.06336],[-105.06713,46.04745],[-105.0717,46.04027],[-105.07193,46.03988],[-105.07209,46.0374],[-105.07206,46.03723],[-105.07173,46.03603],[-105.07146,46.03557],[-105.06715,46.03842],[-105.06679,46.04092],[-105.06461,46.04255],[-105.06422,46.04241],[-105.06207,46.04114],[-105.06174,46.04068],[-105.06019,46.03621],[-105.06039,46.03569],[-105.06011,46.03335],[-105.05982,46.03199],[-105.05721,46.03121],[-105.05049,46.03089],[-105.05084,46.02789],[-105.053,46.02714],[-105.05749,46.02445],[-105.05771,46.02431],[-105.05606,46.01964],[-105.04106,46.01921],[-105.04299,46.0175],[-105.04379,46.01425],[-105.04328,46.01337],[-105.04015,46.01097],[-105.03979,46.01022],[-105.04318,46.0061],[-105.04391,46.00589],[-105.0479,46.00411],[-105.04838,46.00325],[-105.04904,45.99413],[-105.04577,45.99032],[-105.03629,45.98488],[-105.01811,45.98331],[-105.01036,45.98044],[-105.00745,45.97985],[-105.00342,45.97545],[-105.0023,45.97276],[-105.00235,45.97132],[-104.9997,45.96784],[-104.99597,45.95239],[-105.00005,45.94297],[-105.00244,45.93866],[-105.00816,45.93412],[-105.01102,45.92864],[-105.00977,45.92361],[-104.98979,45.91865],[-104.98988,45.91448],[-104.98905,45.90834],[-104.99524,45.8989],[-104.98515,45.88682],[-104.98144,45.88304],[-104.9809,45.88032],[-104.981,45.87999],[-105.00436,45.86315],[-105.00744,45.86269],[-105.00834,45.86077],[-105.00894,45.85417],[-105.02104,45.85085],[-105.01519,45.84588],[-105.02084,45.83338],[-105.03068,45.83159],[-105.03859,45.83365],[-105.04407,45.81888],[-105.05133,45.81114],[-105.06082,45.80513],[-105.06315,45.80206],[-105.06201,45.80083],[-105.05917,45.80064],[-105.05428,45.7902],[-105.05475,45.79016],[-105.06129,45.78815],[-105.06561,45.78605],[-105.06981,45.78599],[-105.07098,45.78145],[-105.07116,45.78076],[-105.07635,45.77116],[-105.07653,45.77051],[-105.07871,45.76764],[-105.08404,45.75926],[-105.08697,45.7537],[-105.10021,45.75],[-105.10096,45.74914],[-105.12115,45.73629],[-105.13605,45.72444],[-105.15254,45.71056],[-105.15384,45.70985],[-105.15928,45.71],[-105.17438,45.70667],[-105.17603,45.70439],[-105.17627,45.70366],[-105.17588,45.70196],[-105.18079,45.69526],[-105.18361,45.69466],[-105.2108,45.68704],[-105.23606,45.67276],[-105.23765,45.67222],[-105.25639,45.66302],[-105.24466,45.65364],[-105.25177,45.63716],[-105.25177,45.63001],[-105.24039,45.62341],[-105.24181,45.62027],[-105.26125,45.60509],[-105.28654,45.58922],[-105.2922,45.58293],[-105.28474,45.55444],[-105.3359,45.5362],[-105.33399,45.50766],[-105.32698,45.50487],[-105.34136,45.47953],[-105.34017,45.47867],[-105.34108,45.47522],[-105.34313,45.4748],[-105.35069,45.47111],[-105.35968,45.46912],[-105.36093,45.46787],[-105.36612,45.46352],[-105.38238,45.44987],[-105.39131,45.43451],[-105.39941,45.42941],[-105.40592,45.42645],[-105.41091,45.42397],[-105.42587,45.42044],[-105.43078,45.41756],[-105.43859,45.41488],[-105.45736,45.39387],[-105.45347,45.38942],[-105.45082,45.38131],[-105.45986,45.36818],[-105.47234,45.36471],[-105.4831,45.36366],[-105.48895,45.37078],[-105.49409,45.37083],[-105.49763,45.37066],[-105.51127,45.35977],[-105.514,45.35823],[-105.51393,45.3575],[-105.50822,45.34518],[-105.50901,45.34408],[-105.53373,45.34624],[-105.53594,45.34487],[-105.53461,45.33758],[-105.52925,45.33434],[-105.53423,45.33325],[-105.53199,45.32456],[-105.5732,45.32222],[-105.57066,45.30851],[-105.57065,45.30481],[-105.5716,45.3039],[-105.57684,45.30441],[-105.58039,45.30271],[-105.58835,45.29378],[-105.5888,45.29092],[-105.59548,45.29349],[-105.60122,45.29285],[-105.60215,45.29257],[-105.59505,45.28734],[-105.5949,45.28445],[-105.59858,45.28246],[-105.60555,45.27588],[-105.61853,45.27613],[-105.61885,45.26891],[-105.64615,45.25265],[-105.65353,45.25383],[-105.65517,45.25072],[-105.65324,45.24999],[-105.65596,45.24549],[-105.65833,45.24627],[-105.66311,45.24977],[-105.6641,45.24932],[-105.67969,45.24248],[-105.68043,45.24224],[-105.68413,45.24067],[-105.68522,45.22869],[-105.68798,45.22759],[-105.69011,45.22618],[-105.7108,45.22629],[-105.71031,45.21736],[-105.72605,45.21465],[-105.72616,45.21395],[-105.72821,45.20994],[-105.72879,45.20917],[-105.73616,45.19953],[-105.73454,45.1994],[-105.74223,45.18638],[-105.74339,45.18639],[-105.74726,45.18862],[-105.74709,45.18998],[-105.7462,45.19118],[-105.74829,45.19321],[-105.75056,45.18956],[-105.7516,45.18929],[-105.75403,45.18263],[-105.76237,45.17956],[-105.76942,45.17721],[-105.76105,45.16791],[-105.77519,45.16645],[-105.78052,45.15898],[-105.77452,45.15789],[-105.78402,45.14277],[-105.79127,45.1405],[-105.79785,45.14472],[-105.80816,45.14218],[-105.80968,45.14017],[-105.80968,45.13135],[-105.81458,45.13206],[-105.82243,45.11754],[-105.83577,45.1207],[-105.83673,45.11246],[-105.83578,45.11167],[-105.83605,45.10739],[-105.8399,45.1064],[-105.8502,45.10974],[-105.85517,45.08966],[-105.85539,45.08923],[-105.85113,45.08096],[-105.84967,45.0799],[-105.85253,45.06929],[-105.87281,45.05602],[-105.87557,45.05546],[-105.88125,45.05758],[-105.885,45.057],[-105.88617,45.05795],[-105.89068,45.0567],[-105.89396,45.05589],[-105.89639,45.05472],[-105.89364,45.05259],[-105.89355,45.05032],[-105.8866,45.04319],[-105.88369,45.0414],[-105.88207,45.03922],[-105.88142,45.03713],[-105.88308,45.03389],[-105.88806,45.03198],[-105.89235,45.03215],[-105.89901,45.03373],[-105.90027,45.03364],[-105.90095,45.03365],[-105.90243,45.03378],[-105.90329,45.03354],[-105.90473,45.03384],[-105.90893,45.03363],[-105.91254,45.03033],[-105.9131,45.0299],[-105.91569,45.02797],[-105.91725,45.0268],[-105.9177,45.02641],[-105.91871,45.02477],[-105.90883,45.01816],[-105.90689,45.01538],[-105.90457,45.01289],[-105.89936,45.00851],[-105.91033,45.00032]]},"properties":{"gnis_id":"00789156","gnis_name":"Powder River","fcode":55800,"visibility":5000000}},
{"type":"Feature","geometry":{"type":"MultiLineString","coordinates":[[[-113.48518,45.47245],[-113.4851,45.47253],[-113.48443,45.47111],[-113.48323,45.46966],[-113.48293,45.46948],[-113.48149,45.46896],[-113.48108,45.46477],[-113.47905,45.45884],[-113.47906,45.45875],[-113.47904,45.45864],[-113.47993,45.45694],[-113.48007,45.45593],[-113.4764,45.4529],[-113.47424,45.45323],[-113.47267,45.45159],[-113.46908,45.44921],[-113.4658,45.44693],[-113.46291,45.44647],[-113.46354,45.44541],[-113.46178,45.44424],[-113.46082,45.44222],[-113.45883,45.44173],[-113.45766,45.44144],[-113.4568,45.44083],[-113.45934,45.43688],[-113.45698,45.43276],[-113.45581,45.43213],[-113.4557,45.43171],[-113.45536,45.4306],[-113.45215,45.42728],[-113.45117,45.4253],[-113.44943,45.4231],[-113.44845,45.42244],[-113.44656,45.42117],[-113.44674,45.41848],[-113.44213,45.40872],[-113.44018,45.40075],[-113.44072,45.3999],[-113.44078,45.39956],[-113.43922,45.39664],[-113.43855,45.39324],[-113.43675,45.39233],[-113.43731,45.39149],[-113.43682,45.39079],[-113.43665,45.38985],[-113.43576,45.3898],[-113.43569,45.38821],[-113.43445,45.38654],[-113.43427,45.38454],[-113.43395,45.38292],[-113.4329,45.38098],[-113.43192,45.37723],[-113.4333,45.37396],[-113.43474,45.37347],[-113.43782,45.36844],[-113.44073,45.36138],[-113.44198,45.35766],[-113.44192,45.35659],[-113.44217,45.35651]],[[-113.44862,45.65722],[-113.44872,45.65708],[-113.44904,45.65655]],[[-113.45325,45.63527],[-113.45356,45.63361],[-113.45358,45.63336],[-113.45086,45.63027],[-113.45161,45.62957],[-113.45366,45.62673],[-113.45458,45.62662],[-113.45481,45.62526],[-113.45577,45.62258],[-113.45849,45.61675],[-113.46087,45.6112],[-113.46161,45.60823],[-113.46524,45.6044],[-113.46627,45.60324],[-113.46574,45.60172],[-113.46704,45.60045],[-113.46902,45.59854],[-113.46972,45.59735],[-113.47369,45.59446],[-113.4708,45.58685],[-113.47113,45.58566],[-113.47343,45.57828],[-113.47695,45.57555],[-113.48054,45.57335],[-113.48164,45.57255],[-113.48192,45.5634],[-113.48477,45.56138],[-113.48613,45.55619],[-113.4879,45.54403],[-113.48775,45.543],[-113.48892,45.53995],[-113.48787,45.53942],[-113.48775,45.53634],[-113.48623,45.53331],[-113.48496,45.53237],[-113.48639,45.51699],[-113.49334,45.50987],[-113.49354,45.50668],[-113.49219,45.50347],[-113.49122,45.50282],[-113.48828,45.49962],[-113.489,45.49802],[-113.48783,45.49687],[-113.48908,45.49527],[-113.48907,45.49515],[-113.48897,45.49419],[-113.48931,45.49455],[-113.48958,45.49457],[-113.4897,45.49431],[-113.48987,45.4931],[-113.48969,45.49301],[-113.4888,45.4924],[-113.48797,45.49112],[-113.48773,45.48958],[-113.48908,45.48751],[-113.48911,45.48622],[-113.49036,45.48514],[-113.48666,45.47752],[-113.48627,45.47619],[-113.48631,45.47533],[-113.48603,45.47502],[-113.48605,45.47484]],[[-113.44928,45.66901],[-113.44992,45.66911],[-113.45246,45.67189],[-113.45622,45.67188],[-113.45934,45.67362],[-113.45978,45.67391],[-113.46345,45.67613],[-113.46441,45.67713],[-113.46746,45.6789],[-113.4658,45.68229],[-113.46479,45.68339],[-113.46253,45.68474],[-113.46183,45.68535],[-113.46132,45.688],[-113.45175,45.69648],[-113.45194,45.69813],[-113.44797,45.69891],[-113.44729,45.70056],[-113.44649,45.70107],[-113.44576,45.70119],[-113.44432,45.70132],[-113.44363,45.70163],[-113.44097,45.70309],[-113.44003,45.70158],[-113.43502,45.70235],[-113.4315,45.706],[-113.43222,45.7086],[-113.43104,45.70949],[-113.42803,45.7085],[-113.42648,45.70865],[-113.42486,45.71199],[-113.42275,45.71349],[-113.42204,45.7139],[-113.42074,45.71653],[-113.41738,45.7165],[-113.41303,45.71715],[-113.40976,45.72015],[-113.41102,45.7222],[-113.4083,45.72707],[-113.40626,45.73523],[-113.39987,45.73953],[-113.3898,45.74331],[-113.38647,45.74722],[-113.38623,45.74988],[-113.38477,45.75092],[-113.38331,45.75154],[-113.38175,45.75091],[-113.38095,45.75036],[-113.37853,45.74978],[-113.37166,45.75112],[-113.36751,45.75199],[-113.36608,45.75284],[-113.36563,45.75325],[-113.36316,45.75786],[-113.36157,45.76147],[-113.36223,45.77289],[-113.35953,45.77518],[-113.35393,45.78288],[-113.35348,45.7873],[-113.35347,45.78965],[-113.34916,45.8001],[-113.34753,45.80155],[-113.34788,45.80348],[-113.34202,45.80631],[-113.33934,45.80795],[-113.3397,45.81063],[-113.3356,45.81329],[-113.33301,45.81351],[-113.33008,45.81296],[-113.32909,45.81271],[-113.32879,45.81259],[-113.32691,45.81196],[-113.32297,45.80973],[-113.32158,45.80815],[-113.32119,45.80795],[-113.3083,45.80647],[-113.30447,45.81108],[-113.2937,45.82103],[-113.29189,45.82142],[-113.288,45.81735],[-113.28627,45.81709],[-113.27266,45.81979],[-113.27107,45.82057],[-113.26934,45.82216],[-113.2668,45.82442],[-113.2654,45.82561],[-113.26469,45.82612],[-113.2642,45.82644],[-113.26295,45.82734],[-113.26011,45.83236],[-113.25839,45.83394],[-113.25571,45.83626],[-113.25348,45.83829],[-113.25283,45.83878],[-113.25203,45.83946],[-113.2502,45.84074],[-113.25012,45.84093],[-113.25484,45.84451],[-113.25383,45.8481],[-113.25199,45.85046],[-113.25133,45.85057],[-113.24465,45.85207],[-113.24305,45.85193],[-113.23711,45.85503],[-113.23307,45.85894],[-113.23275,45.85917],[-113.23203,45.86128],[-113.23195,45.86149],[-113.23118,45.86308],[-113.23011,45.86474],[-113.22971,45.86501],[-113.22728,45.8678],[-113.2259,45.86858],[-113.2242,45.86987],[-113.21751,45.8735],[-113.21714,45.87377],[-113.20699,45.87647],[-113.20339,45.87475],[-113.19745,45.87449],[-113.18654,45.87944],[-113.18355,45.8811],[-113.18053,45.88429],[-113.17697,45.88526],[-113.17239,45.88482],[-113.16915,45.88485],[-113.15621,45.88473],[-113.14822,45.88349],[-113.14549,45.88264],[-113.14336,45.8824],[-113.14077,45.88229],[-113.13604,45.88237],[-113.1242,45.88283],[-113.11732,45.883],[-113.11552,45.88269],[-113.11202,45.88215],[-113.10365,45.88198],[-113.10276,45.882],[-113.09936,45.88111],[-113.09905,45.8807],[-113.09813,45.87893],[-113.09709,45.87782],[-113.09296,45.8764],[-113.09137,45.87308],[-113.08994,45.87239],[-113.08721,45.87184],[-113.08727,45.87102],[-113.08474,45.86377],[-113.08306,45.85417],[-113.07643,45.85172],[-113.07496,45.85136],[-113.07245,45.85079],[-113.06438,45.85055],[-113.0497,45.84173],[-113.04561,45.83882],[-113.04006,45.83347],[-113.03871,45.83228],[-113.03816,45.83217],[-113.03413,45.83106],[-113.02844,45.83015],[-113.02472,45.82972],[-113.00196,45.81597],[-113.00134,45.81443],[-113.00065,45.81147],[-113.00126,45.80896],[-112.98984,45.80832],[-112.98938,45.80859],[-112.98619,45.80734],[-112.98308,45.8068],[-112.98054,45.80637],[-112.97925,45.80636],[-112.9791,45.80637],[-112.97454,45.8056],[-112.97081,45.80426],[-112.96697,45.80278],[-112.96146,45.80332],[-112.96021,45.80317],[-112.95748,45.802],[-112.95606,45.80188],[-112.95045,45.80133],[-112.94721,45.80009],[-112.94626,45.79925],[-112.94533,45.79903],[-112.93389,45.8026],[-112.93204,45.80239],[-112.92941,45.80191],[-112.92807,45.80177],[-112.91627,45.78663],[-112.91454,45.78552],[-112.90027,45.78044],[-112.89717,45.78192],[-112.89681,45.78315],[-112.89263,45.78819],[-112.87829,45.78575],[-112.87584,45.78408],[-112.87078,45.77893],[-112.86637,45.77726],[-112.86085,45.77832],[-112.85694,45.77954],[-112.84772,45.77825],[-112.8453,45.77736],[-112.84278,45.77767],[-112.84058,45.77815],[-112.83868,45.77865],[-112.83815,45.77853],[-112.83437,45.77795],[-112.83256,45.77735],[-112.82929,45.7762],[-112.82876,45.77597],[-112.82259,45.77362],[-112.82225,45.77334],[-112.82002,45.77191],[-112.8171,45.769],[-112.81624,45.76831],[-112.80965,45.76273],[-112.8077,45.762],[-112.80223,45.76038],[-112.80082,45.75909],[-112.79859,45.7587],[-112.78989,45.76327],[-112.78631,45.76378],[-112.78058,45.75555],[-112.77779,45.75438],[-112.7702,45.75206],[-112.76421,45.75032],[-112.76292,45.74987],[-112.7588,45.73556],[-112.75665,45.73351],[-112.75026,45.73249],[-112.7481,45.73015],[-112.74755,45.72231],[-112.74773,45.72084],[-112.74877,45.71877],[-112.75359,45.71233],[-112.75162,45.70983],[-112.75074,45.70927],[-112.74647,45.70543],[-112.73553,45.70211],[-112.73607,45.70057],[-112.73666,45.70011],[-112.73784,45.69921],[-112.73942,45.69817],[-112.74063,45.69771],[-112.7411,45.69736],[-112.74221,45.69766],[-112.74392,45.69876],[-112.7449,45.69936],[-112.74394,45.69414],[-112.74112,45.69315],[-112.73819,45.69013],[-112.73647,45.68631],[-112.73408,45.68506],[-112.72526,45.67828],[-112.72537,45.67777],[-112.72441,45.67575],[-112.72159,45.67637],[-112.714,45.67636],[-112.7006,45.67562],[-112.70053,45.67552],[-112.69896,45.67206],[-112.69799,45.6635],[-112.69716,45.66202],[-112.69587,45.65935],[-112.69233,45.65667],[-112.69345,45.6541],[-112.69682,45.65425],[-112.69973,45.64544],[-112.69953,45.6449],[-112.69733,45.63709],[-112.69619,45.63359],[-112.69367,45.63114],[-112.6913,45.62957],[-112.68705,45.62485],[-112.68375,45.62012],[-112.6796,45.61134],[-112.68179,45.6108],[-112.68305,45.60907],[-112.68369,45.60412],[-112.68688,45.60119],[-112.68719,45.6008],[-112.68737,45.59907],[-112.68774,45.59494],[-112.68837,45.5921],[-112.68751,45.58149],[-112.68681,45.57927],[-112.68769,45.57518],[-112.68773,45.57213],[-112.68769,45.57204],[-112.68746,45.56757],[-112.68769,45.56703],[-112.68777,45.56687],[-112.68779,45.56304],[-112.68756,45.56227],[-112.6894,45.56075],[-112.68966,45.55864],[-112.69393,45.55264],[-112.69452,45.55171],[-112.69329,45.54716],[-112.69307,45.54593],[-112.69482,45.54224],[-112.69699,45.54091],[-112.69792,45.54003],[-112.69859,45.53928],[-112.70021,45.53708],[-112.70086,45.53647],[-112.70391,45.53154],[-112.70111,45.51732],[-112.69985,45.51462],[-112.69121,45.51199],[-112.68961,45.50515],[-112.68967,45.50463],[-112.68869,45.50199],[-112.68899,45.49406],[-112.69053,45.49255],[-112.69172,45.48664],[-112.69135,45.48512],[-112.69143,45.48375],[-112.69029,45.4816],[-112.68875,45.48124],[-112.68739,45.47987],[-112.68784,45.47724],[-112.6855,45.47731],[-112.68442,45.47758],[-112.68154,45.47641],[-112.68131,45.47631],[-112.67841,45.47495],[-112.67746,45.47419],[-112.67431,45.47228],[-112.66506,45.4671],[-112.66368,45.46623],[-112.65838,45.46077],[-112.65696,45.46061],[-112.65133,45.45723],[-112.65064,45.45718],[-112.64451,45.45414],[-112.63982,45.45539],[-112.63479,45.45134],[-112.63438,45.45015],[-112.63465,45.44958],[-112.63517,45.44664],[-112.63232,45.44555],[-112.62884,45.44103],[-112.61594,45.43758],[-112.61368,45.43702],[-112.60764,45.43663],[-112.60501,45.43287],[-112.60371,45.43157],[-112.59871,45.42885],[-112.59567,45.42934],[-112.59063,45.43113],[-112.58542,45.43145],[-112.5817,45.43004],[-112.57433,45.43155],[-112.57207,45.43311],[-112.54385,45.44507],[-112.53874,45.44626],[-112.5378,45.44574],[-112.53443,45.44454],[-112.5279,45.44407],[-112.52603,45.44396],[-112.52315,45.44375],[-112.51905,45.44335],[-112.51405,45.44259],[-112.50458,45.44318],[-112.49751,45.4466],[-112.49184,45.44912],[-112.49127,45.45287],[-112.48853,45.45388],[-112.48615,45.45477],[-112.48648,45.45601],[-112.4801,45.45827],[-112.47913,45.46204],[-112.47885,45.46273],[-112.47764,45.46471],[-112.475,45.46661],[-112.47265,45.46683],[-112.4704,45.46983],[-112.47039,45.47114],[-112.47045,45.47195],[-112.47123,45.47425],[-112.47168,45.47816],[-112.46654,45.47832],[-112.46341,45.48594],[-112.46284,45.48662],[-112.44677,45.49488],[-112.44432,45.49965],[-112.43959,45.50003],[-112.44068,45.49848],[-112.43819,45.49791],[-112.43446,45.49933],[-112.42436,45.50396],[-112.42263,45.51233],[-112.41841,45.51555],[-112.41138,45.51503],[-112.40799,45.51598],[-112.40564,45.5151],[-112.40241,45.51773],[-112.39694,45.52186],[-112.39403,45.52534],[-112.39433,45.52658],[-112.3947,45.52758],[-112.388,45.52881],[-112.38633,45.53212],[-112.37914,45.53656],[-112.37414,45.53977],[-112.37202,45.54036],[-112.36954,45.54046],[-112.36539,45.54779],[-112.35642,45.55592],[-112.34746,45.55932],[-112.3401,45.56133],[-112.33928,45.56145],[-112.33763,45.56215]],[[-113.44959,45.66851],[-113.44967,45.66842],[-113.44924,45.66408],[-113.44935,45.66242],[-113.44962,45.66189],[-113.44967,45.66026],[-113.44829,45.65779],[-113.4483,45.65763]],[[-113.45232,45.64506],[-113.45074,45.65023],[-113.45039,45.65081]],[[-113.45327,45.64381],[-113.45125,45.64507],[-113.45144,45.64528]],[[-113.45303,45.63762],[-113.45239,45.64012],[-113.45239,45.64035]],[[-113.45279,45.63702],[-113.45303,45.63604]]]},"properties":{"gnis_id":"00779824","gnis_name":"Big Hole River","fcode":55800,"visibility":5000000}},
{"type":"Feature","geometry":{"type":"MultiLineString","coordinates":[[[-115.73311,47.96134],[-115.72695,47.95253],[-115.72197,47.95127],[-115.69963,47.92013],[-115.69916,47.91474],[-115.70012,47.90635],[-115.70245,47.8992],[-115.70486,47.89327],[-115.70643,47.88322],[-115.6967,47.87493],[-115.69564,47.87404],[-115.6735,47.86816],[-115.65937,47.8609],[-115.65114,47.86176],[-115.626,47.85714],[-115.61282,47.85359],[-115.60439,47.852],[-115.59653,47.84804],[-115.56589,47.83355],[-115.56222,47.83074],[-115.55298,47.81622],[-115.53938,47.81377],[-115.52158,47.81213],[-115.51368,47.80902],[-115.50895,47.8063],[-115.50518,47.80226],[-115.501,47.79005],[-115.48819,47.78381],[-115.48708,47.78315],[-115.48295,47.77312],[-115.48269,47.76947],[-115.46186,47.74994],[-115.45456,47.74064],[-115.45392,47.73947],[-115.44236,47.72897],[-115.44155,47.72816],[-115.42795,47.72628],[-115.41983,47.72301],[-115.41933,47.72261],[-115.41882,47.7218],[-115.41976,47.71774],[-115.43519,47.70473],[-115.42531,47.68701],[-115.42214,47.68564],[-115.41561,47.68311],[-115.41336,47.68254],[-115.41196,47.68211],[-115.40956,47.6815],[-115.40254,47.67578],[-115.39876,47.67033],[-115.39845,47.65654],[-115.4032,47.62493],[-115.39258,47.62332],[-115.37599,47.60582],[-115.36134,47.59309],[-115.36044,47.5928],[-115.35867,47.59174],[-115.35771,47.59153],[-115.35274,47.58949],[-115.35143,47.59158]],[[-112.734,46.31257],[-112.7357,46.3121],[-112.73576,46.31186]],[[-112.73287,46.30942],[-112.73275,46.3095],[-112.73266,46.31088]],[[-115.3512,47.59169],[-115.34949,47.59244],[-115.3291,47.58704],[-115.31345,47.57258],[-115.30199,47.56955],[-115.27541,47.56694],[-115.27067,47.56713],[-115.2592,47.57327],[-115.25098,47.57476],[-115.2405,47.57587],[-115.21427,47.57601],[-115.19511,47.58208],[-115.18968,47.58144],[-115.18532,47.58055],[-115.18426,47.57975],[-115.1791,47.57825],[-115.1761,47.57432],[-115.17442,47.571],[-115.14604,47.55925],[-115.14135,47.55735],[-115.13716,47.55597],[-115.12181,47.55146],[-115.11686,47.54834],[-115.10068,47.5442],[-115.07755,47.53908],[-115.0734,47.53709],[-115.04889,47.52457],[-115.04382,47.52201],[-115.03033,47.52013],[-115.02913,47.52018],[-115.02884,47.52018],[-115.00097,47.52425],[-114.99864,47.52354],[-114.92131,47.49435],[-114.92115,47.49285],[-114.92419,47.4868],[-114.93425,47.47977],[-114.93972,47.47517],[-114.93575,47.46104],[-114.93588,47.46073],[-114.93594,47.45975],[-114.9297,47.4568],[-114.92472,47.45315],[-114.92329,47.45301],[-114.89641,47.4542],[-114.87561,47.45105],[-114.87208,47.44818],[-114.86145,47.43255],[-114.85229,47.4277],[-114.84459,47.42296],[-114.83787,47.41914],[-114.83708,47.41828],[-114.83406,47.41047],[-114.82727,47.40138],[-114.82661,47.40109],[-114.82602,47.40045],[-114.80884,47.38631],[-114.80765,47.38584],[-114.79926,47.38255],[-114.78605,47.37493],[-114.78104,47.37202],[-114.77934,47.37018],[-114.77726,47.36564],[-114.77747,47.36487],[-114.77885,47.3625],[-114.78967,47.33321],[-114.79905,47.3268],[-114.80066,47.3251],[-114.80535,47.31725],[-114.80829,47.31679],[-114.8138,47.30433],[-114.82168,47.30438],[-114.83448,47.31281],[-114.83587,47.31106],[-114.84972,47.31352],[-114.87856,47.32408],[-114.89218,47.32144],[-114.89463,47.31718],[-114.89697,47.31735],[-114.90707,47.32161],[-114.90947,47.32755],[-114.90976,47.3377],[-114.91362,47.33824],[-114.9318,47.32807],[-114.93244,47.32795],[-114.93333,47.32788],[-114.94367,47.32925],[-114.95976,47.34096],[-114.96195,47.34115],[-114.98665,47.34306],[-114.99806,47.34205],[-114.99929,47.34167],[-115.01742,47.32816],[-115.03093,47.32597],[-115.05053,47.32851],[-115.05743,47.3265],[-115.05923,47.31211],[-115.05638,47.30676],[-115.05845,47.3062],[-115.08441,47.30531],[-115.08713,47.30144],[-115.09002,47.29687],[-115.08876,47.28377],[-115.06907,47.26742],[-115.06445,47.26359],[-115.05904,47.25812],[-115.05883,47.2572],[-115.05539,47.24242],[-115.04924,47.23358],[-114.99744,47.23782],[-114.97045,47.23325],[-114.96461,47.226],[-114.95646,47.21699],[-114.95598,47.21679],[-114.91619,47.20044],[-114.86432,47.18033],[-114.86354,47.17827],[-114.86348,47.17809],[-114.82955,47.14326],[-114.82963,47.14316],[-114.82971,47.14308],[-114.83005,47.14272],[-114.80174,47.12824],[-114.78566,47.12871],[-114.78511,47.122],[-114.779,47.10412],[-114.77905,47.10388],[-114.77351,47.08445],[-114.765,47.08281],[-114.76346,47.08084],[-114.76212,47.06978],[-114.76683,47.0527],[-114.76425,47.03718],[-114.75349,47.03122],[-114.74082,47.0098],[-114.71443,46.99705],[-114.70508,46.99962],[-114.70045,47.00363],[-114.66225,47.01708],[-114.6467,47.02242],[-114.61563,47.01741],[-114.61102,47.01659],[-114.58427,47.01193],[-114.57779,47.00837],[-114.56698,47.00356],[-114.56004,47.00223],[-114.54266,47.01029],[-114.52336,47.01964],[-114.5128,47.01765],[-114.50949,47.01598],[-114.50172,47.00842],[-114.45464,46.99406],[-114.4469,46.99238],[-114.40857,46.98485],[-114.4087,46.99059],[-114.4115,47.00364],[-114.40884,47.01512],[-114.40595,47.01954],[-114.39866,47.02488],[-114.39451,47.02775],[-114.39332,47.02874],[-114.38487,47.02614],[-114.3834,47.02273],[-114.38297,47.02032],[-114.38112,47.01048],[-114.37903,47.00933],[-114.36688,47.00993],[-114.35769,47.02248],[-114.34751,47.02984],[-114.3397,47.02519],[-114.3362,47.02224],[-114.32313,47.01578],[-114.31641,47.01361],[-114.31597,47.01359],[-114.30836,47.01417],[-114.30131,47.01262],[-114.29817,47.01151],[-114.2948,47.01023],[-114.28993,47.00847],[-114.28242,47.00824],[-114.27543,47.00696],[-114.2681,47.00682],[-114.26445,47.00429],[-114.25735,47.00015],[-114.24747,47.00592],[-114.24513,47.00654],[-114.24312,47.00601],[-114.2426,47.00545],[-114.24212,47.00473],[-114.24174,47.00418],[-114.23453,46.99741],[-114.23217,46.99687],[-114.2285,46.99183],[-114.2285,46.99145],[-114.2309,46.98835],[-114.23385,46.98246],[-114.22992,46.98095],[-114.22767,46.97201],[-114.2271,46.96791],[-114.22072,46.95969],[-114.2205,46.95916],[-114.21975,46.95525],[-114.21944,46.9541],[-114.21776,46.95261],[-114.21629,46.95126],[-114.2088,46.9433],[-114.20993,46.93761],[-114.20963,46.93225],[-114.2094,46.93161],[-114.20701,46.92953],[-114.20518,46.92767],[-114.20101,46.92643],[-114.19551,46.92481],[-114.18923,46.91437],[-114.18356,46.9114],[-114.18015,46.9102],[-114.1744,46.90386],[-114.16778,46.90551],[-114.16597,46.90701],[-114.15888,46.908],[-114.15635,46.90685],[-114.152,46.90661],[-114.14953,46.90131],[-114.15016,46.89953],[-114.14009,46.88371],[-114.13046,46.8788],[-114.13121,46.87805],[-114.13118,46.87744],[-114.12008,46.86168],[-114.11792,46.86229],[-114.11494,46.86302],[-114.1047,46.86806],[-114.10328,46.86899],[-114.10103,46.87133],[-114.10023,46.87165],[-114.09328,46.87389],[-114.08849,46.87409],[-114.08111,46.87438],[-114.0797,46.87676],[-114.07619,46.87617],[-114.07576,46.87522],[-114.07492,46.87427],[-114.06419,46.87637],[-114.06329,46.87505],[-114.06303,46.8747],[-114.06203,46.87351],[-114.05832,46.87206],[-114.05815,46.87205],[-114.05799,46.87206],[-114.05501,46.87313],[-114.05253,46.87417],[-114.04454,46.87551],[-114.03175,46.88264],[-113.98493,46.86728],[-113.94704,46.86324],[-113.94501,46.86349],[-113.94111,46.86643],[-113.93239,46.87061],[-113.93164,46.88278],[-113.93047,46.88483],[-113.92481,46.88704],[-113.91473,46.88353],[-113.88947,46.87106],[-113.88562,46.86799],[-113.88543,46.86732],[-113.88292,46.86556],[-113.87777,46.86355],[-113.87563,46.86104],[-113.86738,46.85559],[-113.86545,46.85536],[-113.86106,46.85359],[-113.86127,46.85231],[-113.85967,46.85092],[-113.85933,46.84962],[-113.85439,46.84347],[-113.85437,46.8434],[-113.84744,46.83826],[-113.84573,46.83706],[-113.84253,46.83507],[-113.83988,46.83359],[-113.83512,46.83243],[-113.83308,46.82986],[-113.82968,46.82791],[-113.8284,46.82705],[-113.82694,46.82634],[-113.82529,46.82573],[-113.82474,46.82559],[-113.82033,46.82687],[-113.81052,46.82419],[-113.80612,46.82195],[-113.80443,46.82071],[-113.80349,46.82054],[-113.80135,46.81891],[-113.796,46.81546],[-113.79139,46.81332],[-113.79038,46.81264],[-113.78924,46.81173],[-113.78808,46.80974],[-113.78406,46.80129],[-113.78441,46.79836],[-113.78316,46.79653],[-113.78178,46.79608],[-113.77526,46.79333],[-113.76488,46.79134],[-113.76464,46.79141],[-113.76076,46.78912],[-113.74871,46.78658],[-113.74787,46.78538],[-113.74273,46.78335],[-113.724,46.78103],[-113.72504,46.77749],[-113.72508,46.77693],[-113.72373,46.77253],[-113.72182,46.76975],[-113.71879,46.7672],[-113.71957,46.76459],[-113.71864,46.76277],[-113.71922,46.75932],[-113.71791,46.75554],[-113.72066,46.75144],[-113.72048,46.74982],[-113.7202,46.74961],[-113.71877,46.74813],[-113.71821,46.74788],[-113.71224,46.74426],[-113.71122,46.74257],[-113.70946,46.74024],[-113.70811,46.73888],[-113.70384,46.73672],[-113.70167,46.73525],[-113.70215,46.73327],[-113.70132,46.73185],[-113.69916,46.72893],[-113.69782,46.72702],[-113.68983,46.72516],[-113.68808,46.72543],[-113.68738,46.72562],[-113.68424,46.72583],[-113.68402,46.72581],[-113.6829,46.72516],[-113.68192,46.72482],[-113.68023,46.72523],[-113.67827,46.72568],[-113.67403,46.7248],[-113.64038,46.72452],[-113.63791,46.72466],[-113.61439,46.72257],[-113.61291,46.7225],[-113.60902,46.72227],[-113.59317,46.71823],[-113.58839,46.71724],[-113.58201,46.71617],[-113.58086,46.71583],[-113.57635,46.71264],[-113.57599,46.71471],[-113.57299,46.72025],[-113.57262,46.7216],[-113.55635,46.72098],[-113.55367,46.72012],[-113.52045,46.71146],[-113.5201,46.71142],[-113.51981,46.71163],[-113.50861,46.70523],[-113.50468,46.70226],[-113.4916,46.69712],[-113.48795,46.69483],[-113.48451,46.69406],[-113.45824,46.70382],[-113.44774,46.69988],[-113.41947,46.69672],[-113.40217,46.70093],[-113.37317,46.7068],[-113.36647,46.70597],[-113.36211,46.70387],[-113.34661,46.70376],[-113.33661,46.706],[-113.33707,46.70826],[-113.33706,46.7096],[-113.33342,46.71137],[-113.30262,46.71662],[-113.29557,46.72007],[-113.29173,46.71938],[-113.29021,46.7198],[-113.27292,46.71496],[-113.26803,46.71489],[-113.26324,46.71341],[-113.23779,46.71003],[-113.23963,46.70692],[-113.22183,46.69568],[-113.20463,46.6927],[-113.20356,46.6918],[-113.19616,46.68486],[-113.19517,46.68251],[-113.1896,46.67899],[-113.18889,46.67757],[-113.18323,46.67589],[-113.18105,46.674],[-113.18121,46.6725],[-113.17658,46.66945],[-113.17418,46.6658],[-113.17074,46.66429],[-113.16842,46.66427],[-113.16433,46.6651],[-113.16092,46.6648],[-113.15427,46.66046],[-113.1458,46.66001],[-113.14451,46.65932],[-113.14588,46.65379],[-113.14598,46.65354],[-113.14454,46.65276],[-113.1402,46.65326],[-113.13531,46.64745],[-113.11885,46.64087],[-113.11417,46.64242],[-113.09646,46.63347],[-113.09668,46.6295],[-113.09538,46.62779],[-113.09228,46.62368],[-113.08589,46.62135],[-113.07068,46.61831],[-113.06096,46.61839],[-113.05171,46.61447],[-113.0494,46.6137],[-113.04634,46.6129],[-113.04647,46.61274],[-113.0418,46.60265],[-113.03718,46.60069],[-113.03688,46.60063],[-113.03639,46.60045],[-113.03188,46.60036],[-113.02555,46.59929],[-113.02528,46.59752],[-113.01662,46.59762],[-113.0165,46.59678],[-113.01638,46.59503],[-113.01314,46.59476],[-113.01013,46.59618],[-112.99096,46.59753],[-112.98988,46.59745],[-112.98428,46.59888],[-112.98375,46.59911],[-112.98128,46.59988],[-112.97571,46.59942],[-112.97626,46.60033],[-112.96619,46.60175],[-112.9657,46.60139],[-112.94869,46.59441],[-112.93101,46.59049],[-112.92215,46.58928],[-112.90816,46.58417],[-112.90763,46.58354],[-112.90361,46.58257],[-112.90268,46.58234],[-112.88668,46.55902],[-112.86674,46.55594],[-112.85983,46.55108],[-112.847,46.54085],[-112.84006,46.53646],[-112.82464,46.53437],[-112.82823,46.52273],[-112.81958,46.5201],[-112.79913,46.51539],[-112.79577,46.51413],[-112.79487,46.51342],[-112.78785,46.50711],[-112.78422,46.50577],[-112.77831,46.50399],[-112.77151,46.5031],[-112.7519,46.50419],[-112.74873,46.50339],[-112.73817,46.4971],[-112.73692,46.49569],[-112.73241,46.49145],[-112.72678,46.4862],[-112.73002,46.47989],[-112.72736,46.47543],[-112.72823,46.47285],[-112.72536,46.47163],[-112.73799,46.43306],[-112.73901,46.43127],[-112.74479,46.41848],[-112.74483,46.41012],[-112.74543,46.40731],[-112.74225,46.40091],[-112.74195,46.39899],[-112.73961,46.39578],[-112.73692,46.38914],[-112.73491,46.37127],[-112.73149,46.36973],[-112.73266,46.35867]],[[-112.73353,46.31111],[-112.73382,46.31089],[-112.73576,46.31149],[-112.73573,46.31171]],[[-112.72857,46.29557],[-112.73113,46.29963],[-112.73222,46.30418],[-112.73127,46.30471],[-112.7347,46.308],[-112.73372,46.30915],[-112.73318,46.30928]],[[-112.73388,46.31263],[-112.73657,46.31708],[-112.73563,46.318],[-112.73689,46.32067],[-112.7371,46.32485],[-112.73751,46.32551]],[[-112.73524,46.3574],[-112.7352,46.35731],[-112.73634,46.3526],[-112.73631,46.34742],[-112.7374,46.34682],[-112.73704,46.34617],[-112.74003,46.34192],[-112.73654,46.33909],[-112.74017,46.32565]],[[-115.73379,47.9616],[-115.74369,47.97509],[-115.74794,47.98157],[-115.751,47.98422],[-115.76267,47.99459],[-115.763,47.99492],[-115.7639,47.99528],[-115.77208,47.99993],[-115.77516,48.00101],[-115.82647,48.01267],[-115.84617,48.02357],[-115.876,48.03609],[-115.89208,48.05596],[-115.91421,48.06162],[-115.92629,48.06446],[-115.93058,48.06575],[-115.93286,48.06627],[-115.93625,48.0664],[-115.96625,48.06551],[-115.98823,48.08003],[-116.001,48.08449],[-116.01722,48.08642],[-116.03068,48.0889],[-116.04576,48.08913],[-116.0491,48.08913]],[[-112.72414,46.29404],[-112.72327,46.29371],[-112.72462,46.28882],[-112.72524,46.28579],[-112.72806,46.28475],[-112.72977,46.28472],[-112.72941,46.28046],[-112.72934,46.28042],[-112.72945,46.27997],[-112.73117,46.27619],[-112.7317,46.27621],[-112.73283,46.27607],[-112.73392,46.27676],[-112.73818,46.27162],[-112.74031,46.2679],[-112.74921,46.2609],[-112.75389,46.25872],[-112.75366,46.24565],[-112.75106,46.24467],[-112.7509,46.24458],[-112.75084,46.24088],[-112.75298,46.23571],[-112.75164,46.23415],[-112.75858,46.22681],[-112.7584,46.22318],[-112.76715,46.21393],[-112.76779,46.21026],[-112.76629,46.20517],[-112.76737,46.19619],[-112.7674,46.19548],[-112.76795,46.18938],[-112.7717,46.18696],[-112.77053,46.18513]],[[-112.72845,46.29563],[-112.72475,46.29399]],[[-112.73977,46.32548],[-112.7388,46.32544]]]},"properties":{"gnis_id":"00798973","gnis_name":"Clark Fork","fcode":55800,"visibility":5000000}},
{"type":"Feature","geometry":{"type":"MultiLineString","coordinates":[[[-114.77726,47.36564],[-114.7767,47.36528],[-114.77582,47.36455],[-114.76528,47.35223],[-114.74737,47.35233],[-114.74164,47.35212],[-114.73065,47.34718],[-114.71047,47.34494],[-114.7019,47.3449],[-114.69855,47.3444],[-114.69771,47.34392],[-114.68755,47.34289],[-114.68392,47.34291],[-114.68153,47.34333],[-114.67325,47.34321],[-114.64994,47.33443],[-114.64227,47.34004],[-114.63647,47.34447],[-114.62286,47.34838],[-114.61135,47.35391],[-114.60134,47.36359],[-114.57563,47.36846],[-114.56468,47.36466],[-114.54593,47.35808],[-114.54503,47.35775],[-114.53978,47.35574],[-114.53517,47.35384],[-114.53461,47.35271],[-114.52698,47.34601],[-114.50782,47.33815],[-114.50356,47.33598],[-114.49124,47.3337],[-114.48792,47.33282],[-114.47487,47.33044],[-114.47443,47.33023],[-114.46882,47.32838],[-114.45734,47.32372],[-114.43469,47.32223],[-114.43424,47.32254],[-114.42976,47.32355],[-114.42278,47.32332],[-114.42257,47.32318],[-114.41397,47.32591],[-114.41115,47.3269],[-114.40132,47.33012],[-114.39932,47.33017],[-114.39308,47.32981],[-114.3812,47.32767],[-114.37907,47.32798],[-114.37363,47.32978],[-114.36859,47.33008],[-114.3667,47.33044],[-114.36073,47.33073],[-114.35305,47.33048],[-114.33775,47.32739],[-114.33053,47.32551],[-114.3265,47.32536],[-114.31764,47.32201],[-114.30782,47.32095],[-114.30508,47.3216],[-114.29805,47.33047],[-114.30046,47.33188],[-114.30117,47.33656],[-114.28667,47.34905],[-114.28904,47.35601],[-114.30356,47.36288],[-114.329,47.35937],[-114.32519,47.3687],[-114.32974,47.37361],[-114.3373,47.37676],[-114.34039,47.37871],[-114.34359,47.38316],[-114.35114,47.38749],[-114.35327,47.39219],[-114.3494,47.39894],[-114.34135,47.42509],[-114.34228,47.43882],[-114.33892,47.44183],[-114.33302,47.44471],[-114.33084,47.44596],[-114.3279,47.44888],[-114.32667,47.45892],[-114.3264,47.46691],[-114.29307,47.46283],[-114.28564,47.4672],[-114.28285,47.47099],[-114.29157,47.48837],[-114.29977,47.49652],[-114.30314,47.49735],[-114.30988,47.49655],[-114.31612,47.49558],[-114.32216,47.4953],[-114.32381,47.4954],[-114.32699,47.49591],[-114.32941,47.4962],[-114.33132,47.49512],[-114.33725,47.49584],[-114.33905,47.4961],[-114.34327,47.49676],[-114.34669,47.49708],[-114.3505,47.49671],[-114.35656,47.49446],[-114.36399,47.49011],[-114.36551,47.48795],[-114.38256,47.48834],[-114.38019,47.49186],[-114.37946,47.49259],[-114.37679,47.4946],[-114.37326,47.49828],[-114.37134,47.50365],[-114.37084,47.50571],[-114.37017,47.50876],[-114.36862,47.51375],[-114.36633,47.51617],[-114.36513,47.51859],[-114.36439,47.52083],[-114.36554,47.52623],[-114.36589,47.52683],[-114.36648,47.52778],[-114.36682,47.52826],[-114.36776,47.53233],[-114.36767,47.53356],[-114.36648,47.53614],[-114.36493,47.53836],[-114.36304,47.54089],[-114.36041,47.54266],[-114.35753,47.54378],[-114.35578,47.54416],[-114.35409,47.54441],[-114.34668,47.54615],[-114.34464,47.54676],[-114.34342,47.54718],[-114.33914,47.54867],[-114.33695,47.55068],[-114.3357,47.55099],[-114.33254,47.5535],[-114.32886,47.55847],[-114.32766,47.56255],[-114.32768,47.5636],[-114.32808,47.56466],[-114.32805,47.56472],[-114.33024,47.56709],[-114.33359,47.56813],[-114.33992,47.57053],[-114.33997,47.57122],[-114.34008,47.57488],[-114.34051,47.57857],[-114.34056,47.58407],[-114.33123,47.58708],[-114.32263,47.59606],[-114.33185,47.59755],[-114.35005,47.60155],[-114.35078,47.60235],[-114.35305,47.60545],[-114.35457,47.60794],[-114.34963,47.6159],[-114.35978,47.61449],[-114.36125,47.61543],[-114.36527,47.61926],[-114.36753,47.62258],[-114.36599,47.62934],[-114.36008,47.63295],[-114.35385,47.63689],[-114.35175,47.64119],[-114.3515,47.64479],[-114.3367,47.65168],[-114.33343,47.6519],[-114.32599,47.65387],[-114.32512,47.65406],[-114.31634,47.65536],[-114.28593,47.65862],[-114.27731,47.65746],[-114.26703,47.66369],[-114.26833,47.66559],[-114.26968,47.66839],[-114.26849,47.6708],[-114.26825,47.67095],[-114.26311,47.67804],[-114.26298,47.67839],[-114.24944,47.68131],[-114.24143,47.6784],[-114.24084,47.67818]],[[-114.12836,48.06098],[-114.11831,48.0796],[-114.11612,48.08222],[-114.11429,48.08371],[-114.11474,48.10436],[-114.12112,48.10715],[-114.12169,48.11519],[-114.14267,48.12126],[-114.14293,48.16213],[-114.16655,48.1673],[-114.18616,48.1525],[-114.21827,48.16763],[-114.21398,48.15943],[-114.26091,48.15369],[-114.24781,48.15741],[-114.25779,48.16587],[-114.25538,48.17264],[-114.25617,48.17363],[-114.26091,48.1757],[-114.26354,48.17728],[-114.26228,48.17826],[-114.26023,48.18196],[-114.26056,48.18252],[-114.2619,48.18402],[-114.26325,48.18663],[-114.26538,48.18954],[-114.26516,48.18977],[-114.26409,48.19383],[-114.26739,48.19669],[-114.26813,48.19878],[-114.26695,48.20095],[-114.26587,48.20486],[-114.2649,48.20528],[-114.26225,48.20744],[-114.25751,48.2105],[-114.25524,48.21149],[-114.24963,48.21632],[-114.2478,48.21834],[-114.24561,48.21895],[-114.24176,48.22163],[-114.23808,48.22705],[-114.22651,48.23039],[-114.23227,48.24131],[-114.22865,48.24044],[-114.22551,48.24045],[-114.22515,48.2407],[-114.22401,48.24509],[-114.22604,48.24721],[-114.22648,48.25169],[-114.22757,48.25674],[-114.22404,48.26259],[-114.21624,48.27511],[-114.21716,48.28112],[-114.21847,48.28281],[-114.21938,48.28532],[-114.22109,48.29431],[-114.22039,48.2981],[-114.20712,48.30589],[-114.20782,48.32208],[-114.21154,48.32885],[-114.2202,48.345],[-114.21835,48.35148],[-114.2116,48.35545],[-114.16756,48.36754],[-114.16645,48.36829],[-114.15798,48.38424],[-114.14195,48.38852],[-114.10525,48.38601],[-114.10417,48.38625],[-114.09073,48.38856],[-114.08556,48.39249],[-114.07502,48.39578],[-114.04801,48.38954],[-114.04677,48.39326],[-114.05735,48.41593],[-114.05681,48.4201],[-114.05911,48.426],[-114.06055,48.42784],[-114.06166,48.42896],[-114.06546,48.43186],[-114.06918,48.44003],[-114.06738,48.44165],[-114.04805,48.44932],[-114.04778,48.45318],[-114.056,48.45638],[-114.07074,48.46231],[-114.07121,48.46529]]]},"properties":{"gnis_id":"00783518","gnis_name":"Flathead River","fcode":55800,"visibility":5000000}},
{"type":"Feature","geometry":{"type":"MultiLineString","coordinates":[[[-105.75046,46.24462],[-105.75031,46.24419],[-105.76039,46.23672],[-105.76017,46.23656],[-105.75565,46.23183],[-105.76247,46.22969],[-105.76895,46.21917],[-105.76927,46.21814],[-105.76909,46.21119],[-105.764,46.21005],[-105.7631,46.20922],[-105.76179,46.20492],[-105.76173,46.20218],[-105.76387,46.19932],[-105.76914,46.19573],[-105.78077,46.197],[-105.78377,46.19405],[-105.79849,46.1818],[-105.79697,46.17723],[-105.79376,46.16614],[-105.80219,46.16582],[-105.8052,46.16111],[-105.8087,46.15912],[-105.81145,46.15632],[-105.82287,46.15111],[-105.82013,46.14251],[-105.81937,46.13788],[-105.81546,46.13712],[-105.8151,46.13706],[-105.80953,46.132],[-105.82385,46.12943],[-105.82377,46.12425],[-105.82686,46.12483],[-105.84395,46.11007],[-105.84998,46.10613],[-105.86031,46.1042],[-105.86487,46.11058],[-105.8674,46.10984],[-105.86737,46.1085],[-105.87338,46.10715],[-105.88124,46.10572],[-105.87556,46.09227],[-105.87588,46.09214],[-105.87679,46.09183],[-105.88055,46.09118],[-105.88263,46.09003],[-105.88606,46.08354],[-105.88705,46.08209],[-105.89702,46.0801],[-105.89999,46.08214],[-105.9214,46.08648],[-105.92369,46.08319],[-105.92447,46.08086],[-105.93343,46.07231],[-105.9326,46.06617],[-105.92628,46.05811],[-105.93579,46.04604],[-105.94065,46.04797],[-105.94883,46.03982],[-105.96007,46.03584],[-105.96381,46.03689],[-105.96662,46.03766],[-105.975,46.03381],[-105.98265,46.02235],[-105.99075,46.01694],[-106.00323,46.01888],[-106.00501,46.01638],[-106.01286,46.01516],[-106.01374,46.01484],[-106.01614,46.01578],[-106.0186,46.01571],[-106.0222,46.0015],[-106.0327,46.00029],[-106.03344,46.00001],[-106.04053,45.99462],[-106.0414,45.98759],[-106.04391,45.9832],[-106.04919,45.9813],[-106.05118,45.98045],[-106.0546,45.97923],[-106.06458,45.97653],[-106.06883,45.97802],[-106.07381,45.97631],[-106.0725,45.97036],[-106.0728,45.95831],[-106.069,45.95272],[-106.07114,45.94771],[-106.07324,45.94632],[-106.0834,45.9466],[-106.08928,45.94271],[-106.09589,45.94181],[-106.09678,45.94015],[-106.10639,45.94367],[-106.11712,45.93437],[-106.11781,45.93247],[-106.11661,45.93003],[-106.11644,45.92709],[-106.11846,45.92635],[-106.11927,45.92642],[-106.12556,45.92791],[-106.13489,45.92505],[-106.14622,45.92498],[-106.14852,45.92452],[-106.15564,45.91703],[-106.1634,45.91713],[-106.16284,45.90752],[-106.17095,45.91022],[-106.17369,45.90964],[-106.17524,45.90848],[-106.17986,45.90222],[-106.17562,45.89697],[-106.17746,45.89157],[-106.17272,45.88814],[-106.1797,45.8882],[-106.1855,45.88505],[-106.18744,45.8736],[-106.1872,45.87334],[-106.18975,45.87097],[-106.19449,45.86382],[-106.20399,45.86942],[-106.20165,45.8628],[-106.20404,45.86286],[-106.22386,45.8549],[-106.2198,45.84574],[-106.22026,45.84005],[-106.22026,45.83906],[-106.22127,45.83783],[-106.22484,45.8355],[-106.22719,45.83227],[-106.23105,45.82397],[-106.2305,45.82253],[-106.23051,45.81985],[-106.24383,45.82267],[-106.24497,45.82239],[-106.24536,45.82206],[-106.24642,45.82008],[-106.23617,45.81183],[-106.24757,45.80858],[-106.24779,45.80421],[-106.26266,45.79133],[-106.26107,45.78722],[-106.26618,45.77796],[-106.27365,45.77478],[-106.2749,45.77331],[-106.29946,45.75131],[-106.30054,45.74876],[-106.29066,45.74377],[-106.28807,45.73975],[-106.28555,45.73898],[-106.28499,45.73867],[-106.28454,45.73786],[-106.28509,45.73723],[-106.2877,45.73319],[-106.2821,45.72696],[-106.28177,45.72631],[-106.2818,45.72353],[-106.29354,45.72097],[-106.29427,45.72016],[-106.28751,45.71773],[-106.28269,45.71359],[-106.28271,45.71332],[-106.28223,45.701],[-106.28228,45.70064],[-106.28286,45.68986],[-106.28306,45.67969],[-106.28916,45.67663],[-106.28973,45.67481],[-106.287,45.67097],[-106.29069,45.65782],[-106.28962,45.65679],[-106.28741,45.65352],[-106.29439,45.65321],[-106.29595,45.65283],[-106.29595,45.65104],[-106.28265,45.64392],[-106.27883,45.64096],[-106.28971,45.63265],[-106.27703,45.63359],[-106.27242,45.61768],[-106.26757,45.60503],[-106.27213,45.60167],[-106.27399,45.59985],[-106.27453,45.59891],[-106.28422,45.60464],[-106.2867,45.57815],[-106.28528,45.57513],[-106.2838,45.57207],[-106.28323,45.57185],[-106.28635,45.56438],[-106.28815,45.56605],[-106.28812,45.55503],[-106.29737,45.54837],[-106.30417,45.55033],[-106.30179,45.54643],[-106.31113,45.54556],[-106.31118,45.53446],[-106.31478,45.5321],[-106.31719,45.53361],[-106.3184,45.53143],[-106.32092,45.53074],[-106.32533,45.53159],[-106.32767,45.53134],[-106.32144,45.52413],[-106.33502,45.51622],[-106.33548,45.51514],[-106.33443,45.50997],[-106.33153,45.50327],[-106.34232,45.50459],[-106.34292,45.50269],[-106.34713,45.49711],[-106.34872,45.48655],[-106.35231,45.48664],[-106.36128,45.47585],[-106.36859,45.47344],[-106.37732,45.47104],[-106.37965,45.47055],[-106.38167,45.47248],[-106.38639,45.47153],[-106.38601,45.46974],[-106.3911,45.46395],[-106.39661,45.45078],[-106.39971,45.45349],[-106.41066,45.45206],[-106.40694,45.44753],[-106.43187,45.43314],[-106.43103,45.42728],[-106.43052,45.42479],[-106.43153,45.42378],[-106.43623,45.41554],[-106.44618,45.4214],[-106.46194,45.41866],[-106.4625,45.41794],[-106.46163,45.40126],[-106.46402,45.39808],[-106.46606,45.39217],[-106.46685,45.39169],[-106.48024,45.3908],[-106.47702,45.3855],[-106.48097,45.38461],[-106.4951,45.37764],[-106.49658,45.37385],[-106.49372,45.37031],[-106.49166,45.36552],[-106.50059,45.36761],[-106.50361,45.36752],[-106.50579,45.36637],[-106.50309,45.36528],[-106.50264,45.36454],[-106.50517,45.36187],[-106.50717,45.35979],[-106.51652,45.35714],[-106.5236,45.35315],[-106.523,45.34895],[-106.52287,45.34772],[-106.52581,45.3453],[-106.52903,45.34282],[-106.53163,45.34256],[-106.53142,45.34112],[-106.52589,45.33857],[-106.51529,45.33629],[-106.51306,45.3348],[-106.51115,45.32951],[-106.52128,45.32089],[-106.52278,45.3205],[-106.52567,45.3188],[-106.52402,45.31613],[-106.52405,45.31224],[-106.52633,45.31004],[-106.5364,45.31417],[-106.54467,45.30721],[-106.54837,45.3102],[-106.55084,45.30896],[-106.56129,45.30466],[-106.56759,45.29963],[-106.56061,45.297],[-106.56005,45.29404],[-106.56165,45.292],[-106.56727,45.28855],[-106.57817,45.29251],[-106.5822,45.29442],[-106.58309,45.29464],[-106.5919,45.28348],[-106.59408,45.28401],[-106.59793,45.28576],[-106.6063,45.28289],[-106.60728,45.28302],[-106.60735,45.28148],[-106.61838,45.28183],[-106.62267,45.2833],[-106.6256,45.28129],[-106.6259,45.28095],[-106.6256,45.27575],[-106.62482,45.26916],[-106.62521,45.26581],[-106.62264,45.26227],[-106.6227,45.26183],[-106.6256,45.26074],[-106.62907,45.26148],[-106.63464,45.26244],[-106.63647,45.25592],[-106.63625,45.25137],[-106.64289,45.25089],[-106.64945,45.25155],[-106.65056,45.24999],[-106.65081,45.24961],[-106.66644,45.24279],[-106.6682,45.24206],[-106.67107,45.24077],[-106.67131,45.23926],[-106.66833,45.23753],[-106.6666,45.23419],[-106.66172,45.2281],[-106.66366,45.22805],[-106.67074,45.22777],[-106.67335,45.22648],[-106.68235,45.21236],[-106.68364,45.21128],[-106.68517,45.2114],[-106.69259,45.21543],[-106.69505,45.21753],[-106.69925,45.21845],[-106.69866,45.20924],[-106.69886,45.20595],[-106.69454,45.19619],[-106.69647,45.19176],[-106.71006,45.19616],[-106.7162,45.19269],[-106.71982,45.18838],[-106.71835,45.17652],[-106.7243,45.1756],[-106.73775,45.18555],[-106.74087,45.18295],[-106.74102,45.18155],[-106.74468,45.17073],[-106.74544,45.17065],[-106.74625,45.16836],[-106.74335,45.1657],[-106.73166,45.16404],[-106.73078,45.16215],[-106.73445,45.15809],[-106.73728,45.15786],[-106.7464,45.15583],[-106.74679,45.15569],[-106.7516,45.15161],[-106.76231,45.14615],[-106.7678,45.14477],[-106.76655,45.13887],[-106.76609,45.13834],[-106.76883,45.13373]],[[-105.7505,46.24474],[-105.75291,46.25018],[-105.76458,46.25763],[-105.77175,46.27833],[-105.76809,46.28237],[-105.7698,46.28443],[-105.77469,46.29887],[-105.77747,46.3043],[-105.77343,46.30809],[-105.76485,46.31125],[-105.78454,46.32143],[-105.7941,46.32745],[-105.78487,46.33473],[-105.81459,46.35174],[-105.8216,46.35322],[-105.82631,46.35466],[-105.83381,46.37602],[-105.84567,46.39368],[-105.85399,46.39597],[-105.86594,46.40835],[-105.86666,46.40913],[-105.8668,46.40929],[-105.86737,46.40975]],[[-106.84817,44.99584],[-106.85315,45.00389],[-106.87267,45.00446],[-106.8732,45.0034],[-106.87346,44.9998],[-106.87521,44.99928],[-106.87778,44.99891],[-106.87965,44.99871],[-106.88027,44.99595]],[[-106.82402,44.99575],[-106.83507,45.01162],[-106.81941,45.01264],[-106.81298,45.01225],[-106.81031,45.01362],[-106.80971,45.01403],[-106.80753,45.02086],[-106.81353,45.0222],[-106.81185,45.03276],[-106.80672,45.04298],[-106.80645,45.05022],[-106.79553,45.05913],[-106.79524,45.0597],[-106.79534,45.06169],[-106.79843,45.06414],[-106.80116,45.06849],[-106.80124,45.06922],[-106.80449,45.07726],[-106.80534,45.07888],[-106.806,45.08229],[-106.80428,45.08497],[-106.80015,45.08772],[-106.79891,45.08853],[-106.79303,45.0912],[-106.78439,45.09298],[-106.78367,45.09374],[-106.78384,45.09609],[-106.78494,45.09937],[-106.78154,45.10284],[-106.77488,45.1065],[-106.77341,45.10877],[-106.77876,45.11986],[-106.77815,45.12107],[-106.77631,45.12334],[-106.77394,45.12498],[-106.77062,45.13079],[-106.76979,45.13225]]]},"properties":{"gnis_id":"00792265","gnis_name":"Tongue River","fcode":55800,"visibility":5000000}},
{"type":"Feature","geometry":{"type":"MultiLineString","coordinates":[[[-107.56063,45.73705],[-107.56889,45.73758],[-107.56903,45.73785],[-107.56844,45.73864]],[[-107.52239,45.70951],[-107.51408,45.7094],[-107.51767,45.70772],[-107.51645,45.70617],[-107.51681,45.70544],[-107.51484,45.70449],[-107.50794,45.70401],[-107.50778,45.70397],[-107.50611,45.7028],[-107.5059,45.69954],[-107.504,45.69448],[-107.49515,45.69628],[-107.49439,45.69217],[-107.49591,45.68801],[-107.4838,45.68765],[-107.48245,45.68165],[-107.47883,45.67971],[-107.47666,45.67913],[-107.47514,45.67857],[-107.47019,45.66955],[-107.46994,45.66771],[-107.46991,45.66576],[-107.47113,45.66436],[-107.47003,45.66371],[-107.46706,45.66505],[-107.46867,45.65142],[-107.46639,45.65045],[-107.4583,45.653],[-107.45108,45.64221],[-107.45102,45.64202],[-107.44867,45.63046],[-107.44592,45.62837],[-107.44532,45.62497],[-107.44709,45.62082],[-107.44646,45.61763],[-107.44992,45.60819],[-107.45737,45.59816],[-107.46206,45.59646],[-107.46438,45.59485],[-107.46511,45.59251],[-107.46522,45.58695],[-107.46681,45.58145],[-107.46653,45.57825],[-107.46188,45.57431],[-107.45339,45.56779],[-107.45188,45.5684],[-107.45118,45.56867],[-107.44527,45.5687],[-107.4451,45.56858],[-107.4355,45.56354],[-107.43378,45.56033],[-107.43281,45.5597],[-107.4336,45.55591],[-107.42243,45.55121],[-107.42227,45.55004],[-107.41823,45.54891],[-107.41634,45.54712],[-107.41193,45.53489],[-107.4028,45.52346],[-107.38289,45.51565],[-107.38232,45.50581],[-107.37964,45.50244],[-107.37999,45.50202],[-107.38304,45.494],[-107.3872,45.49645],[-107.39853,45.49209],[-107.39237,45.48775],[-107.39806,45.48588],[-107.40266,45.48728],[-107.4078,45.48067],[-107.40541,45.47831],[-107.40763,45.47473],[-107.41049,45.46467],[-107.4126,45.4509],[-107.40489,45.44886],[-107.40708,45.44375],[-107.40113,45.43954],[-107.39924,45.43111],[-107.40063,45.42867],[-107.39879,45.4166],[-107.39669,45.41462],[-107.39813,45.41178],[-107.39679,45.41129],[-107.39034,45.40949],[-107.38807,45.41261],[-107.38048,45.41046],[-107.38165,45.40257],[-107.38407,45.40197],[-107.38654,45.40003],[-107.38105,45.39803],[-107.38526,45.39431],[-107.38388,45.39137],[-107.37656,45.38466],[-107.37781,45.38327],[-107.37408,45.38059],[-107.36653,45.36385],[-107.36965,45.36208],[-107.36976,45.35984],[-107.36482,45.35713],[-107.3707,45.35047],[-107.36536,45.33946],[-107.3649,45.33724],[-107.35674,45.33588],[-107.35215,45.32703],[-107.35102,45.31606],[-107.35039,45.31441],[-107.35664,45.30988],[-107.34897,45.30147],[-107.3502,45.28924],[-107.35749,45.28502],[-107.37391,45.27433],[-107.37621,45.26484],[-107.3741,45.26067],[-107.38094,45.25616],[-107.38238,45.25144],[-107.38138,45.25202],[-107.38147,45.25026],[-107.38062,45.24927],[-107.37972,45.24727],[-107.38049,45.24314],[-107.3769,45.24282],[-107.38184,45.23362],[-107.3803,45.23164],[-107.38061,45.23074],[-107.37901,45.20866],[-107.37859,45.20768],[-107.37565,45.20663],[-107.37472,45.20483],[-107.3748,45.20068],[-107.37574,45.20104],[-107.37732,45.2005],[-107.37517,45.19904],[-107.37569,45.19651],[-107.37791,45.19419],[-107.38001,45.19307],[-107.3836,45.18343],[-107.38861,45.1809],[-107.39254,45.17875],[-107.39364,45.17898],[-107.39485,45.17629],[-107.3955,45.17313],[-107.39475,45.17275],[-107.39772,45.16799],[-107.39361,45.16621],[-107.39739,45.16518],[-107.39846,45.15979],[-107.39629,45.15622],[-107.39403,45.15374],[-107.39524,45.15137],[-107.39407,45.15141],[-107.39632,45.14454],[-107.39621,45.13766],[-107.39909,45.13516],[-107.40652,45.12916]],[[-107.52365,45.71359],[-107.52382,45.7113],[-107.52514,45.7105],[-107.52537,45.7105],[-107.53142,45.71239],[-107.53163,45.71256],[-107.53244,45.71317],[-107.53277,45.71499]],[[-107.55157,45.05375],[-107.55297,45.05297]],[[-107.55995,45.7373],[-107.55977,45.73737],[-107.5574,45.73532],[-107.5538,45.73442],[-107.54762,45.72701],[-107.54213,45.72222],[-107.53989,45.72049],[-107.5313,45.71539],[-107.53258,45.71512]],[[-107.53277,45.05512],[-107.53483,45.05522]],[[-107.53059,45.05804],[-107.53116,45.05623]]]},"properties":{"gnis_id":"00773405","gnis_name":"Little Bighorn River","fcode":55800,"visibility":5000000}},
{"type":"Feature","geometry":{"type":"MultiLineString","coordinates":[[[-105.34998,47.58059],[-105.35214,47.58016]],[[-105.27747,47.68342],[-105.27769,47.67991],[-105.28039,47.67934]],[[-105.39101,47.54053],[-105.39002,47.54081],[-105.38978,47.54084],[-105.38549,47.53949],[-105.38694,47.53456]],[[-105.33676,47.61753],[-105.33812,47.61478],[-105.3372,47.61338]],[[-105.29783,47.96939],[-105.2979,47.96779]],[[-105.56602,47.42688],[-105.56873,47.4275]],[[-105.33767,47.59922],[-105.3373,47.59962],[-105.33549,47.60116],[-105.33545,47.60156],[-105.33747,47.60414]],[[-105.6991,47.32503],[-105.69984,47.321]],[[-105.24874,47.83225],[-105.248,47.83232]],[[-105.24094,47.76487],[-105.24731,47.77166],[-105.24688,47.77173]],[[-105.30513,47.9761],[-105.29652,47.97361],[-105.29779,47.96966]],[[-105.43862,47.50105],[-105.43732,47.50118],[-105.43541,47.50139],[-105.43461,47.50184]],[[-105.37846,47.54581],[-105.37884,47.54363]],[[-105.30871,47.99296],[-105.31334,47.99002],[-105.31871,47.98324]],[[-105.21462,48.05442],[-105.2111,48.06143],[-105.21061,48.06178],[-105.20919,48.06319]],[[-105.45711,47.48794],[-105.4565,47.48807],[-105.4564,47.48834]],[[-105.32835,47.62522],[-105.32906,47.62226],[-105.33216,47.62079],[-105.33096,47.61937],[-105.33107,47.61824]],[[-105.24763,47.86364],[-105.24615,47.86159]],[[-105.22571,47.8946],[-105.22784,47.88952]],[[-105.58068,47.41542],[-105.58336,47.41305]],[[-105.29617,47.65708],[-105.29544,47.65227],[-105.29522,47.6513],[-105.29617,47.64947],[-105.29809,47.64805],[-105.29988,47.6465]],[[-105.25129,47.84531],[-105.25422,47.84448]],[[-105.46212,47.49894],[-105.46196,47.49777]],[[-105.45937,47.48791],[-105.46183,47.48803]],[[-105.4645,47.483],[-105.46472,47.48201]],[[-105.66642,47.3408],[-105.6706,47.34102]],[[-105.24304,47.80561],[-105.23796,47.80712],[-105.24174,47.81017]],[[-105.31114,47.97191],[-105.31013,47.97108]],[[-105.28971,47.68094],[-105.29067,47.67988]],[[-105.58972,47.3995],[-105.58959,47.39852],[-105.5908,47.39761]],[[-105.45548,47.49483],[-105.45625,47.49049]],[[-105.27827,47.69534],[-105.27923,47.69625],[-105.27926,47.69647]],[[-105.6352,47.36259],[-105.63879,47.36446]],[[-105.56877,47.42369],[-105.56955,47.41981]],[[-105.49026,47.47001],[-105.49606,47.46878]],[[-105.48215,47.47465],[-105.48234,47.47457],[-105.48171,47.47354],[-105.47923,47.47401],[-105.47737,47.47596],[-105.47785,47.47906]],[[-105.53964,47.43862],[-105.54176,47.43774]],[[-105.23746,47.8732],[-105.23662,47.87386],[-105.2319,47.86896]],[[-105.25043,47.91419],[-105.23754,47.91152],[-105.24858,47.90674]],[[-105.31612,47.97731],[-105.31157,47.97259]],[[-105.47443,47.48053],[-105.47919,47.47999]],[[-105.5642,47.43262],[-105.56517,47.43275]],[[-105.33421,47.61206],[-105.33285,47.6109]],[[-105.32476,47.63725],[-105.3306,47.63821]],[[-105.24668,47.84928],[-105.2462,47.84575],[-105.24671,47.84521]],[[-105.31369,47.99341],[-105.32176,47.99668],[-105.31096,48.00055],[-105.31339,48.00311],[-105.32001,48.00769],[-105.30472,48.00887],[-105.29794,48.01672],[-105.29966,48.02155],[-105.28255,48.02878],[-105.27781,48.01758],[-105.27721,48.01776],[-105.26925,48.02585],[-105.26613,48.0236],[-105.26504,48.02274],[-105.25277,48.01989]],[[-105.28951,47.67737],[-105.28204,47.67576]],[[-105.33566,47.61224],[-105.3346,47.61209]],[[-105.46411,47.48542],[-105.46345,47.48474]],[[-105.28152,47.67232],[-105.28859,47.66981],[-105.28866,47.66861]],[[-105.42023,47.5217],[-105.41724,47.52034],[-105.41602,47.51963]],[[-105.25146,47.92472],[-105.25213,47.92428],[-105.25483,47.91222],[-105.24994,47.91267]],[[-105.45833,47.49871],[-105.46219,47.49922]],[[-105.23793,47.74226],[-105.24511,47.74422],[-105.24893,47.74935],[-105.24849,47.7503],[-105.24326,47.76069]],[[-105.2448,47.83924],[-105.24463,47.83822],[-105.24437,47.83515],[-105.24858,47.83589]],[[-105.46477,47.48172],[-105.46577,47.48074]],[[-105.65989,47.34967],[-105.6587,47.34649]],[[-105.23767,47.87239],[-105.23692,47.87158]],[[-105.24251,47.73005],[-105.2433,47.72619],[-105.25707,47.72267]],[[-105.23424,47.80096],[-105.2288,47.79798]],[[-105.42312,47.51695],[-105.42585,47.5177]],[[-105.39076,47.53315],[-105.39059,47.53293],[-105.39085,47.53181]],[[-105.35232,47.57634],[-105.35136,47.57688]],[[-105.252,47.81663],[-105.2508,47.81669]],[[-105.45439,47.49996],[-105.45706,47.49796]],[[-105.36482,47.56192],[-105.36657,47.56079]],[[-105.29699,47.65907],[-105.29142,47.65936],[-105.28764,47.66248]],[[-105.67599,47.34039],[-105.67727,47.33901]],[[-105.42804,47.51451],[-105.431,47.51087]],[[-105.68967,47.32751],[-105.69277,47.32659]],[[-105.62794,47.38041],[-105.62804,47.38063],[-105.62431,47.38262]],[[-105.35802,47.55956],[-105.36323,47.56213]],[[-105.22344,47.89001],[-105.22193,47.88278]],[[-105.46258,47.48799],[-105.46485,47.48721]],[[-105.34796,47.57433],[-105.35038,47.57384]],[[-105.24601,47.81038],[-105.2427,47.81061]],[[-105.27106,47.70595],[-105.2694,47.70159]],[[-105.4465,47.50628],[-105.44996,47.50454]],[[-105.25651,47.71447],[-105.25349,47.71543],[-105.25077,47.71612]],[[-105.50773,47.46001],[-105.50693,47.45829],[-105.50014,47.45993],[-105.49966,47.4601]],[[-105.28289,47.95321],[-105.29342,47.95209],[-105.29223,47.95047],[-105.28888,47.94909]],[[-105.24297,47.86551],[-105.24014,47.86632],[-105.23975,47.86633]],[[-105.55779,47.4351],[-105.56151,47.43308]],[[-105.31162,47.64635],[-105.30644,47.64376],[-105.30737,47.64677],[-105.30231,47.64703]],[[-105.24392,47.80551],[-105.24706,47.80401],[-105.23773,47.80188]],[[-105.34027,47.5933],[-105.33932,47.59061],[-105.34289,47.58903],[-105.34661,47.5838]],[[-105.34081,47.59743],[-105.34116,47.59427]],[[-105.23647,47.77334],[-105.2352,47.77498],[-105.23483,47.77584]],[[-105.2316,47.7795],[-105.23428,47.77725]],[[-105.48536,47.47349],[-105.48746,47.47225]],[[-105.42081,47.52194],[-105.42583,47.52199]],[[-105.40561,47.53096],[-105.40804,47.53069],[-105.40811,47.53027]],[[-105.66373,47.34563],[-105.66632,47.34419]],[[-105.24427,47.86568],[-105.24768,47.86388]],[[-105.25354,47.84349],[-105.24494,47.84058]],[[-105.30866,47.97091],[-105.30813,47.97637]],[[-105.37799,47.54304],[-105.37457,47.54201]],[[-105.52868,47.44341],[-105.53087,47.44192]],[[-105.52296,47.45012],[-105.52323,47.44776]],[[-105.53236,47.44416],[-105.53338,47.44634]],[[-105.32118,47.63655],[-105.32127,47.63653],[-105.32226,47.63647]],[[-105.23831,47.78649],[-105.23247,47.78346]],[[-105.22854,47.87429],[-105.22619,47.87032],[-105.22832,47.86755],[-105.23092,47.86686],[-105.23236,47.8678]],[[-105.34936,47.5775],[-105.34662,47.57476]],[[-105.25413,47.84395],[-105.25381,47.84373]],[[-105.26095,47.70429],[-105.26214,47.70517]],[[-105.53873,47.44067],[-105.53927,47.43897]],[[-105.44385,47.50382],[-105.44567,47.50608]],[[-105.35847,47.57001],[-105.35908,47.56693]],[[-105.27123,47.69939],[-105.27972,47.69729]],[[-105.25042,47.81676],[-105.24901,47.81653]],[[-105.49661,47.46873],[-105.50231,47.46731]],[[-105.36775,47.56018],[-105.37442,47.55895],[-105.36839,47.55678]],[[-105.33659,47.62477],[-105.33011,47.62573]],[[-105.53633,47.44565],[-105.53596,47.44095]],[[-105.66276,47.34574],[-105.66259,47.34575],[-105.6608,47.34615]],[[-105.59329,47.39751],[-105.59601,47.39773]],[[-105.23811,47.78758],[-105.22777,47.78593],[-105.23127,47.79228]],[[-105.24749,47.82116],[-105.25547,47.81887]],[[-105.66003,47.3585],[-105.66087,47.35775]],[[-105.63285,47.36297],[-105.63481,47.35969]],[[-105.56583,47.42981],[-105.56581,47.43062],[-105.56571,47.43067]],[[-105.25113,47.92496],[-105.25205,47.9306],[-105.25971,47.92926]],[[-105.49974,47.46439],[-105.49795,47.46136]],[[-105.4511,47.5028],[-105.45134,47.50268],[-105.45227,47.50174]],[[-105.33463,47.6098],[-105.33898,47.60889],[-105.33967,47.60632]],[[-105.24511,47.738],[-105.24204,47.7393]],[[-105.24897,47.83601],[-105.25238,47.83443]],[[-105.71912,47.31462],[-105.72205,47.31391]],[[-105.63402,47.37034],[-105.63286,47.36485]],[[-105.27275,47.93387],[-105.26663,47.93263],[-105.2663,47.9311]],[[-105.83033,47.25053],[-105.82756,47.25001],[-105.83497,47.24717],[-105.83989,47.24281],[-105.84689,47.24528],[-105.84744,47.24186]],[[-105.36757,47.55634],[-105.36722,47.55442]],[[-105.28074,47.94162],[-105.28027,47.94226]],[[-105.61545,47.38726],[-105.61651,47.38524]],[[-105.4233,47.52067],[-105.42057,47.51901]],[[-105.69438,47.32585],[-105.70246,47.32718]],[[-105.66559,47.34322],[-105.66615,47.34097]],[[-105.5832,47.41284],[-105.57848,47.41103]],[[-105.55416,47.43607],[-105.55528,47.43696],[-105.55947,47.43609],[-105.55811,47.43516]],[[-105.31391,47.64498],[-105.32009,47.63753]],[[-105.50206,47.46687],[-105.50032,47.46486]],[[-105.46432,47.48547],[-105.46593,47.48609],[-105.46512,47.48719]],[[-105.36009,47.57318],[-105.36003,47.57323],[-105.35693,47.57316]],[[-105.24844,47.81422],[-105.24773,47.80884]],[[-105.52125,47.45422],[-105.52406,47.45373]],[[-105.24755,47.809],[-105.24674,47.80974]],[[-105.50706,47.46111],[-105.50742,47.46367]],[[-105.71769,47.3146],[-105.71798,47.31452],[-105.71811,47.31457]],[[-105.53931,47.44182],[-105.53928,47.44199],[-105.53746,47.44214]],[[-105.37663,47.54068],[-105.37823,47.54011],[-105.38034,47.53961],[-105.38141,47.53991],[-105.3831,47.54195],[-105.38803,47.54286],[-105.38952,47.54239],[-105.39128,47.54058]],[[-105.27255,47.9373],[-105.27186,47.9394],[-105.27511,47.94418]],[[-105.37427,47.54696],[-105.3768,47.54667]],[[-105.24297,47.77202],[-105.24374,47.77242],[-105.24439,47.77235]],[[-105.28055,47.94344],[-105.27538,47.94488]],[[-105.35658,47.56259],[-105.35672,47.56069]],[[-105.2801,47.69359],[-105.28143,47.69259]],[[-105.23653,47.90001],[-105.24825,47.90345],[-105.24926,47.90532]],[[-105.42776,47.51786],[-105.43079,47.51462]],[[-105.41075,47.52901],[-105.41465,47.5293],[-105.41777,47.5271]],[[-105.24325,47.85479],[-105.24331,47.85468],[-105.24581,47.85539]],[[-105.36851,47.5533],[-105.37127,47.54511]],[[-105.22782,47.88547],[-105.23519,47.87866]],[[-105.22187,47.8962],[-105.21866,47.89729],[-105.21245,47.90013],[-105.21318,47.90363],[-105.2162,47.90517]],[[-105.46196,47.49746],[-105.45582,47.49548]],[[-105.33127,47.63742],[-105.32692,47.63419]],[[-105.46355,47.48426],[-105.46426,47.48341]],[[-105.24225,47.85488],[-105.24158,47.85505],[-105.24159,47.85644],[-105.24545,47.86099]],[[-105.45644,47.49013],[-105.45633,47.48855]],[[-105.24756,47.8323],[-105.24502,47.8303]],[[-105.72218,47.31372],[-105.72305,47.31323],[-105.73057,47.30861],[-105.7308,47.30846],[-105.73327,47.3101]],[[-105.35682,47.5792],[-105.35394,47.57631]],[[-105.22241,47.88275],[-105.22639,47.88538]],[[-105.61632,47.37996],[-105.61947,47.38234]],[[-105.56196,47.43311],[-105.56325,47.43261]],[[-105.23712,47.77266],[-105.24087,47.76994]],[[-105.28984,47.96111],[-105.28264,47.95403]],[[-105.56353,47.42923],[-105.56073,47.42871],[-105.56446,47.42606]],[[-105.52322,47.44746],[-105.52438,47.44654]],[[-105.28143,47.67821],[-105.28842,47.68095]],[[-105.51917,47.45452],[-105.51846,47.45232]],[[-105.51475,47.45635],[-105.51789,47.45647]],[[-105.56971,47.42707],[-105.57185,47.42567]],[[-105.238,47.73825],[-105.23702,47.73228]],[[-105.23377,47.87724],[-105.23036,47.87543]],[[-105.62384,47.37657],[-105.6257,47.37301]],[[-105.69107,47.33615],[-105.69111,47.33617],[-105.69264,47.3365],[-105.69315,47.33551]],[[-105.52385,47.45256],[-105.52357,47.45166]],[[-105.33708,47.62769],[-105.33922,47.62746]],[[-105.22022,47.90521],[-105.21922,47.90531]],[[-105.23465,47.89915],[-105.22057,47.90509]],[[-105.62495,47.37924],[-105.62133,47.37798]],[[-105.23125,47.79532],[-105.22898,47.79521],[-105.22867,47.79787]],[[-105.65983,47.35453],[-105.66005,47.35043]],[[-105.60474,47.39437],[-105.60011,47.39626],[-105.59811,47.39602],[-105.59804,47.39603]],[[-105.48823,47.47247],[-105.49105,47.47144]],[[-105.5657,47.43269],[-105.56604,47.43181]],[[-105.26652,47.93062],[-105.26525,47.92856]],[[-105.67199,47.34245],[-105.67451,47.34231]],[[-105.25042,48.02107],[-105.24407,48.02324],[-105.2305,48.03122],[-105.22493,48.02984],[-105.21812,48.03219],[-105.2159,48.05136]],[[-105.68976,47.33158],[-105.69208,47.33083]],[[-105.5509,47.43338],[-105.55084,47.43332],[-105.54953,47.43713]],[[-105.58491,47.40756],[-105.58354,47.40678]],[[-105.39106,47.53168],[-105.39566,47.5298]],[[-105.23892,47.79743],[-105.23161,47.79229]],[[-105.41634,47.52626],[-105.41306,47.52287]],[[-105.28635,47.94871],[-105.28575,47.9428]],[[-105.58675,47.40978],[-105.58851,47.40888]],[[-105.25561,47.72157],[-105.25544,47.72141],[-105.24879,47.71745],[-105.25016,47.71618]],[[-105.2638,47.92811],[-105.26116,47.92848]],[[-105.26409,47.70618],[-105.26963,47.70918]],[[-105.23939,47.86642],[-105.23759,47.86685],[-105.2362,47.87023]],[[-105.31513,47.98144],[-105.31178,47.98245]],[[-105.24932,47.90611],[-105.24938,47.90572]],[[-105.28568,47.66577],[-105.28461,47.66479],[-105.2878,47.66319]],[[-105.65154,47.35904],[-105.65643,47.35837]],[[-105.61227,47.39148],[-105.61084,47.39299],[-105.61073,47.39296]],[[-105.28075,47.68788],[-105.28069,47.68539]],[[-105.23755,47.7402],[-105.24602,47.74126],[-105.24622,47.73735]],[[-105.23168,47.79542],[-105.23796,47.7976]],[[-105.70372,47.32431],[-105.7047,47.32452],[-105.70481,47.32464]],[[-105.61311,47.38792],[-105.61397,47.38853]],[[-105.43889,47.50107],[-105.44218,47.50148]],[[-105.39471,47.53157],[-105.39744,47.53319]],[[-105.23852,47.73254],[-105.24322,47.73154]],[[-105.46684,47.48049],[-105.46766,47.48045]],[[-105.28561,47.9417],[-105.28094,47.94124]],[[-105.6819,47.33535],[-105.6834,47.33408]],[[-105.52899,47.44559],[-105.5286,47.4441]],[[-105.40361,47.53019],[-105.40481,47.53029]],[[-105.24492,47.83016],[-105.24066,47.82445]],[[-105.2999,47.9643],[-105.2925,47.96173]],[[-105.31097,47.97976],[-105.31292,47.97836]],[[-105.50777,47.46396],[-105.50974,47.46361],[-105.51054,47.46292]],[[-105.58615,47.40209],[-105.58998,47.40071]],[[-105.52658,47.44792],[-105.52944,47.44635]],[[-105.25545,47.81878],[-105.25303,47.81686]],[[-105.5848,47.40398],[-105.58433,47.40208]],[[-105.76199,47.30882],[-105.76424,47.30927]],[[-105.6441,47.36261],[-105.64751,47.36365]],[[-105.23204,47.78306],[-105.23162,47.78224],[-105.23192,47.78013]],[[-105.25242,47.83437],[-105.24884,47.83226]],[[-105.28181,47.67571],[-105.28084,47.67351]],[[-105.61155,47.3907],[-105.61273,47.38784]],[[-105.69175,47.32984],[-105.68937,47.32843]],[[-105.58404,47.40557],[-105.58484,47.40496]],[[-105.32984,47.62974],[-105.33373,47.62892]],[[-105.54255,47.43697],[-105.54598,47.43652]],[[-105.39765,47.53212],[-105.40203,47.52955]],[[-105.3513,47.57365],[-105.35624,47.573]],[[-105.29802,47.96762],[-105.30056,47.96593]],[[-105.34573,47.58384],[-105.34286,47.5826],[-105.34519,47.582]],[[-105.31874,47.98287],[-105.31582,47.9814]],[[-105.69168,47.334],[-105.68771,47.33365]],[[-105.27335,47.93706],[-105.27476,47.93336]],[[-105.33282,47.6176],[-105.33537,47.61739]],[[-105.24106,47.8233],[-105.24713,47.82115]],[[-105.32741,47.63316],[-105.32812,47.63079]],[[-105.31305,47.994],[-105.3091,47.99331]]]},"properties":{"gnis_id":"00775682","gnis_name":"Redwater River","fcode":55800,"visibility":5000000}},
{"type":"Feature","geometry":{"type":"LineString","coordinates":[[-111.50556,45.92681],[-111.50575,45.92654],[-111.50685,45.92579],[-111.50938,45.92635],[-111.51234,45.92898],[-111.51629,45.92646],[-111.51739,45.92696],[-111.51787,45.92681],[-111.52014,45.92634],[-111.52236,45.92653],[-111.52464,45.92461],[-111.53033,45.9248],[-111.53498,45.92423],[-111.53423,45.92245],[-111.53375,45.9225],[-111.53743,45.91606],[-111.54503,45.91071],[-111.5466,45.91029],[-111.54863,45.90977],[-111.55257,45.91135],[-111.55739,45.91238],[-111.55727,45.91386],[-111.55733,45.91408],[-111.56006,45.91495],[-111.56526,45.91119],[-111.56519,45.91065],[-111.56515,45.91051],[-111.56837,45.90965],[-111.57007,45.90964],[-111.57204,45.90977],[-111.57923,45.90741],[-111.58424,45.90689],[-111.58866,45.9054],[-111.59084,45.90389],[-111.59442,45.89865],[-111.59678,45.89665],[-111.59679,45.89647],[-111.60079,45.89357],[-111.60393,45.89138],[-111.60444,45.89122],[-111.60515,45.89088],[-111.60595,45.89064],[-111.60649,45.89029],[-111.60845,45.88887],[-111.60997,45.88345],[-111.61182,45.87855],[-111.61308,45.87436],[-111.61354,45.8741],[-111.61676,45.87267],[-111.61746,45.87221],[-111.62203,45.86958],[-111.62258,45.86725],[-111.62207,45.86703],[-111.62203,45.86584],[-111.62528,45.86308],[-111.63126,45.86324],[-111.63259,45.86312],[-111.6365,45.86226],[-111.63747,45.86203],[-111.63655,45.85967],[-111.64033,45.85381],[-111.63739,45.84854],[-111.64335,45.84906],[-111.6449,45.85026],[-111.64566,45.85091],[-111.64806,45.85138],[-111.64979,45.85126],[-111.65128,45.85018],[-111.65127,45.84829],[-111.65211,45.84621],[-111.65216,45.84618],[-111.6535,45.84505],[-111.65488,45.8442],[-111.65581,45.8428],[-111.65468,45.83812],[-111.65769,45.83399],[-111.66423,45.83345],[-111.66378,45.83169],[-111.66366,45.8265],[-111.66566,45.82681],[-111.66749,45.82499],[-111.66935,45.82478],[-111.67076,45.82391],[-111.67402,45.82306],[-111.67713,45.82182],[-111.682,45.81849],[-111.69074,45.81327],[-111.69074,45.81006],[-111.72679,45.79338],[-111.72865,45.79502],[-111.72934,45.79628],[-111.73357,45.79784],[-111.73433,45.79765],[-111.73643,45.79723],[-111.74226,45.79873],[-111.74219,45.79934],[-111.7473,45.80248],[-111.75211,45.80359],[-111.75931,45.80316],[-111.78153,45.79476],[-111.78253,45.79431],[-111.78387,45.79327],[-111.78428,45.79327],[-111.80115,45.79531],[-111.80721,45.80962],[-111.81035,45.81291],[-111.81373,45.81369],[-111.82691,45.81518],[-111.83367,45.81986],[-111.83685,45.82065],[-111.85486,45.81998],[-111.86943,45.81945],[-111.87664,45.82158],[-111.87694,45.82216],[-111.8779,45.82507],[-111.88366,45.8303],[-111.88545,45.83057],[-111.89255,45.83088],[-111.89333,45.83043],[-111.89491,45.82988],[-111.89855,45.82917],[-111.90136,45.82889],[-111.90386,45.82835],[-111.91033,45.82856],[-111.91227,45.82971],[-111.91428,45.83173],[-111.91252,45.83427],[-111.91123,45.83549],[-111.91527,45.84202],[-111.91782,45.84342],[-111.91839,45.84655],[-111.91946,45.84914],[-111.92291,45.8514],[-111.92662,45.85334],[-111.9267,45.85519],[-111.92866,45.85689],[-111.93132,45.85407],[-111.94123,45.85273],[-111.94465,45.85629],[-111.95775,45.8502],[-111.9607,45.85194],[-111.96485,45.8503],[-111.96835,45.85042],[-111.96905,45.85031],[-111.97247,45.84952],[-111.98491,45.84643],[-111.98605,45.84682],[-111.98665,45.84719],[-111.99616,45.84882],[-111.99768,45.85065],[-111.99783,45.85088],[-111.99926,45.85102],[-112.0027,45.85068],[-112.00353,45.85058],[-112.00469,45.85047],[-112.00806,45.85286],[-112.0087,45.85628],[-112.01152,45.85699],[-112.01603,45.85818],[-112.01714,45.85843],[-112.02152,45.85857],[-112.02286,45.85878],[-112.03577,45.85711],[-112.04935,45.85374],[-112.05068,45.8497],[-112.05712,45.84719],[-112.06195,45.84264],[-112.06377,45.84139],[-112.07378,45.84069],[-112.07514,45.83992],[-112.0755,45.83947],[-112.07565,45.8373],[-112.07678,45.83614],[-112.07773,45.83319],[-112.07877,45.83243],[-112.08647,45.83246],[-112.09051,45.83125],[-112.08937,45.8243],[-112.1056,45.81627],[-112.10766,45.81629],[-112.11261,45.81593],[-112.11672,45.81134],[-112.11661,45.81111],[-112.11544,45.81024],[-112.11512,45.80903],[-112.11276,45.80555],[-112.12483,45.79441],[-112.12737,45.79448],[-112.1287,45.7942],[-112.12845,45.79016],[-112.12852,45.78946],[-112.12884,45.78922],[-112.12914,45.78861],[-112.13026,45.78858],[-112.13731,45.77816],[-112.13664,45.7767],[-112.13706,45.77419],[-112.13675,45.77245],[-112.13744,45.77051],[-112.15158,45.75984],[-112.15264,45.75755],[-112.16274,45.75377],[-112.18739,45.74755],[-112.18943,45.74826],[-112.19012,45.74849],[-112.19426,45.74815],[-112.1978,45.74671],[-112.19671,45.745],[-112.19722,45.74397],[-112.1973,45.7437],[-112.19728,45.7435],[-112.19916,45.74226],[-112.1995,45.74244],[-112.20168,45.74161],[-112.20083,45.73955],[-112.20236,45.73778],[-112.20532,45.73693],[-112.21146,45.73288],[-112.21024,45.73268],[-112.20895,45.73102],[-112.21639,45.72956],[-112.21769,45.727],[-112.2156,45.72581],[-112.21724,45.72423],[-112.22263,45.7194],[-112.21873,45.71124],[-112.23022,45.70839],[-112.23132,45.70825],[-112.23323,45.70814],[-112.23449,45.70331],[-112.23602,45.70187],[-112.23753,45.70224],[-112.2396,45.70473],[-112.24529,45.70533],[-112.25754,45.70109],[-112.2589,45.70019],[-112.26558,45.69868],[-112.27613,45.69199],[-112.27548,45.69096],[-112.27561,45.68983],[-112.27546,45.68955],[-112.27576,45.68933],[-112.27919,45.68927],[-112.28349,45.68703],[-112.28406,45.68493],[-112.2872,45.67878],[-112.29177,45.67569],[-112.2946,45.66985],[-112.29526,45.66662],[-112.29605,45.66543],[-112.29136,45.6597],[-112.29171,45.65851],[-112.29787,45.65299],[-112.29879,45.65182],[-112.29943,45.65133],[-112.29979,45.6512],[-112.30241,45.64933],[-112.31067,45.64284],[-112.31086,45.64263],[-112.31275,45.64048],[-112.31409,45.64018],[-112.31834,45.63232],[-112.32003,45.62796],[-112.32398,45.62179],[-112.32391,45.61934],[-112.32488,45.61828],[-112.32682,45.6174],[-112.32844,45.61395],[-112.32994,45.61197],[-112.32949,45.6112],[-112.32928,45.6106],[-112.32937,45.60928],[-112.32952,45.60921],[-112.33258,45.60429],[-112.33377,45.60367],[-112.33466,45.60348],[-112.33794,45.60165],[-112.33956,45.60041],[-112.33977,45.60013],[-112.33958,45.59979],[-112.33963,45.59928],[-112.3396,45.59921],[-112.33988,45.59752],[-112.33959,45.5959],[-112.33933,45.59401],[-112.33893,45.59386],[-112.33683,45.59221],[-112.33599,45.5901],[-112.33776,45.58847],[-112.33878,45.58725],[-112.34047,45.58308],[-112.33992,45.58238],[-112.33882,45.58101],[-112.33951,45.57918],[-112.34015,45.57641],[-112.33576,45.57256],[-112.33894,45.56892],[-112.33867,45.56776],[-112.33763,45.56215]]},"properties":{"gnis_id":"00785443","gnis_name":"Jefferson River","fcode":55800,"visibility":5000000}},
{"type":"Feature","geometry":{"type":"MultiLineString","coordinates":[[[-111.09081,48.32],[-111.09022,48.31887],[-111.09018,48.31454],[-111.09019,48.3114],[-111.09188,48.30649],[-111.07838,48.30369],[-111.0786,48.30202],[-111.04324,48.27388],[-111.04185,48.26769],[-111.03231,48.26683],[-111.02383,48.26069],[-111.00435,48.27205],[-111.00473,48.26198],[-111.00312,48.26108],[-111.00288,48.261],[-110.99924,48.26241],[-110.99003,48.26502],[-110.98836,48.26965],[-110.98246,48.26843],[-110.98207,48.26721],[-110.98215,48.26462],[-110.95643,48.26917],[-110.95066,48.26971],[-110.94364,48.26833],[-110.94712,48.27358],[-110.93657,48.27203],[-110.92299,48.26887],[-110.92073,48.26686],[-110.92021,48.26661],[-110.91847,48.26668],[-110.91613,48.26879],[-110.90116,48.26301],[-110.8992,48.26179],[-110.89847,48.25934],[-110.90282,48.25756],[-110.9033,48.25555],[-110.89951,48.2542],[-110.8975,48.25453],[-110.89738,48.25477],[-110.88422,48.25761],[-110.88238,48.25611],[-110.8808,48.25534],[-110.87576,48.25961],[-110.87781,48.26123],[-110.87693,48.26404],[-110.87445,48.26356],[-110.86402,48.26882],[-110.86415,48.2701],[-110.84453,48.26926],[-110.84302,48.26596],[-110.83711,48.26282],[-110.82616,48.26181],[-110.82215,48.25944],[-110.83526,48.24786],[-110.83847,48.24545],[-110.83967,48.24529],[-110.83969,48.2448],[-110.82056,48.24329],[-110.8149,48.23889],[-110.81339,48.23722],[-110.81314,48.23703],[-110.81161,48.23555],[-110.80183,48.23502],[-110.8008,48.23546],[-110.79402,48.23581],[-110.7902,48.23429],[-110.78932,48.23391],[-110.78893,48.23379],[-110.78656,48.23259],[-110.78441,48.23118],[-110.78054,48.22882],[-110.77868,48.22848],[-110.7695,48.2296],[-110.75776,48.2346],[-110.75679,48.23507],[-110.75534,48.23614],[-110.75509,48.23647],[-110.75442,48.24283],[-110.74777,48.25147],[-110.74207,48.25321],[-110.74179,48.25334],[-110.73315,48.25762],[-110.73158,48.25729],[-110.72664,48.25684],[-110.71725,48.26193],[-110.70515,48.26227],[-110.70224,48.26125],[-110.702,48.26065],[-110.70102,48.25978],[-110.70094,48.25971],[-110.69664,48.25658],[-110.69485,48.25551],[-110.69318,48.24966],[-110.69122,48.24763],[-110.68879,48.24535],[-110.6787,48.24349],[-110.67772,48.24339],[-110.66709,48.24333],[-110.66351,48.24467],[-110.66232,48.24531],[-110.66129,48.24577],[-110.62947,48.24925],[-110.62843,48.24907],[-110.62431,48.24874],[-110.62122,48.2435],[-110.62121,48.2432],[-110.62233,48.24176],[-110.62114,48.23888],[-110.62014,48.23404],[-110.62115,48.22953],[-110.61893,48.22578],[-110.62344,48.22253],[-110.63069,48.22005],[-110.63402,48.21852],[-110.63204,48.21511],[-110.62996,48.21249],[-110.62759,48.21171],[-110.62369,48.20698],[-110.62368,48.20689],[-110.62349,48.20631],[-110.62258,48.20442],[-110.62234,48.20397],[-110.62136,48.202],[-110.61953,48.20051],[-110.61669,48.19927],[-110.61463,48.19908],[-110.61172,48.19895],[-110.61021,48.19864],[-110.6087,48.19657],[-110.608,48.19489],[-110.60881,48.19442],[-110.61425,48.18416],[-110.61662,48.18215],[-110.61963,48.17465],[-110.61941,48.17406],[-110.62096,48.17056],[-110.62273,48.16941],[-110.62484,48.16876],[-110.63019,48.16675],[-110.63076,48.16671],[-110.63186,48.16606],[-110.63229,48.16553],[-110.63394,48.16036],[-110.63392,48.16009],[-110.63824,48.15339],[-110.64557,48.14582],[-110.65046,48.14415],[-110.65143,48.14303],[-110.65364,48.13656],[-110.65981,48.13382],[-110.65999,48.12897],[-110.66332,48.12781],[-110.66778,48.13021],[-110.67132,48.12806],[-110.67234,48.1261],[-110.67122,48.12397],[-110.67356,48.12192],[-110.67696,48.12087],[-110.67585,48.11627],[-110.67556,48.11355],[-110.6845,48.11101],[-110.68485,48.11091],[-110.68616,48.10979],[-110.68836,48.10208],[-110.68947,48.10138],[-110.69003,48.09966],[-110.6896,48.09886],[-110.68156,48.08941],[-110.67739,48.08783],[-110.6783,48.08469],[-110.67546,48.08172],[-110.67131,48.07874],[-110.67226,48.07719],[-110.67687,48.06344],[-110.67636,48.06311],[-110.6741,48.06154],[-110.67986,48.04208],[-110.67834,48.04168],[-110.67599,48.04069],[-110.67537,48.0339],[-110.67606,48.03256],[-110.67912,48.0302],[-110.67344,48.02636],[-110.67015,48.02602],[-110.66701,48.02462],[-110.66575,48.01928],[-110.66589,48.01904],[-110.66955,48.01614],[-110.66156,48.00981],[-110.65842,48.00662],[-110.65814,48.00462],[-110.65467,48.00284],[-110.65035,48.0044],[-110.64768,48.00502],[-110.64453,48.00213],[-110.64123,47.9975],[-110.63368,47.99871],[-110.62676,47.99676],[-110.6185,47.99422],[-110.61691,47.99158],[-110.61722,47.98616],[-110.61207,47.97693],[-110.61083,47.97503],[-110.59341,47.97048],[-110.59181,47.95166],[-110.58928,47.94856],[-110.585,47.94653],[-110.57523,47.93877],[-110.57499,47.93876],[-110.55303,47.93959],[-110.53314,47.94429],[-110.51993,47.94333],[-110.50824,47.93208],[-110.49032,47.92986],[-110.48956,47.92953]],[[-111.09121,48.32476],[-111.10435,48.32433],[-111.12001,48.32785],[-111.16186,48.3238],[-111.16187,48.34107],[-111.16435,48.34332],[-111.19738,48.3504],[-111.22312,48.34457],[-111.2377,48.34657],[-111.25451,48.34365],[-111.25709,48.34284],[-111.26347,48.34401],[-111.2805,48.34471],[-111.28569,48.34411],[-111.29808,48.35628],[-111.30105,48.35697],[-111.30623,48.35588],[-111.3145,48.35202],[-111.31511,48.35162],[-111.31976,48.35087],[-111.32871,48.34822],[-111.3342,48.34727],[-111.34457,48.34782],[-111.3578,48.34592],[-111.35822,48.34597],[-111.36077,48.3458],[-111.37739,48.34628],[-111.38,48.34607],[-111.38119,48.3459],[-111.39995,48.34613],[-111.40409,48.34712],[-111.41706,48.34522],[-111.41983,48.34459],[-111.42274,48.34335],[-111.42334,48.34294],[-111.42891,48.34135],[-111.43488,48.34053],[-111.43664,48.34009],[-111.44356,48.33865],[-111.45169,48.33992],[-111.46364,48.34272],[-111.46813,48.34357],[-111.48155,48.34212],[-111.48689,48.34047],[-111.50871,48.34355],[-111.51263,48.3372],[-111.52358,48.33605],[-111.53117,48.3364],[-111.53492,48.33748],[-111.53953,48.34188],[-111.53746,48.34845],[-111.53763,48.3488],[-111.54344,48.35134],[-111.54803,48.35619],[-111.5588,48.35534],[-111.56304,48.35596],[-111.56603,48.35624],[-111.57383,48.35736],[-111.57649,48.35864],[-111.58835,48.36201],[-111.603,48.36906],[-111.60758,48.36524],[-111.62309,48.36447],[-111.62405,48.36387],[-111.627,48.363],[-111.63795,48.36407],[-111.64285,48.36901],[-111.64003,48.38138],[-111.64828,48.38602],[-111.64546,48.39189],[-111.65246,48.39366],[-111.65494,48.39241],[-111.66045,48.38776],[-111.67602,48.3961],[-111.68834,48.39561],[-111.68847,48.39524],[-111.70176,48.38541],[-111.71347,48.3847],[-111.71801,48.38417],[-111.71952,48.38203],[-111.7151,48.37795],[-111.72675,48.37291],[-111.73312,48.37337],[-111.73377,48.37387],[-111.73889,48.37574],[-111.75804,48.37719],[-111.77339,48.36603],[-111.78744,48.38073],[-111.78774,48.38188],[-111.78004,48.38766],[-111.78203,48.38739],[-111.78611,48.38762],[-111.78719,48.39078],[-111.78712,48.3932],[-111.80973,48.39825],[-111.80537,48.39952],[-111.81043,48.404],[-111.8181,48.40384],[-111.82829,48.40226],[-111.83082,48.40025],[-111.83425,48.39765],[-111.84103,48.39489],[-111.85745,48.4038],[-111.84472,48.42056],[-111.86171,48.41558],[-111.86589,48.41865],[-111.85766,48.42107],[-111.859,48.42306],[-111.87262,48.4252],[-111.87264,48.42271],[-111.87826,48.42284],[-111.8912,48.42169],[-111.8899,48.42671],[-111.89003,48.42683],[-111.89388,48.42704],[-111.89417,48.42676],[-111.89657,48.42411],[-111.89699,48.424],[-111.89824,48.42376],[-111.90242,48.42409],[-111.90653,48.42572],[-111.91815,48.43154],[-111.92851,48.43167],[-111.93417,48.43161],[-111.94108,48.42911],[-111.94206,48.42716],[-111.94802,48.4263],[-111.94823,48.42622],[-111.95767,48.42383],[-111.9599,48.42119],[-111.95212,48.41931],[-111.95541,48.41817],[-111.97962,48.41717],[-111.98557,48.42536],[-111.98028,48.42917],[-111.98148,48.44008],[-111.98216,48.43799],[-112.00046,48.44539],[-112.00844,48.44948],[-112.00986,48.45019],[-112.01115,48.45088],[-112.02486,48.45484],[-112.03041,48.44966],[-112.03403,48.44764],[-112.03989,48.45232],[-112.0448,48.45574],[-112.05139,48.44837],[-112.05696,48.45237],[-112.06534,48.45208],[-112.06739,48.44886],[-112.07245,48.44777],[-112.08008,48.44825],[-112.08207,48.4441],[-112.08328,48.44276],[-112.09512,48.43993],[-112.09569,48.44597],[-112.09804,48.44805],[-112.10104,48.45114],[-112.13214,48.46654],[-112.14337,48.46841],[-112.14983,48.47066],[-112.154,48.46874],[-112.16417,48.46538],[-112.18167,48.47757],[-112.18313,48.47751],[-112.19827,48.47697],[-112.20832,48.4774],[-112.20901,48.47921],[-112.21161,48.48076],[-112.22769,48.48635]]]},"properties":{"gnis_id":"00799001","gnis_name":"Marias River","fcode":55800,"visibility":5000000}},
{"type":"Feature","geometry":{"type":"MultiLineString","coordinates":[[[-111.8128,48.27581],[-111.81457,48.27468],[-111.81654,48.26787]],[[-112.29044,48.19837],[-112.26736,48.2019],[-112.26136,48.2028],[-112.26009,48.20325],[-112.24194,48.20437],[-112.24041,48.20798],[-112.23133,48.20959],[-112.23088,48.20988],[-112.22234,48.21065],[-112.21331,48.21394],[-112.21051,48.21747],[-112.20552,48.21851],[-112.20704,48.22064],[-112.19543,48.2241],[-112.19554,48.22444],[-112.19189,48.2267],[-112.1778,48.22903],[-112.17376,48.23278],[-112.17336,48.23652],[-112.168,48.23716],[-112.1673,48.23463],[-112.15928,48.23556],[-112.15246,48.23632],[-112.15055,48.23555],[-112.14947,48.2378],[-112.14919,48.23841],[-112.14913,48.239],[-112.1474,48.23965],[-112.14509,48.24151],[-112.13981,48.24763],[-112.1357,48.25213],[-112.13216,48.25092],[-112.11695,48.25268],[-112.10655,48.25256],[-112.09633,48.25]],[[-111.80448,48.28357],[-111.81062,48.28209]],[[-111.89387,48.21711],[-111.90046,48.21766]],[[-111.79001,48.29623],[-111.78971,48.29537],[-111.79082,48.29301],[-111.79089,48.29277],[-111.79135,48.29194],[-111.7916,48.29018],[-111.79514,48.28625]],[[-111.95052,48.21606],[-111.95463,48.21558],[-111.96614,48.2168],[-111.97241,48.21743],[-111.97969,48.21477],[-111.99786,48.21842],[-111.99946,48.21928],[-112.00024,48.2199],[-112.00083,48.2196],[-112.03227,48.22993],[-112.04973,48.23356],[-112.05817,48.23642],[-112.05605,48.2396],[-112.06344,48.24572],[-112.06381,48.24594],[-112.07084,48.24998],[-112.07436,48.25022],[-112.08961,48.2492],[-112.09443,48.24876]],[[-111.80868,48.27583],[-111.81,48.27476]],[[-111.81741,48.26533],[-111.81878,48.26188],[-111.81977,48.25904],[-111.82336,48.24764],[-111.82562,48.24787],[-111.83134,48.24249],[-111.83682,48.24024],[-111.84236,48.24443],[-111.85273,48.24204],[-111.85454,48.23983],[-111.86014,48.23974],[-111.86189,48.23664],[-111.86406,48.23705],[-111.86654,48.23374],[-111.87159,48.23273],[-111.88142,48.23045],[-111.88138,48.22981],[-111.88107,48.22818],[-111.88113,48.22764],[-111.8818,48.22639],[-111.88479,48.22181],[-111.88636,48.21965]],[[-111.88966,48.21896],[-111.8913,48.21748]],[[-111.78865,48.30913],[-111.78914,48.30883]],[[-111.90475,48.2184],[-111.90539,48.21725]],[[-111.79632,48.28511],[-111.79691,48.28511],[-111.79861,48.28513],[-111.8008,48.28483]],[[-111.91314,48.21494],[-111.93531,48.21717],[-111.94522,48.21469]],[[-111.79096,48.30199],[-111.78875,48.30126]],[[-111.792,48.29882],[-111.79039,48.2975]],[[-111.75604,48.34999],[-111.75573,48.35488],[-111.75457,48.35647],[-111.75002,48.3598],[-111.74734,48.363],[-111.74537,48.36781],[-111.73905,48.37554]],[[-111.76405,48.3382],[-111.76202,48.33851],[-111.76054,48.33922]],[[-111.80974,48.28074],[-111.80917,48.27694]],[[-111.90579,48.21598],[-111.90983,48.21526]]]},"properties":{"gnis_id":"00770824","gnis_name":"Dry Fork Marias River","fcode":46006,"visibility":5000000}},
{"type":"Feature","geometry":{"type":"MultiLineString","coordinates":[[[-111.89387,48.21711],[-111.8929,48.21732],[-111.8913,48.21748]],[[-111.78865,48.30913],[-111.78713,48.31106],[-111.78655,48.31219],[-111.78332,48.31507]],[[-111.81654,48.26787],[-111.81741,48.26533]],[[-111.78875,48.30126],[-111.792,48.29882]],[[-111.90539,48.21725],[-111.90523,48.21633],[-111.90579,48.21598]],[[-111.81,48.27476],[-111.8128,48.27581]],[[-111.75604,48.34999],[-111.75712,48.3441],[-111.76054,48.33922]],[[-111.88636,48.21965],[-111.88636,48.21958],[-111.88966,48.21896]],[[-111.81062,48.28209],[-111.80974,48.28074]],[[-111.78109,48.32012],[-111.78033,48.31807],[-111.78284,48.3155]],[[-111.8008,48.28483],[-111.80448,48.28357]],[[-111.78914,48.30883],[-111.78929,48.30877],[-111.78932,48.30873],[-111.79096,48.30199]],[[-111.79039,48.2975],[-111.79001,48.29623]],[[-111.90475,48.2184],[-111.90312,48.21834],[-111.90046,48.21766]],[[-111.79514,48.28625],[-111.79632,48.28511]],[[-111.76405,48.3382],[-111.76808,48.33123],[-111.77709,48.32719],[-111.78255,48.32113]],[[-111.80917,48.27694],[-111.80872,48.27634],[-111.80868,48.27583]],[[-111.90983,48.21526],[-111.91314,48.21494]],[[-111.73889,48.37574],[-111.73905,48.37554]]]},"properties":{"gnis_id":"00770824","gnis_name":"Dry Fork Marias River","fcode":55800,"visibility":5000000}},
{"type":"Feature","geometry":{"type":"LineString","coordinates":[[-110.63955,46.02055],[-110.63953,46.02051],[-110.64095,46.0194],[-110.63705,46.0121],[-110.6354,46.00931],[-110.63855,46.00456],[-110.63848,46.00335],[-110.63865,46.00137],[-110.63981,46.00095],[-110.64105,45.9995],[-110.64477,45.9902],[-110.64337,45.98223],[-110.64336,45.98219],[-110.6427,45.97873],[-110.64159,45.97755],[-110.64164,45.97662],[-110.63376,45.95529],[-110.62619,45.94733],[-110.62335,45.94566],[-110.62262,45.94553],[-110.62075,45.94715],[-110.6205,45.94536],[-110.61948,45.94452],[-110.61989,45.94344],[-110.61991,45.94286],[-110.6201,45.94108],[-110.61869,45.93968],[-110.61897,45.93758],[-110.61985,45.93624],[-110.62028,45.93548],[-110.61877,45.93366],[-110.61775,45.93296],[-110.62202,45.9299],[-110.62041,45.92266],[-110.61443,45.91694],[-110.6115,45.91372],[-110.61176,45.90759],[-110.61158,45.90723],[-110.61154,45.90438],[-110.61116,45.90212],[-110.61501,45.90061],[-110.61503,45.90001],[-110.61336,45.898],[-110.61526,45.89687],[-110.61687,45.88915],[-110.6179,45.8856],[-110.61506,45.87844],[-110.60396,45.86093],[-110.60253,45.86006],[-110.59868,45.86011],[-110.59027,45.85777],[-110.58789,45.84963],[-110.58091,45.84648],[-110.57899,45.83959],[-110.56536,45.83575],[-110.56307,45.83261],[-110.55947,45.82973],[-110.55163,45.82288],[-110.54816,45.81862],[-110.53451,45.81201],[-110.5331,45.8102],[-110.52704,45.81038],[-110.52612,45.81054],[-110.52093,45.80354],[-110.52093,45.80301],[-110.51926,45.80259],[-110.5186,45.80239],[-110.51735,45.80077],[-110.50706,45.79761],[-110.50515,45.7965],[-110.50555,45.79545],[-110.50494,45.79345],[-110.50117,45.78914],[-110.50114,45.78908],[-110.50393,45.78426],[-110.50047,45.7776],[-110.50049,45.77552],[-110.4975,45.77166],[-110.49535,45.77141],[-110.49606,45.76985],[-110.49641,45.76983],[-110.49775,45.76928],[-110.49886,45.76755],[-110.49753,45.76677],[-110.49236,45.7629],[-110.49233,45.76188],[-110.49369,45.76178],[-110.49325,45.75898],[-110.49287,45.75779],[-110.49253,45.75761],[-110.49244,45.75755],[-110.49219,45.757],[-110.49287,45.75611],[-110.49279,45.75587],[-110.49291,45.75573],[-110.49413,45.75477],[-110.48594,45.75014],[-110.48254,45.74034],[-110.47557,45.73522],[-110.46939,45.73064],[-110.46158,45.72474],[-110.46116,45.72421],[-110.45873,45.72386],[-110.45714,45.72374],[-110.45673,45.72341]]},"properties":{"gnis_id":"00790415","gnis_name":"Shields River","fcode":55800,"visibility":5000000}},
{"type":"Feature","geometry":{"type":"MultiLineString","coordinates":[[[-111.50556,45.92681],[-111.50522,45.92662],[-111.50505,45.92016],[-111.50826,45.91892],[-111.50775,45.92093],[-111.51366,45.91897],[-111.51249,45.91515],[-111.51519,45.91079],[-111.518,45.9102],[-111.52373,45.91213],[-111.52413,45.91109],[-111.52312,45.90991],[-111.52482,45.9082],[-111.52637,45.90589],[-111.52768,45.90558],[-111.52779,45.90484],[-111.52715,45.90386],[-111.5257,45.90095],[-111.52493,45.90004],[-111.52323,45.8979],[-111.52188,45.89671],[-111.52003,45.89052],[-111.5199,45.8901],[-111.51598,45.8883],[-111.51165,45.88584],[-111.50994,45.88258],[-111.50865,45.88056],[-111.50284,45.87407],[-111.50399,45.87246],[-111.50502,45.87163],[-111.49839,45.8682],[-111.49825,45.8657],[-111.49547,45.86268],[-111.49536,45.86039],[-111.49746,45.85948],[-111.49811,45.85841],[-111.49825,45.85483],[-111.49802,45.8547],[-111.49681,45.85471],[-111.49588,45.85166],[-111.49673,45.85104],[-111.49706,45.84995],[-111.49695,45.84981],[-111.49441,45.8482],[-111.49416,45.84709],[-111.49413,45.84556],[-111.49514,45.8452],[-111.49455,45.84133],[-111.49509,45.84025],[-111.49804,45.83415],[-111.49953,45.83437],[-111.50034,45.83303],[-111.49767,45.82813],[-111.49763,45.82777],[-111.49737,45.8276],[-111.49867,45.82413],[-111.50057,45.82213],[-111.50224,45.81922],[-111.50278,45.81921],[-111.50419,45.81862],[-111.50397,45.81448],[-111.50547,45.81078],[-111.50896,45.80491],[-111.50883,45.80459],[-111.51191,45.7948],[-111.51254,45.79017],[-111.51901,45.76719],[-111.51662,45.7592],[-111.51281,45.75758],[-111.51512,45.75255],[-111.51862,45.74822],[-111.51703,45.74283],[-111.51832,45.73952],[-111.51773,45.73686],[-111.51818,45.73488],[-111.51798,45.73293],[-111.51852,45.72909],[-111.52198,45.72426],[-111.52187,45.72344],[-111.52221,45.72255],[-111.52069,45.72093],[-111.51992,45.71902],[-111.52163,45.71719],[-111.52114,45.71476],[-111.51998,45.71207],[-111.51849,45.70731],[-111.51831,45.70692],[-111.51729,45.70564],[-111.5168,45.70467],[-111.52198,45.69075],[-111.52877,45.67879],[-111.53071,45.67487],[-111.53069,45.67479],[-111.52999,45.66298],[-111.52162,45.65847],[-111.52142,45.65391],[-111.52449,45.64615],[-111.53367,45.63846],[-111.53976,45.63441],[-111.55016,45.62295],[-111.55046,45.62278],[-111.57419,45.60667],[-111.57695,45.58501],[-111.5786,45.58373],[-111.58973,45.58392],[-111.59496,45.58512],[-111.59403,45.56531],[-111.59453,45.5605],[-111.5898,45.53675],[-111.60659,45.52269],[-111.61103,45.52042],[-111.62181,45.51196],[-111.62578,45.50463],[-111.62583,45.50459],[-111.63246,45.48483],[-111.6314,45.48386],[-111.63109,45.48359],[-111.63639,45.47466],[-111.63847,45.46995],[-111.63921,45.46895],[-111.64078,45.46825],[-111.64657,45.45833],[-111.64872,45.45673],[-111.65457,45.45278],[-111.65896,45.45073],[-111.66363,45.44503],[-111.6721,45.43544],[-111.67517,45.43336],[-111.6759,45.43268],[-111.67741,45.43179],[-111.68157,45.4306],[-111.6844,45.43077],[-111.69171,45.42802],[-111.69416,45.41635],[-111.69407,45.41452],[-111.69464,45.41339],[-111.69637,45.41175],[-111.69678,45.40878],[-111.69656,45.40765],[-111.6971,45.40725],[-111.69731,45.4054],[-111.69706,45.40464],[-111.69611,45.40316],[-111.69428,45.40275],[-111.6946,45.40159],[-111.69424,45.39907],[-111.69438,45.3989],[-111.69503,45.39843],[-111.69763,45.39723],[-111.69859,45.39582],[-111.6995,45.39467],[-111.69931,45.39422],[-111.70027,45.39404],[-111.70169,45.39097],[-111.70082,45.38819],[-111.70153,45.38659],[-111.70135,45.38538],[-111.70134,45.38508],[-111.70121,45.38414],[-111.70088,45.38404],[-111.70057,45.38373],[-111.70106,45.3829],[-111.70134,45.38262],[-111.70146,45.38203],[-111.70159,45.38107],[-111.70166,45.38024],[-111.7021,45.37858],[-111.70345,45.37702],[-111.70372,45.3767],[-111.70396,45.37639],[-111.70638,45.37429],[-111.70801,45.36622],[-111.70876,45.36607],[-111.70988,45.36541],[-111.71086,45.36359],[-111.71506,45.35838],[-111.71941,45.34798],[-111.72243,45.34144],[-111.72557,45.33868],[-111.72709,45.33781],[-111.73949,45.32887],[-111.74732,45.31489],[-111.7472,45.31263],[-111.74804,45.30999],[-111.74843,45.30845],[-111.75018,45.30475],[-111.74979,45.30353],[-111.75065,45.30155],[-111.75144,45.30063],[-111.75216,45.29256],[-111.75245,45.29099],[-111.75092,45.28228],[-111.75234,45.28097],[-111.75176,45.27946],[-111.74961,45.269],[-111.75068,45.26614],[-111.75233,45.25961],[-111.75637,45.24913],[-111.75672,45.24719],[-111.75612,45.24428],[-111.75525,45.24262],[-111.75543,45.24179],[-111.7558,45.24155],[-111.75443,45.23612],[-111.75202,45.23454],[-111.75182,45.2341],[-111.75166,45.23333],[-111.75151,45.23245],[-111.75166,45.22685],[-111.7495,45.21632],[-111.74899,45.21445],[-111.7481,45.21041],[-111.72078,45.17447],[-111.71193,45.14845],[-111.70887,45.14568],[-111.69976,45.13723],[-111.67579,45.12561],[-111.66733,45.11759],[-111.66085,45.11005],[-111.66223,45.10513],[-111.66303,45.09935],[-111.66085,45.0883],[-111.6556,45.07683],[-111.66317,45.05883],[-111.67866,45.04046],[-111.67629,45.03808],[-111.66345,45.01701],[-111.66348,45.0135],[-111.66352,45.01331],[-111.66167,45.01154],[-111.66067,45.01042],[-111.65894,45.00316],[-111.65824,44.98961],[-111.65966,44.98559],[-111.65966,44.9844],[-111.64954,44.97671],[-111.64733,44.97122],[-111.63683,44.96502],[-111.62844,44.95863],[-111.62627,44.95843],[-111.62281,44.95665],[-111.61715,44.94903],[-111.61527,44.94585],[-111.61969,44.94035],[-111.60958,44.93271],[-111.60437,44.92646],[-111.60346,44.92526],[-111.60459,44.91621],[-111.6049,44.91581],[-111.60474,44.91289],[-111.60281,44.90918],[-111.58586,44.89022],[-111.58253,44.889],[-111.56291,44.86865],[-111.55463,44.86485],[-111.55081,44.8637],[-111.54626,44.85657],[-111.54371,44.85149],[-111.5434,44.8496],[-111.54303,44.8495],[-111.54163,44.84811],[-111.5441,44.83656],[-111.5433,44.83657],[-111.51649,44.8326],[-111.49908,44.82592],[-111.47524,44.82696],[-111.46516,44.82311],[-111.46054,44.82504],[-111.45738,44.82551],[-111.45533,44.82508],[-111.45436,44.82494],[-111.43532,44.82707],[-111.42311,44.82983],[-111.41659,44.83821],[-111.41631,44.83863],[-111.40419,44.84885],[-111.40255,44.84977],[-111.39556,44.85247],[-111.3895,44.85292],[-111.3791,44.84999],[-111.36489,44.85113],[-111.3616,44.85181],[-111.35628,44.85247],[-111.35311,44.85303],[-111.34912,44.8566],[-111.3504,44.86082],[-111.35041,44.86111],[-111.35072,44.86147],[-111.35069,44.86392],[-111.34421,44.86908],[-111.33753,44.86431],[-111.33721,44.86436]],[[-111.05332,44.65326],[-111.07506,44.67892],[-111.0749,44.67933],[-111.07877,44.68346],[-111.07883,44.68474],[-111.0836,44.68873],[-111.08433,44.68867],[-111.08492,44.68878],[-111.08559,44.68968],[-111.08708,44.69035],[-111.08807,44.68983],[-111.08866,44.68957],[-111.08897,44.68965],[-111.08963,44.69035],[-111.09037,44.69093],[-111.09114,44.69109],[-111.09003,44.69366],[-111.09075,44.69427],[-111.08957,44.69549],[-111.08949,44.69623],[-111.09016,44.69984],[-111.09064,44.70118],[-111.08908,44.70133],[-111.09263,44.7014],[-111.09543,44.70322],[-111.09853,44.70893],[-111.09591,44.70975],[-111.0949,44.71057],[-111.0967,44.71222],[-111.09512,44.71336],[-111.0991,44.71705],[-111.09951,44.71672],[-111.10603,44.71507],[-111.11041,44.71446],[-111.11109,44.71711],[-111.11141,44.71735],[-111.11184,44.71832],[-111.11521,44.71824],[-111.11932,44.72121],[-111.11952,44.72235],[-111.12106,44.72373],[-111.12125,44.72383],[-111.12411,44.72426],[-111.18494,44.74214],[-111.23214,44.74531],[-111.24903,44.75319],[-111.24877,44.76834],[-111.25154,44.78488],[-111.24907,44.78914],[-111.26076,44.80718],[-111.26594,44.81077],[-111.26992,44.81415],[-111.27314,44.81803],[-111.27783,44.82133],[-111.28403,44.82439],[-111.29178,44.83032],[-111.29328,44.832],[-111.30575,44.83859],[-111.30964,44.8387],[-111.3125,44.84143],[-111.31635,44.84544],[-111.31744,44.8459],[-111.32067,44.84834],[-111.32607,44.85269],[-111.32729,44.85398],[-111.33279,44.86048],[-111.3329,44.86101],[-111.33351,44.86186],[-111.33432,44.86301],[-111.33483,44.86416]]]},"properties":{"gnis_id":"00801119","gnis_name":"Madison River","fcode":55800,"visibility":5000000}},
{"type":"Feature","geometry":{"type":"MultiLineString","coordinates":[[[-105.34025,45.00017],[-105.33982,45.00304],[-105.34601,45.00017]],[[-105.34973,45.00016],[-105.36832,45.02398],[-105.3483,45.04039],[-105.34975,45.04568],[-105.35765,45.05028],[-105.34762,45.05258],[-105.35306,45.06428],[-105.35399,45.0721],[-105.34255,45.07238],[-105.33453,45.07895],[-105.32797,45.08098],[-105.32559,45.09707],[-105.32484,45.10936],[-105.31762,45.11183],[-105.31618,45.12597],[-105.32292,45.12723],[-105.3239,45.12773],[-105.32175,45.14216],[-105.33006,45.16843],[-105.32242,45.17822],[-105.32176,45.18833],[-105.31628,45.1939],[-105.32463,45.20977],[-105.32185,45.2307],[-105.31299,45.23123],[-105.31432,45.23632],[-105.31286,45.23649],[-105.3216,45.23715],[-105.32136,45.24339],[-105.3093,45.24687],[-105.30821,45.25731],[-105.32125,45.26495],[-105.32555,45.27148],[-105.32564,45.28997],[-105.33187,45.28633],[-105.31124,45.30871],[-105.31936,45.31663],[-105.31769,45.31884],[-105.3059,45.32075],[-105.31858,45.34674],[-105.31562,45.35799],[-105.30053,45.36822],[-105.3014,45.37688],[-105.30917,45.39567],[-105.3079,45.39857],[-105.31239,45.42093],[-105.32772,45.46192],[-105.34151,45.47484]]]},"properties":{"gnis_id":"00773477","gnis_name":"Little Powder River","fcode":46006,"visibility":5000000}},
{"type":"Feature","geometry":{"type":"LineString","coordinates":[[-108.34066,46.47602],[-108.34002,46.47603],[-108.33878,46.47582],[-108.33837,46.4747]]},"properties":{"gnis_id":"00774527","gnis_name":"Musselshell River","fcode":46003,"visibility":5000000}},
{"type":"Feature","geometry":{"type":"MultiLineString","coordinates":[[[-108.33837,46.4747],[-108.33855,46.47427],[-108.33738,46.47314],[-108.33327,46.47683],[-108.33222,46.47779],[-108.31581,46.47886],[-108.3137,46.47955],[-108.31064,46.48],[-108.31041,46.48096],[-108.31017,46.48196],[-108.30554,46.4816],[-108.30534,46.48165],[-108.30433,46.48248],[-108.30766,46.48454],[-108.30427,46.48824],[-108.30287,46.4881],[-108.29866,46.48553],[-108.29486,46.48676],[-108.28954,46.49034],[-108.28072,46.49461],[-108.27983,46.49516],[-108.27973,46.49527],[-108.27821,46.49552],[-108.27513,46.49801],[-108.26944,46.4971],[-108.26791,46.49792],[-108.25495,46.50505],[-108.25464,46.50632],[-108.23983,46.51053],[-108.23509,46.50492],[-108.22798,46.50355],[-108.22666,46.50697],[-108.23215,46.51094],[-108.22821,46.51023],[-108.21557,46.50913],[-108.21606,46.50833],[-108.20349,46.50336],[-108.17701,46.51383],[-108.17471,46.51438],[-108.15596,46.5143],[-108.15441,46.51411],[-108.10677,46.5229],[-108.09667,46.52023],[-108.0964,46.52028],[-108.09445,46.52209],[-108.08893,46.5203],[-108.08311,46.52456],[-108.07267,46.532],[-108.07167,46.53309],[-108.06652,46.53656],[-108.06383,46.53693],[-108.06142,46.53886],[-108.05634,46.54114],[-108.04498,46.54084],[-108.02328,46.55334],[-108.01945,46.55998],[-108.0194,46.56],[-108.01834,46.56018],[-108.00662,46.55368],[-107.99818,46.55404],[-107.99548,46.55511],[-107.99531,46.55517],[-107.9951,46.55524],[-107.98549,46.55501],[-107.97725,46.55906],[-107.97447,46.5622],[-107.97306,46.56419],[-107.97134,46.56802],[-107.96353,46.56748],[-107.96204,46.56796],[-107.96085,46.56754],[-107.95715,46.56856],[-107.95424,46.56874],[-107.95328,46.56885],[-107.95276,46.56766],[-107.95055,46.56735],[-107.95006,46.56744],[-107.9493,46.56647],[-107.94893,46.5661],[-107.94528,46.56626],[-107.94461,46.56597],[-107.94292,46.56635],[-107.94162,46.56841],[-107.93798,46.56911],[-107.93644,46.56773],[-107.93272,46.568],[-107.93217,46.56894],[-107.93193,46.57189],[-107.93024,46.57122],[-107.92934,46.57161],[-107.92756,46.56997],[-107.92634,46.5705],[-107.91423,46.57181],[-107.90817,46.56761],[-107.90741,46.56852],[-107.8736,46.57863],[-107.87381,46.58217],[-107.86952,46.58434],[-107.86793,46.58588],[-107.86652,46.5846],[-107.86748,46.58147],[-107.85831,46.58194],[-107.85745,46.58244],[-107.85737,46.58285],[-107.85861,46.58627],[-107.85309,46.58656],[-107.85118,46.58632],[-107.84793,46.58947],[-107.84873,46.5895],[-107.84992,46.59004],[-107.85039,46.59309],[-107.84534,46.59161],[-107.84046,46.59225],[-107.83923,46.59414],[-107.83795,46.59622],[-107.83657,46.59785],[-107.83617,46.60141],[-107.8291,46.60115],[-107.8286,46.60513],[-107.82743,46.60514],[-107.82913,46.608],[-107.82841,46.60944],[-107.82711,46.61003],[-107.82672,46.6103],[-107.82654,46.6112],[-107.82131,46.61074],[-107.82037,46.61226],[-107.81947,46.61284],[-107.81787,46.61292],[-107.81732,46.6167],[-107.81789,46.61739],[-107.81893,46.61821],[-107.82222,46.6218],[-107.82137,46.6244],[-107.82101,46.62448],[-107.81913,46.6244],[-107.81716,46.63088],[-107.8126,46.63126],[-107.81109,46.63958],[-107.82052,46.6468],[-107.81688,46.64921],[-107.81534,46.65283],[-107.81453,46.65389],[-107.81438,46.65412],[-107.81441,46.65578],[-107.79891,46.6632],[-107.79901,46.66406],[-107.79715,46.66519],[-107.79689,46.67347],[-107.79964,46.67423],[-107.79389,46.67756],[-107.79314,46.67951],[-107.794,46.68231],[-107.79462,46.68528],[-107.79884,46.68742],[-107.79919,46.68747],[-107.80875,46.69295],[-107.82222,46.70207],[-107.82286,46.70361],[-107.81826,46.71093],[-107.82033,46.71186],[-107.82596,46.71596],[-107.82602,46.72037],[-107.82714,46.72224],[-107.82743,46.72507],[-107.82771,46.72559],[-107.82608,46.72768],[-107.82491,46.72835],[-107.82264,46.72832],[-107.81742,46.72777],[-107.81458,46.72719],[-107.81024,46.72789],[-107.80766,46.73137],[-107.80828,46.73491],[-107.81333,46.74264],[-107.81339,46.74275],[-107.81409,46.74387],[-107.82628,46.75764],[-107.82595,46.75849],[-107.83192,46.75774],[-107.8315,46.76429],[-107.83485,46.76267],[-107.83958,46.76389],[-107.84138,46.76817],[-107.84011,46.76952],[-107.83837,46.77162],[-107.84185,46.77239],[-107.84804,46.77845],[-107.84581,46.78366],[-107.84331,46.78992],[-107.83742,46.79029],[-107.83761,46.791],[-107.83794,46.79226],[-107.85201,46.79357],[-107.85324,46.79706],[-107.84203,46.80145],[-107.84976,46.81177],[-107.85133,46.81795],[-107.857,46.81874],[-107.86203,46.82536],[-107.86243,46.82592],[-107.86297,46.83327],[-107.86174,46.83575],[-107.86197,46.83602],[-107.87488,46.8427],[-107.87673,46.84492],[-107.87839,46.84562],[-107.88747,46.84477],[-107.88949,46.84754],[-107.89012,46.84841],[-107.89475,46.85071],[-107.90373,46.86114],[-107.90924,46.86532],[-107.91364,46.86714],[-107.91827,46.86657],[-107.91473,46.8746],[-107.92712,46.87823],[-107.93361,46.87499],[-107.93507,46.87371],[-107.93783,46.87548],[-107.93983,46.87857],[-107.93773,46.88669],[-107.93614,46.88727],[-107.93668,46.88986],[-107.93948,46.8907],[-107.94092,46.89179],[-107.94069,46.89571],[-107.93121,46.89657],[-107.9317,46.90091],[-107.93138,46.90188],[-107.93238,46.90383],[-107.93052,46.91842],[-107.92436,46.91773],[-107.91834,46.91868],[-107.92397,46.92673],[-107.92545,46.927],[-107.92993,46.92782],[-107.92976,46.92786],[-107.91445,46.92933],[-107.91684,46.93171],[-107.92833,46.93359],[-107.913,46.93978],[-107.90617,46.96203],[-107.90889,46.96676],[-107.91091,46.9691],[-107.90877,46.97286],[-107.90435,46.9729],[-107.89688,46.98228],[-107.8858,46.98382],[-107.88419,46.98498],[-107.88958,46.99682],[-107.87987,46.99988],[-107.89675,47.01232],[-107.90024,47.01755],[-107.91467,47.01428],[-107.91743,47.01647],[-107.92235,47.02267],[-107.91646,47.04398],[-107.92796,47.04393],[-107.92825,47.04521],[-107.92324,47.05441],[-107.9209,47.06052],[-107.92597,47.06192],[-107.91714,47.07387],[-107.9174,47.07903],[-107.93203,47.07644],[-107.94478,47.08398],[-107.94533,47.08601],[-107.93414,47.08766],[-107.93385,47.09705],[-107.9371,47.09928],[-107.93868,47.1002],[-107.94021,47.10083],[-107.95879,47.12441],[-107.95545,47.13482],[-107.95484,47.13495],[-107.95476,47.13481]],[[-108.34066,46.47602],[-108.3414,46.47594],[-108.35217,46.47151],[-108.35521,46.47336],[-108.35678,46.4737],[-108.36202,46.47125],[-108.36328,46.47266],[-108.36985,46.47333],[-108.37606,46.47353],[-108.37972,46.47496],[-108.38065,46.47298],[-108.39267,46.47137],[-108.4033,46.47115],[-108.40404,46.47437],[-108.42181,46.47406],[-108.43374,46.46616],[-108.43691,46.46486],[-108.43713,46.46494],[-108.44197,46.46223],[-108.44299,46.4616],[-108.44424,46.46085],[-108.45316,46.46605],[-108.45439,46.46591],[-108.45654,46.46193],[-108.46569,46.46332],[-108.46682,46.46315],[-108.49229,46.45255],[-108.49818,46.44854],[-108.50011,46.44522],[-108.50218,46.4453],[-108.50243,46.44535],[-108.53041,46.44309],[-108.53107,46.4423],[-108.54722,46.4371],[-108.54926,46.43981],[-108.55917,46.4332],[-108.57297,46.42798],[-108.57314,46.42797],[-108.58044,46.42888],[-108.58446,46.42845],[-108.58519,46.42795],[-108.58525,46.42791],[-108.58594,46.42755],[-108.58845,46.4223],[-108.589,46.42185],[-108.58988,46.4197],[-108.5901,46.41635],[-108.59054,46.41626],[-108.59079,46.41634],[-108.59115,46.41581],[-108.59199,46.41438],[-108.59185,46.41398],[-108.59331,46.40875],[-108.59503,46.40678],[-108.59496,46.40607],[-108.59519,46.40547],[-108.59597,46.40444],[-108.59737,46.40329],[-108.59816,46.40282],[-108.59819,46.39897],[-108.60406,46.3977],[-108.60385,46.39738],[-108.60485,46.395],[-108.60468,46.39439],[-108.60541,46.39313],[-108.6056,46.39302],[-108.60594,46.39283],[-108.61448,46.38534],[-108.61607,46.38329],[-108.62592,46.37361],[-108.62641,46.37335],[-108.62705,46.37342],[-108.62843,46.37134],[-108.62871,46.37101],[-108.62979,46.37088],[-108.63721,46.36599],[-108.64135,46.36732],[-108.6415,46.36161],[-108.64238,46.36147],[-108.64592,46.35957],[-108.6464,46.35958],[-108.6474,46.36122],[-108.64792,46.36126],[-108.64984,46.36103],[-108.6507,46.36086],[-108.65071,46.36024],[-108.65347,46.35853],[-108.65644,46.35725],[-108.66089,46.35602],[-108.66338,46.35495],[-108.66463,46.35536],[-108.66885,46.35219],[-108.66946,46.35182],[-108.67018,46.35216],[-108.67146,46.35221],[-108.6766,46.34764],[-108.67921,46.34593],[-108.68237,46.34382],[-108.68324,46.34167],[-108.68371,46.34084],[-108.68408,46.3408],[-108.68587,46.33926],[-108.68725,46.33608],[-108.68931,46.336],[-108.69001,46.33641],[-108.69042,46.33652],[-108.69272,46.33487],[-108.69273,46.3343],[-108.69309,46.33201],[-108.69828,46.32316],[-108.6973,46.31819],[-108.69772,46.31721],[-108.69826,46.31646],[-108.69976,46.31658],[-108.70004,46.31721],[-108.70303,46.31804],[-108.70354,46.31748],[-108.70303,46.31664],[-108.70436,46.31558],[-108.70675,46.317],[-108.70926,46.31837],[-108.7193,46.31781],[-108.72035,46.31711],[-108.72292,46.31735],[-108.72441,46.31811],[-108.72755,46.3166],[-108.72974,46.31818],[-108.7352,46.31716],[-108.7355,46.31732],[-108.73935,46.31703],[-108.7401,46.31754],[-108.74698,46.31583],[-108.74737,46.31609],[-108.74848,46.3166],[-108.75136,46.31395],[-108.75207,46.3144],[-108.75482,46.31414],[-108.75489,46.31231],[-108.75966,46.30829],[-108.76028,46.30793],[-108.76099,46.30705],[-108.77375,46.30205],[-108.77448,46.30253],[-108.77634,46.30342],[-108.78088,46.30022],[-108.78156,46.29856],[-108.78439,46.29685],[-108.78491,46.29602],[-108.78624,46.29409],[-108.78588,46.29321],[-108.78648,46.29196],[-108.78713,46.29167],[-108.78996,46.28942],[-108.78869,46.28563],[-108.78877,46.28556],[-108.78833,46.28472],[-108.78751,46.28408],[-108.78831,46.28217],[-108.78933,46.2798],[-108.79622,46.2761],[-108.79845,46.27622],[-108.80014,46.2754],[-108.80168,46.27523],[-108.80624,46.2766],[-108.80754,46.27689],[-108.81274,46.27503],[-108.81703,46.27301],[-108.81769,46.27284],[-108.82319,46.2728],[-108.82382,46.27384],[-108.82573,46.27468],[-108.82614,46.27496],[-108.82637,46.27572],[-108.8289,46.27644],[-108.82903,46.27595],[-108.83119,46.27583],[-108.83187,46.27777],[-108.83557,46.27733],[-108.83629,46.27728],[-108.83959,46.27863],[-108.83935,46.2792],[-108.83849,46.27942],[-108.83743,46.28022],[-108.84102,46.28301],[-108.84267,46.28496],[-108.8434,46.28542],[-108.84316,46.28582],[-108.84363,46.28708],[-108.84581,46.28822],[-108.84626,46.28579],[-108.84629,46.28486],[-108.85446,46.2864],[-108.85492,46.28488],[-108.85579,46.28493],[-108.86027,46.28646],[-108.86156,46.28767],[-108.86205,46.2879],[-108.86657,46.28449],[-108.86684,46.28474],[-108.87168,46.28376],[-108.8757,46.28701],[-108.883,46.28926],[-108.88903,46.29081],[-108.88951,46.29124],[-108.89081,46.29188],[-108.89139,46.29212],[-108.89277,46.29233],[-108.89472,46.29208],[-108.89645,46.29071],[-108.89715,46.29041],[-108.89805,46.29041],[-108.90498,46.29076],[-108.9037,46.29039],[-108.90944,46.29019],[-108.91882,46.28466],[-108.91939,46.28592],[-108.91904,46.28585],[-108.91892,46.2866],[-108.92007,46.288],[-108.92037,46.28753],[-108.92249,46.28888],[-108.92272,46.2892],[-108.92779,46.29107],[-108.93053,46.28327],[-108.93097,46.28286],[-108.93459,46.28199],[-108.93277,46.28403],[-108.93225,46.28455],[-108.93759,46.28629],[-108.93697,46.28661],[-108.94262,46.28969],[-108.94332,46.28966],[-108.94763,46.28938],[-108.9477,46.28965],[-108.95187,46.28955],[-108.95608,46.29327],[-108.95567,46.29369],[-108.96006,46.29764],[-108.96185,46.29864],[-108.96267,46.29863],[-108.96582,46.2971],[-108.96476,46.29771],[-108.96657,46.29822],[-108.97082,46.29547],[-108.97028,46.29714],[-108.97198,46.29645],[-108.97306,46.29648],[-108.97412,46.29669],[-108.97434,46.29696],[-108.97762,46.30076],[-108.9963,46.29931],[-108.99642,46.29949],[-108.99696,46.29979],[-108.99809,46.30013],[-108.99865,46.30092],[-109.00591,46.29871],[-109.0076,46.29768],[-109.01082,46.297],[-109.01187,46.29698],[-109.01394,46.29969],[-109.02315,46.30038],[-109.02679,46.29993],[-109.02905,46.29936],[-109.0315,46.29913],[-109.03474,46.29924],[-109.0355,46.29917],[-109.03782,46.29872],[-109.04277,46.29846],[-109.04569,46.29899],[-109.05974,46.29876],[-109.06055,46.29902],[-109.06494,46.29902],[-109.06593,46.29938],[-109.06829,46.29917],[-109.06888,46.29855],[-109.06958,46.29826],[-109.07058,46.29796],[-109.0864,46.2966],[-109.08788,46.29793],[-109.08736,46.29842],[-109.08434,46.29839],[-109.08413,46.29877],[-109.08802,46.29919],[-109.08816,46.29909],[-109.09127,46.29743],[-109.09103,46.29781],[-109.09451,46.2985],[-109.09495,46.29913],[-109.09571,46.29974],[-109.09623,46.30004],[-109.10288,46.30009],[-109.11113,46.2997],[-109.11538,46.30359],[-109.1307,46.31026],[-109.13039,46.31058],[-109.13798,46.31454],[-109.14136,46.31384],[-109.1418,46.31411],[-109.14219,46.31404],[-109.14395,46.31373],[-109.1442,46.31318],[-109.14393,46.31201],[-109.14748,46.30184],[-109.14769,46.30208],[-109.14883,46.30336],[-109.14857,46.30541],[-109.15088,46.307],[-109.15393,46.30702],[-109.15448,46.30655],[-109.16504,46.31359],[-109.16743,46.31271],[-109.1714,46.31315],[-109.17844,46.31279],[-109.18365,46.3149],[-109.18457,46.31512],[-109.185,46.3152],[-109.18617,46.31143],[-109.18609,46.31095],[-109.18348,46.30959],[-109.18385,46.30925],[-109.18582,46.30875],[-109.18681,46.3087],[-109.18918,46.30957],[-109.18961,46.30921],[-109.19791,46.30617],[-109.19878,46.30536],[-109.20353,46.30248],[-109.20946,46.29751],[-109.21012,46.29514],[-109.21076,46.2952],[-109.21256,46.29477],[-109.2175,46.29116],[-109.22101,46.29067],[-109.22192,46.28949],[-109.22217,46.28959],[-109.22575,46.29364],[-109.22612,46.2939],[-109.22955,46.29333],[-109.23332,46.29399],[-109.23401,46.29385],[-109.23993,46.29146],[-109.24188,46.2917],[-109.249,46.29169],[-109.25701,46.29424],[-109.25777,46.29394],[-109.25799,46.29384],[-109.26928,46.2913],[-109.27349,46.29172],[-109.27702,46.29162],[-109.2819,46.29328],[-109.28244,46.29399],[-109.28505,46.29664],[-109.28577,46.29637],[-109.29671,46.29689],[-109.29638,46.29738],[-109.29716,46.29814],[-109.2977,46.29792],[-109.29944,46.29714],[-109.29989,46.29704],[-109.30531,46.29787],[-109.30616,46.29648],[-109.30581,46.29626],[-109.30564,46.29615],[-109.30973,46.29545],[-109.30959,46.29599],[-109.31313,46.29712],[-109.31752,46.29543],[-109.32151,46.29745],[-109.32791,46.29846],[-109.32894,46.29591],[-109.33261,46.29707],[-109.33448,46.29816],[-109.33755,46.29824],[-109.3467,46.2995],[-109.34709,46.30234],[-109.34957,46.30088],[-109.35248,46.30335],[-109.35404,46.30371],[-109.3548,46.30328],[-109.3555,46.30303],[-109.35615,46.30294],[-109.35617,46.30305],[-109.3571,46.30313],[-109.36311,46.30265],[-109.36316,46.30284],[-109.36846,46.30418],[-109.36816,46.3049],[-109.37603,46.30638],[-109.37895,46.3074],[-109.38125,46.30802],[-109.38522,46.30839],[-109.38731,46.30978],[-109.39087,46.311],[-109.39077,46.31119],[-109.39096,46.31189],[-109.39221,46.31199],[-109.39422,46.31167],[-109.39873,46.31456],[-109.39957,46.3145],[-109.39953,46.31373],[-109.40536,46.31339],[-109.40608,46.31343],[-109.41012,46.31459],[-109.41202,46.31401],[-109.41276,46.31381],[-109.41535,46.31417],[-109.41725,46.31488],[-109.41985,46.31489],[-109.4193,46.31617],[-109.42008,46.31819],[-109.42614,46.31763],[-109.42868,46.31693],[-109.43707,46.31543],[-109.43844,46.31411],[-109.44216,46.31245],[-109.44263,46.31436],[-109.44419,46.31806],[-109.44459,46.31786],[-109.44724,46.31844],[-109.45042,46.31895],[-109.45894,46.32088],[-109.45847,46.31982],[-109.46363,46.32032],[-109.46386,46.32048],[-109.4649,46.32231],[-109.4656,46.32263],[-109.46556,46.32331],[-109.46997,46.32383],[-109.47119,46.32406],[-109.47263,46.32435],[-109.47386,46.32456],[-109.47413,46.32441],[-109.47587,46.32405],[-109.47694,46.32456],[-109.48277,46.3262],[-109.48554,46.32667],[-109.48608,46.32678],[-109.48781,46.32665],[-109.48826,46.32708],[-109.4898,46.32836],[-109.49011,46.32816],[-109.49376,46.32962],[-109.49559,46.33052],[-109.4958,46.3292],[-109.49795,46.32909],[-109.49806,46.32986],[-109.49846,46.33104],[-109.49989,46.33091],[-109.50197,46.32968],[-109.50253,46.32983],[-109.50257,46.33018],[-109.50773,46.32868],[-109.50816,46.32847],[-109.51035,46.33624],[-109.5145,46.33858],[-109.51465,46.33849],[-109.51512,46.33787],[-109.51582,46.33814],[-109.51734,46.33793],[-109.52276,46.337],[-109.52407,46.33703],[-109.52466,46.33631],[-109.52549,46.33627],[-109.52637,46.33628],[-109.52705,46.3364],[-109.52783,46.33689],[-109.52802,46.33888],[-109.52826,46.33916],[-109.52984,46.34197],[-109.53021,46.34202],[-109.52993,46.3424],[-109.52963,46.34305],[-109.53031,46.34336],[-109.53126,46.34356],[-109.53178,46.34389],[-109.53215,46.34403],[-109.53563,46.34331],[-109.53703,46.34047],[-109.53858,46.34526],[-109.53863,46.34545],[-109.53891,46.34553],[-109.53955,46.3455],[-109.53955,46.34569],[-109.54052,46.34582],[-109.54051,46.34407],[-109.54095,46.34419],[-109.54404,46.34382],[-109.54535,46.34467],[-109.54684,46.34609],[-109.54745,46.34594],[-109.54931,46.34873],[-109.55299,46.34883],[-109.55463,46.34984],[-109.55573,46.35099],[-109.55646,46.35141],[-109.5579,46.35148],[-109.55869,46.35072],[-109.56087,46.35171],[-109.5598,46.35359],[-109.56115,46.35491],[-109.56217,46.35507],[-109.56074,46.35713],[-109.56123,46.35809],[-109.56229,46.35839],[-109.56686,46.35756],[-109.56873,46.35545],[-109.56846,46.35513],[-109.57092,46.3566],[-109.57131,46.35912],[-109.57228,46.35891],[-109.57387,46.35944],[-109.57425,46.35978],[-109.57454,46.36077],[-109.5766,46.36177],[-109.57792,46.36175],[-109.57841,46.36268],[-109.58164,46.36736],[-109.58219,46.36769],[-109.58273,46.3679],[-109.59201,46.37129],[-109.59243,46.37168],[-109.59745,46.37252],[-109.59742,46.37367],[-109.59856,46.37387],[-109.59864,46.37411],[-109.59917,46.37478],[-109.59938,46.37482],[-109.60067,46.37379],[-109.60155,46.3744],[-109.60309,46.37608],[-109.60394,46.37676],[-109.6046,46.37702],[-109.60862,46.37644],[-109.61503,46.37761],[-109.61513,46.37753],[-109.61548,46.37721],[-109.61594,46.3769],[-109.62104,46.37697],[-109.62114,46.37732],[-109.62235,46.3777],[-109.62297,46.37795],[-109.6244,46.37798],[-109.62627,46.37807],[-109.62641,46.37862],[-109.62644,46.37919],[-109.62676,46.37933],[-109.62707,46.37923],[-109.62873,46.3795],[-109.62829,46.38],[-109.62914,46.38129],[-109.6322,46.38502],[-109.63245,46.38534],[-109.63336,46.38564],[-109.63384,46.38496],[-109.63406,46.38488],[-109.63967,46.38755],[-109.63985,46.38718],[-109.63975,46.38695],[-109.63976,46.38669],[-109.63987,46.38661],[-109.6435,46.38543],[-109.64395,46.38446],[-109.64401,46.38431],[-109.64521,46.38441],[-109.65309,46.38549],[-109.65433,46.39033],[-109.65673,46.39075],[-109.66215,46.39125],[-109.66066,46.39167],[-109.66138,46.39205],[-109.66143,46.39226],[-109.66295,46.39363],[-109.66317,46.39368],[-109.66434,46.39379],[-109.66538,46.39365],[-109.66458,46.39318],[-109.66414,46.3926],[-109.66597,46.39265],[-109.66698,46.39306],[-109.66807,46.39358],[-109.67088,46.39289],[-109.67149,46.3935],[-109.67843,46.39707],[-109.6794,46.39671],[-109.68062,46.39521],[-109.68236,46.39488],[-109.68292,46.39496],[-109.6845,46.39751],[-109.68804,46.39955],[-109.68704,46.4015],[-109.69022,46.40173],[-109.69317,46.40398],[-109.69375,46.40418],[-109.69489,46.40351],[-109.69894,46.40403],[-109.69966,46.40719],[-109.6993,46.40759],[-109.69963,46.4077],[-109.69941,46.40776],[-109.69855,46.40781],[-109.69813,46.40794],[-109.69805,46.40818],[-109.69789,46.40836],[-109.70059,46.40934],[-109.70134,46.40908],[-109.70262,46.4085],[-109.70363,46.40822],[-109.70585,46.4073],[-109.70623,46.40686],[-109.70889,46.40893],[-109.71057,46.41088],[-109.71267,46.4125],[-109.71339,46.41223],[-109.72142,46.41232],[-109.72324,46.4117],[-109.72435,46.41168],[-109.72451,46.41185],[-109.72461,46.41259],[-109.72547,46.41224],[-109.72599,46.41202],[-109.72687,46.41226],[-109.72697,46.41255],[-109.74274,46.41562],[-109.74494,46.41597],[-109.74558,46.41582],[-109.74594,46.41658],[-109.7474,46.41753],[-109.75402,46.41823],[-109.75791,46.41478],[-109.7586,46.41346],[-109.76243,46.41445],[-109.7626,46.41468],[-109.76278,46.41585],[-109.76767,46.41611],[-109.77031,46.41603],[-109.77228,46.41587],[-109.77338,46.41981],[-109.77911,46.41723],[-109.77993,46.41737],[-109.78105,46.41776],[-109.78103,46.41879],[-109.78134,46.41882],[-109.78325,46.42168],[-109.78519,46.42056],[-109.78556,46.42095],[-109.78629,46.42159],[-109.78553,46.42236],[-109.78902,46.42192],[-109.78931,46.42203],[-109.78987,46.42285],[-109.79131,46.42285],[-109.79156,46.42282],[-109.79205,46.42315],[-109.79275,46.42323],[-109.79285,46.42332],[-109.79474,46.42477],[-109.79574,46.42439],[-109.79705,46.42423],[-109.80034,46.4252],[-109.80926,46.42587],[-109.8146,46.42668],[-109.81777,46.42506],[-109.81874,46.42488],[-109.81889,46.4245],[-109.81916,46.42447],[-109.82052,46.42433],[-109.82079,46.42566],[-109.82051,46.42626],[-109.81967,46.42831],[-109.8205,46.42821],[-109.82194,46.42871],[-109.82223,46.42852],[-109.82213,46.42794],[-109.82316,46.4277],[-109.82583,46.42729],[-109.82874,46.42821],[-109.82888,46.42819],[-109.82938,46.4276],[-109.83021,46.42763],[-109.83298,46.42779],[-109.83297,46.42831],[-109.83351,46.42881],[-109.83435,46.42796],[-109.83484,46.42811],[-109.83547,46.42869],[-109.83583,46.42886],[-109.83718,46.42884],[-109.84234,46.42905],[-109.84609,46.42886],[-109.84618,46.42891],[-109.84659,46.42957],[-109.84925,46.43088],[-109.85544,46.43047],[-109.85485,46.43028],[-109.85525,46.42935],[-109.8558,46.42915],[-109.85752,46.42865],[-109.86235,46.43004],[-109.86453,46.42998],[-109.86418,46.4308],[-109.86426,46.43101],[-109.86682,46.43173],[-109.87106,46.43245],[-109.87737,46.43207],[-109.88068,46.43369],[-109.88089,46.43376],[-109.88307,46.43369],[-109.88379,46.43353],[-109.88618,46.43295],[-109.88662,46.43317],[-109.89,46.43463],[-109.8912,46.43343],[-109.89591,46.43489],[-109.89818,46.43375],[-109.90012,46.43667],[-109.89997,46.43703],[-109.90318,46.43793],[-109.90501,46.43439],[-109.90834,46.43449],[-109.90834,46.43477],[-109.90886,46.43584],[-109.90899,46.43598],[-109.91106,46.43575],[-109.9125,46.43692],[-109.91289,46.4356],[-109.91454,46.43569],[-109.91869,46.43636],[-109.91942,46.43674],[-109.92128,46.43746],[-109.9219,46.43762],[-109.92589,46.43735],[-109.92622,46.43682],[-109.92952,46.43443],[-109.93298,46.43354],[-109.9335,46.4337],[-109.934,46.4345],[-109.9337,46.43575],[-109.93379,46.43586],[-109.93407,46.43587],[-109.93631,46.43755],[-109.9377,46.43766],[-109.93941,46.4374],[-109.94259,46.43677],[-109.94627,46.43742],[-109.94987,46.43955],[-109.95163,46.43898],[-109.95104,46.43856],[-109.95134,46.43567],[-109.9554,46.43587],[-109.95692,46.43731],[-109.95718,46.43717],[-109.95771,46.43696],[-109.95859,46.43802],[-109.96271,46.43837],[-109.96333,46.44105],[-109.96608,46.4416],[-109.96898,46.43957],[-109.97144,46.44093],[-109.98051,46.44334],[-109.98153,46.44271],[-109.98286,46.44297],[-109.98703,46.44421],[-109.99182,46.44549],[-109.99705,46.44902],[-109.99783,46.44671],[-110.00147,46.44803],[-110.00186,46.44637],[-110.00624,46.44805],[-110.00687,46.44786],[-110.00738,46.44711],[-110.00808,46.44669],[-110.00971,46.44671],[-110.01291,46.44678],[-110.01566,46.44504],[-110.01901,46.44497],[-110.02065,46.4443],[-110.0252,46.44249],[-110.02604,46.43839],[-110.02528,46.43654],[-110.0263,46.43565],[-110.03372,46.43723],[-110.03756,46.43592],[-110.03826,46.43508],[-110.03862,46.43506],[-110.03942,46.43496],[-110.0419,46.43529],[-110.04466,46.43302],[-110.04352,46.43263],[-110.04512,46.43153],[-110.04679,46.4306],[-110.04864,46.43185],[-110.05617,46.43001],[-110.05944,46.42799],[-110.06228,46.42723],[-110.06531,46.42908],[-110.06437,46.42869],[-110.06783,46.43016],[-110.06868,46.42969],[-110.07041,46.4304],[-110.07244,46.42995],[-110.0735,46.42704],[-110.07627,46.42836],[-110.07874,46.42913],[-110.07908,46.42807],[-110.08205,46.42792],[-110.0857,46.42822],[-110.08677,46.4284],[-110.08705,46.42815],[-110.08721,46.42832],[-110.08772,46.42867],[-110.08784,46.42896],[-110.08806,46.42897],[-110.08853,46.4289],[-110.091,46.42926],[-110.09282,46.42904],[-110.09305,46.43187],[-110.09359,46.43194],[-110.09469,46.43208],[-110.09487,46.43198],[-110.09539,46.43204],[-110.09532,46.43216],[-110.09574,46.43234],[-110.09637,46.43213],[-110.09897,46.43277],[-110.10069,46.43417],[-110.10217,46.43459],[-110.10558,46.43658],[-110.10639,46.43673],[-110.10794,46.4347],[-110.1103,46.43371],[-110.11129,46.43352],[-110.11241,46.43333],[-110.11264,46.43306],[-110.11658,46.4319],[-110.11742,46.43229],[-110.12211,46.43479],[-110.12415,46.43343],[-110.12424,46.43277],[-110.1316,46.43639],[-110.13294,46.43481],[-110.1381,46.43693],[-110.13718,46.43736],[-110.13667,46.43865],[-110.1395,46.43902],[-110.13972,46.43935],[-110.14644,46.4411],[-110.14487,46.44172],[-110.14492,46.44184],[-110.14923,46.44332],[-110.15201,46.44368],[-110.15229,46.44366],[-110.15416,46.44299],[-110.15516,46.44203],[-110.15818,46.44143],[-110.15838,46.44142],[-110.16,46.44167],[-110.16771,46.44214],[-110.17174,46.44295],[-110.17236,46.44329],[-110.17352,46.44338],[-110.1768,46.44466],[-110.17795,46.44694],[-110.18284,46.44928],[-110.18482,46.45045],[-110.18674,46.4499],[-110.19043,46.45316],[-110.19333,46.45422],[-110.19396,46.45384],[-110.19429,46.45408],[-110.19433,46.45425],[-110.19445,46.45448],[-110.19497,46.45461],[-110.19607,46.45436],[-110.19732,46.4545],[-110.20048,46.45422],[-110.20491,46.45308],[-110.21621,46.45592],[-110.21911,46.4558],[-110.22222,46.45986],[-110.22266,46.45972],[-110.22344,46.46094],[-110.22338,46.46096],[-110.22623,46.46361],[-110.23031,46.46675],[-110.22944,46.46748],[-110.23476,46.47089],[-110.23651,46.47341],[-110.23781,46.47271],[-110.23758,46.4735],[-110.23956,46.47258],[-110.24118,46.47232],[-110.24291,46.47327],[-110.24447,46.47334],[-110.24476,46.47326],[-110.24472,46.47393],[-110.24486,46.4741],[-110.24669,46.47463],[-110.25073,46.4775],[-110.25151,46.47795],[-110.25144,46.47748],[-110.25197,46.47764],[-110.25361,46.4769],[-110.25673,46.47556],[-110.26355,46.47742],[-110.26572,46.47741],[-110.26763,46.47771],[-110.27257,46.47966]],[[-107.90693,47.4509],[-107.90974,47.4492],[-107.91597,47.44488],[-107.91962,47.43562],[-107.9176,47.43099],[-107.91768,47.4292],[-107.91724,47.42852],[-107.91651,47.42507],[-107.91583,47.41702],[-107.9171,47.41361],[-107.91553,47.40584],[-107.91568,47.40553],[-107.91917,47.40003],[-107.91928,47.39998],[-107.93013,47.3919],[-107.93073,47.39076],[-107.93114,47.38945],[-107.92978,47.38749],[-107.9301,47.38603],[-107.9308,47.38464],[-107.93136,47.38227],[-107.93601,47.37735],[-107.93494,47.375],[-107.93451,47.3722],[-107.94093,47.36599],[-107.95231,47.3623],[-107.95575,47.359],[-107.95515,47.34744],[-107.95105,47.34076],[-107.95692,47.34104],[-107.96468,47.32912],[-107.96451,47.32798],[-107.95552,47.32406],[-107.94489,47.31992],[-107.95597,47.30348],[-107.94863,47.2948],[-107.95547,47.29684],[-107.96038,47.29177],[-107.95469,47.28319],[-107.96579,47.27722],[-107.95307,47.27405],[-107.95129,47.26774],[-107.95171,47.26631],[-107.94773,47.25946],[-107.94979,47.25587],[-107.96558,47.25352],[-107.96822,47.24878],[-107.96268,47.24785],[-107.94841,47.24062],[-107.94924,47.23813],[-107.94361,47.22386],[-107.94336,47.21887],[-107.93912,47.21015],[-107.9389,47.2068],[-107.94188,47.20547],[-107.93187,47.19283],[-107.94076,47.18915],[-107.92278,47.17921],[-107.92842,47.16944],[-107.93647,47.16561],[-107.94528,47.17194],[-107.94097,47.16319],[-107.95051,47.16149],[-107.95504,47.1573],[-107.95157,47.15504],[-107.93905,47.14579],[-107.95629,47.13843],[-107.94242,47.13536],[-107.9528,47.13477],[-107.95294,47.13474]]]},"properties":{"gnis_id":"00774527","gnis_name":"Musselshell River","fcode":55800,"visibility":5000000}},
{"type":"Feature","geometry":{"type":"MultiLineString","coordinates":[[[-110.59326,46.69043],[-110.59324,46.69035],[-110.59307,46.68805],[-110.59122,46.68545],[-110.59807,46.66798],[-110.58963,46.65953],[-110.57843,46.6508],[-110.57748,46.64812],[-110.57317,46.64185],[-110.57324,46.64172],[-110.57392,46.63381],[-110.57638,46.62782]],[[-110.5938,46.69094],[-110.59379,46.69104]],[[-110.59334,46.69051],[-110.59359,46.69065]],[[-110.40617,46.53412],[-110.40514,46.53289],[-110.40355,46.53066],[-110.40239,46.52734],[-110.40215,46.52666],[-110.4007,46.52633],[-110.39896,46.52676],[-110.39791,46.52688],[-110.39719,46.52683],[-110.3946,46.52755],[-110.39295,46.52632],[-110.38943,46.52332],[-110.38916,46.52309],[-110.3886,46.52191],[-110.38696,46.52141],[-110.38634,46.52114],[-110.38593,46.52045],[-110.37659,46.518],[-110.37666,46.51702],[-110.37121,46.51479],[-110.37019,46.51318],[-110.36521,46.51346],[-110.36395,46.51337],[-110.36207,46.51483],[-110.36191,46.51438],[-110.36147,46.51282],[-110.36135,46.51093],[-110.36083,46.51061],[-110.359,46.50759],[-110.35584,46.50576],[-110.35517,46.50569],[-110.354,46.50559],[-110.3529,46.50505],[-110.35105,46.50267],[-110.34794,46.50208],[-110.34669,46.50235],[-110.34026,46.50215],[-110.33556,46.49664],[-110.33449,46.49609],[-110.33057,46.49475],[-110.32436,46.49436],[-110.32326,46.49425],[-110.32135,46.49389],[-110.3201,46.49472],[-110.31638,46.49473],[-110.30281,46.48829],[-110.30221,46.48822],[-110.30084,46.48649],[-110.30108,46.48462],[-110.30083,46.48432],[-110.29367,46.48358],[-110.29369,46.48344],[-110.29312,46.48342],[-110.28554,46.4815],[-110.28114,46.48223],[-110.27257,46.47966]],[[-110.4072,46.53505],[-110.40765,46.53506],[-110.41371,46.53648],[-110.41552,46.53664],[-110.4177,46.53622],[-110.41794,46.53625],[-110.41806,46.53633],[-110.41977,46.53995],[-110.42263,46.54079],[-110.43148,46.54234],[-110.43387,46.54297],[-110.4427,46.54273],[-110.44589,46.54137],[-110.44652,46.54151],[-110.44974,46.5431],[-110.44996,46.54388],[-110.45092,46.5448],[-110.45312,46.54613],[-110.45881,46.54954],[-110.46193,46.54958],[-110.46618,46.55149],[-110.48318,46.55538],[-110.48528,46.55503],[-110.48977,46.55633],[-110.50499,46.55798],[-110.51153,46.56328],[-110.51271,46.56453],[-110.51455,46.56539],[-110.51469,46.56625],[-110.51473,46.56632],[-110.5166,46.5662],[-110.51755,46.56659],[-110.51867,46.56702],[-110.51906,46.56673],[-110.51951,46.5676],[-110.52102,46.56795],[-110.52334,46.5682],[-110.52681,46.56848],[-110.53692,46.57328],[-110.54269,46.57331],[-110.55878,46.57909]],[[-110.57942,46.60126],[-110.57871,46.60223],[-110.57834,46.60229],[-110.57809,46.60223],[-110.5774,46.60259],[-110.57757,46.60288],[-110.57725,46.60286],[-110.57694,46.60302],[-110.57751,46.60369],[-110.57767,46.60391],[-110.57902,46.60807],[-110.57759,46.61097],[-110.577,46.61757],[-110.57702,46.61758],[-110.57568,46.61902],[-110.57581,46.6219],[-110.57566,46.62207],[-110.57575,46.62231],[-110.57637,46.6266]],[[-110.5944,46.69166],[-110.59611,46.69419],[-110.59668,46.71005],[-110.58725,46.72231]],[[-110.57608,46.62722],[-110.57635,46.6275]]]},"properties":{"gnis_id":"00788217","gnis_name":"North Fork Musselshell River","fcode":46006,"visibility":5000000}},
{"type":"Feature","geometry":{"type":"MultiLineString","coordinates":[[[-110.59359,46.69065],[-110.5938,46.69094]],[[-110.59326,46.69043],[-110.59334,46.69051]],[[-110.40617,46.53412],[-110.4072,46.53505]],[[-110.57635,46.6275],[-110.57638,46.62782]],[[-110.59379,46.69104],[-110.59429,46.69154],[-110.5944,46.69166]],[[-110.57637,46.6266],[-110.57608,46.62722]],[[-110.57942,46.60126],[-110.57938,46.60043],[-110.57848,46.60033],[-110.57755,46.59965],[-110.57372,46.59176],[-110.56969,46.58737],[-110.56782,46.58537],[-110.5653,46.58355],[-110.56295,46.58272],[-110.55878,46.57909]]]},"properties":{"gnis_id":"00788217","gnis_name":"North Fork Musselshell River","fcode":55800,"visibility":5000000}},
{"type":"Feature","geometry":{"type":"MultiLineString","coordinates":[[[-110.55842,46.40691],[-110.55492,46.40695],[-110.55228,46.41382],[-110.5498,46.4142],[-110.5439,46.41318],[-110.54098,46.41232],[-110.53499,46.41381],[-110.53506,46.41428],[-110.53281,46.41766],[-110.52973,46.41827],[-110.51704,46.4208],[-110.51675,46.42081],[-110.51601,46.42008],[-110.51485,46.41889],[-110.51053,46.41769],[-110.50889,46.419],[-110.49891,46.41839],[-110.4974,46.41855],[-110.49288,46.41949],[-110.48811,46.42208],[-110.48221,46.42403],[-110.47779,46.42403],[-110.47761,46.42403],[-110.47759,46.42379],[-110.47461,46.42345],[-110.47343,46.42481],[-110.46722,46.42513],[-110.46533,46.42727],[-110.44244,46.4268],[-110.43909,46.42625],[-110.43762,46.42682],[-110.43436,46.42612],[-110.42969,46.43008],[-110.4212,46.43158],[-110.41793,46.43106],[-110.41534,46.43207],[-110.41479,46.43543],[-110.4145,46.43598],[-110.41112,46.44089],[-110.40593,46.44412],[-110.40519,46.44385],[-110.40606,46.44474],[-110.40579,46.44617],[-110.40078,46.44663],[-110.40045,46.4499],[-110.39627,46.45183],[-110.39463,46.4528],[-110.38751,46.45368],[-110.38391,46.45583],[-110.38263,46.45541],[-110.38269,46.45439],[-110.38171,46.45451],[-110.38006,46.45505],[-110.37487,46.45451],[-110.37475,46.4555],[-110.37347,46.4549],[-110.37307,46.45426],[-110.37316,46.45398],[-110.37294,46.45301],[-110.36466,46.45281],[-110.35322,46.45442],[-110.35263,46.45509],[-110.35058,46.45582],[-110.35071,46.45627],[-110.35007,46.45555],[-110.34933,46.45463],[-110.34688,46.45526],[-110.34619,46.4557],[-110.34453,46.45561],[-110.34383,46.45546],[-110.34142,46.45659],[-110.33701,46.45596],[-110.33352,46.45806],[-110.33272,46.45967],[-110.3287,46.46141],[-110.3286,46.46124],[-110.32497,46.46265],[-110.31109,46.46198],[-110.30525,46.46642],[-110.30355,46.46771],[-110.30129,46.46748],[-110.29916,46.4707],[-110.29765,46.46886],[-110.2943,46.46736],[-110.28787,46.46913],[-110.28755,46.46986],[-110.28751,46.47042],[-110.27939,46.4733],[-110.27821,46.47353],[-110.27705,46.47483],[-110.27931,46.47626],[-110.27919,46.47821],[-110.27801,46.47881],[-110.2769,46.47843],[-110.27545,46.47862],[-110.2744,46.47862],[-110.27257,46.47966]],[[-110.58076,46.40041],[-110.58149,46.40023],[-110.58814,46.39864],[-110.59239,46.39758],[-110.5978,46.39632],[-110.60769,46.39369],[-110.61034,46.39228],[-110.62021,46.38283]]]},"properties":{"gnis_id":"00791021","gnis_name":"South Fork Musselshell River","fcode":46006,"visibility":5000000}},
{"type":"Feature","geometry":{"type":"MultiLineString","coordinates":[[[-110.60658,46.32239],[-110.60511,46.32165],[-110.59755,46.31071]],[[-110.62021,46.38283],[-110.6195,46.3826],[-110.61813,46.3814],[-110.61793,46.38121]],[[-110.60664,46.32253],[-110.60406,46.33003],[-110.60207,46.33656],[-110.60177,46.33937],[-110.60417,46.34747],[-110.60174,46.3612],[-110.60782,46.37093],[-110.61778,46.38111]]]},"properties":{"gnis_id":"00780343","gnis_name":"Bozeman Fork Musselshell River","fcode":46006,"visibility":5000000}},
{"type":"Feature","geometry":{"type":"MultiLineString","coordinates":[[[-110.61793,46.38121],[-110.61778,46.38111]],[[-110.60664,46.32253],[-110.60665,46.32243],[-110.60658,46.32239]]]},"properties":{"gnis_id":"00780343","gnis_name":"Bozeman Fork Musselshell River","fcode":55800,"visibility":5000000}},
{"type":"Feature","geometry":{"type":"MultiLineString","coordinates":[[[-112.54113,45.35505],[-112.54137,45.35531],[-112.53883,45.35684]],[[-112.55879,45.32156],[-112.55876,45.3215]],[[-112.55404,45.33467],[-112.55424,45.33423]],[[-112.5402,45.35842],[-112.54024,45.35837]]]},"properties":{"gnis_id":"00768149","gnis_name":"Albers River Ditch","fcode":55800,"visibility":5000000}},
{"type":"Feature","geometry":{"type":"MultiLineString","coordinates":[[[-113.46658,45.70326],[-113.46714,45.70262],[-113.47158,45.703]],[[-113.6237,45.68064],[-113.6268,45.67824],[-113.62959,45.67731]],[[-113.4083,45.72707],[-113.41047,45.72697],[-113.41495,45.72468],[-113.4174,45.72439],[-113.41816,45.72344],[-113.42033,45.72036],[-113.42176,45.72018],[-113.4234,45.71961],[-113.42303,45.71926],[-113.42852,45.71672],[-113.43031,45.71443]],[[-113.61946,45.68243],[-113.6193,45.68241],[-113.61851,45.68362],[-113.61593,45.68545],[-113.61521,45.68611],[-113.61502,45.68631],[-113.61251,45.68703],[-113.60944,45.68833],[-113.60689,45.69023],[-113.60669,45.69041],[-113.60567,45.69015],[-113.60438,45.69037],[-113.60272,45.69087],[-113.59922,45.69198],[-113.59749,45.69199],[-113.5951,45.69133],[-113.5926,45.69175],[-113.58936,45.69117],[-113.58598,45.69012],[-113.5848,45.69107],[-113.58251,45.69106],[-113.58067,45.69099],[-113.57847,45.69214],[-113.56961,45.69197],[-113.56331,45.69404],[-113.55471,45.69538],[-113.55233,45.69642],[-113.55317,45.69711],[-113.55185,45.69715],[-113.54551,45.69601],[-113.54184,45.69984],[-113.53416,45.69813],[-113.53193,45.70069],[-113.53096,45.70076],[-113.52938,45.70154],[-113.52122,45.7043],[-113.51732,45.7023],[-113.51495,45.70192],[-113.51171,45.70305],[-113.51116,45.70289],[-113.50993,45.70275],[-113.50897,45.70216],[-113.50356,45.70506],[-113.50266,45.70498],[-113.49536,45.70249],[-113.49477,45.70324],[-113.48621,45.70374]],[[-113.45607,45.70645],[-113.46044,45.7046],[-113.46282,45.70463]],[[-113.46275,45.70328],[-113.46417,45.70246],[-113.4645,45.70292]],[[-113.45233,45.70766],[-113.45432,45.70687]],[[-113.47427,45.70318],[-113.47663,45.70432]],[[-113.47811,45.70376],[-113.47942,45.70368]]]},"properties":{"gnis_id":"00788097","gnis_name":"North Fork Big Hole River","fcode":55800,"visibility":5000000}},
{"type":"Feature","geometry":{"type":"MultiLineString","coordinates":[[[-112.30327,45.4739],[-112.30585,45.47802],[-112.3052,45.47883],[-112.30568,45.47899],[-112.30659,45.48178],[-112.30831,45.48365],[-112.30697,45.48735],[-112.31207,45.48981],[-112.31614,45.49384],[-112.32052,45.49959],[-112.33458,45.50899],[-112.33378,45.51469],[-112.33464,45.51444],[-112.3352,45.51411],[-112.33606,45.51416],[-112.33691,45.51659],[-112.33752,45.51701],[-112.34021,45.52027],[-112.34024,45.52038]],[[-112.14701,45.19875],[-112.14218,45.20313],[-112.13632,45.21085],[-112.13092,45.21378],[-112.13054,45.21413],[-112.12897,45.21559],[-112.12833,45.2161],[-112.12608,45.21817],[-112.1238,45.22213],[-112.12317,45.22662],[-112.11971,45.23058],[-112.11898,45.23136],[-112.117,45.23383],[-112.11629,45.23435],[-112.11586,45.23454],[-112.10987,45.23724],[-112.10899,45.23895]],[[-112.10514,45.24955],[-112.10522,45.24953],[-112.10752,45.24663],[-112.11032,45.24097],[-112.10965,45.23984]]]},"properties":{"gnis_id":"00789840","gnis_name":"Ruby River","fcode":55800,"visibility":5000000}},
{"type":"Feature","geometry":{"type":"MultiLineString","coordinates":[[[-112.0008,45.04746],[-111.996,45.0443],[-111.98992,45.03947],[-111.98446,45.03607],[-111.98011,45.02885],[-111.97428,45.03],[-111.97283,45.03085],[-111.96945,45.03],[-111.96791,45.02871],[-111.96498,45.0253],[-111.96316,45.02322],[-111.96238,45.02027],[-111.96002,45.01632],[-111.96241,45.00997],[-111.96417,45.00345],[-111.96588,44.99699],[-111.96596,44.99692],[-111.96786,44.98798],[-111.96917,44.98487],[-111.9741,44.98258],[-111.97782,44.9766],[-111.97769,44.97321],[-111.97914,44.96961],[-111.98065,44.96649],[-111.97689,44.9595],[-111.97799,44.95929],[-111.97777,44.95513],[-111.98034,44.94933],[-111.9815,44.94665],[-111.98403,44.94479],[-111.98839,44.93577],[-111.98847,44.93497],[-111.99024,44.93418],[-111.99016,44.934],[-111.99164,44.92618],[-111.99066,44.92574],[-111.99338,44.91732],[-111.99507,44.91596],[-111.99856,44.91289],[-111.99959,44.91238],[-112.00456,44.89781],[-112.00482,44.89303],[-112.00968,44.87624],[-112.00949,44.87629],[-112.00021,44.87024],[-111.9968,44.86361],[-111.99674,44.86349],[-111.99584,44.86338],[-111.99564,44.86335],[-111.9947,44.86301],[-112.00002,44.85109],[-111.99554,44.84387],[-111.9951,44.84358],[-112.0023,44.83681],[-112.00197,44.83675]],[[-112.30327,45.4739],[-112.2977,45.46651],[-112.29148,45.46574],[-112.28272,45.45207],[-112.27907,45.44568],[-112.27791,45.44482],[-112.27739,45.44449],[-112.27321,45.44148],[-112.26928,45.43827],[-112.25708,45.43375],[-112.25674,45.43348],[-112.25512,45.43202],[-112.25406,45.43245],[-112.2329,45.42586],[-112.22106,45.42372],[-112.21623,45.42078],[-112.21529,45.41724],[-112.21187,45.41337],[-112.2051,45.40999],[-112.20214,45.4108],[-112.19754,45.40943],[-112.19845,45.4084],[-112.19167,45.40195],[-112.17184,45.39078],[-112.16808,45.38813],[-112.1509,45.37986],[-112.14039,45.37783],[-112.13735,45.37381],[-112.13481,45.37321],[-112.13149,45.36242],[-112.12533,45.36058],[-112.12159,45.35138],[-112.12052,45.32982],[-112.11466,45.32434],[-112.11835,45.31734],[-112.11851,45.31727],[-112.11043,45.30791],[-112.10772,45.30487],[-112.10295,45.29503],[-112.10035,45.28901],[-112.09518,45.27762],[-112.0908,45.27156],[-112.09322,45.26819],[-112.09422,45.26796],[-112.09572,45.26378],[-112.10352,45.2576],[-112.10417,45.25091],[-112.10444,45.24989],[-112.10514,45.24955]],[[-112.14701,45.19875],[-112.14274,45.19716],[-112.1437,45.19571],[-112.14263,45.19511],[-112.14177,45.1934],[-112.1428,45.19263],[-112.14528,45.18832],[-112.1438,45.18093],[-112.14758,45.1798],[-112.14555,45.17403],[-112.14863,45.16703],[-112.14816,45.16455],[-112.14795,45.16415],[-112.15251,45.15886],[-112.14971,45.15574],[-112.14754,45.15166],[-112.14731,45.15149],[-112.14654,45.14947],[-112.14446,45.1483],[-112.14687,45.14575],[-112.14183,45.14073],[-112.14,45.14031],[-112.12718,45.12949],[-112.12788,45.12587],[-112.12202,45.12076],[-112.1188,45.11372],[-112.11702,45.11294],[-112.1171,45.11089],[-112.11789,45.10947],[-112.11026,45.10512],[-112.10466,45.10384],[-112.1022,45.10033],[-112.10075,45.09623],[-112.10072,45.09292],[-112.08405,45.08665],[-112.08178,45.08644],[-112.07354,45.08641],[-112.06389,45.0836],[-112.05036,45.07621],[-112.05007,45.07552],[-112.04977,45.07287],[-112.02751,45.06539],[-112.02553,45.0568],[-112.0254,45.05669],[-112.02006,45.05381],[-112.01829,45.0518],[-112.01606,45.05157],[-112.01503,45.05148],[-112.00017,45.04929],[-112.0008,45.04798]]]},"properties":{"gnis_id":"00789840","gnis_name":"Ruby River","fcode":46006,"visibility":5000000}},
{"type":"Feature","geometry":{"type":"MultiLineString","coordinates":[[[-113.23401,48.91902],[-113.25292,48.91948],[-113.26581,48.92107]],[[-113.04333,48.97709],[-113.04329,48.97707],[-113.04515,48.97668],[-113.05536,48.97274],[-113.05917,48.96898],[-113.06209,48.96353],[-113.06606,48.95943],[-113.07766,48.95054],[-113.08037,48.94873],[-113.0928,48.9468],[-113.10675,48.94097],[-113.10696,48.94071],[-113.10803,48.93978],[-113.1209,48.9317],[-113.13027,48.92855],[-113.14251,48.92263],[-113.15403,48.92075],[-113.2067,48.91649],[-113.23257,48.91919]]]},"properties":{"gnis_id":"00774784","gnis_name":"North Fork Milk River","fcode":46006,"visibility":5000000}},
{"type":"Feature","geometry":{"type":"MultiLineString","coordinates":[[[-109.94424,48.60144],[-109.94408,48.60136],[-109.94343,48.60107]],[[-108.30978,48.4117],[-108.31007,48.4118]]]},"properties":{"gnis_id":"00774213","gnis_name":"Milk River","fcode":33400,"visibility":5000000}},
{"type":"Feature","geometry":{"type":"MultiLineString","coordinates":[[[-109.94343,48.60107],[-109.91485,48.59999],[-109.90612,48.59444],[-109.89451,48.58825],[-109.86577,48.58343],[-109.86355,48.58359],[-109.86273,48.58404],[-109.86213,48.5845],[-109.85962,48.58251],[-109.85736,48.58222],[-109.85522,48.58597],[-109.85042,48.5857],[-109.84443,48.58469],[-109.80165,48.56837],[-109.77777,48.57347],[-109.76787,48.57598],[-109.75414,48.5751],[-109.75019,48.57313],[-109.72751,48.56501],[-109.72722,48.56495],[-109.72075,48.56709],[-109.697,48.56424],[-109.69506,48.56275],[-109.65325,48.56709],[-109.65032,48.5651],[-109.61456,48.57477],[-109.59954,48.56969],[-109.5763,48.5682],[-109.55988,48.57168],[-109.55527,48.56833],[-109.54745,48.56835],[-109.53002,48.56871],[-109.52346,48.56371],[-109.50733,48.56407],[-109.46732,48.56526],[-109.43549,48.59453],[-109.408,48.59742],[-109.40484,48.60233],[-109.40454,48.6021],[-109.3324,48.58596],[-109.29616,48.58641],[-109.26079,48.5857],[-109.23583,48.56973],[-109.23171,48.5796],[-109.20626,48.56124],[-109.18858,48.56222],[-109.17514,48.57049],[-109.16272,48.566],[-109.14766,48.57061],[-109.14171,48.5744],[-109.13301,48.57871],[-109.1073,48.57731],[-109.07818,48.57075],[-109.03544,48.58296],[-109.02747,48.57594],[-109.02406,48.5746],[-109.01752,48.57378],[-109.01383,48.5649],[-109.00979,48.56243],[-109.00073,48.57424],[-108.99897,48.57178],[-108.96608,48.5559],[-108.94289,48.54489],[-108.94151,48.5429],[-108.93603,48.55008],[-108.89859,48.54441],[-108.88955,48.54612],[-108.88096,48.54544],[-108.88856,48.53679],[-108.8626,48.53215],[-108.83997,48.50889],[-108.8228,48.50788],[-108.80967,48.49979],[-108.79949,48.50135],[-108.80252,48.49126],[-108.79649,48.49086],[-108.78988,48.48907],[-108.78256,48.4903],[-108.77254,48.48939],[-108.77316,48.48633],[-108.76707,48.48614],[-108.70694,48.49664],[-108.66599,48.48465],[-108.6375,48.486],[-108.62848,48.47064],[-108.5993,48.47916],[-108.59696,48.48023],[-108.57226,48.48489],[-108.57054,48.48212],[-108.55615,48.47436],[-108.54371,48.43921],[-108.54377,48.43797],[-108.51356,48.44245],[-108.4731,48.41749],[-108.42698,48.43142],[-108.41051,48.44502],[-108.40711,48.44744],[-108.37068,48.4414],[-108.36833,48.44143],[-108.36729,48.43088],[-108.35169,48.42757],[-108.3446,48.42053],[-108.34032,48.42323],[-108.32739,48.4241],[-108.32684,48.42339],[-108.31616,48.41154],[-108.31254,48.411],[-108.31056,48.41207],[-108.31007,48.4118]],[[-112.55587,48.99872],[-112.56223,48.99616],[-112.56332,48.99417],[-112.56945,48.99286],[-112.57945,48.98424],[-112.57985,48.98326],[-112.58053,48.98317],[-112.58187,48.98234],[-112.5877,48.9538],[-112.57542,48.94666],[-112.5753,48.94438],[-112.58486,48.94258],[-112.60644,48.95226],[-112.60928,48.94623],[-112.63224,48.94706],[-112.64495,48.93946],[-112.65571,48.94064],[-112.65587,48.94071],[-112.6548,48.94635],[-112.65529,48.95086],[-112.65803,48.95671],[-112.66918,48.97204],[-112.68663,48.97865],[-112.6897,48.96926],[-112.6976,48.9684],[-112.72485,48.96948],[-112.72705,48.96762],[-112.73599,48.9637],[-112.73833,48.96492],[-112.74154,48.96378],[-112.74462,48.95671],[-112.75328,48.95401],[-112.76336,48.95281],[-112.79201,48.9513],[-112.79586,48.95007],[-112.81809,48.94991],[-112.81861,48.94892],[-112.8202,48.94403],[-112.8228,48.9394],[-112.82423,48.93713],[-112.8323,48.93367],[-112.83114,48.93027],[-112.83582,48.92726],[-112.83613,48.92605],[-112.83891,48.92459],[-112.83897,48.92441],[-112.83735,48.92235],[-112.87378,48.9033],[-112.87439,48.89921],[-112.87455,48.8988],[-112.87913,48.89367],[-112.89425,48.88735],[-112.90253,48.88246],[-112.90482,48.88431],[-112.90638,48.88307],[-112.91592,48.88035],[-112.91776,48.87722],[-112.92723,48.87581],[-112.93976,48.87667],[-112.94974,48.8768],[-112.95312,48.87381],[-112.9685,48.86863],[-112.98351,48.86556],[-112.98962,48.86047],[-112.99488,48.8609],[-112.99553,48.86113],[-112.99913,48.8618],[-113.00295,48.85911],[-113.01732,48.85925],[-113.01906,48.85577]],[[-110.58621,48.99883],[-110.59208,48.99845],[-110.59202,48.99882]],[[-106.31707,48.05547],[-106.31848,48.05691],[-106.31851,48.05715],[-106.31716,48.06144],[-106.31265,48.06269],[-106.30065,48.07053],[-106.27927,48.06791],[-106.25531,48.08761],[-106.26236,48.08604],[-106.26919,48.09977],[-106.29409,48.09788],[-106.28603,48.10124],[-106.28553,48.11273],[-106.29049,48.11124],[-106.30903,48.11841],[-106.33661,48.1171],[-106.35172,48.11018],[-106.35022,48.1229],[-106.40391,48.12616],[-106.40736,48.12604],[-106.42954,48.1517],[-106.43591,48.15438],[-106.43281,48.14571],[-106.46567,48.14669],[-106.48101,48.15834],[-106.48418,48.14416],[-106.49015,48.14723],[-106.50658,48.15531],[-106.51229,48.14167],[-106.54599,48.13659],[-106.53614,48.15901],[-106.56083,48.16418],[-106.59534,48.15725],[-106.60299,48.16501],[-106.60543,48.17015],[-106.60996,48.17287],[-106.63944,48.17148],[-106.65355,48.18572],[-106.66884,48.19193],[-106.67569,48.20456],[-106.67323,48.21199],[-106.68199,48.23634],[-106.68658,48.23903],[-106.71749,48.25041],[-106.74745,48.25375],[-106.74627,48.26588],[-106.74929,48.26815],[-106.78426,48.28333],[-106.78175,48.28909],[-106.78085,48.29152],[-106.78643,48.30815],[-106.79537,48.31636],[-106.82375,48.31407],[-106.82436,48.32637],[-106.83422,48.34303],[-106.86576,48.3435],[-106.88723,48.36315],[-106.91088,48.36305],[-106.92499,48.36177],[-106.95981,48.37984],[-106.97492,48.37277],[-106.975,48.37273],[-106.97513,48.37265],[-106.97727,48.37179],[-106.98501,48.37309],[-106.98309,48.37872],[-107.00258,48.38115],[-107.01699,48.38057],[-107.02164,48.37926],[-107.0251,48.37657],[-107.044,48.39467],[-107.03904,48.39877],[-107.05724,48.40316],[-107.06336,48.40189],[-107.08186,48.39461],[-107.06949,48.41709],[-107.0823,48.41602],[-107.09182,48.4167],[-107.09194,48.41699],[-107.12026,48.43519],[-107.1197,48.44887],[-107.13737,48.45125],[-107.14595,48.45243],[-107.15309,48.4412],[-107.154,48.44279],[-107.16286,48.45912],[-107.15404,48.46142],[-107.15419,48.46378],[-107.1553,48.48143],[-107.15611,48.49104],[-107.15919,48.49315],[-107.16039,48.49627],[-107.16077,48.49765],[-107.16976,48.4993],[-107.17975,48.49595],[-107.17991,48.49634],[-107.16799,48.50428],[-107.19898,48.51069],[-107.21656,48.50766],[-107.22585,48.50962],[-107.25102,48.51723],[-107.25732,48.51479],[-107.26915,48.50518],[-107.27098,48.50423],[-107.28651,48.5063],[-107.31159,48.51275],[-107.33233,48.52166],[-107.35624,48.53868],[-107.39795,48.54992],[-107.42343,48.54618],[-107.42481,48.54678],[-107.45513,48.53492],[-107.45811,48.52966],[-107.47834,48.52756],[-107.48477,48.52877],[-107.50781,48.54372],[-107.51713,48.54067],[-107.53356,48.54326],[-107.55018,48.54293],[-107.56894,48.558],[-107.60688,48.56855],[-107.60872,48.58754],[-107.62691,48.6],[-107.63108,48.60322],[-107.64338,48.60725],[-107.65753,48.60476],[-107.65672,48.60004],[-107.66548,48.58993],[-107.66984,48.58936],[-107.67213,48.58768],[-107.67632,48.5848],[-107.68653,48.58392],[-107.69225,48.58409],[-107.69151,48.58876],[-107.69245,48.58872],[-107.71267,48.58546],[-107.71786,48.5837],[-107.72314,48.58432],[-107.72654,48.58401],[-107.72573,48.57961],[-107.72506,48.57824],[-107.73776,48.57182],[-107.75909,48.56001],[-107.75188,48.54628],[-107.75556,48.54414],[-107.74157,48.52866],[-107.74986,48.52474],[-107.73955,48.52409],[-107.74718,48.51867],[-107.74907,48.51314],[-107.74087,48.50988],[-107.73967,48.50547],[-107.73755,48.49851],[-107.74085,48.48891],[-107.7417,48.48596],[-107.75146,48.48355],[-107.76485,48.47838],[-107.76789,48.47798],[-107.77295,48.47211],[-107.77559,48.4705],[-107.78103,48.47017],[-107.78114,48.46981],[-107.78449,48.46448],[-107.78643,48.46292],[-107.79122,48.46061],[-107.79173,48.45991],[-107.79266,48.45886],[-107.79458,48.4584],[-107.80096,48.45156],[-107.80306,48.44919],[-107.80567,48.44654],[-107.81271,48.44921],[-107.81595,48.44779],[-107.80857,48.43876],[-107.81851,48.43326],[-107.82063,48.42374],[-107.81816,48.42333],[-107.8128,48.42132],[-107.81443,48.41555],[-107.81403,48.38729],[-107.82048,48.37947],[-107.83405,48.37312],[-107.85244,48.36336],[-107.895,48.35675],[-107.89639,48.35531],[-107.89668,48.354],[-107.93696,48.35087],[-107.94813,48.34346],[-107.9679,48.35955],[-108.00514,48.36389],[-108.05741,48.35869],[-108.08854,48.36812],[-108.13159,48.36374],[-108.1463,48.36329],[-108.15049,48.36481],[-108.15627,48.36648],[-108.16596,48.36351],[-108.17254,48.35783],[-108.19955,48.36944],[-108.20719,48.37526],[-108.21854,48.37481],[-108.22074,48.37448],[-108.24564,48.37681],[-108.28094,48.38642],[-108.28934,48.39821],[-108.30978,48.4117]],[[-110.53271,48.9989],[-110.54095,48.99889]],[[-109.94424,48.60144],[-109.95972,48.60231],[-109.96634,48.60738],[-109.96659,48.60921],[-109.96584,48.61672],[-109.97325,48.6248],[-109.971,48.63729],[-109.97901,48.65585],[-109.98133,48.65872],[-109.98658,48.66584],[-109.98875,48.67298],[-109.99212,48.67877],[-109.99289,48.67954],[-109.99512,48.68093],[-110.00687,48.68749],[-110.04858,48.70988],[-110.05088,48.7109],[-110.05596,48.71148],[-110.05615,48.71144],[-110.09014,48.7164],[-110.0965,48.71737],[-110.09906,48.72083],[-110.10189,48.72861],[-110.10499,48.73021],[-110.11184,48.73361],[-110.11213,48.73389],[-110.12114,48.73456],[-110.12144,48.73498],[-110.1216,48.73619],[-110.12175,48.73627],[-110.12337,48.73686],[-110.12557,48.73748],[-110.13159,48.74458],[-110.13564,48.74983],[-110.14074,48.75753],[-110.14091,48.75786],[-110.14232,48.76129],[-110.14303,48.76273],[-110.14305,48.7628],[-110.14142,48.76467],[-110.13985,48.76845],[-110.13871,48.76975],[-110.13693,48.77335],[-110.1358,48.7751],[-110.13464,48.77804],[-110.13744,48.78058],[-110.14332,48.78659],[-110.14367,48.78861],[-110.14363,48.78863],[-110.14227,48.78971],[-110.14044,48.79183],[-110.13948,48.79314],[-110.13849,48.79335],[-110.13609,48.79477],[-110.13596,48.79487],[-110.13704,48.80245],[-110.13859,48.80342],[-110.14021,48.80487],[-110.14046,48.80528],[-110.1412,48.80669],[-110.14023,48.80826],[-110.13997,48.80844],[-110.13837,48.81118],[-110.13894,48.8115],[-110.14484,48.81582],[-110.145,48.8159],[-110.14566,48.8163],[-110.14907,48.81995],[-110.14822,48.82122],[-110.14941,48.82488],[-110.15176,48.82617],[-110.15418,48.82783],[-110.15517,48.82888],[-110.15615,48.82898],[-110.15712,48.83037],[-110.15729,48.83051],[-110.15747,48.83088],[-110.15962,48.83353],[-110.16076,48.83499],[-110.16277,48.83639],[-110.16384,48.83636],[-110.16393,48.83567],[-110.16679,48.83511],[-110.16756,48.83584],[-110.16833,48.83642],[-110.16852,48.83686],[-110.16938,48.838],[-110.1708,48.83917],[-110.17119,48.83935],[-110.17416,48.8404],[-110.17981,48.84253],[-110.18154,48.84288],[-110.18305,48.84399],[-110.18589,48.84538],[-110.18858,48.85011],[-110.19505,48.84857],[-110.19728,48.852],[-110.19813,48.85315],[-110.19802,48.85392],[-110.1984,48.85571],[-110.19779,48.85621],[-110.19991,48.8593],[-110.20301,48.86182],[-110.20989,48.85992],[-110.21211,48.86158],[-110.21501,48.86539],[-110.21216,48.86545],[-110.20786,48.86533],[-110.20673,48.86711],[-110.20746,48.86913],[-110.20754,48.86932],[-110.2108,48.8711],[-110.21224,48.87215],[-110.21312,48.87285],[-110.2143,48.87383],[-110.21508,48.87438],[-110.2166,48.87563],[-110.21806,48.87541],[-110.22063,48.87645],[-110.22633,48.87898],[-110.2294,48.88144],[-110.23006,48.88185],[-110.23142,48.88204],[-110.23765,48.88318],[-110.23918,48.8831],[-110.24289,48.88319],[-110.24393,48.88321],[-110.25151,48.88149],[-110.2648,48.88281],[-110.26906,48.88718],[-110.27789,48.90043],[-110.28355,48.90148],[-110.2902,48.90391],[-110.29224,48.90749],[-110.29439,48.9086],[-110.29563,48.90881],[-110.2969,48.9092],[-110.29923,48.91151],[-110.30012,48.91237],[-110.2992,48.91492],[-110.29897,48.9169],[-110.30586,48.92502],[-110.30761,48.9263],[-110.31372,48.93183],[-110.31506,48.93163],[-110.32155,48.92937],[-110.3377,48.93346],[-110.33564,48.93465],[-110.35895,48.9481],[-110.3635,48.94873],[-110.36382,48.94974],[-110.36447,48.95039],[-110.36451,48.95098],[-110.38365,48.95691],[-110.39382,48.96727],[-110.39697,48.9653],[-110.40099,48.96455],[-110.40133,48.96465],[-110.42099,48.97339],[-110.42619,48.98143],[-110.42884,48.98041],[-110.43364,48.9821],[-110.43433,48.98261],[-110.43087,48.9897],[-110.44457,48.98819],[-110.44483,48.99269],[-110.45114,48.99022],[-110.45172,48.99273],[-110.45746,48.99511],[-110.45945,48.99238],[-110.4686,48.98498],[-110.47598,48.98612],[-110.47622,48.9869],[-110.49759,48.98837],[-110.51533,48.99078],[-110.53068,48.9989]]]},"properties":{"gnis_id":"00774213","gnis_name":"Milk River","fcode":55800,"visibility":5000000}},
{"type":"Feature","geometry":{"type":"LineString","coordinates":[[-114.07121,48.46529],[-114.05672,48.4733],[-114.05369,48.47643],[-114.05233,48.47814],[-114.04042,48.48423],[-114.03387,48.4858],[-114.02383,48.48627],[-114.02166,48.48947],[-114.01828,48.49238],[-114.01001,48.49589],[-114.00482,48.49792],[-114.00706,48.49967],[-114.00612,48.50334],[-114.00569,48.50732],[-113.96748,48.49942],[-113.95464,48.49561],[-113.95017,48.49633],[-113.94296,48.50249],[-113.93236,48.50262],[-113.93113,48.50245],[-113.92541,48.4985],[-113.91843,48.50003],[-113.91728,48.49862],[-113.91673,48.49599],[-113.90885,48.49331],[-113.90661,48.49332],[-113.90027,48.49462],[-113.89525,48.49458],[-113.88637,48.49613],[-113.8855,48.49546],[-113.88369,48.49487],[-113.88052,48.49366],[-113.87406,48.49293],[-113.86809,48.49248],[-113.86536,48.49255],[-113.86439,48.49258],[-113.86237,48.49228],[-113.85514,48.48961],[-113.85202,48.48791],[-113.85074,48.48836],[-113.84679,48.48887],[-113.84499,48.48562],[-113.83581,48.48413],[-113.83338,48.48243],[-113.83245,48.48163],[-113.8251,48.47778],[-113.82466,48.47403],[-113.81721,48.47152],[-113.81582,48.47055],[-113.8145,48.46915],[-113.81595,48.46384],[-113.81175,48.46345],[-113.80992,48.4622],[-113.80953,48.4607],[-113.80839,48.45992],[-113.80594,48.45864],[-113.80496,48.4584],[-113.80127,48.45442],[-113.80878,48.44652],[-113.80924,48.44605],[-113.80281,48.44171],[-113.8041,48.43909],[-113.79347,48.42712],[-113.78933,48.4252],[-113.78223,48.42566],[-113.77799,48.42608],[-113.76956,48.42433],[-113.76743,48.42349],[-113.76215,48.42172],[-113.75772,48.41981],[-113.75346,48.41945],[-113.7427,48.41966],[-113.73021,48.4196],[-113.72941,48.41911],[-113.71693,48.41025],[-113.70603,48.40094],[-113.70324,48.39165],[-113.69739,48.39209],[-113.69721,48.39193],[-113.69274,48.39177],[-113.68887,48.38944],[-113.68287,48.38949],[-113.68228,48.38916],[-113.68236,48.38851],[-113.68134,48.38259],[-113.68145,48.37558],[-113.67956,48.37398],[-113.67146,48.37855],[-113.67015,48.37574],[-113.66979,48.36945],[-113.65188,48.36468],[-113.6487,48.36379],[-113.64273,48.3597],[-113.64104,48.35882],[-113.64088,48.35862],[-113.64163,48.35485],[-113.64092,48.34486],[-113.63842,48.34059],[-113.63458,48.32631],[-113.62803,48.31808],[-113.61224,48.30908],[-113.60907,48.30502],[-113.6115,48.30343],[-113.60118,48.2944],[-113.59727,48.29112],[-113.59551,48.28918],[-113.59378,48.28757],[-113.59688,48.28352],[-113.60607,48.28049],[-113.60492,48.27178],[-113.60571,48.26999],[-113.60253,48.26696],[-113.60063,48.26578],[-113.59625,48.26488],[-113.58638,48.26552],[-113.58333,48.26109],[-113.58138,48.26073],[-113.57862,48.26124],[-113.57708,48.25982],[-113.57739,48.25909],[-113.57144,48.2549],[-113.57272,48.25075],[-113.56895,48.2448],[-113.57027,48.2409],[-113.57066,48.2385],[-113.56716,48.23359],[-113.56407,48.22523],[-113.56315,48.2248],[-113.56196,48.22303],[-113.56337,48.21989],[-113.56031,48.21425],[-113.55871,48.21239],[-113.55852,48.21226],[-113.55798,48.2098],[-113.55733,48.20459],[-113.5572,48.20431],[-113.5525,48.19955],[-113.55262,48.19592],[-113.56044,48.1938],[-113.56396,48.19044],[-113.56432,48.18937],[-113.56303,48.18733],[-113.5641,48.18445],[-113.56426,48.18263],[-113.563,48.1799],[-113.56005,48.17713],[-113.55625,48.17348],[-113.55225,48.17094],[-113.54394,48.17186],[-113.5432,48.17086],[-113.54303,48.1679],[-113.53719,48.16035],[-113.53389,48.15902],[-113.52972,48.15692],[-113.51083,48.15928],[-113.49384,48.15025],[-113.493,48.15022],[-113.4886,48.14929],[-113.48313,48.14926],[-113.48036,48.14842],[-113.47073,48.148],[-113.46007,48.14723],[-113.45643,48.14925],[-113.45402,48.14779],[-113.4464,48.14891],[-113.4452,48.15132],[-113.43928,48.15202],[-113.42792,48.14823],[-113.4223,48.14054],[-113.42161,48.14003],[-113.41009,48.13963],[-113.40245,48.14153],[-113.39325,48.14448],[-113.38195,48.1455],[-113.37677,48.14457],[-113.36619,48.13856],[-113.36828,48.13675],[-113.36285,48.13169],[-113.36128,48.12516],[-113.36073,48.1244],[-113.35548,48.1203],[-113.34772,48.11676],[-113.34686,48.1165],[-113.34539,48.11523],[-113.34363,48.11312],[-113.31112,48.11049],[-113.29467,48.0937],[-113.29532,48.09098],[-113.29037,48.08405],[-113.28623,48.08306],[-113.27198,48.08102],[-113.25752,48.07492],[-113.23424,48.07575],[-113.22259,48.06882],[-113.22125,48.06768],[-113.2206,48.06723],[-113.21815,48.06632],[-113.20547,48.06729],[-113.1919,48.06909],[-113.19092,48.07194],[-113.18858,48.07154],[-113.18237,48.07075],[-113.17758,48.06901],[-113.17498,48.07052],[-113.16791,48.0688],[-113.15548,48.06765],[-113.15541,48.06702],[-113.15348,48.0676],[-113.15184,48.0673],[-113.14959,48.06615],[-113.14788,48.06759],[-113.13884,48.06402],[-113.13642,48.06436],[-113.13443,48.05943],[-113.1236,48.05683],[-113.12184,48.05589],[-113.12254,48.04879],[-113.11836,48.0448],[-113.11091,48.04559],[-113.11001,48.04525],[-113.10077,48.04249],[-113.09669,48.03971],[-113.09503,48.03733],[-113.09161,48.03596],[-113.08689,48.0345],[-113.08877,48.02914],[-113.08971,48.02816],[-113.09086,48.0282],[-113.0923,48.02822],[-113.09365,48.0275],[-113.09629,48.02573],[-113.09624,48.02564],[-113.09881,48.02432],[-113.09898,48.02414],[-113.09878,48.02331],[-113.09705,48.02212],[-113.09575,48.02069],[-113.09508,48.02076],[-113.09363,48.01894],[-113.09318,48.01607],[-113.08989,48.01208],[-113.08692,48.01052]]},"properties":{"gnis_id":"00787275","gnis_name":"Middle Fork Flathead River","fcode":55800,"visibility":5000000}},
{"type":"Feature","geometry":{"type":"MultiLineString","coordinates":[[[-105.77041,46.45879],[-105.78073,46.4378]],[[-105.74836,46.24754],[-105.75577,46.26175],[-105.76087,46.27649],[-105.76131,46.27928],[-105.76139,46.27945],[-105.76621,46.29353],[-105.76512,46.30571],[-105.76287,46.3114],[-105.76716,46.3259],[-105.76735,46.32771],[-105.76957,46.33129],[-105.78121,46.33998],[-105.77918,46.34243],[-105.78831,46.35223],[-105.81995,46.37609],[-105.82146,46.3774],[-105.82551,46.37892],[-105.81661,46.39593],[-105.81038,46.39824],[-105.80706,46.40256],[-105.79779,46.41391],[-105.79051,46.42177],[-105.78076,46.4372]],[[-105.72079,46.48826],[-105.73365,46.47838],[-105.73582,46.47612],[-105.74453,46.46853],[-105.7704,46.45939]],[[-105.71928,46.49917],[-105.71095,46.51207],[-105.71394,46.5251],[-105.7134,46.53091]],[[-105.71971,46.49841],[-105.72004,46.48853]]]},"properties":{"gnis_id":"00777701","gnis_name":"Tongue and Yellowstone River Irrigation District Canal","fcode":33600,"visibility":5000000}},
{"type":"Feature","geometry":{"type":"MultiLineString","coordinates":[[[-111.94578,45.86686],[-111.94577,45.86695],[-111.94214,45.87344],[-111.93833,45.87282],[-111.9399,45.87637],[-111.94353,45.8859],[-111.94192,45.88582],[-111.93481,45.89212],[-111.93316,45.8941],[-111.93301,45.89356],[-111.93274,45.89825],[-111.93415,45.90135],[-111.93321,45.90155],[-111.93262,45.90192],[-111.93186,45.90313],[-111.92897,45.90446],[-111.9292,45.90553],[-111.9292,45.90634],[-111.92887,45.90911],[-111.93104,45.91231],[-111.93061,45.91245],[-111.93033,45.91312],[-111.92919,45.91311],[-111.9249,45.91603]],[[-111.91648,45.93738],[-111.91619,45.93742],[-111.91693,45.93817],[-111.91706,45.93823],[-111.91741,45.93851],[-111.91312,45.94008],[-111.91073,45.9421],[-111.90985,45.94602],[-111.90385,45.94855],[-111.90319,45.95015],[-111.90234,45.95466],[-111.89975,45.95732],[-111.8957,45.9601],[-111.89331,45.96435],[-111.89503,45.96543],[-111.8867,45.97814],[-111.88751,45.98174],[-111.89052,45.98589],[-111.88504,45.98783],[-111.88762,45.99061],[-111.88604,45.99116],[-111.88571,45.9914],[-111.88501,45.99171],[-111.88505,45.99212],[-111.88634,45.99791],[-111.883,45.99888],[-111.88344,46.0051],[-111.8723,46.02678],[-111.87549,46.04334],[-111.87523,46.05327],[-111.87676,46.05442],[-111.87492,46.05772],[-111.87889,46.06111]],[[-111.92461,45.91586],[-111.92341,45.91604]],[[-111.91674,45.93719],[-111.91681,45.93709],[-111.9175,45.93623],[-111.91735,45.93611]],[[-111.92222,45.91658],[-111.92205,45.9168],[-111.92088,45.9192],[-111.9223,45.92273],[-111.92108,45.92818],[-111.9161,45.9357]]]},"properties":{"gnis_id":"00780285","gnis_name":"Boulder River","fcode":55800,"visibility":5000000}},
{"type":"Feature","geometry":{"type":"MultiLineString","coordinates":[[[-111.20788,45.69325],[-111.20812,45.6928],[-111.20853,45.69231],[-111.20691,45.69025],[-111.20676,45.68857],[-111.20896,45.68289],[-111.20836,45.68227],[-111.20865,45.68127],[-111.20945,45.67843],[-111.2095,45.67753],[-111.21014,45.67419],[-111.20381,45.66787],[-111.20221,45.66576],[-111.1987,45.66336],[-111.19743,45.65759],[-111.1973,45.6567],[-111.19724,45.65288],[-111.19831,45.65139],[-111.19846,45.65108],[-111.20064,45.64366],[-111.20123,45.64312],[-111.20325,45.64252],[-111.20322,45.63985],[-111.20403,45.63943],[-111.20565,45.63911],[-111.20638,45.63827],[-111.20619,45.63811],[-111.20802,45.63606],[-111.20799,45.6343],[-111.20786,45.63353],[-111.20605,45.63075],[-111.2056,45.62375],[-111.20542,45.6233],[-111.20504,45.62231],[-111.20478,45.62112],[-111.20578,45.61997],[-111.20583,45.61812],[-111.20572,45.61726],[-111.20535,45.61436],[-111.20517,45.61349],[-111.20586,45.61069],[-111.20412,45.60816],[-111.20432,45.60799],[-111.20545,45.60693],[-111.20616,45.60658],[-111.20695,45.60444],[-111.20606,45.60398],[-111.2053,45.60346],[-111.20685,45.60129],[-111.20757,45.60001],[-111.21026,45.59367],[-111.21029,45.59259],[-111.21385,45.58672],[-111.21429,45.58061],[-111.21534,45.57828],[-111.21782,45.57289],[-111.22042,45.56966],[-111.22147,45.56969],[-111.22562,45.56503],[-111.227,45.55909],[-111.22747,45.55596],[-111.22786,45.55431],[-111.23039,45.55119],[-111.23331,45.54783],[-111.23454,45.54119],[-111.23755,45.53738],[-111.23865,45.53342],[-111.24829,45.52491],[-111.25584,45.51482],[-111.25788,45.51218],[-111.26299,45.50683],[-111.27056,45.49664],[-111.27033,45.495],[-111.27149,45.49354],[-111.27031,45.4848],[-111.26861,45.4742],[-111.25784,45.46599],[-111.24372,45.45528],[-111.24294,45.45497],[-111.236,45.45224],[-111.2353,45.44861],[-111.22918,45.44146],[-111.23278,45.43048],[-111.23215,45.42979],[-111.23136,45.41506],[-111.23102,45.4147],[-111.23092,45.4146],[-111.22798,45.4122],[-111.22567,45.40679],[-111.21849,45.40267],[-111.217,45.39948],[-111.21582,45.39857],[-111.20638,45.39402],[-111.19913,45.38983],[-111.19875,45.38963],[-111.19416,45.38399],[-111.19074,45.38105],[-111.17962,45.37926],[-111.1769,45.37917],[-111.17511,45.37154],[-111.17587,45.36685],[-111.17202,45.36164],[-111.17375,45.35364],[-111.17239,45.35194],[-111.17386,45.34531],[-111.17277,45.33758],[-111.17261,45.33508],[-111.17234,45.33202],[-111.17531,45.32405],[-111.18149,45.32127],[-111.18667,45.31878],[-111.18867,45.31397],[-111.1945,45.3083],[-111.19911,45.30115],[-111.20068,45.29974],[-111.20389,45.29845],[-111.2063,45.29804],[-111.21829,45.28926],[-111.22232,45.28818],[-111.22329,45.28517],[-111.22511,45.28375],[-111.22779,45.27836],[-111.24021,45.27329],[-111.24083,45.27233],[-111.241,45.27195],[-111.24142,45.27162],[-111.2421,45.27128],[-111.25246,45.26524],[-111.24931,45.2565],[-111.24891,45.25545],[-111.24972,45.25066],[-111.24982,45.25041],[-111.24701,45.22991],[-111.24931,45.22688],[-111.2356,45.19474],[-111.23578,45.19427],[-111.23685,45.19256],[-111.24129,45.16842],[-111.24517,45.15707],[-111.24466,45.15386],[-111.22337,45.11547],[-111.22301,45.11402],[-111.21864,45.10208],[-111.21748,45.09989],[-111.20181,45.07681],[-111.18819,45.06782],[-111.17831,45.06337],[-111.17741,45.06305],[-111.17706,45.06294],[-111.17596,45.06245],[-111.16907,45.06109],[-111.16813,45.06115],[-111.16748,45.05997],[-111.16445,45.0583],[-111.16326,45.05778],[-111.16239,45.05791],[-111.1597,45.0558],[-111.15753,45.05486],[-111.15372,45.05212],[-111.15177,45.05159],[-111.1502,45.05066],[-111.14455,45.04812],[-111.14402,45.04772],[-111.14229,45.04738],[-111.14177,45.04677],[-111.13941,45.04634],[-111.13896,45.04592],[-111.13796,45.04555],[-111.12364,45.03915],[-111.12184,45.0373],[-111.1206,45.03571],[-111.11755,45.03518],[-111.1161,45.03467],[-111.11495,45.03414],[-111.11477,45.03399],[-111.11442,45.03365],[-111.09726,45.02263],[-111.09475,45.01988],[-111.08708,45.0129],[-111.08519,45.01085],[-111.08123,44.99218],[-111.08085,44.98675],[-111.08117,44.98418],[-111.08058,44.98356],[-111.0801,44.98127],[-111.08075,44.98078],[-111.07984,44.97192],[-111.07767,44.97066],[-111.07653,44.97022],[-111.06697,44.9612],[-111.05732,44.95585],[-111.05798,44.95379],[-111.05755,44.9519],[-111.05761,44.95184]],[[-111.2421,45.77462],[-111.24214,45.7746],[-111.24639,45.77603],[-111.24638,45.77767]],[[-111.23743,45.76552],[-111.23701,45.76536],[-111.23669,45.76524],[-111.23637,45.76443],[-111.2348,45.76166],[-111.23466,45.76147]],[[-111.30147,45.8641],[-111.30447,45.87315],[-111.31211,45.87961],[-111.31129,45.8802],[-111.31047,45.8806],[-111.30957,45.88171],[-111.31269,45.88451],[-111.31639,45.88638],[-111.32652,45.88824],[-111.32952,45.88812],[-111.33366,45.89076],[-111.33503,45.89165],[-111.3351,45.89175],[-111.34921,45.89366],[-111.36012,45.89409],[-111.36158,45.89444],[-111.36342,45.89484],[-111.37014,45.89303],[-111.37431,45.89044],[-111.37549,45.88949],[-111.37699,45.88771],[-111.38476,45.88652],[-111.389,45.88772],[-111.39129,45.88844],[-111.39659,45.88917],[-111.39703,45.88924],[-111.40997,45.88629],[-111.41138,45.88651],[-111.41149,45.88654],[-111.41697,45.88746],[-111.41954,45.88793],[-111.42154,45.88889],[-111.42655,45.88833],[-111.43666,45.8853],[-111.44008,45.88567],[-111.44079,45.88579],[-111.44193,45.88618],[-111.44579,45.88796],[-111.453,45.90073],[-111.45493,45.90358],[-111.45769,45.90612],[-111.45919,45.90791],[-111.46286,45.91086],[-111.46521,45.9118],[-111.46748,45.91438],[-111.47175,45.91805],[-111.47304,45.91895],[-111.47454,45.91872],[-111.47533,45.91834],[-111.47708,45.91944],[-111.47911,45.91902],[-111.4812,45.91883],[-111.49385,45.92478],[-111.49723,45.92703],[-111.49247,45.93256],[-111.49325,45.93866],[-111.49331,45.93869],[-111.49347,45.93877]],[[-111.2321,45.75551],[-111.23058,45.75403],[-111.22915,45.75217],[-111.22954,45.7511],[-111.22905,45.7487],[-111.22891,45.74686],[-111.22731,45.74622],[-111.22573,45.74353],[-111.22542,45.74318],[-111.2235,45.74126],[-111.21898,45.73],[-111.2195,45.72687],[-111.21718,45.72613],[-111.2173,45.71953],[-111.21384,45.71515],[-111.21221,45.71493],[-111.20948,45.71302],[-111.2094,45.70977],[-111.20995,45.709],[-111.21033,45.70899],[-111.21053,45.70864],[-111.21114,45.70611],[-111.21093,45.70546],[-111.21006,45.70536],[-111.20916,45.70497],[-111.20901,45.70525],[-111.20811,45.70467],[-111.20767,45.70426],[-111.20735,45.70318],[-111.20723,45.70007],[-111.20716,45.69935],[-111.20701,45.69894],[-111.20698,45.69637],[-111.20701,45.69528],[-111.20668,45.69472],[-111.20677,45.69465]],[[-111.23282,45.76018],[-111.23218,45.75823]],[[-111.23775,45.76547],[-111.2378,45.76546],[-111.23818,45.76889],[-111.24076,45.77429],[-111.24174,45.77477]]]},"properties":{"gnis_id":"00771688","gnis_name":"Gallatin River","fcode":55800,"visibility":5000000}},
{"type":"Feature","geometry":{"type":"MultiLineString","coordinates":[[[-110.97785,46.52862],[-110.9744,46.52978],[-110.92209,46.54823],[-110.90265,46.55333],[-110.901,46.55459],[-110.89214,46.55372],[-110.8833,46.55672],[-110.88128,46.55618],[-110.87936,46.56084],[-110.87664,46.56175],[-110.87485,46.56255],[-110.85039,46.57098],[-110.82657,46.59528],[-110.81978,46.60057],[-110.81309,46.60135],[-110.80006,46.60791],[-110.79439,46.60696],[-110.78725,46.60574],[-110.77193,46.607],[-110.7708,46.60752],[-110.77021,46.60967],[-110.76828,46.61053],[-110.76422,46.61066],[-110.76227,46.61219],[-110.76204,46.61265],[-110.75903,46.61706],[-110.75122,46.62361],[-110.74851,46.62265],[-110.74681,46.62162]],[[-110.73512,46.63823],[-110.73446,46.64061],[-110.7325,46.64615],[-110.73274,46.64789],[-110.73329,46.64883],[-110.73347,46.65019],[-110.73187,46.65298],[-110.73177,46.65347],[-110.73161,46.65631],[-110.72702,46.66733],[-110.72621,46.67037],[-110.72235,46.6731],[-110.71535,46.67939],[-110.71375,46.67998],[-110.70957,46.68452],[-110.70708,46.68544],[-110.70551,46.68533],[-110.70182,46.68756],[-110.68914,46.68491],[-110.68554,46.6852],[-110.67982,46.68578],[-110.67706,46.68661],[-110.64415,46.69687],[-110.63518,46.70365],[-110.63349,46.70465],[-110.61898,46.71449]]]},"properties":{"gnis_id":"00788249","gnis_name":"North Fork Smith River","fcode":46006,"visibility":5000000}},
{"type":"Feature","geometry":{"type":"LineString","coordinates":[[-109.92472,45.85304],[-109.92284,45.85135],[-109.92308,45.85089],[-109.92468,45.85026],[-109.92531,45.85004],[-109.92545,45.84961],[-109.92592,45.84887],[-109.92587,45.84883],[-109.92867,45.84134],[-109.92988,45.84022],[-109.93266,45.83808],[-109.93426,45.83788],[-109.93566,45.83631],[-109.93931,45.8339],[-109.94175,45.83154],[-109.94504,45.82825],[-109.94504,45.82787],[-109.94522,45.82555],[-109.94797,45.82092],[-109.94751,45.82001],[-109.94917,45.81845],[-109.9515,45.81455],[-109.95291,45.81473],[-109.95312,45.81469],[-109.95371,45.81362],[-109.95474,45.8112],[-109.9548,45.81041],[-109.95799,45.80542],[-109.95983,45.80117],[-109.96176,45.79727],[-109.96318,45.79459],[-109.96603,45.79134],[-109.96851,45.78575],[-109.96855,45.78553],[-109.97028,45.78216],[-109.97324,45.77768],[-109.9736,45.7758],[-109.97628,45.77153],[-109.97989,45.76415],[-109.9849,45.7596],[-109.98731,45.75872],[-109.98778,45.75828],[-109.98922,45.74959],[-109.98918,45.74953],[-109.98892,45.74664],[-109.98922,45.74612],[-109.9936,45.74213],[-109.99498,45.74094],[-109.99516,45.73752],[-109.99466,45.73538],[-109.99514,45.72984],[-109.99513,45.72722],[-109.99371,45.72605],[-109.99343,45.72551],[-109.99395,45.72443],[-109.99655,45.72323],[-109.99971,45.72351],[-109.99993,45.72351],[-110.00559,45.71719],[-110.0068,45.71674],[-110.0092,45.71236],[-110.00937,45.71135],[-110.01666,45.70855],[-110.0171,45.7075],[-110.02051,45.70448],[-110.02133,45.70495],[-110.02341,45.70433],[-110.02918,45.69959],[-110.03028,45.6977],[-110.03978,45.69721],[-110.04063,45.69775],[-110.04209,45.69869],[-110.04258,45.69848],[-110.05311,45.69518],[-110.05407,45.69415],[-110.05575,45.69263],[-110.05685,45.69289],[-110.06181,45.69013],[-110.06554,45.68876],[-110.06491,45.687],[-110.06587,45.68612],[-110.07044,45.68015],[-110.07207,45.67484],[-110.07278,45.67319],[-110.07366,45.67295],[-110.08077,45.67246],[-110.0817,45.67312],[-110.08256,45.67306],[-110.08292,45.67324],[-110.09041,45.67005],[-110.09047,45.66912],[-110.09713,45.66247],[-110.10155,45.66086],[-110.11198,45.65457],[-110.11251,45.65369],[-110.1131,45.65305],[-110.11309,45.65299],[-110.11163,45.64854],[-110.11286,45.64052],[-110.11389,45.6381],[-110.11931,45.63493],[-110.12058,45.63249],[-110.12026,45.6309],[-110.1192,45.63023],[-110.11925,45.62993],[-110.12288,45.62534],[-110.12354,45.62502],[-110.12435,45.62472],[-110.12675,45.62354],[-110.14353,45.6096],[-110.15167,45.60449],[-110.15425,45.60134],[-110.15582,45.60077],[-110.17391,45.58784],[-110.17457,45.58828],[-110.17497,45.58842],[-110.17564,45.58851],[-110.17819,45.58723],[-110.17861,45.58635],[-110.18363,45.5824],[-110.18939,45.58133],[-110.19198,45.57246],[-110.20022,45.56119],[-110.20132,45.56041],[-110.20011,45.55573],[-110.21053,45.54736],[-110.21144,45.54599],[-110.21158,45.54223],[-110.21139,45.54181],[-110.21097,45.54028],[-110.20929,45.53787],[-110.20771,45.53566],[-110.20564,45.53611],[-110.20496,45.53544],[-110.20892,45.53029],[-110.20939,45.53024],[-110.21057,45.53084],[-110.21158,45.53055],[-110.21386,45.52985],[-110.21424,45.52957],[-110.2156,45.52765],[-110.221,45.52309],[-110.22318,45.51942],[-110.22315,45.51915],[-110.22427,45.50892],[-110.22348,45.50723],[-110.22486,45.50493],[-110.22508,45.50461],[-110.22302,45.49999],[-110.2228,45.49905],[-110.22106,45.49845],[-110.22147,45.4975],[-110.22237,45.49588],[-110.22144,45.49154],[-110.21778,45.49025],[-110.21724,45.48849],[-110.21628,45.4839],[-110.21222,45.48072],[-110.20768,45.47646],[-110.19813,45.46613],[-110.19755,45.45585],[-110.1981,45.45222],[-110.19049,45.43898],[-110.19063,45.43619],[-110.19093,45.43164],[-110.18827,45.42411],[-110.18908,45.42141],[-110.18966,45.4181],[-110.19108,45.4092],[-110.19126,45.40624],[-110.19227,45.40347],[-110.19604,45.3956],[-110.19698,45.39507],[-110.19757,45.39429],[-110.19758,45.39224],[-110.20107,45.38821],[-110.20172,45.38468],[-110.21083,45.36787],[-110.20777,45.35727],[-110.21608,45.347],[-110.22928,45.34343],[-110.22944,45.34337]]},"properties":{"gnis_id":"00780284","gnis_name":"Boulder River","fcode":55800,"visibility":5000000}},
{"type":"Feature","geometry":{"type":"MultiLineString","coordinates":[[[-107.46411,46.16305],[-107.47013,46.15838],[-107.47426,46.15472],[-107.47449,46.15417],[-107.46522,46.14645],[-107.47346,46.13744],[-107.46936,46.12499],[-107.47036,46.12432],[-107.48022,46.11931],[-107.47972,46.11868],[-107.47805,46.11658],[-107.47364,46.10871],[-107.47347,46.10841],[-107.47635,46.10126],[-107.47859,46.0999],[-107.48393,46.09154],[-107.48419,46.08896],[-107.48731,46.08836],[-107.49268,46.0891],[-107.49483,46.0895],[-107.49777,46.08772],[-107.49399,46.08409],[-107.49466,46.08359],[-107.49709,46.08249],[-107.50063,46.08124],[-107.50116,46.08117],[-107.50235,46.08068],[-107.50208,46.07536],[-107.50442,46.07138],[-107.50713,46.06617],[-107.50729,46.06574],[-107.50707,46.06471],[-107.5091,46.06207],[-107.51598,46.05745],[-107.51514,46.05626],[-107.51608,46.0533],[-107.51701,46.05237],[-107.51154,46.04468],[-107.50814,46.03923],[-107.50742,46.03868],[-107.50898,46.03642],[-107.50972,46.03608],[-107.51111,46.03547],[-107.51264,46.03461],[-107.51298,46.03027],[-107.51295,46.02974],[-107.51294,46.02965],[-107.5126,46.02777],[-107.51197,46.0273],[-107.50854,46.02474],[-107.50993,46.02079],[-107.51338,46.01864],[-107.51649,46.01651],[-107.51412,46.01584],[-107.50972,46.01594],[-107.50844,46.01494],[-107.50904,46.01099],[-107.51277,46.00752],[-107.5132,46.00702],[-107.51596,46.00346],[-107.51792,46.0002],[-107.51798,45.99999],[-107.51799,45.99958],[-107.51812,45.99908],[-107.51848,45.99719],[-107.51854,45.99664],[-107.51867,45.99503],[-107.51872,45.9932],[-107.51792,45.98838],[-107.51543,45.98328],[-107.51457,45.98103],[-107.51455,45.97896],[-107.51994,45.97254],[-107.52206,45.97006],[-107.52998,45.97154],[-107.53007,45.97055],[-107.53879,45.96227],[-107.5388,45.96037],[-107.53898,45.95824],[-107.54465,45.9577],[-107.54819,45.95847],[-107.54948,45.96076],[-107.55168,45.96067],[-107.55403,45.95979],[-107.55668,45.95911],[-107.55873,45.95938],[-107.5619,45.95663],[-107.56304,45.9534],[-107.56876,45.95031],[-107.56788,45.94875],[-107.5676,45.94776],[-107.5714,45.94239],[-107.57238,45.94197],[-107.5753,45.93943],[-107.57427,45.92675],[-107.56618,45.92391],[-107.56003,45.91954],[-107.55896,45.91896],[-107.56196,45.90857],[-107.56222,45.90104],[-107.5627,45.89873],[-107.56292,45.89794],[-107.56307,45.89741],[-107.56398,45.89565],[-107.56635,45.8928],[-107.57084,45.88487],[-107.57108,45.88434],[-107.57145,45.8813],[-107.57189,45.88014],[-107.57467,45.87743],[-107.5751,45.87498],[-107.57509,45.87336],[-107.57511,45.87048],[-107.57451,45.8679],[-107.57437,45.86483],[-107.57467,45.86373],[-107.57638,45.85612],[-107.58235,45.84625],[-107.58482,45.84194],[-107.58592,45.84194],[-107.58725,45.84226],[-107.59213,45.84086],[-107.59304,45.83986],[-107.59327,45.83958],[-107.59523,45.83386],[-107.59635,45.83305],[-107.60039,45.82889],[-107.59917,45.82538],[-107.60493,45.82277],[-107.60485,45.822],[-107.60521,45.81994],[-107.60555,45.81868],[-107.60568,45.81717],[-107.59627,45.81059],[-107.59586,45.80966],[-107.59663,45.80869],[-107.59851,45.80431],[-107.59827,45.80079],[-107.59584,45.8],[-107.5936,45.79973],[-107.59347,45.79564],[-107.59534,45.7956],[-107.59822,45.79147],[-107.59389,45.78883],[-107.59297,45.78588],[-107.59306,45.78558],[-107.5935,45.78351],[-107.59307,45.78316],[-107.59224,45.78214],[-107.59255,45.78003],[-107.59227,45.77728],[-107.58939,45.77636],[-107.58778,45.77626],[-107.58583,45.77648],[-107.58256,45.77425],[-107.58432,45.77258],[-107.58638,45.77242],[-107.58784,45.77243],[-107.59079,45.77047],[-107.59099,45.76991],[-107.59201,45.76668],[-107.58942,45.76431],[-107.58825,45.76418],[-107.58507,45.76394],[-107.58275,45.76333],[-107.57495,45.76053],[-107.57444,45.76067],[-107.56637,45.75857],[-107.56504,45.75686],[-107.5645,45.75583],[-107.56372,45.75361],[-107.56146,45.75119],[-107.56129,45.74998],[-107.56144,45.7498],[-107.5637,45.7489],[-107.56432,45.74871],[-107.56467,45.74228],[-107.56591,45.74112],[-107.56676,45.74018],[-107.56742,45.73968],[-107.56844,45.73864],[-107.5708,45.7383],[-107.57321,45.73719],[-107.57375,45.73688],[-107.57798,45.73519],[-107.57975,45.7329],[-107.58153,45.72616],[-107.58025,45.72331],[-107.5797,45.72175],[-107.57986,45.71755],[-107.58093,45.71449],[-107.58361,45.71373],[-107.58513,45.71328],[-107.58828,45.71223],[-107.59099,45.70909],[-107.59105,45.70738],[-107.58832,45.70438],[-107.58643,45.69894],[-107.5864,45.69826],[-107.58641,45.69673],[-107.58716,45.69433],[-107.5899,45.69268],[-107.59114,45.69102],[-107.59358,45.68785],[-107.59717,45.68652],[-107.59742,45.68619],[-107.60068,45.68196],[-107.60064,45.68073],[-107.60194,45.6792],[-107.6027,45.6777],[-107.60416,45.67601],[-107.60503,45.67508],[-107.60593,45.67439],[-107.61003,45.67036],[-107.61083,45.66697],[-107.6111,45.66666],[-107.61367,45.66512],[-107.61464,45.66491],[-107.61901,45.66131],[-107.62049,45.66052],[-107.6211,45.66002],[-107.62153,45.65931],[-107.62531,45.655],[-107.62443,45.65389],[-107.62388,45.65132],[-107.62521,45.64944],[-107.62564,45.64926],[-107.63022,45.64929],[-107.63087,45.64913],[-107.63319,45.64776],[-107.63699,45.64608],[-107.64007,45.6473],[-107.64819,45.64787],[-107.64921,45.64691],[-107.64896,45.6463],[-107.64854,45.64572],[-107.64653,45.64182],[-107.6492,45.64059],[-107.65242,45.64104],[-107.65281,45.64131],[-107.65446,45.64286],[-107.65569,45.64376],[-107.65904,45.6441],[-107.6592,45.64371],[-107.66081,45.64157],[-107.66113,45.64137],[-107.66609,45.63966],[-107.66615,45.63819],[-107.66632,45.6379],[-107.66553,45.6363],[-107.66533,45.63393],[-107.66655,45.63299],[-107.67079,45.63128],[-107.67511,45.62886],[-107.67626,45.62768],[-107.67441,45.62497],[-107.67449,45.6209],[-107.67541,45.61949],[-107.67573,45.61907],[-107.67644,45.61671],[-107.67708,45.61527],[-107.67792,45.61154],[-107.67191,45.60738],[-107.67493,45.60422],[-107.67544,45.60391],[-107.678,45.60227],[-107.6798,45.59955],[-107.68379,45.59418],[-107.6887,45.59019],[-107.68908,45.58888],[-107.69304,45.58773],[-107.69737,45.5851],[-107.69861,45.58394],[-107.69967,45.58276],[-107.70067,45.58071],[-107.70175,45.57684],[-107.70211,45.57645],[-107.7027,45.57514],[-107.70275,45.57468],[-107.70242,45.57291],[-107.70314,45.56752],[-107.70602,45.56415],[-107.71113,45.56444],[-107.71253,45.56416],[-107.71864,45.55691],[-107.72118,45.55263],[-107.72121,45.5506],[-107.72212,45.5478],[-107.72411,45.54702],[-107.72821,45.54483],[-107.72822,45.54305],[-107.72905,45.53745],[-107.73045,45.53585],[-107.73084,45.53215],[-107.73027,45.52945],[-107.72871,45.52879],[-107.72718,45.52834],[-107.72582,45.52652],[-107.7256,45.52579],[-107.7255,45.5253],[-107.72569,45.52275],[-107.72814,45.52126],[-107.73038,45.52072],[-107.73098,45.52058],[-107.73475,45.51919],[-107.7362,45.51621],[-107.73975,45.50586],[-107.743,45.50193],[-107.74079,45.49866],[-107.74048,45.4965],[-107.74064,45.49046],[-107.74033,45.48761],[-107.73501,45.48275],[-107.73238,45.48005],[-107.73979,45.47564],[-107.74776,45.46245],[-107.7496,45.45924],[-107.75023,45.45866],[-107.75304,45.45503],[-107.75294,45.44836],[-107.75579,45.44293],[-107.7619,45.4376],[-107.77186,45.42947],[-107.7859,45.4203],[-107.79637,45.41281],[-107.79845,45.41086],[-107.80406,45.40637],[-107.80713,45.40412],[-107.80923,45.40169],[-107.80558,45.39741],[-107.80729,45.39152],[-107.81019,45.38403],[-107.81173,45.38184],[-107.81543,45.37746],[-107.81675,45.37496],[-107.81652,45.37407],[-107.81679,45.37397],[-107.82245,45.37115],[-107.82704,45.36745],[-107.83131,45.36233],[-107.85564,45.35687],[-107.85769,45.35509],[-107.8581,45.35359],[-107.8644,45.35236],[-107.86795,45.35276],[-107.87567,45.34565],[-107.88654,45.34339],[-107.90472,45.33415],[-107.90632,45.32051],[-107.91424,45.31819],[-107.91477,45.31807],[-107.92143,45.31617],[-107.92174,45.31605],[-107.92336,45.31535],[-107.92954,45.31462],[-107.93503,45.31555],[-107.93954,45.31682],[-107.94793,45.317],[-107.95813,45.30701]],[[-107.9582,45.30668],[-107.96474,45.30113],[-107.96875,45.30151],[-107.99952,45.29958],[-108.00067,45.2997],[-108.00343,45.29405],[-108.00235,45.28539],[-108.008,45.2767],[-108.0198,45.27174],[-108.0189,45.25746],[-108.02979,45.2603],[-108.03533,45.2626],[-108.0658,45.25262],[-108.07197,45.24996],[-108.0747,45.24621],[-108.07506,45.24027],[-108.07527,45.23841],[-108.0803,45.23167],[-108.09409,45.22445],[-108.0958,45.22208],[-108.09788,45.22049],[-108.10493,45.21819],[-108.10851,45.21663],[-108.12567,45.21745],[-108.12743,45.2179],[-108.12567,45.21318],[-108.12567,45.21095],[-108.12743,45.20971],[-108.13416,45.20689],[-108.13052,45.19492],[-108.14569,45.19281],[-108.12978,45.18454],[-108.13056,45.18298],[-108.13369,45.18174],[-108.13801,45.18216],[-108.15233,45.16859],[-108.16683,45.17128],[-108.1701,45.16068],[-108.16917,45.14987],[-108.1694,45.14842],[-108.17144,45.14411],[-108.1637,45.14121],[-108.16364,45.13874],[-108.1663,45.13597],[-108.1798,45.13197],[-108.18454,45.13245],[-108.18179,45.12496],[-108.1825,45.12246],[-108.18325,45.11322],[-108.19437,45.11483],[-108.19637,45.11192],[-108.19049,45.10902],[-108.18792,45.1078],[-108.18814,45.10164],[-108.19497,45.09859],[-108.20535,45.10029],[-108.20578,45.09892],[-108.20669,45.09472],[-108.21493,45.09482],[-108.21809,45.09377],[-108.22034,45.08704],[-108.22077,45.07777],[-108.22383,45.07637],[-108.22977,45.07112],[-108.23323,45.06378],[-108.23921,45.0631],[-108.23987,45.06125],[-108.22273,45.05303],[-108.2213,45.05088],[-108.22171,45.04654],[-108.2354,45.04807],[-108.2445,45.04226],[-108.245,45.0399],[-108.24612,45.03729],[-108.24834,45.03458],[-108.24953,45.03219],[-108.25036,45.02869],[-108.24933,45.01999],[-108.25067,45.0198],[-108.2529,45.01438],[-108.25067,45.00684],[-108.24932,44.99996],[-108.24939,44.99991]]]},"properties":{"gnis_id":"00779903","gnis_name":"Bighorn River","fcode":55800,"visibility":5000000}},
{"type":"Feature","geometry":{"type":"LineString","coordinates":[[-112.85733,45.00154],[-112.85904,45.0006],[-112.85859,44.99994]]},"properties":{"gnis_id":"00779637","gnis_name":"Beaverhead River","fcode":46006,"visibility":5000000}},
{"type":"Feature","geometry":{"type":"MultiLineString","coordinates":[[[-109.2801,45.63932],[-109.28078,45.63858],[-109.28135,45.63745],[-109.2821,45.63712],[-109.28576,45.63795],[-109.28462,45.63408],[-109.28312,45.6328],[-109.28095,45.62927],[-109.28617,45.62517],[-109.28673,45.62513],[-109.29013,45.62119],[-109.28963,45.62036],[-109.28973,45.62001],[-109.29107,45.61881],[-109.29116,45.61852],[-109.29453,45.61474],[-109.29956,45.60876],[-109.29982,45.60721],[-109.30156,45.60167],[-109.3045,45.59932],[-109.31146,45.59796],[-109.31259,45.59728],[-109.31455,45.59595],[-109.31567,45.59476],[-109.318,45.59367],[-109.32086,45.59199],[-109.32892,45.58709],[-109.33129,45.58566],[-109.33294,45.5813],[-109.33304,45.58117],[-109.33801,45.57703],[-109.33783,45.57519],[-109.33772,45.57479],[-109.33773,45.5747],[-109.34096,45.57115],[-109.34803,45.56767],[-109.34896,45.56795],[-109.34948,45.56826],[-109.35245,45.56849],[-109.35275,45.56837],[-109.35518,45.56672],[-109.3563,45.56502],[-109.35883,45.56315],[-109.36241,45.56328],[-109.36347,45.5632],[-109.36666,45.56072],[-109.36657,45.5606],[-109.36696,45.55744],[-109.36917,45.55713],[-109.37264,45.55659],[-109.37352,45.55492],[-109.37877,45.55477],[-109.38901,45.5507],[-109.39519,45.55004],[-109.40366,45.54899],[-109.41088,45.54354],[-109.41858,45.53831],[-109.42008,45.5378],[-109.42539,45.53608],[-109.43064,45.5365],[-109.43189,45.53643],[-109.43319,45.53605],[-109.4376,45.53433],[-109.43818,45.5341],[-109.44089,45.53458],[-109.44108,45.53485],[-109.44499,45.53557],[-109.44627,45.53456],[-109.44951,45.53414],[-109.45405,45.53342],[-109.45792,45.53265],[-109.45907,45.53203],[-109.46132,45.53084],[-109.46428,45.53053],[-109.4698,45.52851],[-109.47618,45.52796],[-109.4766,45.52796],[-109.47981,45.52807],[-109.49834,45.52757],[-109.50127,45.53003],[-109.50642,45.5307],[-109.50778,45.53124],[-109.5136,45.53181],[-109.51872,45.53423],[-109.52345,45.53275],[-109.52723,45.53429],[-109.5333,45.53457],[-109.5361,45.53315],[-109.544,45.53505],[-109.54953,45.5335],[-109.55142,45.534],[-109.55422,45.5332],[-109.55716,45.53171],[-109.55858,45.53028],[-109.56215,45.52985],[-109.57316,45.5307],[-109.57564,45.53041],[-109.59444,45.53081],[-109.59813,45.52713],[-109.60404,45.52453],[-109.60529,45.52019],[-109.60689,45.51741],[-109.61151,45.51773],[-109.62535,45.51602],[-109.64235,45.51064],[-109.64802,45.50955],[-109.6522,45.50815],[-109.654,45.50551],[-109.65237,45.50279],[-109.66011,45.50045],[-109.66214,45.49656],[-109.66585,45.49226],[-109.68537,45.4824],[-109.69689,45.48098],[-109.70084,45.48256],[-109.71001,45.48507],[-109.71166,45.48397],[-109.72067,45.47766],[-109.72143,45.47741],[-109.73141,45.47694],[-109.73973,45.47295],[-109.74421,45.47067],[-109.75102,45.46529],[-109.75294,45.46415],[-109.75938,45.45873],[-109.76222,45.4553],[-109.79262,45.43729],[-109.80119,45.43201],[-109.80323,45.4317],[-109.82212,45.43131],[-109.82397,45.43173],[-109.83449,45.4267],[-109.8377,45.42556],[-109.84631,45.41661],[-109.85157,45.40824],[-109.85968,45.40104],[-109.86239,45.39645],[-109.86318,45.39634],[-109.86371,45.39623],[-109.87297,45.38764]],[[-109.94655,45.28056],[-109.94647,45.28178],[-109.94642,45.28233]],[[-109.94763,45.27608],[-109.94864,45.27416],[-109.94904,45.2732]],[[-109.98061,45.23364],[-109.98054,45.23367],[-109.96626,45.2469],[-109.96498,45.25489],[-109.96351,45.25761],[-109.95695,45.26594],[-109.954,45.26694],[-109.9528,45.26976],[-109.95149,45.27144]],[[-109.93458,45.32136],[-109.93496,45.32034],[-109.93464,45.31377]],[[-109.89849,45.35373],[-109.89614,45.35722],[-109.89316,45.35895],[-109.88944,45.36341],[-109.88793,45.3651],[-109.88783,45.36515]],[[-109.88787,45.36701],[-109.88783,45.36801],[-109.8848,45.37204],[-109.8721,45.37833],[-109.87166,45.38221]],[[-109.91028,45.34269],[-109.90997,45.34298],[-109.90543,45.3439]],[[-109.93435,45.32446],[-109.93377,45.3252],[-109.92925,45.33362],[-109.92887,45.33407],[-109.92848,45.33429],[-109.9275,45.3348]],[[-109.93384,45.30184],[-109.93761,45.29509],[-109.94371,45.2867],[-109.94397,45.28635],[-109.94414,45.28605]]]},"properties":{"gnis_id":"00791524","gnis_name":"Stillwater River","fcode":55800,"visibility":5000000}},
{"type":"Feature","geometry":{"type":"MultiLineString","coordinates":[[[-111.94256,45.77983],[-111.94726,45.77564]],[[-112.05287,45.60816],[-112.0512,45.61037],[-112.05026,45.61348],[-112.03638,45.6242],[-112.035,45.62533],[-112.0315,45.63773],[-112.029,45.64146],[-112.02482,45.65067],[-112.0215,45.65867],[-112.02044,45.66643],[-112.01942,45.66782],[-112.01754,45.67103],[-112.01661,45.6738],[-112.01585,45.68527],[-112.01163,45.69131],[-112.006,45.69901],[-112.00551,45.69931],[-111.99695,45.70322],[-111.99604,45.70383],[-111.98994,45.70868],[-111.98908,45.70907],[-111.9782,45.72399],[-111.97541,45.72562],[-111.97219,45.72827],[-111.96964,45.72986],[-111.96738,45.73468],[-111.96465,45.74146],[-111.96331,45.74539],[-111.96248,45.74716],[-111.96147,45.74856],[-111.96045,45.75169],[-111.96018,45.75414],[-111.96013,45.75486],[-111.9599,45.75637],[-111.9579,45.76536]],[[-111.93884,45.78662],[-111.93676,45.78843],[-111.92839,45.80952],[-111.92807,45.81272],[-111.92832,45.81891],[-111.92647,45.82373],[-111.91811,45.84339]],[[-112.06327,45.60472],[-112.05517,45.6072],[-112.05353,45.60729]]]},"properties":{"gnis_id":"00790880","gnis_name":"South Boulder River","fcode":46006,"visibility":5000000}},
{"type":"Feature","geometry":{"type":"MultiLineString","coordinates":[[[-111.31211,47.49462],[-111.31407,47.49428],[-111.35151,47.49884],[-111.37055,47.50215],[-111.39774,47.51144],[-111.40523,47.51636],[-111.43974,47.5347],[-111.45839,47.539],[-111.47521,47.52962],[-111.50081,47.52354],[-111.5115,47.5255],[-111.51761,47.53134],[-111.5237,47.53181],[-111.53,47.53286],[-111.52992,47.53361],[-111.52874,47.54557],[-111.53825,47.54884],[-111.55315,47.54012],[-111.55882,47.54073],[-111.57714,47.54395],[-111.58154,47.54454],[-111.5975,47.54207],[-111.60314,47.54227],[-111.60635,47.53759],[-111.61666,47.53765],[-111.62558,47.53687],[-111.63043,47.53767],[-111.63371,47.53849],[-111.63644,47.53904],[-111.6435,47.53855],[-111.65355,47.53696],[-111.66181,47.5305],[-111.66699,47.53074],[-111.67472,47.52705],[-111.68517,47.52842],[-111.68643,47.52865],[-111.69692,47.52916],[-111.70173,47.52615],[-111.71153,47.52677],[-111.72506,47.53585],[-111.72587,47.53283],[-111.72872,47.53394],[-111.72945,47.53606],[-111.73126,47.53655],[-111.73221,47.53507],[-111.73297,47.53452],[-111.74284,47.53459],[-111.7453,47.53213],[-111.75082,47.53265],[-111.75368,47.52982],[-111.75743,47.52887],[-111.75798,47.52853],[-111.76186,47.52895],[-111.76681,47.53129],[-111.76918,47.53186],[-111.77091,47.53217],[-111.77489,47.53034],[-111.77864,47.52949],[-111.78473,47.53091],[-111.78676,47.53032],[-111.78711,47.5303],[-111.78857,47.52998],[-111.7913,47.5294],[-111.79243,47.52918],[-111.79235,47.528],[-111.79174,47.5221],[-111.80662,47.51961],[-111.82727,47.51111],[-111.83241,47.50825],[-111.83572,47.5094],[-111.83743,47.51073],[-111.84248,47.51159],[-111.84702,47.51062],[-111.85019,47.51379],[-111.85841,47.51782],[-111.859,47.51818],[-111.87401,47.51712],[-111.87583,47.51332],[-111.89962,47.50975],[-111.90278,47.50703],[-111.91325,47.5052],[-111.92127,47.50504],[-111.94372,47.50561],[-111.95254,47.50822],[-111.96009,47.50291],[-111.96167,47.50376],[-111.96426,47.50603],[-111.96514,47.50664],[-111.96745,47.50944],[-111.97063,47.51133],[-111.97159,47.51041],[-111.97634,47.50949],[-111.98852,47.50725],[-111.98961,47.50802],[-111.99764,47.50857],[-112.00083,47.50734],[-112.0292,47.51798],[-112.04219,47.51659],[-112.05203,47.51501],[-112.05711,47.51583],[-112.06341,47.517],[-112.07285,47.51217],[-112.07475,47.51223],[-112.08825,47.51392],[-112.09579,47.51113],[-112.09835,47.51242],[-112.10332,47.51092],[-112.10643,47.50914],[-112.10608,47.50867],[-112.10831,47.5066],[-112.11164,47.50838],[-112.12075,47.50803],[-112.12584,47.5113],[-112.12961,47.51137],[-112.13504,47.51373],[-112.13978,47.51396],[-112.14176,47.51459],[-112.14391,47.51555],[-112.1483,47.51641],[-112.14863,47.51624],[-112.15057,47.51435],[-112.15257,47.51322],[-112.15352,47.51285],[-112.15417,47.51264],[-112.15645,47.51145],[-112.16075,47.50964],[-112.16187,47.50992],[-112.16691,47.51104],[-112.17106,47.50953],[-112.17202,47.50982],[-112.17623,47.51262],[-112.2019,47.50578],[-112.21192,47.50323],[-112.21262,47.50343],[-112.2153,47.50742],[-112.21877,47.50882],[-112.23129,47.50897],[-112.23567,47.50623],[-112.25085,47.51029],[-112.25246,47.51017],[-112.25325,47.51018],[-112.2618,47.50897],[-112.2702,47.5081],[-112.27921,47.50635],[-112.28257,47.50759],[-112.28264,47.51307],[-112.28415,47.51396],[-112.28725,47.51562],[-112.29056,47.51748],[-112.29121,47.51816],[-112.29162,47.51879],[-112.29345,47.52296],[-112.29955,47.52511],[-112.31028,47.532],[-112.31076,47.53358],[-112.31233,47.53583],[-112.31705,47.5382],[-112.31708,47.54087],[-112.31773,47.54217],[-112.32372,47.54273],[-112.33289,47.54356],[-112.34153,47.53931],[-112.34446,47.54048],[-112.34472,47.54288],[-112.34276,47.55005],[-112.34626,47.55125],[-112.35343,47.55011],[-112.35476,47.55013],[-112.37013,47.54693],[-112.37586,47.54655],[-112.37623,47.54653],[-112.38062,47.55021],[-112.38719,47.55214],[-112.38817,47.55205],[-112.39427,47.55272],[-112.39766,47.55262],[-112.40312,47.55251],[-112.40662,47.55349],[-112.40584,47.55873],[-112.40552,47.5589],[-112.40512,47.55918],[-112.40442,47.55971],[-112.40469,47.5629],[-112.40304,47.56682],[-112.40321,47.56712],[-112.40564,47.56775],[-112.40523,47.57395],[-112.40511,47.57468],[-112.40578,47.5773],[-112.40762,47.5782],[-112.4106,47.57783],[-112.41849,47.58359],[-112.41645,47.58717],[-112.42112,47.58924],[-112.41932,47.59426],[-112.41837,47.59669],[-112.4213,47.59979],[-112.42933,47.6035],[-112.43061,47.60645],[-112.43345,47.60587],[-112.43454,47.60553],[-112.43707,47.60473],[-112.43756,47.60517],[-112.43998,47.60588],[-112.44498,47.60745],[-112.45245,47.60879],[-112.46941,47.61348],[-112.48945,47.61367],[-112.49494,47.61407],[-112.49759,47.61573],[-112.49897,47.61843],[-112.50086,47.61979],[-112.50277,47.62005],[-112.51604,47.62427],[-112.51596,47.62495],[-112.5205,47.6331],[-112.52052,47.63733],[-112.52667,47.64175],[-112.547,47.65141],[-112.56333,47.6437],[-112.56315,47.64307],[-112.56762,47.63926],[-112.56812,47.63803],[-112.57425,47.63521],[-112.58119,47.63347],[-112.58284,47.63404],[-112.58614,47.63489],[-112.5978,47.63428],[-112.60322,47.63235],[-112.60543,47.63301],[-112.61356,47.63561],[-112.62587,47.6335],[-112.62603,47.63345],[-112.65463,47.62236],[-112.66287,47.6215],[-112.6666,47.61823],[-112.67352,47.62251],[-112.6819,47.61441],[-112.69209,47.61833],[-112.70646,47.62107]],[[-112.75832,47.60233],[-112.75978,47.60152]],[[-112.75368,47.60717],[-112.74717,47.60782],[-112.74155,47.60862],[-112.7388,47.61099],[-112.73746,47.6121],[-112.7323,47.61704],[-112.73116,47.61731],[-112.71746,47.61648],[-112.71539,47.61643],[-112.71217,47.61727],[-112.71134,47.61915],[-112.70723,47.62101],[-112.70674,47.62106]],[[-112.76151,47.60134],[-112.76508,47.60187],[-112.76922,47.59899],[-112.78033,47.59863],[-112.79578,47.60327],[-112.79955,47.61077],[-112.80997,47.60958],[-112.82734,47.6126],[-112.83207,47.61566],[-112.8365,47.62198],[-112.84353,47.62314],[-112.84459,47.62494],[-112.8547,47.62923]],[[-112.85492,47.62921],[-112.85703,47.62984]]]},"properties":{"gnis_id":"00802208","gnis_name":"Sun River","fcode":55800,"visibility":5000000}},
{"type":"Feature","geometry":{"type":"LineString","coordinates":[[-111.22089,44.72007],[-111.21933,44.72072],[-111.21503,44.71996],[-111.21345,44.71841],[-111.2136,44.71781],[-111.21321,44.71729],[-111.21245,44.7169],[-111.21081,44.71113],[-111.21034,44.70837],[-111.20884,44.7041],[-111.20708,44.70219],[-111.20613,44.70187],[-111.20644,44.70094],[-111.20649,44.70032],[-111.2053,44.7],[-111.20464,44.69919],[-111.20539,44.69882],[-111.20458,44.69794],[-111.20304,44.69666],[-111.2031,44.69639],[-111.20303,44.696],[-111.20179,44.69494],[-111.19765,44.69227],[-111.19707,44.69226],[-111.19644,44.69114],[-111.19565,44.69066],[-111.1952,44.68966],[-111.1953,44.68913],[-111.19527,44.68794],[-111.19509,44.6879],[-111.19514,44.68759],[-111.1944,44.68715],[-111.1935,44.68672],[-111.19399,44.68646],[-111.19417,44.68606],[-111.1942,44.68599],[-111.1937,44.68293],[-111.19424,44.68127],[-111.19497,44.67774],[-111.1969,44.67414],[-111.19742,44.67322],[-111.19106,44.6668],[-111.18647,44.6663],[-111.18119,44.66646],[-111.17932,44.66638],[-111.17775,44.66655],[-111.17658,44.66664],[-111.16915,44.66445],[-111.16375,44.66377],[-111.16116,44.66301],[-111.16068,44.66266],[-111.15862,44.66142],[-111.15844,44.66122],[-111.15794,44.66065],[-111.15768,44.66056],[-111.15742,44.66061],[-111.15635,44.66],[-111.1561,44.65969],[-111.15048,44.6546],[-111.14656,44.6489],[-111.15556,44.63539],[-111.16087,44.62689],[-111.15817,44.61797],[-111.16223,44.6092],[-111.16025,44.60548]]},"properties":{"gnis_id":"00791009","gnis_name":"South Fork Madison River","fcode":46006,"visibility":5000000}},
{"type":"Feature","geometry":{"type":"MultiLineString","coordinates":[[[-115.1981,48.07839],[-115.19846,48.07911],[-115.18172,48.08423]],[[-115.19956,48.07346],[-115.19753,48.07742]]]},"properties":{"gnis_id":"00788994","gnis_name":"Pleasant Valley Fisher River","fcode":55800,"visibility":5000000}},
{"type":"Feature","geometry":{"type":"MultiLineString","coordinates":[[[-115.19753,48.07742],[-115.1981,48.07839]],[[-115.35256,48.02578],[-115.34719,48.02314],[-115.3402,48.02408],[-115.34038,48.02483],[-115.3389,48.02573],[-115.33768,48.02649],[-115.32352,48.0284],[-115.31839,48.03165],[-115.31359,48.03225],[-115.31272,48.03294],[-115.29685,48.03913],[-115.29408,48.0403],[-115.29282,48.04038],[-115.29221,48.03918],[-115.28382,48.04157],[-115.28411,48.0433],[-115.2697,48.06054],[-115.27015,48.0647],[-115.27031,48.06598],[-115.25892,48.06512],[-115.25355,48.0651],[-115.24981,48.06504],[-115.22987,48.06853],[-115.22966,48.06675],[-115.21145,48.0654],[-115.2044,48.06749],[-115.2056,48.06831],[-115.19956,48.07346]],[[-115.18172,48.08423],[-115.18138,48.08409],[-115.16199,48.09041],[-115.15997,48.09813],[-115.15113,48.10106],[-115.14822,48.10329],[-115.13501,48.11899],[-115.13469,48.11922],[-115.13401,48.12009],[-115.13311,48.12162],[-115.13161,48.12193],[-115.12132,48.12885],[-115.1213,48.13089],[-115.1101,48.13855],[-115.09989,48.14719],[-115.09874,48.15269],[-115.08633,48.16301],[-115.05954,48.1704],[-115.04659,48.16887],[-115.04552,48.16867],[-115.02556,48.16597],[-115.0168,48.16577],[-115.00565,48.16776],[-115.00268,48.16681],[-114.99273,48.15927],[-114.98758,48.1534],[-114.97448,48.14572],[-114.95291,48.13406],[-114.94009,48.13034]]]},"properties":{"gnis_id":"00788994","gnis_name":"Pleasant Valley Fisher River","fcode":46006,"visibility":5000000}},
{"type":"Feature","geometry":{"type":"MultiLineString","coordinates":[[[-108.71451,45.651],[-108.71546,45.64982],[-108.71628,45.64899],[-108.74537,45.63851],[-108.75922,45.63302],[-108.76537,45.62495],[-108.76557,45.62462],[-108.76921,45.62228],[-108.79279,45.60319],[-108.79594,45.5894],[-108.79697,45.58874],[-108.80278,45.58792],[-108.80489,45.57931],[-108.81026,45.58117],[-108.82428,45.57161],[-108.82177,45.56908],[-108.82062,45.56715],[-108.82009,45.56624],[-108.8234,45.56181],[-108.82432,45.55327],[-108.83239,45.5478],[-108.82157,45.5354],[-108.82195,45.52729],[-108.82753,45.51464],[-108.83712,45.51058],[-108.84043,45.49995],[-108.84034,45.49929],[-108.84973,45.49307],[-108.84649,45.48517],[-108.84374,45.47962],[-108.84182,45.47605],[-108.84365,45.47204],[-108.84506,45.46703],[-108.83504,45.45924],[-108.86266,45.44786],[-108.86276,45.44355],[-108.85645,45.43752],[-108.85768,45.43284],[-108.86541,45.43151],[-108.86449,45.43059],[-108.86568,45.42853],[-108.87542,45.42635],[-108.8757,45.42597],[-108.8778,45.4236],[-108.87679,45.42217],[-108.87916,45.41951],[-108.88134,45.41533],[-108.89612,45.40044],[-108.90103,45.39581],[-108.90098,45.38617],[-108.91019,45.37644],[-108.90869,45.37256],[-108.89963,45.34378],[-108.90366,45.34317],[-108.909,45.34093],[-108.89258,45.30232],[-108.89936,45.29503],[-108.89997,45.29325],[-108.90159,45.27955],[-108.90129,45.27659],[-108.9124,45.26409],[-108.91493,45.26358],[-108.93184,45.24544],[-108.93779,45.24151],[-108.94557,45.236],[-108.95569,45.21775],[-108.95922,45.20317],[-108.96185,45.20149],[-108.96526,45.19632],[-108.96835,45.19246],[-108.98613,45.19122],[-108.99333,45.19132],[-108.99626,45.17942],[-108.99854,45.17704],[-109.00982,45.16348],[-109.01272,45.16135],[-108.9961,45.15066],[-108.99527,45.15026],[-108.99311,45.14938],[-108.98951,45.14452],[-108.98623,45.14336],[-108.98269,45.13535],[-108.98275,45.13293],[-108.99209,45.12902],[-108.99858,45.13025],[-109.00554,45.12377],[-109.0063,45.12299],[-109.00966,45.1143],[-109.02595,45.10243],[-109.02697,45.10128],[-109.02777,45.09965],[-109.02635,45.09039],[-109.02805,45.08793],[-109.02792,45.08156],[-109.03058,45.07801],[-109.03316,45.0758],[-109.0486,45.06564],[-109.05535,45.06544],[-109.06223,45.06281],[-109.06902,45.05675],[-109.07015,45.05484],[-109.07765,45.04711],[-109.07776,45.04682],[-109.07549,45.04485],[-109.07161,45.04369],[-109.05984,45.02631],[-109.05645,45.01889],[-109.0552,45.01626],[-109.05484,45.01414],[-109.06086,45.01263],[-109.06602,45.00997],[-109.07267,45.01056],[-109.08219,44.99954]],[[-109.85154,45.00327],[-109.8682,45.02292]]]},"properties":{"gnis_id":"00798974","gnis_name":"Clarks Fork Yellowstone River","fcode":55800,"visibility":5000000}},
{"type":"Feature","geometry":{"type":"LineString","coordinates":[[-105.34108,45.47522],[-105.34151,45.47484]]},"properties":{"gnis_id":"00773477","gnis_name":"Little Powder River","fcode":55800,"visibility":5000000}},
{"type":"Feature","geometry":{"type":"LineString","coordinates":[[-112.76133,47.60136],[-112.76151,47.60134]]},"properties":{"gnis_id":"00802208","gnis_name":"Sun River","fcode":33400,"visibility":5000000}},
{"type":"Feature","geometry":{"type":"MultiLineString","coordinates":[[[-112.75978,47.60152],[-112.76133,47.60136]],[[-112.8547,47.62923],[-112.85492,47.62921]]]},"properties":{"gnis_id":"00802208","gnis_name":"Sun River","fcode":46006,"visibility":5000000}},
{"type":"Feature","geometry":{"type":"MultiLineString","coordinates":[[[-105.74876,46.24705],[-105.75002,46.24453],[-105.75031,46.24419]],[[-105.71366,46.53179],[-105.7134,46.53091]]]},"properties":{"gnis_id":"00777701","gnis_name":"Tongue and Yellowstone River Irrigation District Canal","fcode":55800,"visibility":5000000}},
{"type":"Feature","geometry":{"type":"LineString","coordinates":[[-105.74876,46.24705],[-105.74855,46.24732],[-105.74836,46.24754]]},"properties":{"gnis_id":"00777701","gnis_name":"Tongue and Yellowstone River Irrigation District Canal","fcode":42803,"visibility":5000000}},
{"type":"Feature","geometry":{"type":"MultiLineString","coordinates":[[[-112.54024,45.35837],[-112.53883,45.35684]],[[-112.54113,45.35505],[-112.54188,45.34804],[-112.5468,45.34759],[-112.54758,45.34751],[-112.55053,45.34532],[-112.55005,45.34431]]]},"properties":{"gnis_id":"00768149","gnis_name":"Albers River Ditch","fcode":46003,"visibility":5000000}},
{"type":"Feature","geometry":{"type":"LineString","coordinates":[[-112.57928,45.26002],[-112.56844,45.26482],[-112.56655,45.26705],[-112.56057,45.27499],[-112.56195,45.27778],[-112.55725,45.28245],[-112.55262,45.28653],[-112.54968,45.29112],[-112.5446,45.2956]]},"properties":{"gnis_id":"00773738","gnis_name":"Lower River Ditch","fcode":33601,"visibility":5000000}},
{"type":"Feature","geometry":{"type":"MultiLineString","coordinates":[[[-112.55879,45.32156],[-112.55921,45.32629],[-112.55918,45.32895],[-112.55424,45.33423]],[[-112.55404,45.33467],[-112.554,45.3347],[-112.55368,45.33576],[-112.54967,45.34158],[-112.55005,45.34431]]]},"properties":{"gnis_id":"00768149","gnis_name":"Albers River Ditch","fcode":46006,"visibility":5000000}},
{"type":"Feature","geometry":{"type":"LineString","coordinates":[[-111.09081,48.32],[-111.09121,48.32476]]},"properties":{"gnis_id":"00799001","gnis_name":"Marias River","fcode":42807,"visibility":5000000}},
{"type":"Feature","geometry":{"type":"MultiLineString","coordinates":[[[-112.22769,48.48635],[-112.22801,48.48631],[-112.22889,48.48293],[-112.22812,48.47686],[-112.22748,48.46746],[-112.22984,48.46416],[-112.22756,48.46199],[-112.22841,48.46037],[-112.22897,48.45941],[-112.24321,48.44661],[-112.24461,48.44552],[-112.25604,48.44553],[-112.26046,48.44447],[-112.26066,48.4427],[-112.26942,48.4444],[-112.27214,48.44475],[-112.27456,48.4432],[-112.28498,48.44594],[-112.28713,48.44792],[-112.2832,48.45457],[-112.28217,48.45691],[-112.2832,48.45926],[-112.286,48.45972],[-112.2964,48.45949],[-112.30482,48.44622],[-112.3076,48.44937],[-112.30807,48.46018],[-112.30993,48.45919],[-112.32382,48.45727],[-112.32607,48.45805],[-112.32652,48.4594],[-112.3287,48.46335],[-112.3294,48.46313],[-112.33379,48.46475],[-112.33257,48.4702],[-112.33277,48.47032],[-112.34096,48.47141],[-112.34262,48.47226],[-112.34575,48.47308],[-112.35066,48.47527],[-112.35768,48.4726],[-112.35953,48.47122],[-112.36041,48.47001],[-112.36422,48.46865],[-112.36891,48.47153],[-112.36909,48.47327],[-112.36819,48.47458],[-112.36708,48.47783],[-112.36764,48.47949],[-112.37125,48.48169],[-112.38056,48.4802],[-112.38313,48.48396],[-112.38414,48.48386],[-112.38659,48.48368],[-112.3877,48.48333],[-112.40119,48.48543],[-112.4052,48.49057],[-112.40969,48.4878],[-112.41595,48.48643],[-112.41726,48.48659],[-112.41755,48.48251],[-112.42521,48.4866],[-112.42603,48.48654],[-112.44724,48.47899],[-112.43644,48.47869],[-112.43318,48.47209],[-112.43547,48.46963],[-112.44412,48.46839],[-112.45534,48.46324],[-112.46041,48.46347],[-112.46604,48.4619],[-112.46899,48.46195],[-112.47642,48.46177],[-112.50009,48.45736],[-112.50308,48.45706],[-112.51417,48.45821],[-112.51481,48.45862],[-112.51463,48.46454],[-112.51688,48.46643],[-112.51805,48.46799],[-112.5186,48.47005],[-112.52328,48.47207],[-112.53419,48.47831],[-112.5353,48.4789],[-112.56431,48.48359],[-112.56635,48.48194],[-112.57076,48.48074],[-112.57961,48.48281],[-112.58321,48.48286],[-112.5841,48.48323],[-112.58866,48.4865],[-112.57782,48.49741],[-112.58538,48.50309],[-112.60678,48.49847],[-112.60747,48.49854],[-112.60864,48.49929],[-112.61386,48.50774],[-112.61692,48.51022],[-112.62547,48.51115],[-112.63213,48.51039],[-112.63497,48.50856],[-112.64203,48.50637],[-112.64927,48.49983],[-112.65181,48.4988],[-112.65903,48.49835],[-112.66188,48.49716],[-112.66537,48.49524],[-112.66544,48.49411],[-112.66564,48.49381],[-112.67285,48.49204],[-112.67726,48.49067],[-112.68187,48.48894],[-112.68895,48.48562],[-112.6894,48.48412],[-112.68957,48.48251],[-112.69086,48.47968],[-112.69156,48.47917],[-112.69697,48.47682],[-112.70096,48.47802],[-112.70143,48.47804],[-112.70601,48.47695],[-112.71368,48.47412],[-112.71518,48.47213],[-112.71563,48.47152],[-112.71939,48.4719],[-112.72549,48.47438],[-112.74455,48.47935],[-112.75362,48.48055],[-112.75503,48.48047],[-112.75714,48.48038],[-112.7718,48.4799],[-112.77301,48.48077],[-112.77431,48.47937],[-112.77456,48.47843],[-112.78496,48.47883],[-112.78694,48.47644]],[[-113.30545,48.50544],[-113.29715,48.50501],[-113.28941,48.50376],[-113.2766,48.49763],[-113.27471,48.49667],[-113.26359,48.49239],[-113.26345,48.49229]],[[-112.85635,48.43199],[-112.85717,48.43197],[-112.86492,48.43375],[-112.87137,48.43304],[-112.87119,48.43228],[-112.87548,48.43268],[-112.87952,48.4331],[-112.88491,48.43352],[-112.89847,48.43018],[-112.90173,48.42727],[-112.90725,48.42875],[-112.9104,48.42905],[-112.91202,48.42912],[-112.9175,48.42908],[-112.92245,48.42974],[-112.92704,48.43048],[-112.93285,48.42631],[-112.93575,48.42665],[-112.93893,48.42496],[-112.9412,48.42566],[-112.94438,48.42676],[-112.94735,48.42508],[-112.95125,48.42324],[-112.9541,48.42347],[-112.96109,48.42379],[-112.97072,48.42399],[-112.97485,48.42507],[-112.97837,48.42488],[-112.98162,48.42658],[-112.98702,48.42759],[-112.99026,48.42688],[-112.99225,48.42654],[-112.99264,48.42649],[-112.99779,48.4268],[-113.00454,48.42705],[-113.01491,48.42294],[-113.01539,48.42181],[-113.01918,48.42222],[-113.02427,48.42105],[-113.02582,48.41906],[-113.03833,48.42034],[-113.0407,48.41658],[-113.04937,48.41521],[-113.05027,48.41501],[-113.05164,48.41311],[-113.05861,48.41055],[-113.06468,48.41234]],[[-113.10573,48.42656],[-113.10577,48.42733]],[[-113.10566,48.42653],[-113.10531,48.42639],[-113.09724,48.42486]],[[-113.20215,48.44653],[-113.20065,48.44774]],[[-113.12147,48.42736],[-113.1248,48.42674]],[[-113.09511,48.42491],[-113.09292,48.42489],[-113.08681,48.42437],[-113.08274,48.42301]],[[-113.06795,48.41728],[-113.07432,48.41648]],[[-113.19332,48.43989],[-113.1964,48.44069]],[[-113.17686,48.42565],[-113.1813,48.42798]],[[-113.09563,48.42494],[-113.09698,48.42483]],[[-113.0652,48.41354],[-113.06667,48.41583]],[[-113.11517,48.4286],[-113.11589,48.42673]],[[-113.08005,48.42041],[-113.08248,48.42096]],[[-113.17605,48.42554],[-113.17694,48.42361],[-113.12514,48.42643]],[[-112.85621,48.43225],[-112.85194,48.43475],[-112.8513,48.43603],[-112.85028,48.4386]],[[-113.19825,48.44292],[-113.19808,48.44264],[-113.19711,48.44126]],[[-112.78917,48.47652],[-112.78983,48.47661],[-112.79183,48.47634],[-112.79372,48.47581],[-112.80173,48.47282],[-112.80452,48.47194],[-112.80804,48.4729],[-112.81519,48.47042],[-112.81802,48.46702],[-112.82232,48.46483],[-112.82904,48.46047],[-112.83574,48.45311],[-112.8381,48.45097],[-112.83952,48.45106],[-112.84222,48.44886]],[[-113.11594,48.42649],[-113.11711,48.42514]],[[-112.8504,48.43901],[-112.84975,48.43949],[-112.84787,48.44019],[-112.84381,48.44416],[-112.84372,48.44464],[-112.84218,48.44797]],[[-113.10533,48.42863],[-113.11108,48.42911]],[[-113.08282,48.4218],[-113.08259,48.42287]],[[-113.07504,48.41882],[-113.0768,48.41941]]]},"properties":{"gnis_id":"00792559","gnis_name":"Two Medicine River","fcode":55800,"visibility":5000000}},
{"type":"Feature","geometry":{"type":"MultiLineString","coordinates":[[[-107.56234,45.05264],[-107.55854,45.0528],[-107.55289,45.0521],[-107.55297,45.05297]],[[-107.52239,45.70951],[-107.52269,45.70994],[-107.52127,45.71283],[-107.52191,45.7135],[-107.52365,45.71359]],[[-107.56063,45.73705],[-107.55995,45.7373]],[[-107.55157,45.05375],[-107.53729,45.05431],[-107.53628,45.0544],[-107.53483,45.05522]],[[-107.40694,45.12599],[-107.41498,45.12357],[-107.42146,45.12018],[-107.42467,45.11741],[-107.43944,45.10346],[-107.43857,45.09887],[-107.4383,45.09847],[-107.43827,45.09824],[-107.43851,45.09805],[-107.44112,45.0964],[-107.44252,45.09381],[-107.44455,45.0929],[-107.44907,45.08733],[-107.45619,45.08314],[-107.45823,45.08244],[-107.47126,45.07985],[-107.47822,45.07556],[-107.47907,45.07609],[-107.48877,45.07195],[-107.49108,45.07117],[-107.50368,45.06748],[-107.50444,45.06704],[-107.50667,45.06633],[-107.53059,45.05804]],[[-107.5671,45.05132],[-107.56729,45.0512],[-107.57034,45.04705],[-107.57914,45.04432],[-107.57929,45.04413],[-107.58159,45.04047],[-107.58192,45.03749],[-107.58279,45.0373],[-107.58346,45.03561],[-107.58403,45.03534],[-107.58561,45.03405],[-107.58713,45.0335],[-107.58846,45.03286],[-107.59124,45.03032],[-107.59215,45.02936],[-107.59182,45.02866],[-107.59248,45.02735],[-107.61026,45.01352],[-107.62118,45.00378],[-107.62196,45.00298],[-107.62557,45.00097],[-107.62618,45.00067]],[[-107.62685,45.00067],[-107.62815,45.00067]],[[-107.53258,45.71512],[-107.53277,45.71499]],[[-107.53116,45.05623],[-107.53277,45.05512]]]},"properties":{"gnis_id":"00773405","gnis_name":"Little Bighorn River","fcode":46006,"visibility":5000000}},
{"type":"Feature","geometry":{"type":"MultiLineString","coordinates":[[[-107.56234,45.05264],[-107.56297,45.0529],[-107.5671,45.05132]],[[-107.40652,45.12916],[-107.40694,45.12599]]]},"properties":{"gnis_id":"00773405","gnis_name":"Little Bighorn River","fcode":46003,"visibility":5000000}},
{"type":"Feature","geometry":{"type":"LineString","coordinates":[[-111.99856,44.91289],[-111.99159,44.90517],[-111.98434,44.89547],[-111.96417,44.88889],[-111.95508,44.88637],[-111.944,44.88448],[-111.94038,44.88223],[-111.93312,44.88208],[-111.93127,44.88168],[-111.92079,44.88162],[-111.91308,44.8807],[-111.90875,44.88088]]},"properties":{"gnis_id":"00782901","gnis_name":"East Fork Ruby River","fcode":46006,"visibility":5000000}},
{"type":"Feature","geometry":{"type":"LineString","coordinates":[[-112.01724,44.90273],[-112.01397,44.90252],[-112.01133,44.90254],[-111.99959,44.91238]]},"properties":{"gnis_id":"00793074","gnis_name":"West Fork Ruby River","fcode":46006,"visibility":5000000}},
{"type":"Feature","geometry":{"type":"MultiLineString","coordinates":[[[-112.10965,45.23984],[-112.10899,45.23895]],[[-112.0008,45.04798],[-112.0008,45.04746]]]},"properties":{"gnis_id":"00789840","gnis_name":"Ruby River","fcode":33400,"visibility":5000000}},
{"type":"Feature","geometry":{"type":"MultiLineString","coordinates":[[[-105.78076,46.4372],[-105.78074,46.43752],[-105.78073,46.4378]],[[-105.72079,46.48826],[-105.72047,46.48837],[-105.72004,46.48853]],[[-105.77041,46.45879],[-105.77037,46.4591],[-105.7704,46.45939]]]},"properties":{"gnis_id":"00777701","gnis_name":"Tongue and Yellowstone River Irrigation District Canal","fcode":33601,"visibility":5000000}},
{"type":"Feature","geometry":{"type":"MultiLineString","coordinates":[[[-113.45327,45.64381],[-113.45388,45.64308],[-113.45369,45.64119],[-113.4529,45.64048],[-113.45239,45.64035]],[[-113.44217,45.35651],[-113.44239,45.35362],[-113.44262,45.35351],[-113.44245,45.34897],[-113.4427,45.34699],[-113.44262,45.34235],[-113.44391,45.34044],[-113.44182,45.33715],[-113.44005,45.33415],[-113.43998,45.33343],[-113.44259,45.32618],[-113.44394,45.32526],[-113.44706,45.32084],[-113.4475,45.3192],[-113.45135,45.31352],[-113.45129,45.31251],[-113.45076,45.31115],[-113.45037,45.30978],[-113.44904,45.29864],[-113.44832,45.29758],[-113.44813,45.29694],[-113.44805,45.2965],[-113.45112,45.2908],[-113.45137,45.28919],[-113.45228,45.28378],[-113.44889,45.28103],[-113.44812,45.2807],[-113.44767,45.28042],[-113.44678,45.27864],[-113.4467,45.27813],[-113.44426,45.27637],[-113.44248,45.27577],[-113.4421,45.27557],[-113.43964,45.27572],[-113.43866,45.27586],[-113.43654,45.27326],[-113.43681,45.26874],[-113.43672,45.26866],[-113.43536,45.26454],[-113.43516,45.26292],[-113.4359,45.26161],[-113.43607,45.26157],[-113.43832,45.26004],[-113.4412,45.25671],[-113.44182,45.25635],[-113.44195,45.25614],[-113.44338,45.25463],[-113.44891,45.2499],[-113.45318,45.2476],[-113.4546,45.24616],[-113.45475,45.24625],[-113.4589,45.24545],[-113.46193,45.24518],[-113.46573,45.24402],[-113.46815,45.2442],[-113.47682,45.24021]],[[-113.48605,45.47484],[-113.48518,45.47245]],[[-113.4483,45.65763],[-113.44862,45.65722]],[[-113.45303,45.63762],[-113.45279,45.63702]],[[-113.45039,45.65081],[-113.45007,45.6519],[-113.45188,45.65243],[-113.45078,45.65347],[-113.4492,45.65632],[-113.44904,45.65655]],[[-113.45325,45.63527],[-113.45327,45.63565],[-113.45303,45.63604]],[[-113.45232,45.64506],[-113.45144,45.64528]],[[-113.44928,45.66901],[-113.44959,45.66851]]]},"properties":{"gnis_id":"00779824","gnis_name":"Big Hole River","fcode":46006,"visibility":5000000}},
{"type":"Feature","geometry":{"type":"MultiLineString","coordinates":[[[-109.94655,45.28056],[-109.94763,45.27608]],[[-109.87166,45.38221],[-109.87296,45.38705],[-109.87297,45.38764]],[[-109.99574,45.09653],[-109.99563,45.10412],[-110.00324,45.11257],[-110.00487,45.11477],[-110.00582,45.11523],[-110.00536,45.13143],[-110.00332,45.1358],[-109.99407,45.16003],[-109.99458,45.16086],[-109.99723,45.16593],[-109.99639,45.16839],[-109.98962,45.19964],[-109.9868,45.2097],[-109.98627,45.21961],[-109.98061,45.23364]],[[-109.94414,45.28605],[-109.94642,45.28233]],[[-109.93384,45.30184],[-109.93482,45.30786],[-109.93448,45.31118],[-109.93429,45.31293],[-109.93464,45.31377]],[[-109.89849,45.35373],[-109.89901,45.35372],[-109.89993,45.35417],[-109.90227,45.35089],[-109.9012,45.35038],[-109.90079,45.34984],[-109.9043,45.34445],[-109.90543,45.3439]],[[-109.91028,45.34269],[-109.91584,45.33909],[-109.91883,45.33887],[-109.9275,45.3348]],[[-109.88787,45.36701],[-109.88767,45.3665],[-109.88783,45.36515]],[[-109.94904,45.2732],[-109.95149,45.27144]],[[-109.93435,45.32446],[-109.93458,45.32136]]]},"properties":{"gnis_id":"00791524","gnis_name":"Stillwater River","fcode":46006,"visibility":5000000}},
{"type":"Feature","geometry":{"type":"MultiLineString","coordinates":[[[-111.27159,45.81715],[-111.27263,45.81502]],[[-111.20677,45.69465],[-111.20788,45.69325]],[[-111.27183,45.82525],[-111.27204,45.82336],[-111.27146,45.82127]],[[-111.25922,45.79623],[-111.25917,45.79651],[-111.26271,45.79878],[-111.26289,45.7989],[-111.26357,45.79963],[-111.26472,45.80051],[-111.26545,45.80148],[-111.26603,45.80173],[-111.2679,45.80466]],[[-111.29902,45.86319],[-111.30115,45.86375],[-111.30147,45.8641]],[[-111.05761,44.95184],[-111.05659,44.95049],[-111.05516,44.94275],[-111.05523,44.94039],[-111.05453,44.94009]],[[-111.24672,45.78266],[-111.24645,45.77982],[-111.24638,45.77767]],[[-111.23775,45.76547],[-111.23743,45.76552]],[[-111.28658,45.84642],[-111.28691,45.8477],[-111.28524,45.85313],[-111.29086,45.86011],[-111.29091,45.86045]],[[-111.2421,45.77462],[-111.24174,45.77477]],[[-111.26921,45.8068],[-111.27053,45.80716],[-111.2703,45.80956],[-111.27034,45.80986],[-111.27304,45.81174]],[[-111.25512,45.79171],[-111.2539,45.78917]],[[-111.27147,45.82927],[-111.27147,45.82955],[-111.27267,45.83042],[-111.27544,45.83291],[-111.27794,45.83708],[-111.27848,45.84025]],[[-111.23466,45.76147],[-111.23282,45.76018]],[[-111.23218,45.75823],[-111.2321,45.75551]],[[-111.05453,44.94003],[-111.05452,44.9394]]]},"properties":{"gnis_id":"00771688","gnis_name":"Gallatin River","fcode":46006,"visibility":5000000}},
{"type":"Feature","geometry":{"type":"LineString","coordinates":[[-110.7537,46.32838],[-110.78224,46.33802],[-110.78395,46.34124],[-110.7856,46.34151],[-110.79415,46.34669],[-110.80278,46.34885],[-110.80444,46.35454],[-110.81022,46.35831],[-110.81794,46.36103],[-110.83571,46.36639],[-110.83926,46.36912],[-110.84173,46.36928],[-110.84486,46.37046],[-110.84539,46.37035],[-110.84622,46.37174],[-110.84894,46.3757],[-110.8642,46.38299],[-110.86681,46.38506],[-110.87774,46.39786],[-110.8785,46.40108],[-110.88165,46.40553],[-110.89211,46.40919],[-110.89269,46.41006],[-110.88927,46.41565],[-110.8896,46.41977],[-110.89105,46.42126],[-110.92106,46.43303],[-110.92046,46.43332],[-110.92665,46.43733],[-110.9369,46.45761],[-110.94047,46.46184],[-110.94268,46.46388],[-110.9436,46.4634],[-110.94618,46.4698],[-110.94628,46.46998],[-110.94673,46.47243],[-110.95104,46.50032],[-110.94707,46.50476],[-110.949,46.5057],[-110.95175,46.51576],[-110.97812,46.52489],[-110.97785,46.52862]]},"properties":{"gnis_id":"00791051","gnis_name":"South Fork Smith River","fcode":46006,"visibility":5000000}},
{"type":"Feature","geometry":{"type":"LineString","coordinates":[[-114.2914,48.35916],[-114.28394,48.34995],[-114.2821,48.3489],[-114.27584,48.33719],[-114.27688,48.33671],[-114.27986,48.31332],[-114.28514,48.30528],[-114.28768,48.30186],[-114.28744,48.2992],[-114.28574,48.27999],[-114.28505,48.27659],[-114.28674,48.24724],[-114.29672,48.2224],[-114.28583,48.21822],[-114.28691,48.21191]]},"properties":{"gnis_id":"00793223","gnis_name":"Whitefish River","fcode":55800,"visibility":5000000}},
{"type":"Feature","geometry":{"type":"LineString","coordinates":[[-111.47918,47.41399],[-111.44799,47.38892],[-111.44641,47.38584],[-111.44349,47.37907],[-111.45649,47.37496],[-111.45376,47.37496],[-111.45168,47.37496],[-111.45904,47.36104],[-111.45749,47.35989],[-111.45724,47.35987],[-111.45604,47.36031],[-111.45599,47.36042],[-111.45401,47.36031],[-111.45196,47.35977],[-111.44932,47.35791],[-111.44922,47.35778],[-111.44762,47.35651],[-111.44701,47.35616],[-111.44546,47.35598],[-111.44019,47.34949],[-111.44034,47.34759],[-111.44279,47.34593],[-111.44393,47.34524],[-111.44449,47.34415],[-111.44389,47.34399],[-111.44373,47.34298],[-111.44395,47.34291],[-111.44443,47.34259],[-111.44476,47.34113],[-111.44334,47.33686],[-111.44027,47.33442],[-111.44056,47.32927],[-111.43803,47.32738],[-111.43624,47.32673],[-111.43297,47.3252],[-111.43963,47.3196],[-111.43967,47.31802],[-111.43734,47.31697],[-111.43567,47.31714],[-111.43498,47.31698],[-111.43459,47.31688],[-111.43438,47.3143],[-111.43639,47.31243],[-111.4391,47.31062],[-111.44109,47.31084],[-111.4414,47.3094],[-111.44066,47.30862],[-111.44132,47.30665],[-111.44095,47.30578],[-111.43879,47.30526],[-111.43852,47.30384],[-111.43833,47.30375],[-111.43738,47.30351],[-111.43666,47.30217],[-111.436,47.30155],[-111.43521,47.30002],[-111.43578,47.29995],[-111.43742,47.29776],[-111.43721,47.29481],[-111.43663,47.29175],[-111.43721,47.29105],[-111.43932,47.28934],[-111.43831,47.28731],[-111.43664,47.28687],[-111.43593,47.28677],[-111.43576,47.28676],[-111.43548,47.28676],[-111.43338,47.28601],[-111.43224,47.28472],[-111.43165,47.28219],[-111.43266,47.28068],[-111.43407,47.28],[-111.43375,47.2798],[-111.43262,47.27855],[-111.43233,47.27799],[-111.43144,47.27655],[-111.43138,47.27581],[-111.43006,47.27384],[-111.43042,47.27379],[-111.43124,47.27363],[-111.43158,47.27366],[-111.43501,47.27064],[-111.43363,47.2676],[-111.4315,47.26644],[-111.4318,47.26623],[-111.43127,47.26416],[-111.42658,47.26077],[-111.42278,47.26246],[-111.41862,47.25995],[-111.41853,47.25907],[-111.41796,47.25753],[-111.41937,47.25545],[-111.41726,47.25508],[-111.41514,47.25181],[-111.40972,47.24995],[-111.40843,47.24896],[-111.39829,47.24143],[-111.39604,47.24147],[-111.38984,47.24162],[-111.38838,47.24068],[-111.39205,47.23003],[-111.39345,47.22859],[-111.39295,47.22765],[-111.39237,47.22732],[-111.39196,47.22689],[-111.3878,47.21693],[-111.38228,47.20357],[-111.38713,47.19937],[-111.38921,47.19922],[-111.39099,47.19602],[-111.39051,47.19517],[-111.37579,47.18946],[-111.37487,47.18967],[-111.36816,47.19218],[-111.36273,47.19553],[-111.35915,47.19468],[-111.34764,47.19068],[-111.33823,47.18103],[-111.33802,47.1801],[-111.34111,47.1753],[-111.33676,47.1735],[-111.33128,47.1683],[-111.3271,47.16608],[-111.32657,47.16517],[-111.33138,47.16289],[-111.32598,47.15397],[-111.32005,47.15458],[-111.31918,47.1541],[-111.315,47.15106],[-111.31454,47.15122],[-111.30982,47.15251],[-111.29525,47.14325],[-111.29491,47.14345],[-111.29269,47.14927],[-111.28485,47.15134],[-111.28466,47.15],[-111.28463,47.14944],[-111.28679,47.14129],[-111.28422,47.14249],[-111.27345,47.14363],[-111.27046,47.13322],[-111.27079,47.1286],[-111.2723,47.12495],[-111.27294,47.12426],[-111.28296,47.11615],[-111.27438,47.10629],[-111.28425,47.1026],[-111.27727,47.092],[-111.28436,47.0904],[-111.28295,47.0894],[-111.28061,47.08564],[-111.27509,47.07978],[-111.27139,47.07634],[-111.2657,47.07319],[-111.2645,47.0707],[-111.26779,47.05923],[-111.27428,47.05385],[-111.2833,47.04485],[-111.27605,47.0342],[-111.27984,47.03133],[-111.29172,47.02955],[-111.2917,47.02848],[-111.27799,47.01759],[-111.27789,47.01449],[-111.27844,47.0142],[-111.28187,47.01372],[-111.2948,47.01393],[-111.28882,47.0101],[-111.28826,47.0075],[-111.28838,47.00546],[-111.28475,46.99995],[-111.28328,46.99804],[-111.29199,46.99359],[-111.28817,46.98433],[-111.28617,46.97691],[-111.28159,46.97627],[-111.28167,46.97394],[-111.28512,46.9689],[-111.28513,46.96858],[-111.29881,46.96737],[-111.30152,46.96396],[-111.30043,46.96164],[-111.29777,46.96081],[-111.28988,46.94852],[-111.29645,46.94479],[-111.29475,46.94166],[-111.28659,46.93876],[-111.27809,46.93213],[-111.2785,46.9275],[-111.27861,46.92714],[-111.27468,46.92369],[-111.27563,46.92324],[-111.27919,46.92005],[-111.2752,46.91709],[-111.27531,46.91355],[-111.27988,46.90825],[-111.27381,46.90685],[-111.26838,46.89039],[-111.26614,46.88775],[-111.26593,46.88742],[-111.26489,46.88571],[-111.26979,46.8818],[-111.26998,46.87869],[-111.26857,46.87495],[-111.2711,46.8698],[-111.25469,46.86193],[-111.25079,46.86454],[-111.2486,46.86408],[-111.24597,46.86132],[-111.24746,46.85514],[-111.22462,46.8539],[-111.22024,46.85018],[-111.21981,46.8491],[-111.21771,46.84696],[-111.20932,46.84704],[-111.20821,46.84167],[-111.20327,46.8334],[-111.1961,46.82844],[-111.19258,46.82375],[-111.1884,46.82087],[-111.18625,46.81619],[-111.18646,46.81314],[-111.18542,46.81166],[-111.18568,46.80891],[-111.18492,46.80467],[-111.18002,46.80212],[-111.17833,46.79563],[-111.17669,46.79491],[-111.17694,46.7932],[-111.17538,46.79187],[-111.16596,46.78811],[-111.16598,46.78734],[-111.16914,46.78031],[-111.16975,46.77513],[-111.16987,46.77397],[-111.16929,46.77298],[-111.1651,46.76894],[-111.16304,46.76936],[-111.17288,46.75406],[-111.17077,46.75392],[-111.16739,46.75234],[-111.16904,46.74995],[-111.16854,46.7448],[-111.17192,46.74498],[-111.17467,46.7388],[-111.17708,46.73748],[-111.17875,46.73696],[-111.17496,46.72896],[-111.17982,46.727],[-111.18006,46.72676],[-111.18261,46.72444],[-111.18251,46.72413],[-111.18083,46.72105],[-111.18848,46.71397],[-111.193,46.70557],[-111.19283,46.70537],[-111.17319,46.69701],[-111.16336,46.69286],[-111.16029,46.68605],[-111.15319,46.6827],[-111.15457,46.6809],[-111.15606,46.67648],[-111.15594,46.67651],[-111.14011,46.67391],[-111.13993,46.67008],[-111.13591,46.66753],[-111.12889,46.66448],[-111.12578,46.6648],[-111.11285,46.66123],[-111.099,46.65303],[-111.09888,46.65295],[-111.10032,46.65042],[-111.09677,46.64863],[-111.09643,46.64349],[-111.09577,46.6432],[-111.09368,46.62956],[-111.08502,46.62861],[-111.0839,46.6275],[-111.0844,46.62629],[-111.08338,46.62495],[-111.08257,46.62305],[-111.08834,46.61076],[-111.08795,46.61032],[-111.08668,46.60996],[-111.06791,46.608],[-111.06134,46.59108],[-111.05323,46.59061],[-111.05322,46.59052]]},"properties":{"gnis_id":"00790736","gnis_name":"Smith River","fcode":55800,"visibility":5000000}},
{"type":"Feature","geometry":{"type":"LineString","coordinates":[[-111.55133,47.56834],[-111.55334,47.56849],[-111.60198,47.55907],[-111.618,47.55743],[-111.62311,47.5567],[-111.63297,47.55622],[-111.63925,47.5545],[-111.64331,47.55345],[-111.65379,47.54874],[-111.66905,47.54658],[-111.68359,47.54514],[-111.69361,47.54382],[-111.70795,47.54218]]},"properties":{"gnis_id":"00805846","gnis_name":"Sun River Valley Ditch","fcode":33600,"visibility":5000000}},
{"type":"Feature","geometry":{"type":"LineString","coordinates":[[-112.97316,47.91176],[-112.95296,47.90447],[-112.95102,47.89649],[-112.94872,47.88049],[-112.94855,47.87917],[-112.94644,47.87678],[-112.94101,47.86906],[-112.93045,47.86151],[-112.92629,47.85612],[-112.91983,47.84274],[-112.91497,47.83451],[-112.91303,47.82722],[-112.91262,47.82532],[-112.91332,47.8247]]},"properties":{"gnis_id":"00801243","gnis_name":"North Fork Sun River","fcode":46006,"visibility":5000000}},
{"type":"Feature","geometry":{"type":"LineString","coordinates":[[-105.04417,45.24999],[-105.04372,45.25259],[-105.04192,45.25518],[-105.05739,45.26131],[-105.05959,45.26885],[-105.06227,45.27302],[-105.08702,45.28431],[-105.08929,45.28631],[-105.09577,45.29481],[-105.09973,45.29964],[-105.11164,45.29567],[-105.11675,45.29877],[-105.12056,45.29926],[-105.12797,45.30508],[-105.13055,45.30808],[-105.14014,45.30953],[-105.15067,45.31126],[-105.17108,45.31796],[-105.17988,45.32237],[-105.18556,45.32552],[-105.18925,45.3254],[-105.19105,45.32693],[-105.19706,45.329],[-105.19753,45.32976],[-105.21587,45.33923],[-105.21901,45.33853],[-105.23941,45.34009],[-105.242,45.34554],[-105.24614,45.34356],[-105.25758,45.35035],[-105.2614,45.35057],[-105.26315,45.35271],[-105.26412,45.35445],[-105.27894,45.36372],[-105.28049,45.36338],[-105.3014,45.37688]]},"properties":{"gnis_id":"00771050","gnis_name":"East Fork Little Powder River","fcode":46006,"visibility":5000000}},
{"type":"Feature","geometry":{"type":"LineString","coordinates":[[-113.05866,48.41048],[-113.07439,48.40803],[-113.08107,48.40783],[-113.08159,48.40548],[-113.09965,48.40179],[-113.10428,48.40258],[-113.11289,48.39866]]},"properties":{"gnis_id":"00791078","gnis_name":"South Fork Two Medicine River","fcode":46006,"visibility":5000000}},
{"type":"Feature","geometry":{"type":"MultiLineString","coordinates":[[[-110.26942,46.84903],[-110.26427,46.85231],[-110.25654,46.86644],[-110.25053,46.87591],[-110.25076,46.87602]],[[-110.11014,46.95061],[-110.11524,46.94872],[-110.11966,46.94274],[-110.12792,46.94029],[-110.13259,46.93975],[-110.13694,46.9395],[-110.13726,46.93958],[-110.14323,46.93803],[-110.14449,46.93768],[-110.14857,46.93766],[-110.14962,46.93546],[-110.15593,46.93388],[-110.16523,46.93215],[-110.16767,46.93219],[-110.16888,46.93253],[-110.17012,46.93208],[-110.17056,46.93189],[-110.17173,46.93014],[-110.17243,46.92934],[-110.17658,46.92595],[-110.1836,46.91956],[-110.18656,46.91809],[-110.19191,46.9141],[-110.19573,46.91252],[-110.19729,46.91227],[-110.20431,46.9065],[-110.20579,46.90656],[-110.20546,46.90736],[-110.20794,46.90659],[-110.21271,46.90281],[-110.21845,46.90074],[-110.23029,46.89347],[-110.23437,46.89251],[-110.23692,46.89191],[-110.2403,46.89095],[-110.24194,46.8909],[-110.24372,46.88987],[-110.24478,46.88663],[-110.24472,46.88388],[-110.24484,46.88358],[-110.24906,46.88053],[-110.24958,46.87939],[-110.25076,46.87692]],[[-109.64183,47.20291],[-109.64181,47.19884],[-109.64066,47.19752],[-109.64323,47.19476],[-109.64381,47.19445],[-109.6477,47.18956],[-109.64578,47.18744],[-109.64527,47.18582],[-109.64666,47.17864],[-109.64752,47.17875],[-109.64853,47.17898],[-109.6495,47.17792],[-109.65029,47.17678],[-109.64787,47.17451],[-109.65939,47.16003],[-109.66396,47.15267],[-109.66426,47.15182],[-109.66281,47.15163],[-109.66297,47.14958],[-109.67262,47.12751],[-109.6747,47.12732],[-109.67653,47.12644],[-109.68342,47.11911],[-109.68478,47.11759],[-109.68657,47.11706],[-109.6882,47.11712],[-109.6912,47.11442],[-109.69302,47.11274],[-109.69356,47.11215],[-109.69411,47.10986],[-109.69579,47.1083],[-109.69907,47.10551],[-109.70108,47.10456],[-109.70699,47.09708],[-109.707,47.09621],[-109.70544,47.09437],[-109.70504,47.0932],[-109.70569,47.09235],[-109.70753,47.09227],[-109.70983,47.09234],[-109.70744,47.08981],[-109.70769,47.0879],[-109.70997,47.08733],[-109.71066,47.08705],[-109.71067,47.08601],[-109.71152,47.08627],[-109.71339,47.0863],[-109.71277,47.08055],[-109.71674,47.07417],[-109.7174,47.07354],[-109.71795,47.07364],[-109.71886,47.07332],[-109.71931,47.07246],[-109.7265,47.06841],[-109.74253,47.05912],[-109.75101,47.0558],[-109.75144,47.05543],[-109.75584,47.05418],[-109.75774,47.05222],[-109.75771,47.05175],[-109.75845,47.05015],[-109.75903,47.05018],[-109.76539,47.04849],[-109.77137,47.04238],[-109.77167,47.04227],[-109.77334,47.0392],[-109.77352,47.03875],[-109.7818,47.03654],[-109.81995,47.02509],[-109.8533,47.01349],[-109.85464,47.01315],[-109.8551,47.01281],[-109.88471,47.01127],[-109.93606,46.99248],[-109.94326,46.99054],[-109.95365,46.98448],[-109.9654,46.98224],[-109.96763,46.98335],[-109.96964,46.98374],[-109.97203,46.98417],[-109.97826,46.98516],[-109.98431,46.98539],[-109.98577,46.9847],[-109.98715,46.98436],[-109.98683,46.98227],[-109.98808,46.9827],[-110.00338,46.98202],[-110.00368,46.98179],[-110.02822,46.9779],[-110.02938,46.97789],[-110.04596,46.97881],[-110.05025,46.97935],[-110.05139,46.97949],[-110.05577,46.97966],[-110.05905,46.97866],[-110.06038,46.97811],[-110.06059,46.9775],[-110.06091,46.97741],[-110.06409,46.97671],[-110.07181,46.97419],[-110.07391,46.97378],[-110.07896,46.97057],[-110.08154,46.96786]]]},"properties":{"gnis_id":"00785583","gnis_name":"Judith River","fcode":46006,"visibility":5000000}},
{"type":"Feature","geometry":{"type":"MultiLineString","coordinates":[[[-104.21459,45.2429],[-104.21484,45.24267]],[[-104.07084,45.33057],[-104.07117,45.32966]],[[-104.11012,45.30031],[-104.11094,45.30022]],[[-104.07817,45.35839],[-104.07816,45.35691]],[[-104.22402,45.23529],[-104.22431,45.23542]],[[-104.08149,45.36562],[-104.08132,45.365],[-104.08261,45.36406]],[[-104.07411,45.3683],[-104.07403,45.36822],[-104.07568,45.36651]],[[-104.08308,45.32317],[-104.08382,45.32396]],[[-104.16827,45.27404],[-104.16952,45.27432]],[[-104.19213,45.25814],[-104.19462,45.25759]],[[-104.15112,45.27679],[-104.1504,45.27654],[-104.14972,45.27654],[-104.14888,45.2774]],[[-104.21605,45.23937],[-104.2189,45.23855]],[[-104.20779,45.24112],[-104.20763,45.24069]],[[-104.12879,45.28495],[-104.12771,45.28439]],[[-104.08076,45.31882],[-104.083,45.31839]],[[-104.07682,45.3259],[-104.07561,45.32585],[-104.07489,45.32636]],[[-104.18729,45.25789],[-104.19011,45.25716]],[[-104.21662,45.24046],[-104.21634,45.23975]],[[-104.22806,45.24606],[-104.22889,45.24606]],[[-104.22226,45.23805],[-104.22182,45.23803]],[[-104.19975,45.25053],[-104.20149,45.25086]],[[-104.07557,45.3348],[-104.07164,45.33514]],[[-104.12685,45.28265],[-104.12627,45.28001]],[[-104.07973,45.32041],[-104.07955,45.3197]],[[-104.0877,45.31309],[-104.08733,45.31279]],[[-104.1719,45.26148],[-104.1719,45.26194]],[[-104.10703,45.31216],[-104.10702,45.31235]],[[-104.0876,45.35827],[-104.08832,45.35721],[-104.08834,45.35695]],[[-104.14248,45.28217],[-104.14392,45.2808]],[[-104.18405,45.26097],[-104.18434,45.26117]],[[-104.40993,45.07605],[-104.41059,45.07554],[-104.41554,45.06901],[-104.42165,45.06872],[-104.40928,45.04586],[-104.41223,45.04466],[-104.41454,45.03613],[-104.42871,45.02507],[-104.42005,45.02339],[-104.4202,45.01668],[-104.42425,44.99838]],[[-104.07978,45.35678],[-104.07999,45.35689]],[[-104.20607,45.24284],[-104.20659,45.24243]],[[-104.11171,45.31835],[-104.1125,45.31837]],[[-104.11521,45.31094],[-104.11674,45.31162]],[[-104.42713,44.99838],[-104.43152,44.99838]],[[-104.42243,44.99838],[-104.42062,44.99838]],[[-104.23542,45.24168],[-104.23612,45.24152]],[[-104.11333,45.30605],[-104.11398,45.30669]],[[-104.07822,45.35081],[-104.07571,45.3504]],[[-104.0793,45.36875],[-104.08039,45.3685]],[[-104.15762,45.27666],[-104.15632,45.27465]],[[-104.22139,45.23753],[-104.22124,45.23538]],[[-104.18513,45.26526],[-104.18556,45.26519]],[[-104.24089,45.24152],[-104.2422,45.24062]],[[-104.0781,45.36756],[-104.07798,45.36824]],[[-104.21733,45.245],[-104.21805,45.24582]],[[-104.08547,45.35963],[-104.08544,45.35853]],[[-104.15603,45.27863],[-104.15711,45.27922]],[[-104.11117,45.30291],[-104.11136,45.30319]],[[-104.24668,45.23153],[-104.24537,45.2307]]]},"properties":{"gnis_id":"01034981","gnis_name":"Little Missouri River","fcode":46006,"visibility":5000000}},
{"type":"Feature","geometry":{"type":"MultiLineString","coordinates":[[[-104.12627,45.28001],[-104.12665,45.27981],[-104.14248,45.28217]],[[-104.12771,45.28439],[-104.12685,45.28265]],[[-104.12879,45.28495],[-104.12497,45.30032],[-104.12168,45.31015],[-104.11674,45.31162]],[[-104.07798,45.36824],[-104.0793,45.36875]],[[-104.2422,45.24062],[-104.23833,45.23985],[-104.24177,45.23544],[-104.24668,45.23153]],[[-104.15632,45.27465],[-104.16503,45.27256],[-104.1679,45.27394],[-104.16827,45.27404]],[[-104.18434,45.26117],[-104.18531,45.2613],[-104.18729,45.25789]],[[-104.21805,45.24582],[-104.21906,45.24523],[-104.21662,45.24046]],[[-104.07568,45.36651],[-104.0781,45.36756]],[[-104.19462,45.25759],[-104.19469,45.25749],[-104.19505,45.25394],[-104.19731,45.24708],[-104.19975,45.25053]],[[-104.08039,45.3685],[-104.08149,45.36562]],[[-104.18513,45.26526],[-104.17184,45.26202],[-104.1719,45.26194]],[[-104.20763,45.24069],[-104.21459,45.2429]],[[-104.07999,45.35689],[-104.08547,45.35963]],[[-104.11094,45.30022],[-104.11117,45.30291]],[[-104.15711,45.27922],[-104.15762,45.27666]],[[-104.11012,45.30031],[-104.11357,45.31516],[-104.1125,45.31837]],[[-104.22124,45.23538],[-104.22402,45.23529]],[[-104.08544,45.35853],[-104.0876,45.35827]],[[-104.20149,45.25086],[-104.20607,45.24284]],[[-104.07164,45.33514],[-104.07084,45.33057]],[[-104.08382,45.32396],[-104.08737,45.32211],[-104.08644,45.31499],[-104.0877,45.31309]],[[-104.11136,45.30319],[-104.11333,45.30605]],[[-104.07571,45.3504],[-104.07581,45.34956],[-104.08003,45.33955],[-104.07951,45.33907],[-104.07557,45.3348]],[[-104.07955,45.3197],[-104.08076,45.31882]],[[-104.08261,45.36406],[-104.07817,45.35839]],[[-104.07489,45.32636],[-104.07345,45.32828],[-104.07117,45.32966]],[[-104.04088,45.4675],[-104.04075,45.46146]],[[-104.22182,45.23803],[-104.22139,45.23753]],[[-104.18556,45.26519],[-104.18405,45.26097]],[[-104.08733,45.31279],[-104.08694,45.30983],[-104.09506,45.3079],[-104.0972,45.30746],[-104.09892,45.30588],[-104.10703,45.31216]],[[-104.11398,45.30669],[-104.11521,45.31094]],[[-104.08834,45.35695],[-104.09084,45.35573],[-104.08914,45.35212],[-104.07822,45.35081]],[[-104.22431,45.23542],[-104.22806,45.24606]],[[-104.07411,45.3683],[-104.07465,45.37198],[-104.0751,45.37315],[-104.06336,45.38653],[-104.06472,45.39305],[-104.06451,45.40014],[-104.05842,45.40354],[-104.06765,45.41858],[-104.06687,45.41882],[-104.06645,45.42502],[-104.06432,45.42807],[-104.06284,45.4281],[-104.05274,45.43512],[-104.05987,45.44376],[-104.05114,45.44284],[-104.04287,45.44872],[-104.04341,45.44982],[-104.05451,45.45168],[-104.05437,45.45295],[-104.04072,45.45367]],[[-104.14392,45.2808],[-104.14888,45.2774]],[[-104.07682,45.3259],[-104.07973,45.32041]],[[-104.19011,45.25716],[-104.19213,45.25814]],[[-104.24089,45.24152],[-104.23876,45.24197],[-104.23612,45.24152]],[[-104.24537,45.2307],[-104.24722,45.22897],[-104.24951,45.23563],[-104.2531,45.23619],[-104.25502,45.22967],[-104.26101,45.22017],[-104.26569,45.22141],[-104.26852,45.21271],[-104.29139,45.20231],[-104.28921,45.19952],[-104.29548,45.19969],[-104.30031,45.1965],[-104.30134,45.19392],[-104.29846,45.19374],[-104.28844,45.18939],[-104.29312,45.17608],[-104.31389,45.16641],[-104.33006,45.16189],[-104.34831,45.15423],[-104.35048,45.15349],[-104.35667,45.13987],[-104.34968,45.1272],[-104.3586,45.13143],[-104.37592,45.12995],[-104.37918,45.12464],[-104.38251,45.11869],[-104.37687,45.11554],[-104.38037,45.11446],[-104.38444,45.10523],[-104.39947,45.1075],[-104.39421,45.10168],[-104.41126,45.09445],[-104.40993,45.07605]],[[-104.10702,45.31235],[-104.11171,45.31835]],[[-104.07816,45.35691],[-104.07978,45.35678]],[[-104.15112,45.27679],[-104.15603,45.27863]],[[-104.21484,45.24267],[-104.21733,45.245]],[[-104.2189,45.23855],[-104.22226,45.23805]],[[-104.22889,45.24606],[-104.23542,45.24168]],[[-104.16952,45.27432],[-104.1734,45.26722],[-104.16894,45.26232],[-104.17167,45.26129],[-104.1719,45.26148]],[[-104.20659,45.24243],[-104.20779,45.24112]],[[-104.083,45.31839],[-104.08308,45.32317]],[[-104.21634,45.23975],[-104.21605,45.23937]]]},"properties":{"gnis_id":"01034981","gnis_name":"Little Missouri River","fcode":55800,"visibility":5000000}},
{"type":"Feature","geometry":{"type":"MultiLineString","coordinates":[[[-105.36406,48.53636],[-105.36471,48.5363]],[[-105.3727,48.55887],[-105.37406,48.55968]],[[-105.38865,48.61998],[-105.3877,48.62067]],[[-105.40184,48.6523],[-105.40123,48.65243]],[[-105.38086,48.63215],[-105.38099,48.63207],[-105.3814,48.63184]],[[-105.44166,48.77367],[-105.44221,48.77477]],[[-105.47853,48.80688],[-105.47812,48.80707]],[[-105.46611,48.78302],[-105.46674,48.78359]],[[-105.43791,48.74168],[-105.43986,48.74233]],[[-105.37349,48.54195],[-105.37266,48.54215]],[[-105.36516,48.55483],[-105.36513,48.55475],[-105.36596,48.55404]],[[-105.37931,48.60773],[-105.37724,48.60949]],[[-105.12878,48.35363],[-105.1295,48.35355]],[[-105.3742,48.56615],[-105.3752,48.56564]],[[-105.47438,48.81859],[-105.474,48.81865]],[[-105.37323,48.56211],[-105.37304,48.56223]],[[-105.36305,48.53022],[-105.36656,48.53165]],[[-105.37055,48.53987],[-105.37083,48.53959]],[[-105.38527,48.58756],[-105.38371,48.58538],[-105.38457,48.5842]],[[-105.37219,48.53916],[-105.3732,48.53896]],[[-105.38185,48.58147],[-105.38182,48.58139],[-105.38128,48.58137]],[[-105.10851,48.33767],[-105.1089,48.33786]],[[-105.37101,48.54533],[-105.3717,48.54537]],[[-105.40621,48.66751],[-105.40359,48.67034]],[[-105.38466,48.62989],[-105.38376,48.6303]],[[-105.42411,48.7188],[-105.42221,48.72486]],[[-105.4279,48.72488],[-105.42863,48.72417]],[[-105.47812,48.81885],[-105.47485,48.8191]],[[-105.43962,48.73287],[-105.44035,48.73319]],[[-105.44394,48.76253],[-105.44335,48.76171]],[[-105.38155,48.61219],[-105.39023,48.61075]],[[-105.40578,48.65416],[-105.40761,48.65362]],[[-105.38642,48.60033],[-105.389,48.60542]],[[-105.33593,48.5042],[-105.33639,48.50428]],[[-105.4377,48.75294],[-105.43766,48.75358]],[[-105.43984,48.74306],[-105.43741,48.74387]],[[-105.44943,48.78372],[-105.45022,48.78383]],[[-105.43485,48.74479],[-105.43594,48.746]],[[-105.35295,48.5196],[-105.35415,48.51933]],[[-105.43895,48.73703],[-105.4392,48.73742]],[[-105.38769,48.63844],[-105.38833,48.63929]],[[-105.44355,48.78043],[-105.44398,48.7813]],[[-105.48082,48.79831],[-105.48151,48.7996]],[[-105.38278,48.61472],[-105.3813,48.61525]],[[-105.47337,48.78709],[-105.47383,48.7873]],[[-105.39053,48.61401],[-105.39073,48.61384],[-105.39095,48.61136]],[[-105.43481,48.7269],[-105.43586,48.72695]],[[-105.4191,48.67761],[-105.40877,48.67747],[-105.40812,48.67739]],[[-105.44104,48.72856],[-105.44092,48.72897]],[[-105.39705,48.64633],[-105.39981,48.64703]],[[-105.47524,48.79295],[-105.47543,48.79358]],[[-105.45899,48.8231],[-105.45927,48.82342]],[[-105.44178,48.77035],[-105.44085,48.77072]],[[-105.38775,48.60583],[-105.38645,48.60579]],[[-105.42107,48.7113],[-105.42023,48.712]],[[-105.36514,48.54005],[-105.36491,48.54032]],[[-105.44148,48.77624],[-105.44187,48.77671],[-105.44363,48.77702]],[[-105.38648,48.59227],[-105.38918,48.59258]],[[-105.41838,48.71327],[-105.41644,48.71404]],[[-105.35597,48.52073],[-105.35618,48.52108]],[[-105.43619,48.72337],[-105.43501,48.72599]],[[-105.42188,48.7064],[-105.42113,48.70644]],[[-105.41754,48.68048],[-105.41768,48.68102]],[[-105.35469,48.53128],[-105.35826,48.53141]],[[-105.44556,48.78233],[-105.44616,48.7827]],[[-105.36781,48.53768],[-105.36658,48.53852]],[[-105.47133,48.81999],[-105.47235,48.82098]],[[-105.40881,48.65461],[-105.40875,48.65595]],[[-105.40522,48.66591],[-105.40547,48.66616]],[[-105.48076,48.80861],[-105.48233,48.80805]],[[-105.36413,48.53362],[-105.36334,48.53408]],[[-105.44362,48.75432],[-105.44417,48.75476]],[[-105.37472,48.55704],[-105.37411,48.55711]],[[-105.38617,48.61859],[-105.38667,48.61862]],[[-105.38937,48.64027],[-105.39038,48.64083],[-105.39042,48.64086],[-105.3914,48.64097],[-105.39376,48.64106],[-105.39541,48.64207]],[[-105.48358,48.81072],[-105.48144,48.81098]],[[-105.37795,48.61108],[-105.37962,48.61196]],[[-105.38048,48.5672],[-105.38067,48.56753]],[[-105.40037,48.65471],[-105.4048,48.65553]],[[-105.41874,48.68991],[-105.41756,48.69153]],[[-105.48179,48.79718],[-105.48142,48.79727]],[[-105.44216,48.76403],[-105.44249,48.7644]],[[-105.41146,48.66646],[-105.4113,48.66622]],[[-105.48097,48.81824],[-105.48082,48.81803]],[[-105.39856,48.65269],[-105.39823,48.65403]],[[-105.45225,48.78461],[-105.45238,48.78555]],[[-105.45244,48.82626],[-105.4509,48.82651]],[[-105.43726,48.72681],[-105.43747,48.72685]],[[-105.36778,48.54848],[-105.36673,48.54856]],[[-105.44356,48.75497],[-105.4418,48.75471]],[[-105.38407,48.60438],[-105.38025,48.60363],[-105.38132,48.60392]],[[-105.41659,48.71518],[-105.41786,48.7152]],[[-105.42097,48.70199],[-105.41917,48.70221],[-105.41794,48.70206]],[[-105.38876,48.5879],[-105.39145,48.5884]],[[-105.34594,48.51723],[-105.34629,48.51757]],[[-105.3941,48.64492],[-105.39289,48.64518]],[[-105.4422,48.73088],[-105.44161,48.73156],[-105.44075,48.7317]],[[-105.45456,48.82176],[-105.45769,48.82257]],[[-105.33975,48.50674],[-105.34057,48.50813]],[[-105.3878,48.61417],[-105.3846,48.61371]],[[-105.43943,48.76666],[-105.43909,48.76693],[-105.43907,48.76701]],[[-105.37549,48.57588],[-105.37475,48.5769]],[[-105.4196,48.70656],[-105.41902,48.70784]],[[-105.38863,48.59612],[-105.38628,48.59691]],[[-105.1479,48.37153],[-105.14808,48.37045]],[[-105.44112,48.76182],[-105.44187,48.76301]],[[-105.37407,48.5707],[-105.37327,48.57109]],[[-105.40478,48.67805],[-105.4067,48.67239],[-105.40602,48.67227]],[[-105.37871,48.56551],[-105.37941,48.56611]],[[-105.38235,48.62373],[-105.37988,48.62474]],[[-105.37434,48.57805],[-105.37637,48.58061]],[[-105.37392,48.57311],[-105.37489,48.57356]],[[-105.39861,48.64795],[-105.40114,48.64959]],[[-105.36538,48.55023],[-105.3653,48.55108]],[[-105.42471,48.70345],[-105.42408,48.70439]],[[-105.41722,48.69336],[-105.42014,48.69297]],[[-105.38663,48.62131],[-105.38673,48.62193]],[[-105.40769,48.65889],[-105.4111,48.66115]],[[-105.41378,48.6842],[-105.41259,48.68475]],[[-105.3883,48.58982],[-105.3853,48.59041]],[[-105.09772,48.3293],[-105.09782,48.32938]],[[-105.42269,48.71641],[-105.42368,48.71707]],[[-105.34608,48.51285],[-105.34637,48.51464]],[[-105.37147,48.56304],[-105.37128,48.56327]],[[-105.39082,48.6356],[-105.3893,48.63726]],[[-105.44248,48.75723],[-105.44381,48.75714]],[[-105.44075,48.73421],[-105.43954,48.73542]],[[-105.4457,48.75828],[-105.44688,48.75996]],[[-105.35807,48.52275],[-105.3581,48.52304]],[[-105.47977,48.79586],[-105.48029,48.79568]],[[-105.38066,48.61585],[-105.3823,48.61773]]]},"properties":{"gnis_id":"00775364","gnis_name":"Poplar River","fcode":46006,"visibility":5000000}},
{"type":"Feature","geometry":{"type":"MultiLineString","coordinates":[[[-105.43958,48.83262],[-105.43825,48.83362]],[[-105.38426,48.8848],[-105.38318,48.88545]],[[-105.43203,48.92185],[-105.43153,48.92477]],[[-105.40264,48.8981],[-105.4064,48.9016]],[[-105.42393,48.97821],[-105.42323,48.98331]],[[-105.40461,48.85504],[-105.40381,48.85536]],[[-105.44871,48.82793],[-105.4484,48.82799]],[[-105.43464,48.93375],[-105.43468,48.93494]],[[-105.40395,48.85873],[-105.40446,48.85942]],[[-105.39484,48.87173],[-105.3939,48.87277],[-105.39463,48.87391]],[[-105.4474,48.82923],[-105.44813,48.82971]],[[-105.42748,48.97458],[-105.42804,48.96959],[-105.42983,48.96768],[-105.43541,48.95439],[-105.43559,48.95156]],[[-105.43058,48.83519],[-105.42976,48.83737]],[[-105.44748,48.82797],[-105.44704,48.82818]],[[-105.39275,48.89215],[-105.38442,48.89324],[-105.38192,48.8904],[-105.38059,48.88949],[-105.3837,48.88628]],[[-105.42665,48.84102],[-105.42511,48.84213]],[[-105.39313,48.88085],[-105.39071,48.88012],[-105.38722,48.88451]],[[-105.39476,48.87414],[-105.39545,48.87658],[-105.39654,48.8792]],[[-105.42727,48.84876],[-105.42529,48.85004],[-105.425,48.85033]],[[-105.42912,48.97582],[-105.42596,48.97723]],[[-105.43071,48.83859],[-105.42989,48.83962]],[[-105.40673,48.8621],[-105.40753,48.86243]],[[-105.39804,48.86801],[-105.39667,48.86844]],[[-105.42129,48.98326],[-105.42195,48.98545]],[[-105.41813,48.9104],[-105.42311,48.91461]],[[-105.40786,48.86256],[-105.40808,48.865]],[[-105.42972,48.83978],[-105.42866,48.84042]],[[-105.42375,48.91754],[-105.43188,48.9217]],[[-105.40565,48.86025],[-105.40554,48.86061]],[[-105.4339,48.83675],[-105.43375,48.83507]],[[-105.41264,48.90702],[-105.41448,48.9084]],[[-105.40978,48.99673],[-105.42008,48.9909],[-105.42085,48.99034]],[[-105.42441,48.84496],[-105.42312,48.8455]],[[-105.42602,48.84299],[-105.42558,48.84501]],[[-105.43226,48.9254],[-105.43505,48.93201]],[[-105.39916,48.86544],[-105.39918,48.8654],[-105.402,48.86515]],[[-105.41717,48.85457],[-105.41516,48.85545]],[[-105.44185,48.83059],[-105.44278,48.83028],[-105.44284,48.8302]],[[-105.43513,48.93574],[-105.4343,48.9512]],[[-105.43567,48.83483],[-105.43413,48.8369]],[[-105.43806,48.83357],[-105.43523,48.83452]],[[-105.39955,48.89554],[-105.40237,48.89787]],[[-105.44977,48.83137],[-105.44906,48.83203]],[[-105.44416,48.83091],[-105.44413,48.83051]],[[-105.44857,48.83183],[-105.44735,48.83178]],[[-105.44778,48.83025],[-105.4473,48.83062]],[[-105.41142,48.85394],[-105.40744,48.85515]],[[-105.3992,48.86617],[-105.39911,48.86751]],[[-105.39656,48.88045],[-105.39347,48.88177]],[[-105.39565,48.86976],[-105.39583,48.87069]],[[-105.43531,48.93216],[-105.435,48.93361]],[[-105.39352,48.89228],[-105.39858,48.89526]],[[-105.41784,48.85291],[-105.41673,48.85315]]]},"properties":{"gnis_id":"00771063","gnis_name":"East Fork Poplar River","fcode":55800,"visibility":5000000}},
{"type":"Feature","geometry":{"type":"MultiLineString","coordinates":[[[-105.41146,48.66646],[-105.41436,48.66652],[-105.41602,48.66231],[-105.41536,48.66191],[-105.4111,48.66115]],[[-105.48082,48.81803],[-105.47812,48.81885]],[[-105.42188,48.7064],[-105.42302,48.70564],[-105.42408,48.70439]],[[-105.39981,48.64703],[-105.39861,48.64795]],[[-105.38175,48.60469],[-105.38041,48.60714],[-105.37931,48.60773]],[[-105.39145,48.5884],[-105.39161,48.58852],[-105.39185,48.58896],[-105.3883,48.58982]],[[-105.35597,48.52073],[-105.35423,48.51928],[-105.35415,48.51933]],[[-105.47485,48.8191],[-105.47438,48.81859]],[[-105.38775,48.60583],[-105.38813,48.60575],[-105.389,48.60542]],[[-105.41378,48.6842],[-105.41557,48.68426],[-105.41768,48.68102]],[[-105.42014,48.69297],[-105.42127,48.69431],[-105.41794,48.70206]],[[-105.42097,48.70199],[-105.42471,48.70345]],[[-105.09772,48.3293],[-105.09522,48.32794],[-105.09211,48.32338],[-105.09202,48.3228],[-105.09562,48.31292],[-105.09413,48.31201],[-105.09287,48.29798],[-105.09184,48.29577],[-105.08228,48.29578],[-105.08771,48.27655],[-105.08656,48.26048],[-105.1081,48.24592],[-105.10856,48.24369],[-105.10484,48.24135],[-105.10646,48.23955],[-105.11143,48.23729],[-105.12125,48.2252],[-105.11948,48.22256],[-105.1367,48.22498],[-105.13855,48.22434],[-105.145,48.22326],[-105.14442,48.21415],[-105.14206,48.21112],[-105.145,48.20978],[-105.15818,48.20616],[-105.16149,48.19596],[-105.16842,48.18826],[-105.17357,48.17482],[-105.17998,48.17195],[-105.1732,48.16015],[-105.16877,48.15483],[-105.17,48.1538],[-105.18656,48.14979],[-105.1891,48.13196],[-105.21579,48.11346],[-105.1864,48.08443],[-105.18541,48.08486],[-105.18427,48.08704],[-105.18222,48.08731]],[[-105.38376,48.6303],[-105.3814,48.63184]],[[-105.37406,48.55968],[-105.37323,48.56211]],[[-105.47543,48.79358],[-105.47977,48.79586]],[[-105.38673,48.62193],[-105.38235,48.62373]],[[-105.37489,48.57356],[-105.37549,48.57588]],[[-105.33227,48.50002],[-105.33593,48.5042]],[[-105.27557,48.46259],[-105.27603,48.46271],[-105.28378,48.46469]],[[-105.4113,48.66622],[-105.40522,48.66591]],[[-105.1089,48.33786],[-105.11251,48.33988],[-105.11473,48.3448],[-105.12063,48.34523],[-105.12371,48.34919],[-105.12692,48.34835],[-105.12711,48.34846],[-105.12998,48.34848],[-105.13117,48.34926],[-105.12863,48.35369],[-105.12878,48.35363]],[[-105.45456,48.82176],[-105.45431,48.82165],[-105.46904,48.82305],[-105.47235,48.82098]],[[-105.39289,48.64518],[-105.39705,48.64633]],[[-105.47812,48.80707],[-105.48076,48.80861]],[[-105.43986,48.74233],[-105.43984,48.74306]],[[-105.38865,48.61998],[-105.38861,48.61955],[-105.38667,48.61862]],[[-105.3752,48.56564],[-105.37871,48.56551]],[[-105.42368,48.71707],[-105.42411,48.7188]],[[-105.41902,48.70784],[-105.42227,48.70974],[-105.42107,48.7113]],[[-105.4048,48.65553],[-105.40578,48.65416]],[[-105.3717,48.54537],[-105.37143,48.54864]],[[-105.36596,48.55404],[-105.36615,48.55294],[-105.36598,48.55203],[-105.3653,48.55108]],[[-105.24056,48.42996],[-105.2431,48.43304],[-105.25799,48.43621],[-105.26781,48.44588],[-105.27512,48.44634],[-105.27665,48.44876],[-105.27324,48.45048],[-105.26572,48.45445],[-105.27321,48.46213],[-105.27329,48.46209]],[[-105.4279,48.72488],[-105.42359,48.7258],[-105.42221,48.72486]],[[-105.40123,48.65243],[-105.39856,48.65269]],[[-105.37724,48.60949],[-105.37719,48.6097],[-105.37795,48.61108]],[[-105.36491,48.54032],[-105.36763,48.5413],[-105.37055,48.53987]],[[-105.39023,48.61075],[-105.39095,48.61136]],[[-105.48233,48.80805],[-105.48358,48.81072]],[[-105.42863,48.72417],[-105.43619,48.72337]],[[-105.24075,48.42869],[-105.23457,48.42723],[-105.23038,48.42407]],[[-105.18581,48.39671],[-105.18821,48.39872],[-105.18887,48.39864],[-105.19425,48.39639],[-105.19782,48.40357],[-105.20615,48.40076],[-105.20697,48.40295],[-105.20359,48.40487],[-105.20401,48.40606],[-105.20692,48.4074],[-105.20887,48.40681]],[[-105.41259,48.68475],[-105.41874,48.68991]],[[-105.38628,48.59691],[-105.38642,48.60033]],[[-105.48151,48.7996],[-105.47853,48.80688]],[[-105.4392,48.73742],[-105.43791,48.74168]],[[-105.47524,48.79295],[-105.47405,48.78735],[-105.47383,48.7873]],[[-105.46674,48.78359],[-105.47337,48.78709]],[[-105.38527,48.58756],[-105.38876,48.5879]],[[-105.37941,48.56611],[-105.38048,48.5672]],[[-105.37105,48.54832],[-105.36778,48.54848]],[[-105.43962,48.73287],[-105.43951,48.7328],[-105.44075,48.7317]],[[-105.43501,48.72599],[-105.43417,48.72613],[-105.43481,48.7269]],[[-105.38132,48.60392],[-105.38176,48.60462]],[[-105.34057,48.50813],[-105.34584,48.5127],[-105.34608,48.51285]],[[-105.4509,48.82651],[-105.44871,48.82793]],[[-105.45769,48.82257],[-105.45899,48.8231]],[[-105.48097,48.81824],[-105.48128,48.81854],[-105.48347,48.81754],[-105.48144,48.81098]],[[-105.35618,48.52108],[-105.35818,48.52265],[-105.35807,48.52275]],[[-105.42023,48.712],[-105.41838,48.71327]],[[-105.36673,48.54856],[-105.36538,48.55023]],[[-105.36334,48.53408],[-105.36406,48.53636]],[[-105.40359,48.67034],[-105.40602,48.67227]],[[-105.38769,48.63844],[-105.38783,48.6381],[-105.3893,48.63726]],[[-105.38128,48.58137],[-105.37883,48.58151],[-105.37637,48.58061]],[[-105.23096,48.41954],[-105.23114,48.41968],[-105.23212,48.42023],[-105.23195,48.42143],[-105.23026,48.42328]],[[-105.39053,48.61401],[-105.3878,48.61417]],[[-105.1295,48.35355],[-105.13706,48.3605],[-105.13702,48.36938],[-105.1479,48.37153]],[[-105.44035,48.73319],[-105.44075,48.73421]],[[-105.35295,48.5196],[-105.34734,48.51888],[-105.34629,48.51757]],[[-105.43766,48.75358],[-105.44362,48.75432]],[[-105.43954,48.73542],[-105.43895,48.73703]],[[-105.40761,48.65362],[-105.40881,48.65461]],[[-105.40114,48.64959],[-105.40184,48.6523]],[[-105.35469,48.53128],[-105.35413,48.53084],[-105.3581,48.52304]],[[-105.44381,48.75714],[-105.4457,48.75828]],[[-105.42113,48.70644],[-105.4196,48.70656]],[[-105.37083,48.53959],[-105.37219,48.53916]],[[-105.38645,48.60579],[-105.38407,48.60438]],[[-105.48142,48.79727],[-105.48082,48.79831]],[[-105.44221,48.77477],[-105.44148,48.77624]],[[-105.37128,48.56327],[-105.3742,48.56615]],[[-105.18637,48.39592],[-105.18784,48.39331],[-105.17907,48.38725],[-105.17505,48.38649],[-105.17001,48.38549],[-105.17711,48.38076],[-105.17543,48.37924],[-105.17428,48.37876],[-105.17306,48.37866],[-105.1695,48.3792]],[[-105.44417,48.75476],[-105.44356,48.75497]],[[-105.37411,48.55711],[-105.3727,48.55887]],[[-105.37962,48.61196],[-105.38042,48.612],[-105.38155,48.61219]],[[-105.37475,48.5769],[-105.37432,48.57796]],[[-105.09782,48.32938],[-105.10089,48.33052],[-105.10162,48.3312],[-105.10439,48.33394],[-105.10851,48.33767]],[[-105.44616,48.7827],[-105.44834,48.78362],[-105.44943,48.78372]],[[-105.48179,48.79718],[-105.48226,48.79666],[-105.48029,48.79568]],[[-105.41644,48.71404],[-105.41618,48.71426],[-105.41659,48.71518]],[[-105.44092,48.72897],[-105.4422,48.73088]],[[-105.44085,48.77072],[-105.44166,48.77367]],[[-105.3813,48.61525],[-105.38066,48.61585]],[[-105.37327,48.57109],[-105.37392,48.57311]],[[-105.3846,48.61371],[-105.38278,48.61472]],[[-105.16736,48.3794],[-105.15304,48.37428],[-105.15286,48.36841],[-105.14808,48.37045]],[[-105.34637,48.51464],[-105.34594,48.51723]],[[-105.37266,48.54215],[-105.37101,48.54533]],[[-105.39823,48.65403],[-105.40037,48.65471]],[[-105.38833,48.63929],[-105.38937,48.64027]],[[-105.44398,48.7813],[-105.44556,48.78233]],[[-105.44104,48.72856],[-105.44113,48.72846],[-105.43747,48.72685]],[[-105.21374,48.40841],[-105.21329,48.40547],[-105.20926,48.40644]],[[-105.44249,48.7644],[-105.44158,48.76574],[-105.43943,48.76666]],[[-105.38086,48.63215],[-105.39082,48.6356]],[[-105.36413,48.53362],[-105.36626,48.53319],[-105.36656,48.53165]],[[-105.45927,48.82342],[-105.45244,48.82626]],[[-105.43741,48.74387],[-105.43485,48.74479]],[[-105.38918,48.59258],[-105.38975,48.59609],[-105.38863,48.59612]],[[-105.3732,48.53896],[-105.37369,48.54156],[-105.37349,48.54195]],[[-105.41754,48.68048],[-105.42015,48.67784],[-105.4191,48.67761]],[[-105.44187,48.76301],[-105.44216,48.76403]],[[-105.36658,48.53852],[-105.36514,48.54005]],[[-105.41786,48.7152],[-105.42269,48.71641]],[[-105.40875,48.65595],[-105.40769,48.65889]],[[-105.3877,48.62067],[-105.38663,48.62131]],[[-105.21436,48.40953],[-105.21421,48.40984],[-105.22407,48.40849],[-105.2286,48.41179],[-105.2262,48.41272]],[[-105.38067,48.56753],[-105.37407,48.5707]],[[-105.45238,48.78555],[-105.46611,48.78302]],[[-105.37608,48.55643],[-105.37472,48.55704]],[[-105.43586,48.72695],[-105.43726,48.72681]],[[-105.36516,48.55483],[-105.3654,48.5558],[-105.37176,48.55583],[-105.37576,48.55626]],[[-105.4418,48.75471],[-105.44248,48.75723]],[[-105.3853,48.59041],[-105.38628,48.59213]],[[-105.33369,48.49815],[-105.33148,48.49205],[-105.33679,48.49114],[-105.33122,48.48598],[-105.32157,48.4826],[-105.32003,48.48115],[-105.31684,48.47945],[-105.31382,48.48099],[-105.30633,48.4755],[-105.30429,48.47246],[-105.29301,48.47374],[-105.29286,48.46411],[-105.28862,48.46631],[-105.28374,48.46507]],[[-105.44688,48.75996],[-105.44394,48.76253]],[[-105.43594,48.746],[-105.43605,48.74611],[-105.4377,48.75294]],[[-105.33639,48.50428],[-105.33975,48.50674]],[[-105.474,48.81865],[-105.47133,48.81999]],[[-105.38185,48.58147],[-105.38457,48.5842]],[[-105.40547,48.66616],[-105.40621,48.66751]],[[-105.43907,48.76701],[-105.44178,48.77035]],[[-105.3823,48.61773],[-105.38617,48.61859]],[[-105.36471,48.5363],[-105.36781,48.53768]],[[-105.35826,48.53141],[-105.36305,48.53022]],[[-105.44363,48.77702],[-105.44355,48.78043]],[[-105.37304,48.56223],[-105.37147,48.56304]],[[-105.45022,48.78383],[-105.45225,48.78461]],[[-105.41756,48.69153],[-105.41722,48.69336]],[[-105.39541,48.64207],[-105.3941,48.64492]],[[-105.40478,48.67805],[-105.40812,48.67739]],[[-105.22519,48.41267],[-105.23134,48.41865]],[[-105.37988,48.62474],[-105.38466,48.62989]],[[-105.44335,48.76171],[-105.44112,48.76182]]]},"properties":{"gnis_id":"00775364","gnis_name":"Poplar River","fcode":55800,"visibility":5000000}},
{"type":"Feature","geometry":{"type":"MultiLineString","coordinates":[[[-106.32899,48.96567],[-106.33538,48.96472],[-106.33582,48.96483]],[[-105.81214,48.6897],[-105.8134,48.68994],[-105.81667,48.69118]],[[-105.45369,48.55239],[-105.45412,48.55394]],[[-106.07306,48.84922],[-106.07446,48.84923]],[[-105.95891,48.77341],[-105.96324,48.77471]],[[-105.90419,48.73861],[-105.90596,48.73984]],[[-105.87617,48.72635],[-105.87651,48.72648]],[[-105.68118,48.6403],[-105.68228,48.641],[-105.68224,48.64103]],[[-106.32016,48.96425],[-106.32305,48.96568]],[[-105.89125,48.73747],[-105.89417,48.73839]],[[-105.5929,48.5604],[-105.59558,48.56118]],[[-106.21062,48.91944],[-106.21201,48.92137]],[[-105.94034,48.77029],[-105.94407,48.7701]],[[-105.7621,48.67809],[-105.76484,48.67729]],[[-106.31254,48.9641],[-106.31498,48.9633]],[[-106.20206,48.91471],[-106.20132,48.91686]],[[-106.06223,48.84786],[-106.06298,48.84786]],[[-105.51307,48.56426],[-105.51623,48.5648],[-105.51684,48.56467]],[[-105.50955,48.56296],[-105.51283,48.56409]],[[-105.41484,48.54558],[-105.41457,48.54717]],[[-106.34824,48.9822],[-106.34981,48.98335]],[[-106.17089,48.90324],[-106.17188,48.90436],[-106.1726,48.90435],[-106.17269,48.90422]],[[-105.6845,48.64984],[-105.68628,48.65129]],[[-105.48775,48.55333],[-105.48826,48.5551]],[[-105.3697,48.52721],[-105.3736,48.52586]],[[-105.79501,48.68434],[-105.79574,48.68462],[-105.79745,48.68468]],[[-105.67168,48.64054],[-105.67182,48.63915],[-105.67138,48.63862]],[[-106.32651,48.96597],[-106.32827,48.96586]],[[-106.30694,48.96109],[-106.30577,48.96301]],[[-105.67336,48.64179],[-105.67218,48.64207],[-105.67116,48.6414]],[[-105.40988,48.54244],[-105.4123,48.54378]],[[-106.04777,48.83488],[-106.04893,48.836]],[[-105.85714,48.71706],[-105.85657,48.71732],[-105.8558,48.71726],[-105.8548,48.71638]],[[-105.71299,48.66582],[-105.71303,48.66586],[-105.71324,48.66684]],[[-105.3894,48.53242],[-105.39163,48.53269],[-105.39169,48.53275]],[[-105.50574,48.5601],[-105.50456,48.55913],[-105.50354,48.55899]],[[-106.17132,48.90164],[-106.17083,48.9013],[-106.17056,48.90096]],[[-106.15708,48.89605],[-106.15765,48.89712],[-106.15767,48.8973],[-106.15695,48.89938],[-106.15752,48.89947]],[[-106.24113,48.94102],[-106.24281,48.94198],[-106.24403,48.94228]],[[-106.24784,48.93779],[-106.24835,48.93772]],[[-106.12274,48.87229],[-106.12278,48.87313]],[[-105.95238,48.77182],[-105.95337,48.77244]],[[-105.6641,48.63747],[-105.66563,48.63951]],[[-106.29962,48.96545],[-106.29937,48.96341]],[[-106.29925,48.9633],[-106.30054,48.96216]],[[-106.13896,48.88251],[-106.1403,48.88337]],[[-106.12077,48.86776],[-106.12095,48.86808]],[[-105.9298,48.75964],[-105.93119,48.76196]],[[-105.73011,48.67327],[-105.73145,48.67487]],[[-105.42988,48.54967],[-105.4296,48.55011],[-105.42919,48.55034],[-105.42749,48.55]],[[-105.90645,48.73983],[-105.91033,48.74064]],[[-106.08278,48.84688],[-106.08403,48.84702]],[[-105.53273,48.5649],[-105.53911,48.56323]],[[-106.2917,48.96265],[-106.29639,48.96589]],[[-106.29354,48.96173],[-106.2927,48.96251]],[[-106.18067,48.905],[-106.1838,48.90484],[-106.18383,48.9052]],[[-105.37392,48.52659],[-105.37446,48.52803]],[[-106.16794,48.90019],[-106.17004,48.90059]],[[-106.11115,48.86679],[-106.11105,48.86682],[-106.11073,48.86644]],[[-105.48366,48.55418],[-105.48287,48.55414],[-105.47933,48.55243]],[[-105.40806,48.54322],[-105.40833,48.54197],[-105.40938,48.54193]],[[-105.78831,48.68126],[-105.79221,48.68191]],[[-106.00723,48.80323],[-106.01272,48.80359],[-106.01401,48.80425],[-106.01405,48.80432]],[[-106.04983,48.83601],[-106.05115,48.83707],[-106.05128,48.83736]],[[-106.2053,48.91943],[-106.20505,48.91966],[-106.203,48.91957]],[[-106.10908,48.86517],[-106.11078,48.8664]],[[-105.50564,48.56125],[-105.50741,48.5625],[-105.50766,48.56253]],[[-105.87142,48.72381],[-105.86866,48.72153],[-105.86796,48.72086]],[[-106.18528,48.90814],[-106.18763,48.90909]],[[-105.70793,48.66101],[-105.70993,48.66267],[-105.71001,48.6627]],[[-106.10469,48.86424],[-106.10685,48.86428]],[[-105.86242,48.71859],[-105.86242,48.71888],[-105.86278,48.71904]],[[-105.83632,48.70491],[-105.83993,48.70821]],[[-105.49857,48.55805],[-105.50267,48.55915]],[[-106.30421,48.95743],[-106.30573,48.95686]],[[-106.20677,48.91832],[-106.20716,48.91838],[-106.20769,48.91874]],[[-105.97006,48.78114],[-105.97076,48.78187]],[[-105.87653,48.72666],[-105.87941,48.72831]],[[-106.19624,48.91102],[-106.19691,48.91182],[-106.19694,48.91209]],[[-106.14789,48.88981],[-106.14779,48.88984],[-106.14491,48.8891]],[[-105.71054,48.66338],[-105.71245,48.66428]],[[-105.66084,48.63259],[-105.66085,48.63275]],[[-105.58129,48.55696],[-105.58059,48.55702],[-105.57945,48.55777]],[[-106.26785,48.94267],[-106.27179,48.94331],[-106.27228,48.94385],[-106.27221,48.94415]],[[-105.72673,48.67192],[-105.73005,48.67315]],[[-105.71353,48.66991],[-105.71345,48.66998],[-105.71257,48.66804]],[[-105.61222,48.57312],[-105.61369,48.574],[-105.61378,48.57415]],[[-105.96215,48.77594],[-105.96482,48.77704]],[[-105.81298,48.6859],[-105.81277,48.68575],[-105.81012,48.68493]],[[-106.30597,48.96344],[-106.31284,48.9644]],[[-106.16582,48.90205],[-106.16579,48.90211],[-106.16433,48.90134]],[[-106.05087,48.84235],[-106.05311,48.84255]],[[-105.93121,48.75842],[-105.9303,48.75949]],[[-105.76567,48.67694],[-105.76625,48.67691],[-105.76787,48.67706],[-105.7679,48.6772]],[[-106.34489,48.98039],[-106.34863,48.97645],[-106.34847,48.97556]],[[-106.19758,48.91296],[-106.19835,48.9136]],[[-106.19225,48.9086],[-106.1944,48.90965]],[[-106.13682,48.87805],[-106.13828,48.87898]],[[-106.24134,48.94067],[-106.24133,48.94057],[-106.23814,48.93955]],[[-106.10378,48.86038],[-106.10525,48.86082],[-106.10538,48.863]],[[-105.68873,48.65419],[-105.69085,48.65684]],[[-105.47512,48.555],[-105.47626,48.55499]],[[-105.68448,48.64789],[-105.68464,48.64811],[-105.68455,48.64891]],[[-106.12383,48.87435],[-106.12422,48.87519]],[[-105.97204,48.78539],[-105.97244,48.78576],[-105.97257,48.78574]],[[-106.24594,48.94092],[-106.24568,48.94041]],[[-106.24578,48.94002],[-106.24601,48.93954]],[[-106.04166,48.82545],[-106.0428,48.82248],[-106.04197,48.82214]],[[-105.83631,48.70304],[-105.83622,48.70464]],[[-105.49741,48.55532],[-105.50107,48.55632]],[[-105.75842,48.67927],[-105.76106,48.67969]],[[-105.65183,48.62509],[-105.65271,48.62537]],[[-105.39088,48.53546],[-105.39053,48.53683]],[[-106.34525,48.97271],[-106.3492,48.97332],[-106.34919,48.97346]],[[-105.74957,48.67805],[-105.75091,48.67582]],[[-106.20116,48.91935],[-106.20078,48.91932],[-106.19964,48.91787]],[[-105.78602,48.67847],[-105.78634,48.67843],[-105.78899,48.67928]],[[-106.3673,48.99935],[-106.36753,48.99951]],[[-106.15146,48.89203],[-106.15108,48.8937]],[[-106.30831,48.9589],[-106.30841,48.95973]],[[-106.00254,48.80192],[-106.00276,48.80194],[-106.00424,48.80282]],[[-105.5821,48.55765],[-105.58458,48.55896],[-105.58462,48.55887]],[[-105.8317,48.69621],[-105.83088,48.6959],[-105.82922,48.69545]],[[-105.72362,48.6687],[-105.72364,48.66899],[-105.72239,48.66928]],[[-106.31687,48.96309],[-106.31799,48.96314]],[[-105.68148,48.64188],[-105.68276,48.6438]],[[-106.02063,48.8082],[-106.02194,48.80925]],[[-106.28628,48.9533],[-106.28695,48.95348],[-106.29664,48.9555]],[[-106.19928,48.91368],[-106.20153,48.91452]],[[-106.12619,48.87772],[-106.12767,48.87765]],[[-106.0848,48.84765],[-106.08618,48.848]],[[-105.80515,48.68478],[-105.80653,48.68505]],[[-105.44657,48.548],[-105.44652,48.55007]],[[-105.66551,48.63419],[-105.66653,48.63472]],[[-105.76136,48.68003],[-105.76302,48.67979]],[[-105.69986,48.65644],[-105.70184,48.65643]],[[-105.5779,48.55969],[-105.57951,48.55842]],[[-106.16026,48.89927],[-106.16457,48.90117]],[[-106.11314,48.86746],[-106.11721,48.86745],[-106.1172,48.86751]],[[-106.14035,48.88047],[-106.14047,48.88046],[-106.13903,48.8791]],[[-106.10087,48.86064],[-106.10223,48.86082]],[[-105.67655,48.64233],[-105.67647,48.64227],[-105.67465,48.64117]],[[-106.2346,48.93905],[-106.234,48.93695],[-106.23163,48.93609]],[[-106.04511,48.83352],[-106.0461,48.8334]],[[-105.71784,48.66999],[-105.72102,48.66993]],[[-106.33831,48.96756],[-106.33584,48.971]],[[-106.21185,48.92142],[-106.21186,48.92293]],[[-105.92201,48.74763],[-105.92369,48.74836]],[[-106.23035,48.93039],[-106.23052,48.93106]],[[-105.80057,48.68345],[-105.8028,48.68318]],[[-105.42211,48.54984],[-105.42423,48.54949]],[[-106.12862,48.87717],[-106.13003,48.87631]],[[-106.23038,48.93449],[-106.23019,48.93531],[-106.23128,48.93607]],[[-106.0975,48.85038],[-106.09812,48.85262]],[[-105.81981,48.69038],[-105.82142,48.69211]],[[-105.80366,48.68512],[-105.80295,48.68494],[-105.80259,48.68439]],[[-105.37887,48.52976],[-105.38137,48.53013]],[[-105.47654,48.5545],[-105.47587,48.55371]],[[-106.1442,48.8889],[-106.14414,48.88889],[-106.14203,48.88714]],[[-105.6698,48.63785],[-105.67119,48.6385]],[[-105.40364,48.54341],[-105.40501,48.54485]],[[-105.49996,48.55707],[-105.49869,48.55781]],[[-106.32377,48.96562],[-106.32575,48.96571]],[[-106.1216,48.86945],[-106.12243,48.87031],[-106.1227,48.87085]],[[-106.09941,48.8543],[-106.09959,48.85651]],[[-106.22718,48.92788],[-106.22932,48.92987]],[[-105.41531,48.54726],[-105.42097,48.5501]],[[-106.30543,48.95751],[-106.30543,48.95785]],[[-105.88905,48.73666],[-105.88847,48.73713],[-105.8892,48.73863]],[[-106.23192,48.93258],[-106.23177,48.93322],[-106.23165,48.93319]],[[-106.22584,48.92946],[-106.226,48.92973],[-106.22523,48.93052],[-106.22281,48.93014],[-106.22052,48.92728]],[[-106.08736,48.84807],[-106.09025,48.84842]],[[-105.99928,48.80046],[-106.00015,48.80063]],[[-105.39201,48.53323],[-105.39176,48.53473]],[[-106.3419,48.97115],[-106.34448,48.97188]],[[-106.04418,48.83219],[-106.04487,48.83354]],[[-106.03787,48.81097],[-106.03934,48.81206]],[[-106.0236,48.80928],[-106.02458,48.80938]],[[-106.02849,48.81199],[-106.02793,48.8121],[-106.02687,48.8113]],[[-105.73731,48.67825],[-105.7401,48.67912]],[[-105.59055,48.55873],[-105.59313,48.55897]],[[-106.21243,48.92366],[-106.21348,48.92423]],[[-106.0139,48.80502],[-106.01662,48.80618]],[[-105.45381,48.55212],[-105.45368,48.55047],[-105.45143,48.54994],[-105.44907,48.55081]],[[-105.39936,48.54083],[-105.40287,48.54239]],[[-106.15518,48.89504],[-106.15588,48.89503]],[[-105.69388,48.65652],[-105.69653,48.65649]],[[-106.17648,48.9043],[-106.17652,48.90418],[-106.17626,48.90409]],[[-105.60188,48.5653],[-105.60192,48.56656]],[[-105.80674,48.68562],[-105.8085,48.68611]],[[-105.6513,48.62466],[-105.65165,48.62489]],[[-105.73705,48.67451],[-105.73808,48.67589]],[[-105.71481,48.66978],[-105.71773,48.66995]],[[-106.24992,48.93826],[-106.25048,48.93833]],[[-105.61489,48.583],[-105.61666,48.58407]],[[-105.35818,48.52265],[-105.36032,48.52321]],[[-106.33678,48.97155],[-106.33859,48.97136]],[[-106.15304,48.8954],[-106.15446,48.89505]],[[-106.29428,48.95843],[-106.29394,48.9595]],[[-106.30206,48.96066],[-106.30453,48.95776]],[[-106.19722,48.91224],[-106.19752,48.91244]],[[-106.04512,48.83082],[-106.04512,48.83164]],[[-105.95831,48.77223],[-105.95843,48.77278]],[[-106.33908,48.96546],[-106.33939,48.96773]],[[-106.14257,48.88367],[-106.14332,48.88574],[-106.14328,48.88598]],[[-106.06352,48.84766],[-106.06648,48.84887]],[[-105.99048,48.79528],[-105.99105,48.79655]],[[-106.057,48.84307],[-106.05832,48.84401]],[[-105.92593,48.74821],[-105.92697,48.74927]],[[-105.53199,48.56598],[-105.53185,48.56606],[-105.52756,48.5653]],[[-106.1838,48.90606],[-106.18491,48.90689]],[[-106.11715,48.86782],[-106.11957,48.86786]],[[-105.74398,48.67908],[-105.74533,48.67943]],[[-105.54628,48.56078],[-105.54953,48.56143],[-105.54986,48.56194]],[[-106.12424,48.87567],[-106.12443,48.87667],[-106.12486,48.87692]],[[-105.48387,48.55421],[-105.4851,48.55336]],[[-105.99481,48.80044],[-105.99647,48.80086]],[[-106.10714,48.8643],[-106.1089,48.86506]],[[-106.09322,48.8488],[-106.09511,48.84892]],[[-105.96683,48.77595],[-105.96867,48.77659],[-105.9689,48.77707]],[[-105.96519,48.77668],[-105.96583,48.77621]],[[-105.65544,48.62942],[-105.65556,48.62944],[-105.65804,48.62815]],[[-105.44622,48.55028],[-105.4478,48.5519]],[[-106.14031,48.88104],[-106.13947,48.88196]],[[-105.98669,48.79133],[-105.98797,48.79122]],[[-105.56323,48.56385],[-105.56315,48.56391],[-105.55932,48.56534]],[[-105.37487,48.52837],[-105.37654,48.52832]],[[-106.06793,48.84935],[-106.06955,48.84938],[-106.06961,48.84932]],[[-106.20148,48.9193],[-106.20202,48.91938]],[[-105.5847,48.55865],[-105.58688,48.55786]],[[-105.45918,48.55272],[-105.46137,48.55245]],[[-106.22986,48.92993],[-106.23039,48.93021]],[[-106.03956,48.81271],[-106.04248,48.81455]],[[-105.83183,48.69695],[-105.8319,48.69837]],[[-105.39743,48.53786],[-105.39901,48.54076]],[[-106.29655,48.96601],[-106.2994,48.96581]],[[-106.09941,48.85724],[-106.10009,48.85924]],[[-106.13091,48.87816],[-106.13334,48.87858],[-106.13401,48.8781]],[[-105.55316,48.56381],[-105.55037,48.56285],[-105.55027,48.56264]],[[-106.30627,48.95797],[-106.30726,48.95865]],[[-105.99161,48.79689],[-105.99214,48.79724]],[[-105.92632,48.75064],[-105.92787,48.75332]],[[-105.84897,48.71135],[-105.85228,48.71323],[-105.85244,48.714]],[[-105.74711,48.68028],[-105.74957,48.67979]],[[-106.02483,48.80955],[-106.02606,48.80982]],[[-105.49248,48.55722],[-105.49674,48.55607]],[[-105.43214,48.54955],[-105.43385,48.54972]],[[-105.38087,48.52766],[-105.37988,48.52676],[-105.37708,48.52744]],[[-105.75104,48.67564],[-105.7511,48.67551],[-105.75453,48.6759]],[[-106.25357,48.93908],[-106.25518,48.93932]],[[-105.66276,48.63484],[-105.66388,48.63489]],[[-106.15109,48.89473],[-106.15143,48.89543]],[[-106.09979,48.86016],[-106.10043,48.86059]],[[-105.93888,48.76799],[-105.93924,48.77011]],[[-105.8191,48.69473],[-105.82329,48.69597]],[[-106.15056,48.89016],[-106.15006,48.88998],[-106.14817,48.88968]],[[-105.48822,48.55605],[-105.49119,48.55745]],[[-105.39085,48.53722],[-105.3912,48.53755],[-105.39358,48.53766]],[[-106.04301,48.81588],[-106.04273,48.81738],[-106.04192,48.81857]],[[-105.91533,48.7447],[-105.91644,48.74572]],[[-106.26315,48.94505],[-106.26671,48.94383]],[[-105.70661,48.66022],[-105.70757,48.661]],[[-106.3535,48.99214],[-106.35473,48.99273]],[[-105.70398,48.65946],[-105.70567,48.6598]],[[-105.65895,48.62782],[-105.65915,48.62775],[-105.66221,48.6277]],[[-105.99286,48.79865],[-105.99428,48.79984]],[[-105.97207,48.78236],[-105.97278,48.78351]],[[-106.35559,48.99395],[-106.36312,48.9989]],[[-106.27456,48.95083],[-106.27688,48.9522]],[[-105.7954,48.68225],[-105.79455,48.68146],[-105.79344,48.68126]],[[-105.74352,48.67889],[-105.74028,48.67902],[-105.74019,48.67911]],[[-105.73253,48.67403],[-105.7341,48.67364]],[[-106.15625,48.89516],[-106.15718,48.89596]],[[-105.43461,48.54948],[-105.43558,48.54864]],[[-106.20074,48.917],[-106.19966,48.91778]],[[-106.27388,48.94592],[-106.27447,48.94881]],[[-105.60455,48.56864],[-105.60737,48.57074]],[[-105.41334,48.54333],[-105.41675,48.54389]],[[-105.99093,48.7907],[-105.99047,48.79235]],[[-106.13505,48.87701],[-106.13646,48.87766]],[[-106.03385,48.81231],[-106.03559,48.8119]],[[-105.93382,48.76367],[-105.9388,48.7661]],[[-105.91201,48.74475],[-105.91357,48.74483]],[[-105.86489,48.71924],[-105.86615,48.71932]],[[-106.03046,48.81208],[-106.03174,48.81261]],[[-106.1946,48.9096],[-106.1961,48.91079]],[[-106.34649,48.9885],[-106.34654,48.98853],[-106.34806,48.98914]],[[-106.23656,48.94036],[-106.2349,48.94013],[-106.23481,48.93957]],[[-106.04153,48.8258],[-106.04237,48.82714]],[[-105.908,48.74342],[-105.90948,48.7444]],[[-106.25616,48.94028],[-106.26,48.94342]],[[-105.92028,48.7467],[-105.92198,48.74734]],[[-105.6177,48.58406],[-105.61965,48.58508]],[[-105.85166,48.71518],[-105.8524,48.71565]],[[-105.45621,48.55437],[-105.45808,48.55312]],[[-106.09968,48.85942],[-106.09963,48.85983]],[[-105.66258,48.62803],[-105.66291,48.62851]],[[-106.21432,48.92442],[-106.22073,48.92495]],[[-105.61454,48.57784],[-105.61763,48.57911]],[[-106.24648,48.93939],[-106.24759,48.93787]],[[-106.18896,48.9086],[-106.18955,48.90838]],[[-105.62084,48.58867],[-105.62335,48.58961]],[[-105.68775,48.65112],[-105.68969,48.65236]],[[-106.03253,48.81265],[-106.03318,48.81245]],[[-106.24527,48.94208],[-106.2457,48.94184]],[[-106.04259,48.82725],[-106.04303,48.82739]],[[-105.73464,48.67384],[-105.73669,48.67448]],[[-105.47534,48.55336],[-105.47666,48.55141]],[[-105.38497,48.53113],[-105.38851,48.53278]],[[-105.77794,48.67848],[-105.78423,48.67889]],[[-105.46614,48.55411],[-105.47466,48.55513]],[[-106.12308,48.87124],[-106.1231,48.87176]],[[-106.04347,48.82777],[-106.04342,48.82858]],[[-105.90259,48.73743],[-105.90374,48.73822]],[[-106.177,48.90597],[-106.18031,48.9057]],[[-105.89438,48.73884],[-105.89957,48.73975]],[[-105.67754,48.64215],[-105.68004,48.64128]],[[-105.44243,48.54784],[-105.44533,48.54724]],[[-106.25186,48.9386],[-106.25247,48.93895]],[[-106.0552,48.84111],[-106.05697,48.84156]],[[-106.35072,48.98429],[-106.34563,48.98595]],[[-105.54048,48.5613],[-105.54151,48.5606]],[[-106.20825,48.91923],[-106.20924,48.91947]],[[-106.29651,48.95616],[-106.29606,48.95719]]]},"properties":{"gnis_id":"00805881","gnis_name":"West Fork Poplar River","fcode":55800,"visibility":5000000}},
{"type":"Feature","geometry":{"type":"LineString","coordinates":[[-111.94522,48.21469],[-111.95052,48.21606]]},"properties":{"gnis_id":"00770824","gnis_name":"Dry Fork Marias River","fcode":33600,"visibility":5000000}},
{"type":"Feature","geometry":{"type":"MultiLineString","coordinates":[[[-105.37446,48.52803],[-105.37487,48.52837]],[[-106.25616,48.94028],[-106.25583,48.93927],[-106.25518,48.93932]],[[-105.54986,48.56194],[-105.55027,48.56264]],[[-105.69653,48.65649],[-105.69986,48.65644]],[[-105.99647,48.80086],[-105.99928,48.80046]],[[-106.04512,48.83082],[-106.04279,48.8308],[-106.04342,48.82858]],[[-106.04166,48.82545],[-106.04153,48.8258]],[[-105.89957,48.73975],[-105.90259,48.73743]],[[-105.91644,48.74572],[-105.92028,48.7467]],[[-105.87142,48.72381],[-105.87617,48.72635]],[[-105.71324,48.66684],[-105.71257,48.66804]],[[-105.70184,48.65643],[-105.70286,48.6569],[-105.70398,48.65946]],[[-105.68628,48.65129],[-105.68775,48.65112]],[[-106.25247,48.93895],[-106.25357,48.93908]],[[-106.33584,48.971],[-106.33678,48.97155]],[[-105.55316,48.56381],[-105.55804,48.56607],[-105.55932,48.56534]],[[-105.95843,48.77278],[-105.95891,48.77341]],[[-105.38851,48.53278],[-105.3894,48.53242]],[[-105.65804,48.62815],[-105.65895,48.62782]],[[-106.23128,48.93607],[-106.23163,48.93609]],[[-106.09025,48.84842],[-106.09059,48.84865],[-106.09322,48.8488]],[[-105.95238,48.77182],[-105.9481,48.76939],[-105.94426,48.77004],[-105.94407,48.7701]],[[-105.86278,48.71904],[-105.86489,48.71924]],[[-106.18031,48.9057],[-106.18067,48.905]],[[-106.17132,48.90164],[-106.17089,48.90324]],[[-105.49125,48.5575],[-105.49248,48.55722]],[[-106.00723,48.80323],[-106.00561,48.80369],[-106.00424,48.80282]],[[-106.17648,48.9043],[-106.177,48.90597]],[[-106.23165,48.93319],[-106.23038,48.93449]],[[-106.22718,48.92788],[-106.22585,48.92915],[-106.22584,48.92946]],[[-105.73669,48.67448],[-105.73705,48.67451]],[[-105.40938,48.54193],[-105.40988,48.54244]],[[-105.71001,48.6627],[-105.71054,48.66338]],[[-106.07446,48.84923],[-106.07526,48.84922],[-106.08027,48.85027],[-106.07972,48.84932],[-106.08278,48.84688]],[[-106.15056,48.89016],[-106.15146,48.89203]],[[-106.02194,48.80925],[-106.0236,48.80928]],[[-105.50267,48.55915],[-105.50354,48.55899]],[[-105.57951,48.55842],[-105.57945,48.55777]],[[-106.26,48.94342],[-106.26315,48.94505]],[[-106.27456,48.95083],[-106.27517,48.95045],[-106.27447,48.94881]],[[-106.34563,48.98595],[-106.34649,48.9885]],[[-105.38087,48.52766],[-105.37887,48.52976]],[[-105.90948,48.7444],[-105.91201,48.74475]],[[-106.02687,48.8113],[-106.02654,48.80981],[-106.02606,48.80982]],[[-106.06648,48.84887],[-106.06793,48.84935]],[[-106.30577,48.96301],[-106.30597,48.96344]],[[-105.50574,48.5601],[-105.50582,48.56057],[-105.50564,48.56125]],[[-105.83183,48.69695],[-105.83184,48.69631],[-105.8317,48.69621]],[[-106.29664,48.9555],[-106.29673,48.95564],[-106.29651,48.95616]],[[-106.34448,48.97188],[-106.34525,48.97271]],[[-106.1172,48.86751],[-106.11715,48.86782]],[[-106.24403,48.94228],[-106.24527,48.94208]],[[-105.47587,48.55371],[-105.47534,48.55336]],[[-105.65165,48.62489],[-105.65183,48.62509]],[[-106.33939,48.96773],[-106.33831,48.96756]],[[-105.51283,48.56409],[-105.51307,48.56426]],[[-106.24568,48.94041],[-106.24578,48.94002]],[[-106.17004,48.90059],[-106.17056,48.90096]],[[-106.31284,48.9644],[-106.31254,48.9641]],[[-106.34919,48.97346],[-106.34847,48.97556]],[[-105.67655,48.64233],[-105.67754,48.64215]],[[-106.06961,48.84932],[-106.07306,48.84922]],[[-106.30726,48.95865],[-106.30831,48.9589]],[[-105.53911,48.56323],[-105.54048,48.5613]],[[-105.83631,48.70304],[-105.83321,48.70347],[-105.8319,48.69837]],[[-106.18491,48.90689],[-106.18528,48.90814]],[[-106.19694,48.91209],[-106.19722,48.91224]],[[-105.9303,48.75949],[-105.9298,48.75964]],[[-106.15446,48.89505],[-106.15518,48.89504]],[[-105.47626,48.55499],[-105.47654,48.5545]],[[-105.61378,48.57415],[-105.61454,48.57784]],[[-105.67116,48.6414],[-105.67113,48.64134],[-105.67168,48.64054]],[[-106.30573,48.95686],[-106.30543,48.95751]],[[-106.10223,48.86082],[-106.10378,48.86038]],[[-106.18775,48.90907],[-106.18902,48.90884],[-106.18896,48.9086]],[[-105.61763,48.57911],[-105.61489,48.583]],[[-106.12095,48.86808],[-106.1216,48.86945]],[[-106.31799,48.96314],[-106.32016,48.96425]],[[-105.74957,48.67979],[-105.75004,48.67944],[-105.74957,48.67805]],[[-105.99428,48.79984],[-105.99481,48.80044]],[[-106.20132,48.91686],[-106.20074,48.917]],[[-105.73145,48.67487],[-105.73253,48.67403]],[[-106.16457,48.90117],[-106.16433,48.90134]],[[-106.2994,48.96581],[-106.29962,48.96545]],[[-106.08618,48.848],[-106.08736,48.84807]],[[-105.45621,48.55437],[-105.45597,48.55436],[-105.45412,48.55394]],[[-105.59313,48.55897],[-105.59327,48.55913],[-105.5929,48.5604]],[[-106.21348,48.92423],[-106.21432,48.92442]],[[-105.58129,48.55696],[-105.5821,48.55765]],[[-105.60455,48.56864],[-105.60162,48.56712],[-105.60192,48.56656]],[[-106.05311,48.84255],[-106.0552,48.84111]],[[-106.12278,48.87313],[-106.12383,48.87435]],[[-106.24594,48.94092],[-106.24632,48.94125],[-106.2457,48.94184]],[[-105.38137,48.53013],[-105.38442,48.5299],[-105.38497,48.53113]],[[-105.71299,48.66582],[-105.71245,48.66432],[-105.71245,48.66428]],[[-106.31498,48.9633],[-106.31687,48.96309]],[[-106.03174,48.81261],[-106.03253,48.81265]],[[-106.15752,48.89947],[-106.16026,48.89927]],[[-106.2053,48.91943],[-106.20594,48.9193],[-106.20677,48.91832]],[[-105.68004,48.64128],[-105.68118,48.6403]],[[-105.41484,48.54558],[-105.41685,48.54401],[-105.41675,48.54389]],[[-105.8892,48.73863],[-105.88941,48.73868],[-105.89125,48.73747]],[[-106.04303,48.82739],[-106.04347,48.82777]],[[-106.27221,48.94415],[-106.27388,48.94592]],[[-105.88905,48.73666],[-105.88625,48.73196],[-105.87941,48.72831]],[[-106.27688,48.9522],[-106.28628,48.9533]],[[-106.13646,48.87766],[-106.13682,48.87805]],[[-106.05087,48.84235],[-106.04964,48.83937],[-106.05128,48.83736]],[[-105.91033,48.74064],[-105.9106,48.74082],[-105.9099,48.74161],[-105.908,48.74342]],[[-106.04237,48.82714],[-106.04259,48.82725]],[[-106.11957,48.86786],[-106.12077,48.86776]],[[-106.18955,48.90838],[-106.19063,48.90827],[-106.19225,48.9086]],[[-105.58462,48.55887],[-105.5847,48.55865]],[[-105.68969,48.65236],[-105.68873,48.65419]],[[-105.83993,48.70821],[-105.84075,48.70906],[-105.84392,48.70908],[-105.84897,48.71135]],[[-105.92632,48.75064],[-105.92667,48.75013],[-105.92697,48.74927]],[[-105.96583,48.77621],[-105.96683,48.77595]],[[-105.66085,48.63275],[-105.66276,48.63484]],[[-106.04893,48.836],[-106.04983,48.83601]],[[-106.30543,48.95785],[-106.30627,48.95797]],[[-106.23052,48.93106],[-106.23192,48.93258]],[[-105.6641,48.63747],[-105.6669,48.63506],[-105.66653,48.63472]],[[-105.9388,48.7661],[-105.93888,48.76799]],[[-105.82329,48.69597],[-105.82922,48.69545]],[[-105.66221,48.6277],[-105.66258,48.62803]],[[-105.69085,48.65684],[-105.69388,48.65652]],[[-105.83622,48.70464],[-105.83632,48.70491]],[[-106.05697,48.84156],[-106.057,48.84307]],[[-106.24134,48.94067],[-106.24113,48.94102]],[[-105.95337,48.77244],[-105.95831,48.77223]],[[-105.50107,48.55632],[-105.49996,48.55707]],[[-105.70757,48.661],[-105.70793,48.66101]],[[-106.04487,48.83354],[-106.04511,48.83352]],[[-106.11115,48.86679],[-106.11314,48.86746]],[[-105.7341,48.67364],[-105.73464,48.67384]],[[-105.72102,48.66993],[-105.72239,48.66928]],[[-106.04192,48.81857],[-106.04197,48.82214]],[[-106.34981,48.98335],[-106.35072,48.98429]],[[-105.81667,48.69118],[-105.81772,48.69063],[-105.81981,48.69038]],[[-105.99047,48.79235],[-105.9904,48.79243],[-105.99048,48.79528]],[[-105.90374,48.73822],[-105.90419,48.73861]],[[-106.12767,48.87765],[-106.12862,48.87717]],[[-106.15718,48.89596],[-106.15708,48.89605]],[[-105.85714,48.71706],[-105.86242,48.71859]],[[-105.71353,48.66991],[-105.71481,48.66978]],[[-106.20924,48.91947],[-106.21062,48.91944]],[[-105.4851,48.55336],[-105.48735,48.553],[-105.48775,48.55333]],[[-106.10538,48.863],[-106.10469,48.86424]],[[-105.4123,48.54378],[-105.41334,48.54333]],[[-105.6513,48.62466],[-105.65016,48.62008],[-105.63255,48.60447],[-105.63187,48.60126],[-105.63433,48.59822],[-105.62824,48.59185],[-105.62335,48.58961]],[[-105.39358,48.53766],[-105.39743,48.53786]],[[-106.33582,48.96483],[-106.33908,48.96546]],[[-106.02063,48.8082],[-106.02188,48.80625],[-106.01662,48.80618]],[[-106.19752,48.91244],[-106.19758,48.91296]],[[-106.1089,48.86506],[-106.10908,48.86517]],[[-105.97257,48.78574],[-105.97466,48.7867],[-105.98669,48.79133]],[[-105.50766,48.56253],[-105.50955,48.56296]],[[-106.03318,48.81245],[-106.03385,48.81231]],[[-106.0461,48.8334],[-106.04777,48.83488]],[[-106.13401,48.8781],[-106.13505,48.87701]],[[-106.24601,48.93954],[-106.24648,48.93939]],[[-105.96482,48.77704],[-105.96519,48.77668]],[[-105.99105,48.79655],[-105.99161,48.79689]],[[-106.15108,48.8937],[-106.15109,48.89473]],[[-106.23656,48.94036],[-106.23814,48.93955]],[[-106.09959,48.85651],[-106.09941,48.85724]],[[-105.3736,48.52586],[-105.37392,48.52659]],[[-105.44533,48.54724],[-105.44657,48.548]],[[-105.56323,48.56385],[-105.5779,48.55969]],[[-106.23039,48.93021],[-106.23035,48.93039]],[[-106.22986,48.92993],[-106.22939,48.93003],[-106.22932,48.92987]],[[-105.68276,48.6438],[-105.68328,48.64573],[-105.68385,48.64706],[-105.68448,48.64789]],[[-106.1231,48.87176],[-106.12274,48.87229]],[[-106.1944,48.90965],[-106.1946,48.9096]],[[-105.87651,48.72648],[-105.87653,48.72666]],[[-105.92198,48.74734],[-105.92201,48.74763]],[[-106.18383,48.9052],[-106.1838,48.90606]],[[-105.9689,48.77707],[-105.96907,48.77737],[-105.97006,48.78114]],[[-105.45381,48.55212],[-105.45369,48.55239]],[[-105.97076,48.78187],[-105.97207,48.78236]],[[-106.20202,48.91938],[-106.203,48.91957]],[[-105.92787,48.75332],[-105.92841,48.75448],[-105.93121,48.75842]],[[-106.30054,48.96216],[-106.30206,48.96066]],[[-105.67119,48.6385],[-105.67138,48.63862]],[[-106.02849,48.81199],[-106.02981,48.81127],[-106.03046,48.81208]],[[-105.61666,48.58407],[-105.6177,48.58406]],[[-106.32305,48.96568],[-106.32377,48.96562]],[[-106.08403,48.84702],[-106.0848,48.84765]],[[-105.67336,48.64179],[-105.67465,48.64117]],[[-106.20769,48.91874],[-106.20825,48.91923]],[[-106.22073,48.92495],[-106.22078,48.92498],[-106.22135,48.92621],[-106.22052,48.92728]],[[-105.53199,48.56598],[-105.53273,48.5649]],[[-105.73005,48.67315],[-105.73011,48.67327]],[[-105.49674,48.55607],[-105.49741,48.55532]],[[-105.74352,48.67889],[-105.74398,48.67908]],[[-105.98797,48.79122],[-105.98951,48.79027],[-105.99093,48.7907]],[[-106.2927,48.96251],[-106.2917,48.96265]],[[-105.68224,48.64103],[-105.68148,48.64188]],[[-105.74533,48.67943],[-105.74711,48.68028]],[[-105.43558,48.54864],[-105.44243,48.54784]],[[-105.58688,48.55786],[-105.58705,48.55788],[-105.59055,48.55873]],[[-105.93119,48.76196],[-105.93382,48.76367]],[[-105.39169,48.53275],[-105.39201,48.53323]],[[-105.48366,48.55418],[-105.48387,48.55421]],[[-106.1961,48.91079],[-106.19624,48.91102]],[[-106.33859,48.97136],[-106.3419,48.97115]],[[-106.17269,48.90422],[-106.17626,48.90409]],[[-106.01405,48.80432],[-106.0139,48.80502]],[[-106.20116,48.91935],[-106.20148,48.9193]],[[-105.42423,48.54949],[-105.42749,48.55]],[[-105.41457,48.54717],[-105.41531,48.54726]],[[-105.93924,48.77011],[-105.94034,48.77029]],[[-106.14789,48.88981],[-106.14817,48.88968]],[[-105.92369,48.74836],[-105.92593,48.74821]],[[-105.42988,48.54967],[-105.43214,48.54955]],[[-105.90596,48.73984],[-105.90645,48.73983]],[[-106.13947,48.88196],[-106.13896,48.88251]],[[-105.65271,48.62537],[-105.65544,48.62942]],[[-105.66388,48.63489],[-105.66551,48.63419]],[[-106.2346,48.93905],[-106.23481,48.93957]],[[-105.40287,48.54239],[-105.40364,48.54341]],[[-105.39053,48.53683],[-105.39085,48.53722]],[[-105.70567,48.6598],[-105.70661,48.66022]],[[-105.91357,48.74483],[-105.91533,48.7447]],[[-106.16582,48.90205],[-106.16794,48.90019]],[[-106.19835,48.9136],[-106.19928,48.91368]],[[-105.48826,48.5551],[-105.48822,48.55605]],[[-106.06223,48.84786],[-106.06114,48.84542],[-106.05832,48.84401]],[[-105.54151,48.5606],[-105.54628,48.56078]],[[-106.03559,48.8119],[-106.03787,48.81097]],[[-106.04512,48.83164],[-106.04418,48.83219]],[[-106.24835,48.93772],[-106.24992,48.93826]],[[-106.09963,48.85983],[-106.09979,48.86016]],[[-105.37654,48.52832],[-105.37708,48.52744]],[[-106.30841,48.95973],[-106.30694,48.96109]],[[-106.29394,48.9595],[-106.29354,48.96173]],[[-105.40501,48.54485],[-105.40806,48.54322]],[[-105.8524,48.71565],[-105.8548,48.71638]],[[-106.04248,48.81455],[-106.04301,48.81588]],[[-106.15304,48.8954],[-106.15243,48.89579],[-106.15228,48.89581],[-106.15143,48.89543]],[[-106.32575,48.96571],[-106.32651,48.96597]],[[-106.35473,48.99273],[-106.35559,48.99395]],[[-105.42097,48.5501],[-105.42211,48.54984]],[[-105.86615,48.71932],[-105.86796,48.72086]],[[-105.96324,48.77471],[-105.96215,48.77594]],[[-106.03934,48.81206],[-106.03956,48.81271]],[[-106.14035,48.88047],[-106.14031,48.88104]],[[-106.34806,48.98914],[-106.3535,48.99214]],[[-105.43385,48.54972],[-105.43461,48.54948]],[[-106.26671,48.94383],[-106.26785,48.94267]],[[-106.29639,48.96589],[-106.29655,48.96601]],[[-105.73808,48.67589],[-105.73731,48.67825]],[[-105.47666,48.55141],[-105.47933,48.55243]],[[-106.3673,48.99935],[-106.36411,48.9995],[-106.36365,48.9995],[-106.36312,48.9989]],[[-105.99214,48.79724],[-105.99286,48.79865]],[[-106.14328,48.88598],[-106.14203,48.88714]],[[-106.09511,48.84892],[-106.0975,48.85038]],[[-106.30453,48.95776],[-106.30421,48.95743]],[[-105.89417,48.73839],[-105.89438,48.73884]],[[-106.32827,48.96586],[-106.32899,48.96567]],[[-105.66291,48.62851],[-105.66297,48.62855],[-105.66345,48.62875],[-105.66084,48.63259]],[[-106.20153,48.91452],[-106.20206,48.91471]],[[-105.52756,48.5653],[-105.52812,48.56325],[-105.51684,48.56467]],[[-105.49869,48.55781],[-105.49857,48.55805]],[[-106.13828,48.87898],[-106.13903,48.8791]],[[-106.21186,48.92293],[-106.21243,48.92366]],[[-105.66563,48.63951],[-105.6698,48.63785]],[[-106.00015,48.80063],[-106.00254,48.80192]],[[-106.1227,48.87085],[-106.12308,48.87124]],[[-106.02458,48.80938],[-106.02483,48.80955]],[[-106.13003,48.87631],[-106.13091,48.87816]],[[-106.25048,48.93833],[-106.25186,48.9386]],[[-105.85244,48.714],[-105.85166,48.71518]],[[-106.10685,48.86428],[-106.10714,48.8643]],[[-105.76302,48.67979],[-105.76302,48.67973]],[[-106.10009,48.85924],[-106.09968,48.85942]],[[-106.06298,48.84786],[-106.06352,48.84766]],[[-106.34489,48.98039],[-106.34824,48.9822]],[[-105.60737,48.57074],[-105.61222,48.57312]],[[-106.1403,48.88337],[-106.14257,48.88367]],[[-105.59558,48.56118],[-105.60188,48.5653]],[[-105.39176,48.53473],[-105.39088,48.53546]],[[-105.36032,48.52321],[-105.3697,48.52721]],[[-105.45808,48.55312],[-105.45918,48.55272]],[[-105.68455,48.64891],[-105.6845,48.64984]],[[-106.1442,48.8889],[-106.14491,48.8891]],[[-105.4478,48.5519],[-105.44907,48.55081]],[[-105.97278,48.78351],[-105.97204,48.78539]],[[-105.47466,48.55513],[-105.47512,48.555]],[[-105.46137,48.55245],[-105.46614,48.55411]],[[-105.44652,48.55007],[-105.44622,48.55028]],[[-106.15588,48.89503],[-106.15625,48.89516]],[[-106.09812,48.85262],[-106.09941,48.8543]],[[-105.61965,48.58508],[-105.62084,48.58867]],[[-106.29937,48.96341],[-106.29925,48.9633]],[[-106.29606,48.95719],[-106.29428,48.95843]],[[-106.11078,48.8664],[-106.11073,48.86644]],[[-105.82142,48.69211],[-105.8191,48.69473]],[[-106.10043,48.86059],[-106.10087,48.86064]]]},"properties":{"gnis_id":"00805881","gnis_name":"West Fork Poplar River","fcode":46006,"visibility":5000000}},
{"type":"Feature","geometry":{"type":"MultiLineString","coordinates":[[[-115.97806,48.56065],[-115.94462,48.57644],[-115.93591,48.58731],[-115.92727,48.60947],[-115.91374,48.62196],[-115.90582,48.62283]],[[-115.90255,48.62368],[-115.90042,48.62513],[-115.90103,48.6276],[-115.89984,48.62803],[-115.8991,48.63247],[-115.89408,48.63422],[-115.88959,48.63683],[-115.88435,48.64461],[-115.88085,48.65398],[-115.87678,48.65929],[-115.87457,48.66349],[-115.85726,48.67182],[-115.85403,48.6732],[-115.85369,48.67764],[-115.86235,48.69187],[-115.86683,48.70129],[-115.86636,48.70468],[-115.87174,48.71672],[-115.8722,48.71794],[-115.87579,48.72862],[-115.87888,48.73688],[-115.88668,48.73993],[-115.88776,48.74079],[-115.8964,48.74824],[-115.89727,48.74994],[-115.89751,48.75006],[-115.91435,48.76208],[-115.91475,48.76234],[-115.91917,48.76617],[-115.92061,48.77269],[-115.92174,48.78296],[-115.91983,48.78687],[-115.91402,48.78764],[-115.90846,48.79153],[-115.90745,48.7999],[-115.90266,48.80692],[-115.89657,48.80824],[-115.89568,48.80817],[-115.89374,48.80934],[-115.8936,48.80932],[-115.89094,48.81086],[-115.88828,48.81134],[-115.87118,48.81315],[-115.86654,48.81697],[-115.86603,48.81702],[-115.86328,48.81801],[-115.86276,48.81859],[-115.85108,48.81893],[-115.84496,48.82054],[-115.83884,48.82101],[-115.83863,48.82099]],[[-115.65684,48.89888],[-115.65878,48.90004]],[[-115.66178,48.90856],[-115.66419,48.90824]],[[-115.65986,48.9041],[-115.6588,48.90476]],[[-115.654,48.89299],[-115.65622,48.89356]],[[-115.65257,48.88743],[-115.65052,48.89008],[-115.65164,48.89151]],[[-115.65187,48.88246],[-115.65138,48.88282]],[[-115.65633,48.89406],[-115.65732,48.89651],[-115.65728,48.89692]],[[-115.66626,48.91025],[-115.66548,48.91311]],[[-115.65562,48.87843],[-115.65597,48.87816],[-115.65654,48.87695],[-115.65679,48.87689],[-115.65511,48.87388],[-115.6627,48.85601],[-115.66305,48.84252],[-115.69151,48.83403],[-115.69538,48.83446],[-115.70173,48.83332],[-115.70178,48.83211],[-115.70178,48.83196],[-115.72948,48.82501],[-115.73324,48.82425],[-115.74282,48.82296],[-115.75577,48.82601],[-115.76614,48.82816],[-115.76925,48.83059],[-115.77463,48.83162],[-115.78646,48.83222],[-115.79606,48.83433],[-115.8019,48.82816],[-115.81244,48.82734],[-115.82456,48.82587],[-115.83556,48.82125],[-115.83692,48.82031],[-115.83727,48.82025]],[[-115.65304,48.88545],[-115.65291,48.88726]],[[-115.66621,48.91405],[-115.66275,48.92278]],[[-115.65947,48.90055],[-115.66025,48.90307]]]},"properties":{"gnis_id":"00793580","gnis_name":"Yaak River","fcode":55800,"visibility":5000000}},
{"type":"Feature","geometry":{"type":"MultiLineString","coordinates":[[[-115.35401,48.02619],[-115.35256,48.02578]],[[-115.3731,48.06223],[-115.37451,48.06256]],[[-115.3646,48.03558],[-115.36508,48.03655],[-115.36499,48.03733]],[[-115.37185,48.0497],[-115.36953,48.04613],[-115.36649,48.0408],[-115.36577,48.03986]],[[-115.37278,48.05427],[-115.37173,48.05406]]]},"properties":{"gnis_id":"00783461","gnis_name":"Fisher River","fcode":46006,"visibility":5000000}},
{"type":"Feature","geometry":{"type":"LineString","coordinates":[[-115.50248,47.40669],[-115.50099,47.40704],[-115.49467,47.40693],[-115.49172,47.40626],[-115.48834,47.40455],[-115.48205,47.4029],[-115.47702,47.40328],[-115.47275,47.40063],[-115.46761,47.40073],[-115.44991,47.39356],[-115.44868,47.39344],[-115.4476,47.39357],[-115.42907,47.39228],[-115.41527,47.38912],[-115.41247,47.38999],[-115.41107,47.38983],[-115.40919,47.38993],[-115.39242,47.381],[-115.39041,47.38026],[-115.38552,47.37747],[-115.38324,47.37652],[-115.37598,47.37497],[-115.36957,47.37562],[-115.36894,47.37493],[-115.36805,47.37431],[-115.36704,47.37493],[-115.3601,47.37707],[-115.35264,47.37493],[-115.35001,47.37379],[-115.34681,47.37066],[-115.33812,47.36733],[-115.31931,47.35889],[-115.29984,47.35611],[-115.29829,47.35514],[-115.2983,47.3549],[-115.29732,47.35451],[-115.29189,47.34946],[-115.29056,47.34712],[-115.28818,47.34548],[-115.27477,47.3444],[-115.25893,47.33095],[-115.25098,47.32625],[-115.25057,47.32567],[-115.25098,47.32458],[-115.25097,47.32297],[-115.2339,47.312],[-115.20844,47.30794],[-115.20159,47.3021],[-115.19739,47.30074],[-115.17115,47.29648],[-115.16603,47.29439],[-115.16337,47.29642],[-115.16226,47.29655],[-115.14701,47.29348],[-115.13661,47.29708],[-115.12598,47.29807],[-115.12553,47.29789],[-115.12119,47.2968],[-115.10509,47.29718],[-115.09002,47.29687]]},"properties":{"gnis_id":"00789958","gnis_name":"Saint Regis River","fcode":55800,"visibility":5000000}},
{"type":"Feature","geometry":{"type":"MultiLineString","coordinates":[[[-113.4405,47.10971],[-113.44096,47.11023],[-113.44087,47.1109],[-113.43958,47.11078],[-113.43947,47.11097],[-113.43808,47.11237]],[[-113.54465,47.24357],[-113.54619,47.25147],[-113.54957,47.25664],[-113.55141,47.25584],[-113.56583,47.26759]],[[-113.53429,47.22136],[-113.53699,47.22726],[-113.53692,47.22878],[-113.53843,47.23399],[-113.54031,47.23785],[-113.54212,47.24302],[-113.54284,47.24373]]]},"properties":{"gnis_id":"00781367","gnis_name":"Clearwater River","fcode":46006,"visibility":5000000}},
{"type":"Feature","geometry":{"type":"MultiLineString","coordinates":[[[-112.73266,46.35867],[-112.73273,46.35848],[-112.73524,46.3574]],[[-112.72857,46.29557],[-112.72845,46.29563]],[[-112.73287,46.30942],[-112.73318,46.30928]],[[-112.73388,46.31263],[-112.734,46.31257]],[[-112.73353,46.31111],[-112.73266,46.31088]],[[-112.7388,46.32544],[-112.73842,46.32549],[-112.73751,46.32551]],[[-112.74017,46.32565],[-112.73977,46.32548]],[[-112.72475,46.29399],[-112.72414,46.29404]],[[-112.73576,46.31186],[-112.73573,46.31171]]]},"properties":{"gnis_id":"00798973","gnis_name":"Clark Fork","fcode":46006,"visibility":5000000}},
{"type":"Feature","geometry":{"type":"MultiLineString","coordinates":[[[-115.31475,48.40984],[-115.31679,48.40714],[-115.32275,48.39694],[-115.32361,48.39612],[-115.32808,48.39113],[-115.32828,48.39089],[-115.32442,48.38293],[-115.32351,48.38207],[-115.31704,48.37423],[-115.3173,48.37239],[-115.32334,48.36662],[-115.32509,48.36573],[-115.34006,48.36527],[-115.34195,48.36728],[-115.34239,48.36747],[-115.34779,48.36826],[-115.35042,48.36785],[-115.35221,48.36748],[-115.3542,48.36747],[-115.36666,48.36474],[-115.36824,48.36431],[-115.37937,48.36184],[-115.38456,48.3612],[-115.38613,48.36112],[-115.38935,48.36163],[-115.39712,48.3621],[-115.39757,48.36207],[-115.39985,48.36254],[-115.40418,48.3649],[-115.40623,48.36563],[-115.4064,48.36564],[-115.40727,48.36588],[-115.41243,48.36841],[-115.42357,48.37045],[-115.42555,48.37095],[-115.42698,48.37129],[-115.44666,48.38378],[-115.45206,48.39067],[-115.45392,48.39743],[-115.45666,48.39917],[-115.45922,48.41014],[-115.46481,48.41705],[-115.49569,48.41252],[-115.50033,48.41176],[-115.50725,48.41253],[-115.5275,48.39248],[-115.53806,48.3927],[-115.54054,48.39333],[-115.5589,48.40102],[-115.57579,48.40863],[-115.59164,48.41161],[-115.59887,48.41222],[-115.60695,48.42338],[-115.60827,48.42485],[-115.62676,48.43244],[-115.63849,48.43769],[-115.64757,48.43969],[-115.65762,48.44356],[-115.67877,48.44662],[-115.67909,48.44672],[-115.68588,48.44722],[-115.68618,48.4472],[-115.69923,48.44853],[-115.70191,48.44866],[-115.70381,48.44839],[-115.71517,48.4488],[-115.71585,48.44878],[-115.72567,48.44824],[-115.72626,48.44815],[-115.72638,48.44817],[-115.72906,48.44805],[-115.7356,48.44969],[-115.7403,48.45073],[-115.74169,48.45077],[-115.74934,48.45207],[-115.76346,48.4552],[-115.76455,48.45523],[-115.76946,48.45584],[-115.76948,48.45582],[-115.76976,48.45514],[-115.77341,48.45262],[-115.77459,48.45266],[-115.77609,48.4526],[-115.77637,48.4522],[-115.77668,48.4512],[-115.78131,48.44938],[-115.78405,48.44967],[-115.78916,48.44818],[-115.79464,48.44841],[-115.80624,48.44859],[-115.80665,48.44858],[-115.81569,48.44888],[-115.82446,48.44661],[-115.86718,48.44801],[-115.87719,48.45186],[-115.88272,48.45895],[-115.90356,48.49165],[-115.92621,48.49821],[-115.93432,48.5036],[-115.93893,48.50563],[-115.94306,48.5162],[-115.95665,48.53564],[-115.95988,48.53804],[-115.97656,48.5583],[-115.97806,48.56065],[-115.98092,48.56425],[-115.97697,48.56708],[-115.97605,48.56955],[-115.98925,48.58362],[-116.00089,48.58967],[-116.01656,48.60107],[-116.02187,48.60082],[-116.03775,48.60512],[-116.04906,48.6197]],[[-115.18148,48.99956],[-115.15911,48.97695],[-115.16585,48.96771],[-115.17279,48.9325],[-115.18537,48.92438],[-115.18835,48.9209],[-115.18813,48.91274],[-115.19532,48.90233],[-115.20505,48.89506],[-115.20692,48.89385],[-115.21203,48.88693],[-115.2159,48.88322],[-115.22278,48.87445],[-115.22405,48.8699],[-115.22786,48.86357],[-115.22986,48.861],[-115.2307,48.86037],[-115.24405,48.8486],[-115.24997,48.84009],[-115.25523,48.83297],[-115.25902,48.83179],[-115.26161,48.83003],[-115.26902,48.82393],[-115.28073,48.81727],[-115.28307,48.81616],[-115.29821,48.80512],[-115.30113,48.80149],[-115.30419,48.79937],[-115.3051,48.79832],[-115.30777,48.78533],[-115.309,48.78335],[-115.30972,48.7763],[-115.30886,48.7736],[-115.30548,48.76971],[-115.30388,48.76777],[-115.29773,48.75753],[-115.30589,48.74573],[-115.31265,48.73981],[-115.31463,48.73504],[-115.31339,48.72803],[-115.31334,48.72785],[-115.31395,48.72345],[-115.31361,48.7179],[-115.31404,48.71197],[-115.31394,48.71095],[-115.31513,48.70467],[-115.31586,48.69928],[-115.3195,48.69558],[-115.32107,48.69131],[-115.32147,48.68476],[-115.32332,48.67928],[-115.32356,48.67678],[-115.32419,48.67165],[-115.32565,48.66904],[-115.32614,48.66703],[-115.32452,48.6553],[-115.32092,48.64945],[-115.31846,48.64717],[-115.31369,48.64352],[-115.31095,48.64245],[-115.30855,48.64119],[-115.30103,48.63896],[-115.30035,48.63885],[-115.28835,48.63303],[-115.28634,48.63151],[-115.27996,48.62811],[-115.27923,48.62763],[-115.27489,48.62471],[-115.26838,48.6196],[-115.26798,48.619],[-115.26551,48.61609],[-115.25926,48.60838],[-115.25743,48.60693],[-115.24759,48.59846],[-115.24348,48.59622],[-115.239,48.59405],[-115.236,48.59262],[-115.22493,48.58769],[-115.21863,48.57829],[-115.21763,48.57118],[-115.21621,48.56274],[-115.21798,48.55663],[-115.22057,48.5539],[-115.22333,48.55219],[-115.22866,48.54752],[-115.23409,48.54381],[-115.24095,48.5395],[-115.24208,48.53907],[-115.25309,48.53673],[-115.26203,48.52571],[-115.27752,48.50284],[-115.27832,48.50125],[-115.28546,48.48512],[-115.29388,48.46971],[-115.29852,48.46909],[-115.30215,48.46589],[-115.30564,48.4618],[-115.30628,48.45798],[-115.30521,48.45341],[-115.30492,48.45313],[-115.30379,48.44333],[-115.30689,48.43137],[-115.3061,48.42512],[-115.30764,48.41983],[-115.31212,48.41333],[-115.31424,48.41051]]]},"properties":{"gnis_id":"00384301","gnis_name":"Kootenai River","fcode":55800,"visibility":5000000}},
{"type":"Feature","geometry":{"type":"MultiLineString","coordinates":[[[-113.72819,47.53569],[-113.73091,47.53505],[-113.73087,47.53533]],[[-114.05239,48.06225],[-114.05209,48.06215],[-114.01258,48.06047],[-114.00159,48.08506],[-113.9891,48.08133],[-113.98042,48.07626],[-113.98667,48.07094],[-113.98005,48.06548],[-113.97481,48.06499],[-113.97693,48.05843],[-113.9797,48.02161],[-113.979,48.01962],[-113.96928,48.00919],[-113.94817,47.99792],[-113.93249,47.98774],[-113.92036,47.97842],[-113.91878,47.97313],[-113.91349,47.96835],[-113.90067,47.96156],[-113.88961,47.95488],[-113.88918,47.95372],[-113.87857,47.93778],[-113.88083,47.92844],[-113.88167,47.92291],[-113.86785,47.90735],[-113.86074,47.88637],[-113.85958,47.8722],[-113.84937,47.86996],[-113.84098,47.86066],[-113.84386,47.83664],[-113.84553,47.83022],[-113.8439,47.8227],[-113.83197,47.81209],[-113.8374,47.80427],[-113.84234,47.80049],[-113.84271,47.79893],[-113.84641,47.7976],[-113.84687,47.79429],[-113.84842,47.79188],[-113.84687,47.78846],[-113.84742,47.78751],[-113.84805,47.78573],[-113.84639,47.77665],[-113.84445,47.77432],[-113.8402,47.76957],[-113.83746,47.76622],[-113.83578,47.76377],[-113.83569,47.76372],[-113.83427,47.76151],[-113.83532,47.75986],[-113.83536,47.75982],[-113.83587,47.75894],[-113.83557,47.75824],[-113.82924,47.74895],[-113.82865,47.74688],[-113.82744,47.74155],[-113.82857,47.73718],[-113.82682,47.73599],[-113.82469,47.7287],[-113.82517,47.72443],[-113.82461,47.71657],[-113.82423,47.71653],[-113.82171,47.71422],[-113.82583,47.70679],[-113.81687,47.70252],[-113.81897,47.70021],[-113.81502,47.69947],[-113.81382,47.69824],[-113.81442,47.69613],[-113.81558,47.69545],[-113.81773,47.69544],[-113.81918,47.68413],[-113.81607,47.68088],[-113.81829,47.67878],[-113.81594,47.67536],[-113.81562,47.67518],[-113.80801,47.66286],[-113.80629,47.65722],[-113.79692,47.65321],[-113.79482,47.64951],[-113.79337,47.64832],[-113.79164,47.64725],[-113.79141,47.64193],[-113.79139,47.64185],[-113.78788,47.62988],[-113.78673,47.62968],[-113.77986,47.62286],[-113.77709,47.62073],[-113.77621,47.61967],[-113.76805,47.61156],[-113.76563,47.59925],[-113.76653,47.59512],[-113.76677,47.59484],[-113.76856,47.59467],[-113.76875,47.58971],[-113.76808,47.58942],[-113.7608,47.5872],[-113.75728,47.58354],[-113.75403,47.57982],[-113.75188,47.57416],[-113.75237,47.57095],[-113.75095,47.56926]],[[-113.73769,47.53978],[-113.7386,47.53977],[-113.73893,47.53999]],[[-113.74133,47.54228],[-113.74149,47.5416],[-113.74028,47.54105],[-113.73949,47.54077]],[[-113.72241,47.53154],[-113.72087,47.53062]],[[-113.74205,47.34529],[-113.73577,47.35254],[-113.73499,47.3536],[-113.7397,47.37464],[-113.73442,47.39117],[-113.71948,47.40291],[-113.71841,47.40394]],[[-114.06024,48.06323],[-114.07188,48.05943],[-114.0807,48.05973]],[[-113.74233,47.54359],[-113.74247,47.54375],[-113.74289,47.54401],[-113.74869,47.55062],[-113.75196,47.55945],[-113.75244,47.56119],[-113.75205,47.56209],[-113.75113,47.56696],[-113.75073,47.56821],[-113.75083,47.56867]],[[-113.73583,47.5403],[-113.7324,47.53894]],[[-113.67742,47.45428],[-113.67803,47.45366]],[[-113.71507,47.41002],[-113.71624,47.40483]]]},"properties":{"gnis_id":"00791789","gnis_name":"Swan River","fcode":55800,"visibility":5000000}},
{"type":"Feature","geometry":{"type":"MultiLineString","coordinates":[[[-115.13317,47.66214],[-115.1291,47.6631]],[[-115.23297,47.58767],[-115.22034,47.60113]],[[-115.15642,47.6552],[-115.15494,47.6552],[-115.14896,47.65718],[-115.14745,47.65779],[-115.14602,47.65827]],[[-115.17314,47.6338],[-115.1752,47.63726],[-115.17534,47.6377],[-115.17525,47.64032]],[[-115.23499,47.58366],[-115.23291,47.58724]],[[-115.13787,47.65988],[-115.13713,47.6601],[-115.13428,47.66151]],[[-115.16812,47.65365],[-115.17356,47.64975],[-115.17524,47.64363],[-115.17645,47.64255]],[[-115.2159,47.60531],[-115.21002,47.60658],[-115.1938,47.61087],[-115.19048,47.61383],[-115.18633,47.62437],[-115.18611,47.62463],[-115.18506,47.62494],[-115.17918,47.6271]],[[-115.2405,47.57587],[-115.23529,47.58289]]]},"properties":{"gnis_id":"00792103","gnis_name":"Thompson River","fcode":55800,"visibility":5000000}},
{"type":"Feature","geometry":{"type":"MultiLineString","coordinates":[[[-114.09073,48.38856],[-114.09085,48.38842],[-114.07793,48.38412],[-114.05971,48.37409],[-114.05646,48.37099],[-114.04947,48.3683],[-114.04124,48.3642],[-114.04077,48.36242],[-114.04044,48.36153],[-114.03533,48.35244],[-114.02892,48.34624],[-114.02818,48.3449],[-114.02429,48.34193],[-114.01453,48.34162]],[[-113.18367,47.44548],[-113.18684,47.44739],[-113.18989,47.45099],[-113.19296,47.45121],[-113.19415,47.45108],[-113.19558,47.4573],[-113.19712,47.4603],[-113.19997,47.46234],[-113.21744,47.47115],[-113.21619,47.47305],[-113.21649,47.47499],[-113.21681,47.47456],[-113.21971,47.47418],[-113.22065,47.4788],[-113.2248,47.47863],[-113.22571,47.4797],[-113.22732,47.48532],[-113.22733,47.4901],[-113.22393,47.49471],[-113.22924,47.49736],[-113.23258,47.49683],[-113.23409,47.49935],[-113.2348,47.50034],[-113.23611,47.50139],[-113.23997,47.50319],[-113.24042,47.50532],[-113.25007,47.50781],[-113.27428,47.51326],[-113.27938,47.51674],[-113.28481,47.51591],[-113.29202,47.51807],[-113.29122,47.51999],[-113.28916,47.52619],[-113.29094,47.52611],[-113.29242,47.52783],[-113.29985,47.53328],[-113.29977,47.53451],[-113.29808,47.53833],[-113.29857,47.54249],[-113.29842,47.54402],[-113.30069,47.55081],[-113.30151,47.55106],[-113.29951,47.55599],[-113.30081,47.55721],[-113.30422,47.56024],[-113.30674,47.56835],[-113.30728,47.5689],[-113.30637,47.57322],[-113.30097,47.58259],[-113.29999,47.58363],[-113.29953,47.58443],[-113.29903,47.58807],[-113.29946,47.58846],[-113.29915,47.58997],[-113.30251,47.59443],[-113.31018,47.60116],[-113.31051,47.60135],[-113.31865,47.6043],[-113.31929,47.6068],[-113.32197,47.61106],[-113.32456,47.61162],[-113.32493,47.61193],[-113.32731,47.62106],[-113.35546,47.62988],[-113.35774,47.63391],[-113.3607,47.65463],[-113.3403,47.66029],[-113.33971,47.66196],[-113.34022,47.66518],[-113.34022,47.66525],[-113.34579,47.66969],[-113.34635,47.66999],[-113.34877,47.67472],[-113.34882,47.67542],[-113.34405,47.67802],[-113.34707,47.68429],[-113.35389,47.68575],[-113.36436,47.68906],[-113.36695,47.68948],[-113.36727,47.68967],[-113.36897,47.70304],[-113.37035,47.70385],[-113.37329,47.70569],[-113.37596,47.71521],[-113.37343,47.73344],[-113.3838,47.73282],[-113.38779,47.74301],[-113.39061,47.74535],[-113.39897,47.75549],[-113.39989,47.75979],[-113.3972,47.76642],[-113.39848,47.76857],[-113.40053,47.77107],[-113.4,47.77255],[-113.40491,47.77854],[-113.40738,47.78329],[-113.4075,47.78342],[-113.40825,47.78426],[-113.41709,47.79151],[-113.41719,47.79428],[-113.41649,47.79885],[-113.41373,47.80222],[-113.41632,47.80828],[-113.41623,47.82993],[-113.41789,47.83204]],[[-114.01253,48.34118],[-114.00919,48.34008],[-114.00738,48.33926],[-114.0034,48.33602],[-113.99959,48.33459],[-113.99348,48.33429],[-113.99136,48.3341],[-113.98834,48.33417],[-113.97657,48.32286],[-113.96276,48.31825],[-113.95727,48.31897],[-113.94635,48.29729],[-113.94479,48.29622],[-113.94309,48.2955],[-113.94186,48.29546],[-113.92651,48.29807],[-113.92027,48.29943],[-113.90765,48.29251],[-113.89889,48.28801],[-113.89129,48.28525],[-113.87858,48.28028],[-113.87744,48.28032],[-113.85932,48.2707],[-113.84799,48.26586],[-113.84768,48.26579],[-113.83583,48.25366],[-113.82212,48.25141],[-113.8185,48.24815],[-113.81486,48.24659],[-113.79941,48.22825],[-113.79935,48.22585],[-113.79109,48.21338],[-113.78331,48.20966],[-113.77266,48.1965],[-113.77152,48.18947],[-113.77686,48.17299],[-113.78331,48.1649],[-113.78024,48.1606],[-113.77873,48.15991],[-113.76274,48.1507],[-113.75955,48.1498],[-113.74845,48.14676],[-113.74256,48.14333],[-113.74029,48.14127],[-113.724,48.12656],[-113.7267,48.11724],[-113.71536,48.1091],[-113.70565,48.10608],[-113.69742,48.10068],[-113.68908,48.08466],[-113.68302,48.07889],[-113.67633,48.06361],[-113.67101,48.06203],[-113.65853,48.05493],[-113.65109,48.05278],[-113.63474,48.04405],[-113.61644,48.03538],[-113.61485,48.03498],[-113.61217,48.03449],[-113.60243,48.03083],[-113.59803,48.0273],[-113.59763,48.027],[-113.58537,48.00307],[-113.5716,48.00094],[-113.57645,47.99221],[-113.57539,47.99119],[-113.56855,47.98822],[-113.56434,47.98431],[-113.55964,47.97744],[-113.55683,47.97467],[-113.56537,47.96965],[-113.55131,47.96268],[-113.55133,47.95868],[-113.55325,47.95103],[-113.55435,47.943],[-113.5456,47.94025],[-113.54609,47.93651],[-113.53786,47.93396],[-113.52695,47.92431],[-113.52178,47.91771],[-113.51198,47.90093],[-113.50207,47.89823],[-113.49478,47.89353],[-113.49252,47.89199],[-113.4905,47.89161],[-113.4851,47.89214],[-113.48331,47.88825],[-113.47744,47.88464],[-113.47319,47.87854],[-113.46006,47.87514],[-113.45222,47.87679],[-113.44038,47.87301],[-113.43537,47.87108],[-113.43542,47.86738],[-113.42976,47.86692],[-113.42802,47.8661],[-113.42544,47.86411],[-113.42436,47.86146],[-113.4237,47.86035],[-113.42457,47.85435],[-113.4248,47.84817],[-113.42065,47.83577]]]},"properties":{"gnis_id":"00790966","gnis_name":"South Fork Flathead River","fcode":55800,"visibility":5000000}},
{"type":"Feature","geometry":{"type":"MultiLineString","coordinates":[[[-112.83498,44.92093],[-112.83731,44.92376],[-112.83802,44.9274],[-112.83803,44.92778]],[[-111.89048,44.64601],[-111.89038,44.64606]],[[-112.36924,44.65648],[-112.36914,44.6565]],[[-112.37159,44.65574],[-112.37317,44.65499],[-112.3778,44.6535],[-112.38187,44.65178],[-112.3882,44.65196],[-112.41356,44.65692],[-112.41666,44.65733],[-112.43225,44.6591],[-112.43524,44.65895],[-112.43661,44.65959],[-112.43751,44.65902]],[[-112.4376,44.65896],[-112.43795,44.65837],[-112.44132,44.66006],[-112.4471,44.66125],[-112.44939,44.66045],[-112.45303,44.66049],[-112.45634,44.65891],[-112.46084,44.65903],[-112.46123,44.65866],[-112.46356,44.65766],[-112.46367,44.65766],[-112.46721,44.6606],[-112.47095,44.66083],[-112.47104,44.66068],[-112.47295,44.66146],[-112.47491,44.66365],[-112.47508,44.66372],[-112.47632,44.66367],[-112.48584,44.66602],[-112.4913,44.66593],[-112.49341,44.66631],[-112.51719,44.65815],[-112.52036,44.65956],[-112.54344,44.65581],[-112.54459,44.65593],[-112.54943,44.65328],[-112.55067,44.6517],[-112.55262,44.64912],[-112.56803,44.64213],[-112.56856,44.64183],[-112.57092,44.64144],[-112.5769,44.64945],[-112.59281,44.66018],[-112.60086,44.6624],[-112.60611,44.66375],[-112.63128,44.67985],[-112.64069,44.68477],[-112.64315,44.6851],[-112.64482,44.68605],[-112.66531,44.70014],[-112.67138,44.70558],[-112.68021,44.70885],[-112.68438,44.70944],[-112.68895,44.71563],[-112.68837,44.71992],[-112.69169,44.72433],[-112.69115,44.72908],[-112.69722,44.73804],[-112.70434,44.74435],[-112.71182,44.7587],[-112.71381,44.76075],[-112.71424,44.76256],[-112.71618,44.76346],[-112.71635,44.7639],[-112.71689,44.76492],[-112.71683,44.76641],[-112.71638,44.76916],[-112.71947,44.77015],[-112.72014,44.77212],[-112.72032,44.77236],[-112.72829,44.77911],[-112.7306,44.77961],[-112.73421,44.7815],[-112.74525,44.79557],[-112.75253,44.8102],[-112.76356,44.82092],[-112.76428,44.82254],[-112.76266,44.82449],[-112.77073,44.83709],[-112.77301,44.83863],[-112.77387,44.84313],[-112.77303,44.84482],[-112.77272,44.84705],[-112.77474,44.84985],[-112.78784,44.86219],[-112.78821,44.86277],[-112.78792,44.86339],[-112.7887,44.86466],[-112.78873,44.86503],[-112.80555,44.8838],[-112.80735,44.88795],[-112.80583,44.89065],[-112.81177,44.90196],[-112.82016,44.91509]],[[-112.83848,44.93292],[-112.84116,44.93476],[-112.84069,44.93557],[-112.84437,44.93766],[-112.84496,44.93861],[-112.84544,44.94119]]]},"properties":{"gnis_id":"00789486","gnis_name":"Red Rock River","fcode":46006,"visibility":5000000}},
{"type":"Feature","geometry":{"type":"MultiLineString","coordinates":[[[-110.95249,45.66431],[-110.95361,45.66506],[-110.95708,45.66521],[-110.95926,45.66598],[-110.97276,45.67222],[-110.98294,45.67382],[-110.9862,45.67372],[-110.99771,45.6747],[-111.01102,45.68316],[-111.01866,45.68921],[-111.01928,45.69009],[-111.02181,45.69825],[-111.02724,45.69989],[-111.03459,45.70705]],[[-111.05298,45.71492],[-111.05283,45.7145]],[[-111.12273,45.79223],[-111.12687,45.79559],[-111.14188,45.82371],[-111.14185,45.82376],[-111.14183,45.82399]]]},"properties":{"gnis_id":"00782928","gnis_name":"East Gallatin River","fcode":46006,"visibility":5000000}},
{"type":"Feature","geometry":{"type":"LineString","coordinates":[[-109.8775,45.08254],[-109.87087,45.07721],[-109.86676,45.07391]]},"properties":{"gnis_id":"00780423","gnis_name":"Broadwater River","fcode":46006,"visibility":5000000}},
{"type":"Feature","geometry":{"type":"MultiLineString","coordinates":[[[-114.55165,48.51619],[-114.56953,48.52981],[-114.57148,48.53042],[-114.57177,48.53215],[-114.5794,48.5436],[-114.59756,48.55041],[-114.60842,48.5561],[-114.60844,48.55614],[-114.62453,48.55996],[-114.64117,48.57374],[-114.64792,48.58052],[-114.64725,48.58152]],[[-114.30988,48.20758],[-114.30366,48.21344],[-114.28703,48.21215],[-114.28691,48.21191],[-114.28248,48.20754]],[[-114.5514,48.51603],[-114.51622,48.47928],[-114.51555,48.46589],[-114.50716,48.46793],[-114.48984,48.44811],[-114.48941,48.44529],[-114.48472,48.4389],[-114.46812,48.41175],[-114.46687,48.40613],[-114.46438,48.40825],[-114.43378,48.38893],[-114.43346,48.38886],[-114.42209,48.37696],[-114.42218,48.36775],[-114.41733,48.35721],[-114.40486,48.34546],[-114.40676,48.34158],[-114.3961,48.32422],[-114.38778,48.31435],[-114.35719,48.28763],[-114.34548,48.27668],[-114.33492,48.25005],[-114.32698,48.24386],[-114.32717,48.24245],[-114.31842,48.23584],[-114.31926,48.23185],[-114.31051,48.21095]],[[-114.6472,48.58197],[-114.64744,48.58221],[-114.63404,48.58509],[-114.64877,48.59356],[-114.6554,48.60384],[-114.65716,48.60895]]]},"properties":{"gnis_id":"00791525","gnis_name":"Stillwater River","fcode":55800,"visibility":5000000}},
{"type":"Feature","geometry":{"type":"LineString","coordinates":[[-112.16139,47.58063],[-112.16495,47.58367]]},"properties":{"gnis_id":"00777315","gnis_name":"Sun River Slope Canal","fcode":42803,"visibility":5000000}},
{"type":"Feature","geometry":{"type":"LineString","coordinates":[[-109.64183,47.20291],[-109.64175,47.20301],[-109.66015,47.21317],[-109.66939,47.21109],[-109.6705,47.22331],[-109.66778,47.22541],[-109.68151,47.23625],[-109.69456,47.25448],[-109.70602,47.25641],[-109.70878,47.26104],[-109.71996,47.27352],[-109.72378,47.27932],[-109.72738,47.28602],[-109.72012,47.29667],[-109.72885,47.31303],[-109.72365,47.3159],[-109.71807,47.3179],[-109.71657,47.32475],[-109.7088,47.33287],[-109.70864,47.33736],[-109.70017,47.35419],[-109.69173,47.35929],[-109.6718,47.36287],[-109.67174,47.37764],[-109.65456,47.39848],[-109.65135,47.39797],[-109.6409,47.39928],[-109.63735,47.40042],[-109.63482,47.39993],[-109.63262,47.40235],[-109.63684,47.41137],[-109.63997,47.41926],[-109.62259,47.42987],[-109.61229,47.42657],[-109.60976,47.42383],[-109.59703,47.42462],[-109.59647,47.42678],[-109.5957,47.44547],[-109.58005,47.44899],[-109.57844,47.44931],[-109.57845,47.44998],[-109.57679,47.46828],[-109.57025,47.47328],[-109.57752,47.48531],[-109.57765,47.4864],[-109.5841,47.48797],[-109.58484,47.49395],[-109.58809,47.49369],[-109.58897,47.49624],[-109.58341,47.5017],[-109.58553,47.50362],[-109.59384,47.49947],[-109.59923,47.50108],[-109.59122,47.50707],[-109.59105,47.50756],[-109.605,47.51037],[-109.60339,47.51281],[-109.58958,47.52783],[-109.58073,47.53982],[-109.5817,47.54017],[-109.59035,47.54226],[-109.59423,47.54501],[-109.59513,47.54605],[-109.59456,47.54829],[-109.59162,47.54984],[-109.58325,47.55061],[-109.59023,47.56022],[-109.59183,47.56508],[-109.58944,47.57239],[-109.58831,47.57361],[-109.58762,47.57578],[-109.58729,47.57777],[-109.58597,47.58354],[-109.58773,47.58476],[-109.59802,47.58693],[-109.5977,47.58915],[-109.5921,47.59087],[-109.59379,47.59307],[-109.60447,47.59674],[-109.61038,47.60613],[-109.61724,47.60889],[-109.62318,47.60983],[-109.62908,47.61368],[-109.6372,47.62544],[-109.64649,47.62788],[-109.64823,47.63209],[-109.64853,47.63271],[-109.64785,47.63912],[-109.65187,47.64745],[-109.65049,47.65009],[-109.64642,47.65291],[-109.64828,47.66244],[-109.65293,47.67176],[-109.65294,47.67297],[-109.65589,47.67619],[-109.65539,47.6807],[-109.65365,47.68132],[-109.65205,47.68275],[-109.65694,47.68647],[-109.65125,47.6914],[-109.65541,47.69546],[-109.65289,47.69847],[-109.6476,47.70116],[-109.65098,47.70397],[-109.64923,47.70663],[-109.65481,47.71394],[-109.648,47.72004],[-109.64824,47.72421],[-109.65753,47.72718],[-109.65147,47.73148],[-109.64632,47.73495],[-109.6468,47.73589]]},"properties":{"gnis_id":"00785583","gnis_name":"Judith River","fcode":55800,"visibility":5000000}},
{"type":"Feature","geometry":{"type":"MultiLineString","coordinates":[[[-105.37576,48.55626],[-105.37608,48.55643]],[[-105.23134,48.41865],[-105.23096,48.41954]],[[-105.28378,48.46469],[-105.28374,48.46507]],[[-105.23026,48.42328],[-105.23038,48.42407]],[[-105.21374,48.40841],[-105.21436,48.40953]],[[-105.16736,48.3794],[-105.1695,48.3792]],[[-105.24075,48.42869],[-105.24056,48.42996]],[[-105.37143,48.54864],[-105.37105,48.54832]],[[-105.2262,48.41272],[-105.22519,48.41267]],[[-105.33369,48.49815],[-105.33227,48.50002]],[[-105.38628,48.59213],[-105.38648,48.59227]],[[-105.27557,48.46259],[-105.27454,48.4624],[-105.27361,48.46213],[-105.27329,48.46209]],[[-105.37432,48.57796],[-105.37434,48.57805]],[[-105.18637,48.39592],[-105.18581,48.39671]],[[-105.38176,48.60462],[-105.38175,48.60469]],[[-105.20887,48.40681],[-105.20926,48.40644]]]},"properties":{"gnis_id":"00775364","gnis_name":"Poplar River","fcode":46003,"visibility":5000000}},
{"type":"Feature","geometry":{"type":"MultiLineString","coordinates":[[[-105.59675,48.91836],[-105.60166,48.91728]],[[-105.49486,48.87079],[-105.49661,48.8714]],[[-105.63599,48.92719],[-105.63795,48.92495],[-105.63235,48.92581]],[[-105.47337,48.85018],[-105.46945,48.85414]],[[-105.54282,48.90686],[-105.54371,48.90675]],[[-105.58926,48.92248],[-105.58461,48.92315],[-105.58444,48.923]],[[-105.57507,48.9144],[-105.5758,48.91504]],[[-105.51087,48.8759],[-105.51258,48.87706],[-105.51387,48.88111]],[[-105.64734,48.94409],[-105.64729,48.94404],[-105.64885,48.94289]],[[-105.68883,48.97033],[-105.69065,48.97225]],[[-105.52487,48.89418],[-105.52773,48.89023],[-105.52736,48.89012]],[[-105.46364,48.84555],[-105.46857,48.84461]],[[-105.67451,48.96788],[-105.68147,48.96726]],[[-105.62221,48.93044],[-105.622,48.93096],[-105.62349,48.93134]],[[-105.50218,48.87684],[-105.50885,48.87775],[-105.50924,48.87766]],[[-105.62055,48.92283],[-105.62097,48.92459],[-105.62256,48.92788]],[[-105.47859,48.86101],[-105.48067,48.86178]],[[-105.64804,48.94103],[-105.64899,48.94291]],[[-105.55604,48.9145],[-105.55826,48.91437]],[[-105.46529,48.84914],[-105.46551,48.85039]],[[-105.62014,48.9227],[-105.61615,48.91896],[-105.61603,48.91894]],[[-105.61317,48.91898],[-105.60965,48.92174],[-105.60824,48.92058],[-105.60738,48.91945]],[[-105.64593,48.94122],[-105.64726,48.94132]],[[-105.64562,48.9372],[-105.64453,48.93898]],[[-105.46929,48.84596],[-105.46892,48.84716]],[[-105.62973,48.92851],[-105.63344,48.92699]],[[-105.56519,48.91065],[-105.56628,48.91009]],[[-105.45349,48.83707],[-105.45274,48.83507],[-105.45235,48.83309]],[[-105.44871,48.82793],[-105.45139,48.82956],[-105.45474,48.83272]],[[-105.53731,48.90592],[-105.53644,48.90348],[-105.53453,48.90407]],[[-105.47251,48.85506],[-105.47462,48.85512]],[[-105.58869,48.92142],[-105.59367,48.91907]],[[-105.57346,48.91278],[-105.57381,48.91375]],[[-105.64753,48.94423],[-105.64878,48.94554],[-105.64876,48.94558]],[[-105.60357,48.91722],[-105.60418,48.9176],[-105.60465,48.91798]],[[-105.66621,48.95305],[-105.66801,48.95227],[-105.6676,48.9506]],[[-105.49673,48.87228],[-105.49683,48.8726]],[[-105.45868,48.84208],[-105.46037,48.84144]],[[-105.5365,48.90771],[-105.53815,48.90813],[-105.54099,48.90776]],[[-105.68822,48.96921],[-105.68815,48.96993]],[[-105.63438,48.92832],[-105.63605,48.92908]],[[-105.5141,48.88436],[-105.51366,48.88745]],[[-105.66207,48.958],[-105.6633,48.95886],[-105.66844,48.96302]],[[-105.56832,48.9098],[-105.5728,48.91222]],[[-105.66369,48.95386],[-105.66194,48.95756]],[[-105.52849,48.9012],[-105.52801,48.90121]],[[-105.6588,48.95165],[-105.66447,48.94945]],[[-105.55839,48.9138],[-105.55902,48.9138]],[[-105.64529,48.94166],[-105.64205,48.94171],[-105.64268,48.93956]],[[-105.46874,48.85127],[-105.4701,48.85116]],[[-105.64858,48.94568],[-105.64873,48.94643]],[[-105.485,48.86076],[-105.48641,48.86236]],[[-105.48045,48.85668],[-105.48081,48.85826]],[[-105.66716,48.94868],[-105.66727,48.95033]],[[-105.46928,48.84749],[-105.46847,48.84778]],[[-105.66596,48.9533],[-105.66542,48.95352]],[[-105.65196,48.9484],[-105.65831,48.95001]],[[-105.46229,48.84361],[-105.46266,48.84528]],[[-105.69044,48.9726],[-105.69158,48.97375]],[[-105.66769,48.94852],[-105.66808,48.94803],[-105.66592,48.94835]],[[-105.65876,48.95078],[-105.65876,48.95146]],[[-105.59338,48.91883],[-105.59306,48.91821]],[[-105.48632,48.86496],[-105.4891,48.86528]],[[-105.67222,48.96496],[-105.6732,48.96521]],[[-105.526,48.8976],[-105.52963,48.90177]],[[-105.47427,48.85588],[-105.47509,48.85663]],[[-105.6272,48.92832],[-105.62976,48.92803]],[[-105.5756,48.91921],[-105.57693,48.92031]],[[-105.52696,48.88945],[-105.52714,48.89002]],[[-105.62524,48.93002],[-105.62556,48.93001],[-105.62707,48.92856]],[[-105.48441,48.8641],[-105.48609,48.8651]],[[-105.45879,48.83924],[-105.45895,48.8403]],[[-105.64122,48.9329],[-105.64189,48.93413]],[[-105.61529,48.91709],[-105.61296,48.91619],[-105.61271,48.91746]],[[-105.46199,48.84076],[-105.46391,48.84266]],[[-105.51529,48.89049],[-105.52693,48.88939]],[[-105.6818,48.96756],[-105.68187,48.96742],[-105.68182,48.96733]],[[-105.45789,48.83879],[-105.45434,48.84078],[-105.4532,48.84028]],[[-105.57427,48.91753],[-105.57369,48.91905]],[[-105.5558,48.91464],[-105.55506,48.91473],[-105.55488,48.91472],[-105.54404,48.90675]],[[-105.51402,48.88203],[-105.51391,48.88263]],[[-105.51334,48.88381],[-105.51333,48.88438]],[[-105.56082,48.91365],[-105.56529,48.91131]],[[-105.68186,48.96808],[-105.6855,48.9689]],[[-105.5766,48.92225],[-105.57669,48.92224],[-105.57774,48.92243]],[[-105.66827,48.96306],[-105.67045,48.96435]],[[-105.48531,48.86235],[-105.48456,48.86362]],[[-105.58184,48.9213],[-105.58388,48.92152]],[[-105.52751,48.9047],[-105.531,48.9065]],[[-105.47908,48.85861],[-105.47848,48.86032]],[[-105.64183,48.93449],[-105.64203,48.93581]],[[-105.64128,48.92984],[-105.64085,48.93146]],[[-105.64363,48.93556],[-105.64539,48.93604]],[[-105.57593,48.91514],[-105.57618,48.91694]],[[-105.64047,48.93265],[-105.64075,48.93287]],[[-105.4754,48.8569],[-105.47686,48.85717]],[[-105.45356,48.83861],[-105.45315,48.84006]],[[-105.65005,48.9467],[-105.6512,48.94738]],[[-105.46088,48.84058],[-105.46169,48.84044]],[[-105.58786,48.92218],[-105.5877,48.92094]],[[-105.49335,48.86778],[-105.49327,48.87165]],[[-105.49711,48.87276],[-105.50185,48.87714]],[[-105.48854,48.86616],[-105.49109,48.8678]],[[-105.59354,48.91787],[-105.59613,48.91792]],[[-105.46894,48.85652],[-105.47203,48.85607]],[[-105.48159,48.86084],[-105.48274,48.86071]],[[-105.52473,48.89552],[-105.52606,48.89717]],[[-105.57639,48.92102],[-105.57641,48.92215]],[[-105.53262,48.90588],[-105.53362,48.90476]],[[-105.57926,48.92205],[-105.58119,48.92142]],[[-105.52691,48.90346],[-105.52724,48.90397]]]},"properties":{"gnis_id":"00774173","gnis_name":"Middle Fork Poplar River","fcode":55800,"visibility":5000000}},
{"type":"Feature","geometry":{"type":"MultiLineString","coordinates":[[[-105.36323,47.56213],[-105.36482,47.56192]],[[-105.35802,47.55956],[-105.35704,47.5601],[-105.35672,47.56069]],[[-105.48746,47.47225],[-105.48823,47.47247]],[[-105.70372,47.32431],[-105.6991,47.32503]],[[-105.39076,47.53315],[-105.38856,47.53514],[-105.38703,47.53456],[-105.38694,47.53456]],[[-105.51917,47.45452],[-105.51916,47.45632],[-105.51789,47.45647]],[[-105.37127,47.54511],[-105.37183,47.54472],[-105.37427,47.54696]],[[-105.41306,47.52287],[-105.414,47.51982],[-105.41602,47.51963]],[[-105.67451,47.34231],[-105.67599,47.34039]],[[-105.46183,47.48803],[-105.46258,47.48799]],[[-105.33107,47.61824],[-105.33282,47.6176]],[[-105.28842,47.68095],[-105.28876,47.68105],[-105.28971,47.68094]],[[-105.36009,47.57318],[-105.35847,47.57001]],[[-105.22784,47.88952],[-105.22344,47.89001]],[[-105.35908,47.56693],[-105.35658,47.56259]],[[-105.45633,47.48855],[-105.4564,47.48834]],[[-105.32118,47.63655],[-105.32009,47.63747],[-105.32009,47.63753]],[[-105.91302,47.15484],[-105.91177,47.16125],[-105.90876,47.16388],[-105.90345,47.16692],[-105.89792,47.17058],[-105.89737,47.17789],[-105.8965,47.17947],[-105.89749,47.18304],[-105.88408,47.18748],[-105.88378,47.18823],[-105.88325,47.19337],[-105.88256,47.19522],[-105.87985,47.20401],[-105.8815,47.20747],[-105.87972,47.21477],[-105.87477,47.22049],[-105.86027,47.22277],[-105.84744,47.24186]],[[-105.53087,47.44192],[-105.53236,47.44416]],[[-105.66615,47.34097],[-105.66618,47.34095],[-105.66642,47.3408]],[[-105.63286,47.36485],[-105.63285,47.36297]],[[-105.25561,47.72157],[-105.25695,47.72221],[-105.25707,47.72267]],[[-105.2801,47.69359],[-105.27816,47.69517],[-105.27827,47.69534]],[[-105.68967,47.32751],[-105.68904,47.32788],[-105.68937,47.32843]],[[-105.62133,47.37798],[-105.62384,47.37657]],[[-105.39128,47.54058],[-105.39101,47.54053]],[[-105.33011,47.62573],[-105.32835,47.62522]],[[-105.46472,47.48201],[-105.46477,47.48172]],[[-105.44567,47.50608],[-105.4465,47.50628]],[[-105.22639,47.88538],[-105.22782,47.88547]],[[-105.29067,47.67988],[-105.28953,47.67738],[-105.28951,47.67737]],[[-105.69984,47.321],[-105.71769,47.3146]],[[-105.69315,47.33551],[-105.69168,47.334]],[[-105.58998,47.40071],[-105.58972,47.3995]],[[-105.24615,47.86159],[-105.24545,47.86099]],[[-105.23939,47.86642],[-105.23975,47.86633]],[[-105.76199,47.30882],[-105.74853,47.30666],[-105.73602,47.31026],[-105.73327,47.3101]],[[-105.61397,47.38853],[-105.61476,47.38862],[-105.61545,47.38726]],[[-105.57185,47.42567],[-105.57182,47.42527],[-105.56877,47.42369]],[[-105.33537,47.61739],[-105.33676,47.61753]],[[-105.51475,47.45635],[-105.5138,47.45646],[-105.51054,47.46292]],[[-105.48536,47.47349],[-105.4845,47.47551],[-105.48215,47.47465]],[[-105.39566,47.5298],[-105.39471,47.53157]],[[-105.61651,47.38524],[-105.61632,47.37996]],[[-105.83033,47.25053],[-105.83059,47.25109],[-105.82712,47.25369],[-105.82385,47.25304],[-105.82334,47.25363],[-105.8193,47.25669],[-105.81516,47.25371],[-105.81339,47.25367],[-105.80962,47.2588],[-105.80958,47.26108],[-105.80578,47.25867],[-105.79681,47.2717],[-105.79775,47.2775],[-105.78984,47.28767],[-105.78408,47.29339],[-105.77952,47.29614],[-105.77323,47.29879],[-105.77437,47.30132],[-105.77173,47.30762],[-105.77162,47.30772],[-105.76424,47.30927]],[[-105.23192,47.78013],[-105.2316,47.7795]],[[-105.45227,47.50174],[-105.45439,47.49996]],[[-105.23247,47.78346],[-105.23204,47.78306]],[[-105.24439,47.77235],[-105.24688,47.77173]],[[-105.72205,47.31391],[-105.72218,47.31372]],[[-105.23702,47.73228],[-105.23852,47.73254]],[[-105.52438,47.44654],[-105.52658,47.44792]],[[-105.56873,47.4275],[-105.56971,47.42707]],[[-105.24297,47.86551],[-105.2442,47.86568],[-105.24427,47.86568]],[[-105.46196,47.49777],[-105.46196,47.49746]],[[-105.56955,47.41981],[-105.5684,47.41873],[-105.58068,47.41542]],[[-105.35214,47.58016],[-105.35682,47.5792]],[[-105.28152,47.67232],[-105.28133,47.67321],[-105.28084,47.67351]],[[-105.69277,47.32659],[-105.69438,47.32585]],[[-105.40811,47.53027],[-105.40982,47.52905],[-105.41075,47.52901]],[[-105.3346,47.61209],[-105.33421,47.61206]],[[-105.49606,47.46878],[-105.49661,47.46873]],[[-105.46577,47.48074],[-105.46684,47.48049]],[[-105.57848,47.41103],[-105.58675,47.40978]],[[-105.37457,47.54201],[-105.37663,47.54068]],[[-105.25547,47.81887],[-105.25545,47.81878]],[[-105.34027,47.5933],[-105.34115,47.59405],[-105.34116,47.59427]],[[-105.24901,47.81653],[-105.24844,47.81422]],[[-105.51846,47.45232],[-105.51873,47.45224],[-105.52125,47.45422]],[[-105.24768,47.86388],[-105.24763,47.86364]],[[-105.25422,47.84448],[-105.25413,47.84395]],[[-105.42583,47.52199],[-105.4233,47.52067]],[[-105.33922,47.62746],[-105.33659,47.62477]],[[-105.49795,47.46136],[-105.49966,47.4601]],[[-105.47919,47.47999],[-105.47785,47.47906]],[[-105.65983,47.35453],[-105.66115,47.357],[-105.66087,47.35775]],[[-105.44996,47.50454],[-105.4511,47.5028]],[[-105.24622,47.73735],[-105.24511,47.738]],[[-105.26963,47.70918],[-105.27106,47.70595]],[[-105.49105,47.47144],[-105.49026,47.47001]],[[-105.46432,47.48547],[-105.46411,47.48542]],[[-105.54176,47.43774],[-105.54255,47.43697]],[[-105.40361,47.53019],[-105.40321,47.53014],[-105.40203,47.52955]],[[-105.26214,47.70517],[-105.26409,47.70618]],[[-105.36775,47.56018],[-105.36708,47.56046],[-105.36657,47.56079]],[[-105.53927,47.43897],[-105.53964,47.43862]],[[-105.34519,47.582],[-105.34998,47.58059]],[[-105.25303,47.81686],[-105.252,47.81663]],[[-105.46485,47.48721],[-105.46512,47.48719]],[[-105.54598,47.43652],[-105.54953,47.43713]],[[-105.25651,47.71447],[-105.25801,47.71222],[-105.26095,47.70429]],[[-105.23236,47.8678],[-105.2319,47.86896]],[[-105.50032,47.46486],[-105.49974,47.46439]],[[-105.24106,47.8233],[-105.24075,47.82375],[-105.24066,47.82445]],[[-105.63481,47.35969],[-105.63601,47.35978],[-105.6352,47.36259]],[[-105.35624,47.573],[-105.35693,47.57316]],[[-105.24225,47.85488],[-105.24325,47.85479]],[[-105.52357,47.45166],[-105.52296,47.45012]],[[-105.53931,47.44182],[-105.53873,47.44067]],[[-105.33285,47.6109],[-105.33277,47.61028],[-105.33463,47.6098]],[[-105.25381,47.84373],[-105.25354,47.84349]],[[-105.65643,47.35837],[-105.66003,47.3585]],[[-105.58336,47.41305],[-105.5832,47.41284]],[[-105.58484,47.40496],[-105.5848,47.40398]],[[-105.24858,47.90674],[-105.24932,47.90611]],[[-105.29699,47.65907],[-105.29617,47.65708]],[[-105.39744,47.53319],[-105.39765,47.53212]],[[-105.24204,47.7393],[-105.238,47.73825]],[[-105.56151,47.43308],[-105.56196,47.43311]],[[-105.36851,47.5533],[-105.36833,47.55331],[-105.36722,47.55442]],[[-105.33767,47.59922],[-105.34081,47.59743]],[[-105.52944,47.44635],[-105.52899,47.44559]],[[-105.24494,47.84058],[-105.2448,47.83924]],[[-105.24938,47.90572],[-105.24926,47.90532]],[[-105.69208,47.33083],[-105.69175,47.32984]],[[-105.53596,47.44095],[-105.53746,47.44214]],[[-105.28204,47.67576],[-105.28181,47.67571]],[[-105.62794,47.38041],[-105.62495,47.37924]],[[-105.431,47.51087],[-105.43461,47.50184]],[[-105.24581,47.85539],[-105.24668,47.84928]],[[-105.6834,47.33408],[-105.69107,47.33615]],[[-105.46766,47.48045],[-105.47443,47.48053]],[[-105.24858,47.83589],[-105.24897,47.83601]],[[-105.61947,47.38234],[-105.62431,47.38262]],[[-105.6706,47.34102],[-105.67199,47.34245]],[[-105.23746,47.8732],[-105.23767,47.87239]],[[-105.33967,47.60632],[-105.33747,47.60414]],[[-105.33127,47.63742],[-105.33117,47.63762],[-105.3306,47.63821]],[[-105.22193,47.88278],[-105.22241,47.88275]],[[-105.23428,47.77725],[-105.23513,47.7766],[-105.23483,47.77584]],[[-105.45706,47.49796],[-105.45833,47.49871]],[[-105.58433,47.40208],[-105.58615,47.40209]],[[-105.5286,47.4441],[-105.52868,47.44341]],[[-105.56446,47.42606],[-105.56602,47.42688]],[[-105.21914,47.90533],[-105.2162,47.90517]],[[-105.46219,47.49922],[-105.46212,47.49894]],[[-105.6257,47.37301],[-105.62556,47.37297],[-105.63402,47.37034]],[[-105.23773,47.80188],[-105.23424,47.80096]],[[-105.23796,47.7976],[-105.23892,47.79743]],[[-105.61227,47.39148],[-105.61155,47.3907]],[[-105.63879,47.36446],[-105.6441,47.36261]],[[-105.65154,47.35904],[-105.64626,47.35931],[-105.6447,47.36047],[-105.64751,47.36365]],[[-105.25054,48.02104],[-105.25277,48.01989]],[[-105.28069,47.68539],[-105.27747,47.68342]],[[-105.61273,47.38784],[-105.61311,47.38792]],[[-105.24502,47.8303],[-105.24492,47.83016]],[[-105.2508,47.81669],[-105.25042,47.81676]],[[-105.66632,47.34419],[-105.66559,47.34322]],[[-105.68771,47.33365],[-105.68976,47.33158]],[[-105.52323,47.44776],[-105.52322,47.44746]],[[-105.34661,47.5838],[-105.34573,47.58384]],[[-105.52406,47.45373],[-105.52385,47.45256]],[[-105.32741,47.63316],[-105.3272,47.63351],[-105.32692,47.63419]],[[-105.56325,47.43261],[-105.5642,47.43262]],[[-105.45711,47.48794],[-105.45937,47.48791]],[[-105.23793,47.74226],[-105.23755,47.7402]],[[-105.2694,47.70159],[-105.27123,47.69939]],[[-105.42023,47.5217],[-105.42081,47.52194]],[[-105.24326,47.76069],[-105.24504,47.76123],[-105.24048,47.76386],[-105.24094,47.76487]],[[-105.59329,47.39751],[-105.59239,47.39687],[-105.5908,47.39761]],[[-105.43079,47.51462],[-105.42804,47.51451]],[[-105.23519,47.87866],[-105.23377,47.87724]],[[-105.45582,47.49548],[-105.45548,47.49483]],[[-105.23161,47.79229],[-105.23127,47.79228]],[[-105.23692,47.87158],[-105.2362,47.87023]],[[-105.66276,47.34574],[-105.66373,47.34563]],[[-105.40561,47.53096],[-105.40547,47.53061],[-105.40481,47.53029]],[[-105.50742,47.46367],[-105.50777,47.46396]],[[-105.32812,47.63079],[-105.32984,47.62974]],[[-105.44218,47.50148],[-105.44385,47.50382]],[[-105.28143,47.69259],[-105.28056,47.6885],[-105.28075,47.68788]],[[-105.25238,47.83443],[-105.25242,47.83437]],[[-105.2288,47.79798],[-105.22867,47.79787]],[[-105.2878,47.66319],[-105.28764,47.66248]],[[-105.29988,47.6465],[-105.30231,47.64703]],[[-105.71811,47.31457],[-105.71912,47.31462]],[[-105.41777,47.5271],[-105.41634,47.52626]],[[-105.46426,47.48341],[-105.4645,47.483]],[[-105.31162,47.64635],[-105.31391,47.64498]],[[-105.24713,47.82115],[-105.24749,47.82116]],[[-105.24322,47.73154],[-105.24251,47.73005]],[[-105.34662,47.57476],[-105.34796,47.57433]],[[-105.56517,47.43275],[-105.5657,47.43269]],[[-105.35038,47.57384],[-105.3513,47.57365]],[[-105.61073,47.39296],[-105.60679,47.39383],[-105.60474,47.39437]],[[-105.25016,47.71618],[-105.25077,47.71612]],[[-105.56604,47.43181],[-105.56571,47.43067]],[[-105.36839,47.55678],[-105.36757,47.55634]],[[-105.58354,47.40678],[-105.58404,47.40557]],[[-105.55811,47.43516],[-105.55779,47.4351]],[[-105.35394,47.57631],[-105.35232,47.57634]],[[-105.2427,47.81061],[-105.24174,47.81017]],[[-105.35136,47.57688],[-105.34936,47.5775]],[[-105.23647,47.77334],[-105.23712,47.77266]],[[-105.24087,47.76994],[-105.24297,47.77202]],[[-105.23653,47.90001],[-105.23465,47.89915]],[[-105.28866,47.66861],[-105.28568,47.66577]],[[-105.42585,47.5177],[-105.42776,47.51786]],[[-105.6587,47.34649],[-105.6608,47.34615]],[[-105.58851,47.40888],[-105.58491,47.40756]],[[-105.53338,47.44634],[-105.53633,47.44565]],[[-105.5509,47.43338],[-105.55416,47.43607]],[[-105.24671,47.84521],[-105.25129,47.84531]],[[-105.46345,47.48474],[-105.46355,47.48426]],[[-105.22057,47.90509],[-105.22022,47.90521]],[[-105.67727,47.33901],[-105.67728,47.33898],[-105.681,47.33626],[-105.68182,47.33539],[-105.6819,47.33535]],[[-105.50231,47.46731],[-105.50206,47.46687]],[[-105.50773,47.46001],[-105.50706,47.46111]],[[-105.39085,47.53181],[-105.39106,47.53168]],[[-105.37884,47.54363],[-105.37799,47.54304]],[[-105.33373,47.62892],[-105.33708,47.62769]],[[-105.24994,47.91267],[-105.25043,47.91419]],[[-105.27972,47.69729],[-105.27926,47.69647]],[[-105.24884,47.83226],[-105.24874,47.83225]],[[-105.24773,47.80884],[-105.24755,47.809]],[[-105.23811,47.78758],[-105.23831,47.78649]],[[-105.56583,47.42981],[-105.56353,47.42923]],[[-105.59601,47.39773],[-105.59804,47.39603]],[[-105.3768,47.54667],[-105.37846,47.54581]],[[-105.24304,47.80561],[-105.24392,47.80551]],[[-105.66005,47.35043],[-105.65989,47.34967]],[[-105.70246,47.32718],[-105.70481,47.32464]],[[-105.28039,47.67934],[-105.28143,47.67821]],[[-105.24674,47.80974],[-105.24601,47.81038]],[[-105.42057,47.51901],[-105.42312,47.51695]],[[-105.3372,47.61338],[-105.33566,47.61224]],[[-105.23036,47.87543],[-105.22854,47.87429]],[[-105.43862,47.50105],[-105.43889,47.50107]],[[-105.32226,47.63647],[-105.32476,47.63725]],[[-105.248,47.83232],[-105.24756,47.8323]],[[-105.23125,47.79532],[-105.23168,47.79542]],[[-105.22187,47.8962],[-105.22571,47.8946]],[[-105.45625,47.49049],[-105.45644,47.49013]]]},"properties":{"gnis_id":"00775682","gnis_name":"Redwater River","fcode":46003,"visibility":5000000}},
{"type":"Feature","geometry":{"type":"LineString","coordinates":[[-105.04417,45.24999],[-105.04275,45.2462],[-105.0395,45.24403],[-105.03768,45.23755],[-105.03189,45.22926],[-105.02864,45.22815],[-105.02936,45.22502],[-105.02557,45.22317],[-105.02603,45.2126],[-105.01861,45.20418],[-105.01529,45.19977],[-105.00822,45.19754],[-105.00303,45.19261],[-105.00531,45.18673]]},"properties":{"gnis_id":"00771050","gnis_name":"East Fork Little Powder River","fcode":46003,"visibility":5000000}},
{"type":"Feature","geometry":{"type":"MultiLineString","coordinates":[[[-113.71507,47.41002],[-113.66423,47.41799],[-113.66406,47.41971],[-113.6799,47.43603],[-113.67573,47.4413],[-113.67803,47.45366]],[[-113.74233,47.54359],[-113.74133,47.54228]],[[-113.73087,47.53533],[-113.73172,47.53575],[-113.73165,47.53796],[-113.7322,47.53899],[-113.7324,47.53894]],[[-114.06024,48.06323],[-114.05239,48.06225]],[[-113.75095,47.56926],[-113.75083,47.56867]],[[-113.72087,47.53062],[-113.71049,47.52636],[-113.70915,47.52451],[-113.7012,47.51631],[-113.69808,47.51315],[-113.69296,47.50671],[-113.69084,47.50218],[-113.68799,47.49849],[-113.6877,47.49707],[-113.67983,47.48254],[-113.68081,47.48003],[-113.68096,47.48002],[-113.68502,47.47772],[-113.685,47.47753],[-113.68351,47.47592],[-113.68378,47.47489],[-113.67961,47.46037],[-113.67649,47.45513],[-113.67742,47.45428]],[[-113.73769,47.53978],[-113.73583,47.5403]],[[-113.76761,47.33629],[-113.74739,47.3428],[-113.74205,47.34529]],[[-113.71624,47.40483],[-113.71841,47.40394]],[[-113.72819,47.53569],[-113.72241,47.53154]],[[-113.73949,47.54077],[-113.73893,47.53999]]]},"properties":{"gnis_id":"00791789","gnis_name":"Swan River","fcode":46006,"visibility":5000000}},
{"type":"Feature","geometry":{"type":"LineString","coordinates":[[-113.12985,46.98477],[-113.12948,46.98479],[-113.12756,46.98551],[-113.11913,46.98905],[-113.11699,46.98976],[-113.10464,46.98515],[-113.09866,46.97932],[-113.09785,46.97915],[-113.09463,46.97922],[-113.09199,46.97976],[-113.08556,46.98099],[-113.08472,46.98222],[-113.0763,46.98499],[-113.07072,46.98744],[-113.06831,46.9895],[-113.06594,46.99007],[-113.06346,46.98959],[-113.06112,46.99022],[-113.06091,46.99037],[-113.05449,46.99231],[-113.05147,46.99252],[-113.04275,46.99975],[-113.04205,46.99994],[-113.0382,46.99994],[-113.03689,46.99984],[-113.03624,47.00134],[-113.0399,47.00332],[-113.02874,47.00861],[-113.02847,47.00908],[-113.02801,47.00971],[-113.02783,47.01032],[-113.02878,47.01168],[-113.02751,47.01269],[-113.02638,47.01372],[-113.02636,47.01484],[-113.0267,47.0152],[-113.02744,47.01728],[-113.02728,47.01833],[-113.02657,47.02049],[-113.02564,47.02183],[-113.02118,47.02619],[-113.01976,47.02768],[-113.02059,47.02969],[-113.01855,47.03079],[-113.01689,47.03159],[-113.01588,47.03248],[-113.01457,47.0345],[-113.00688,47.03592],[-113.00495,47.03714],[-113.00388,47.04033],[-113.00454,47.04068],[-113.00317,47.04224],[-113.00089,47.04235],[-112.98572,47.04861],[-112.9725,47.05403],[-112.96435,47.07821],[-112.96265,47.07915],[-112.96451,47.09021],[-112.97035,47.11361],[-112.96109,47.12494],[-112.93651,47.15508],[-112.93483,47.1598],[-112.92856,47.17162],[-112.91514,47.18552],[-112.91571,47.18857]]},"properties":{"gnis_id":"00801227","gnis_name":"North Fork Blackfoot River","fcode":55800,"visibility":5000000}},
{"type":"Feature","geometry":{"type":"MultiLineString","coordinates":[[[-114.33068,47.4949],[-114.33583,47.48804],[-114.35914,47.47674],[-114.36459,47.47073],[-114.37475,47.46475],[-114.37466,47.46392],[-114.37586,47.46395],[-114.37954,47.46244],[-114.38758,47.46269],[-114.39149,47.46241],[-114.39227,47.46113],[-114.39488,47.46064],[-114.39713,47.45822],[-114.40545,47.45755],[-114.4121,47.45786],[-114.41305,47.45798],[-114.41747,47.45661],[-114.42164,47.45718],[-114.42533,47.45609],[-114.42631,47.45536],[-114.43058,47.45568],[-114.43242,47.45721],[-114.43356,47.46013],[-114.43387,47.46063],[-114.43825,47.46438],[-114.43771,47.46516],[-114.4398,47.46671],[-114.45083,47.47184],[-114.45059,47.47284],[-114.45492,47.47422],[-114.45528,47.47609],[-114.45538,47.47681],[-114.45566,47.47916],[-114.45526,47.4793],[-114.45503,47.4797],[-114.45615,47.48064],[-114.45648,47.48089],[-114.46102,47.48157],[-114.4616,47.48329],[-114.4603,47.48635],[-114.46027,47.48832],[-114.46157,47.49069],[-114.46229,47.49257],[-114.46223,47.49837],[-114.46382,47.50004],[-114.46126,47.5049],[-114.45792,47.50536],[-114.45689,47.51005],[-114.45399,47.51261],[-114.45671,47.51613],[-114.45738,47.51767],[-114.45701,47.519],[-114.45746,47.51913],[-114.45822,47.52283],[-114.46185,47.52459],[-114.46477,47.52688],[-114.46509,47.52882],[-114.46549,47.52906],[-114.46566,47.52925],[-114.46741,47.53465],[-114.46592,47.53875],[-114.46833,47.54068],[-114.46972,47.54152],[-114.47261,47.54754],[-114.47277,47.54964],[-114.47516,47.55089],[-114.47917,47.5541],[-114.47979,47.5569],[-114.48233,47.55668],[-114.48851,47.56097],[-114.48995,47.56173],[-114.49031,47.56179],[-114.49238,47.56205],[-114.49498,47.56607],[-114.499,47.56801],[-114.50236,47.57308],[-114.50382,47.57514],[-114.51679,47.58318],[-114.51756,47.58326],[-114.52323,47.58998],[-114.52416,47.59182],[-114.52646,47.59447],[-114.53058,47.59818],[-114.53126,47.59968],[-114.53715,47.60599],[-114.55137,47.61049],[-114.54872,47.62082],[-114.55098,47.62342],[-114.56268,47.62944],[-114.5651,47.63771],[-114.57265,47.64637],[-114.5773,47.65305],[-114.5786,47.65633],[-114.57782,47.6592],[-114.58034,47.6623],[-114.58232,47.66326],[-114.58462,47.66921]],[[-114.68845,47.89953],[-114.68928,47.89969],[-114.69404,47.90106],[-114.70912,47.89968],[-114.71286,47.90685],[-114.71318,47.90711],[-114.71552,47.91253],[-114.71562,47.91281],[-114.72075,47.91945],[-114.72514,47.92094],[-114.72912,47.92306],[-114.73252,47.92844]],[[-114.65291,47.78377],[-114.66159,47.77898],[-114.66294,47.77877],[-114.66338,47.76593],[-114.67031,47.74194],[-114.65521,47.72389],[-114.65425,47.72159],[-114.65188,47.71897],[-114.61477,47.71674],[-114.61266,47.7122],[-114.61066,47.7078],[-114.60811,47.70805],[-114.60413,47.70124],[-114.60504,47.70047],[-114.59851,47.69191],[-114.59398,47.68766],[-114.59262,47.67967],[-114.5926,47.67927],[-114.59138,47.6777],[-114.58637,47.67315],[-114.58645,47.67276],[-114.58626,47.67254]],[[-114.7222,47.99107],[-114.72021,47.99895]],[[-114.71655,48.00294],[-114.71649,48.00372]],[[-114.68785,47.89946],[-114.67795,47.89418],[-114.6766,47.89287],[-114.6796,47.88186],[-114.67877,47.87641],[-114.67889,47.86659],[-114.67374,47.86382],[-114.67236,47.85878],[-114.67415,47.85646],[-114.67511,47.84826],[-114.6774,47.83943],[-114.67722,47.83814],[-114.67918,47.82881],[-114.66215,47.82451],[-114.65879,47.82027],[-114.65778,47.78954],[-114.6581,47.78929],[-114.65294,47.78405]],[[-114.70912,48.00408],[-114.70477,48.00639],[-114.70301,48.00913]],[[-114.70366,48.01116],[-114.71216,48.02481],[-114.70443,48.05126],[-114.69818,48.05646],[-114.69687,48.05887],[-114.69252,48.06337],[-114.68499,48.07443],[-114.69906,48.07587],[-114.69861,48.08436],[-114.69837,48.08977]],[[-114.69787,48.09221],[-114.69829,48.09276]],[[-114.72205,47.99001],[-114.72209,47.99038]],[[-114.7206,47.98904],[-114.72158,47.98931]],[[-114.72198,47.98417],[-114.72505,47.98034],[-114.73601,47.97088],[-114.72842,47.96793]]]},"properties":{"gnis_id":"00786243","gnis_name":"Little Bitterroot River","fcode":46006,"visibility":5000000}},
{"type":"Feature","geometry":{"type":"LineString","coordinates":[[-115.029,47.72943],[-115.01754,47.72645],[-115.01072,47.71766],[-115.01089,47.71589],[-115.01337,47.70651],[-115.01298,47.70514],[-115.01279,47.69975],[-115.01192,47.69645],[-115.01002,47.69403],[-115.00792,47.69246],[-114.99776,47.68565],[-114.9856,47.68222],[-114.95193,47.68003],[-114.94518,47.68077],[-114.93983,47.68171],[-114.93538,47.68349],[-114.92852,47.6836],[-114.92313,47.68312],[-114.91961,47.68206],[-114.91078,47.68312],[-114.90445,47.6823],[-114.89983,47.68217],[-114.8961,47.68172],[-114.89008,47.67947],[-114.886,47.6795],[-114.88085,47.6777],[-114.87757,47.67726],[-114.87512,47.67758]]},"properties":{"gnis_id":"00786377","gnis_name":"Little Thompson River","fcode":46006,"visibility":5000000}},
{"type":"Feature","geometry":{"type":"MultiLineString","coordinates":[[[-113.27922,47.91356],[-113.27933,47.91527],[-113.27932,47.91549],[-113.27938,47.91573],[-113.2796,47.91612],[-113.28012,47.91642],[-113.28331,47.91774],[-113.28296,47.91856],[-113.29017,47.9276],[-113.29124,47.9285],[-113.29303,47.92821],[-113.29367,47.92742],[-113.29679,47.92978],[-113.30103,47.9312],[-113.30422,47.93224],[-113.31151,47.93209],[-113.31441,47.93269],[-113.31671,47.93313],[-113.31825,47.9319],[-113.32102,47.93191],[-113.32212,47.93218],[-113.32533,47.93174],[-113.32995,47.93191],[-113.3308,47.93219],[-113.33926,47.93263],[-113.33957,47.93111],[-113.34109,47.93103],[-113.35105,47.93042],[-113.35332,47.93071],[-113.36267,47.9267],[-113.36741,47.923],[-113.36861,47.92269],[-113.38069,47.9237],[-113.39057,47.92487],[-113.40371,47.92448],[-113.40645,47.92405],[-113.41421,47.92526],[-113.42388,47.92749],[-113.43122,47.92859],[-113.43714,47.93673],[-113.4376,47.93699],[-113.44378,47.93981],[-113.45864,47.93801],[-113.46241,47.93972],[-113.46331,47.94024],[-113.47057,47.94246]],[[-113.52695,47.92431],[-113.51158,47.92929],[-113.50014,47.93226],[-113.4905,47.93893],[-113.48475,47.93908],[-113.48463,47.93909]]]},"properties":{"gnis_id":"00799022","gnis_name":"Spotted Bear River","fcode":55800,"visibility":5000000}},
{"type":"Feature","geometry":{"type":"MultiLineString","coordinates":[[[-111.3351,45.89175],[-111.33154,45.89217],[-111.31729,45.89265],[-111.3029,45.89423],[-111.304,45.89105],[-111.30383,45.89109],[-111.30318,45.89197],[-111.30046,45.89239],[-111.29866,45.89217],[-111.29253,45.89179],[-111.28889,45.88862],[-111.28523,45.89176],[-111.28432,45.89189],[-111.28242,45.89118],[-111.27291,45.88988],[-111.27076,45.89003],[-111.26916,45.89023],[-111.2667,45.89106],[-111.26072,45.89001],[-111.26161,45.88922],[-111.25212,45.88426],[-111.25103,45.88405],[-111.25075,45.88276],[-111.25087,45.88241],[-111.2508,45.88138],[-111.23196,45.87173],[-111.22888,45.87118],[-111.2287,45.87209],[-111.2202,45.86871],[-111.21957,45.8681],[-111.21829,45.86604],[-111.21847,45.86525],[-111.2172,45.86392],[-111.20038,45.86417],[-111.19186,45.8539],[-111.1872,45.85566],[-111.18686,45.85548],[-111.16398,45.84138],[-111.15992,45.83814],[-111.15826,45.83729],[-111.14571,45.83148],[-111.14192,45.82402],[-111.14183,45.82399]],[[-111.05298,45.71492],[-111.05554,45.71514],[-111.07259,45.72833],[-111.06915,45.73786],[-111.11944,45.79007],[-111.12273,45.79223]],[[-111.03459,45.70705],[-111.03519,45.71042],[-111.05166,45.71302],[-111.05283,45.7145]]]},"properties":{"gnis_id":"00782928","gnis_name":"East Gallatin River","fcode":55800,"visibility":5000000}},
{"type":"Feature","geometry":{"type":"LineString","coordinates":[[-110.34646,45.49994],[-110.34012,45.50704],[-110.33987,45.50818],[-110.33554,45.51136],[-110.33517,45.51185],[-110.33462,45.51244],[-110.33355,45.51436],[-110.33298,45.51456],[-110.32954,45.51727],[-110.33054,45.51823],[-110.3309,45.519],[-110.32988,45.52119],[-110.32939,45.52224],[-110.32748,45.52547],[-110.31804,45.53522],[-110.317,45.53759],[-110.31393,45.54077],[-110.31352,45.54414],[-110.31004,45.54699],[-110.30963,45.54716],[-110.30182,45.5552],[-110.29321,45.56115],[-110.29007,45.56245],[-110.28568,45.56433],[-110.27804,45.57038],[-110.27813,45.57124],[-110.24626,45.60846],[-110.23366,45.61385],[-110.22359,45.623],[-110.22322,45.62359],[-110.22038,45.62576],[-110.2193,45.62681],[-110.2166,45.62723],[-110.21651,45.62738],[-110.21671,45.62878],[-110.20024,45.63898],[-110.19134,45.64423],[-110.18195,45.64707],[-110.17363,45.64863],[-110.17103,45.64946],[-110.16771,45.65155],[-110.16712,45.65152],[-110.16559,45.65178],[-110.1649,45.6516],[-110.15046,45.65506],[-110.14767,45.65488],[-110.14296,45.65462],[-110.13866,45.65637],[-110.13389,45.65707],[-110.12299,45.66225],[-110.11229,45.66004],[-110.11046,45.65932],[-110.10155,45.66086]]},"properties":{"gnis_id":"00792954","gnis_name":"West Boulder River","fcode":55800,"visibility":5000000}},
{"type":"Feature","geometry":{"type":"MultiLineString","coordinates":[[[-112.39484,47.88537],[-112.40067,47.88637],[-112.4073,47.883],[-112.4156,47.88397],[-112.42427,47.88481]],[[-112.44992,47.88049],[-112.4373,47.8849],[-112.43106,47.88285],[-112.42988,47.8834]],[[-112.25715,47.85969],[-112.24126,47.85661],[-112.22372,47.8471],[-112.22073,47.84206],[-112.21757,47.83456],[-112.21072,47.82692],[-112.2094,47.82475],[-112.21031,47.81637],[-112.19381,47.80444],[-112.18817,47.79276],[-112.18326,47.78914],[-112.17813,47.7905],[-112.17171,47.79005],[-112.13773,47.78811],[-112.13746,47.78732]],[[-112.2907,47.86528],[-112.29066,47.86553],[-112.29123,47.8665],[-112.29205,47.86711],[-112.2934,47.86783],[-112.29751,47.86914],[-112.3094,47.87157],[-112.31186,47.87169]],[[-112.50547,47.87746],[-112.50686,47.87758],[-112.51201,47.87718],[-112.51363,47.8771],[-112.51422,47.87718],[-112.51452,47.87722],[-112.51555,47.87741],[-112.51616,47.87779],[-112.51946,47.87764],[-112.52043,47.87732],[-112.52115,47.87735],[-112.52225,47.87712],[-112.52338,47.87667]],[[-112.39299,47.88499],[-112.38963,47.88489],[-112.38771,47.88454],[-112.387,47.88478],[-112.37786,47.88538],[-112.36231,47.88198],[-112.35846,47.88372],[-112.35908,47.88561],[-112.35636,47.88653],[-112.34926,47.88504],[-112.34771,47.88482]],[[-112.34625,47.88636],[-112.34511,47.88664],[-112.34115,47.88603],[-112.33799,47.8838],[-112.33762,47.88346],[-112.32091,47.8778],[-112.31847,47.87251]],[[-112.49208,47.87766],[-112.48548,47.87673],[-112.48381,47.87723],[-112.48193,47.87858],[-112.46784,47.88005],[-112.4634,47.87829],[-112.46291,47.87825],[-112.45711,47.88071],[-112.45705,47.88082]]]},"properties":{"gnis_id":"00792009","gnis_name":"Teton River","fcode":46006,"visibility":5000000}},
{"type":"Feature","geometry":{"type":"LineString","coordinates":[[-111.84035,44.75748],[-111.82221,44.76128],[-111.81391,44.7644],[-111.79946,44.76102],[-111.78684,44.75461],[-111.78402,44.75307],[-111.7647,44.74495],[-111.75974,44.74108],[-111.75618,44.73875],[-111.73837,44.74277],[-111.727,44.74677],[-111.71628,44.75037],[-111.70295,44.75174],[-111.69608,44.75507],[-111.69581,44.75629],[-111.68212,44.75738],[-111.68107,44.75763],[-111.67297,44.76206],[-111.66881,44.76474],[-111.65913,44.76761],[-111.65548,44.76967],[-111.65323,44.77879],[-111.65036,44.7819],[-111.64286,44.78566],[-111.63172,44.78993],[-111.63163,44.79003]]},"properties":{"gnis_id":"00793046","gnis_name":"West Fork Madison River","fcode":46006,"visibility":5000000}},
{"type":"Feature","geometry":{"type":"MultiLineString","coordinates":[[[-104.5402,48.12341],[-104.54266,48.12373]],[[-111.49462,46.25533],[-111.49293,46.25469]]]},"properties":{"gnis_id":"00756398","gnis_name":"Missouri River","fcode":46006,"visibility":5000000}},
{"type":"Feature","geometry":{"type":"LineString","coordinates":[[-115.12853,48.89578],[-115.12882,48.89479],[-115.13172,48.89383],[-115.13709,48.89575],[-115.14037,48.89882],[-115.15028,48.89976],[-115.15059,48.89986],[-115.15559,48.90507],[-115.15833,48.90589],[-115.18813,48.91274]]},"properties":{"gnis_id":"00792222","gnis_name":"Tobacco River","fcode":55800,"visibility":5000000}},
{"type":"Feature","geometry":{"type":"MultiLineString","coordinates":[[[-113.8291,47.2223],[-113.82827,47.22218],[-113.82472,47.22351],[-113.81581,47.22684],[-113.81462,47.22755],[-113.80792,47.23116],[-113.80529,47.23141],[-113.80385,47.2315],[-113.80014,47.234],[-113.79916,47.23533],[-113.7935,47.24043],[-113.78791,47.24366],[-113.7785,47.24993]],[[-113.75335,47.27221],[-113.75579,47.26451],[-113.75606,47.26076],[-113.76035,47.25875],[-113.77675,47.25375]],[[-113.83054,47.22252],[-113.83603,47.22149],[-113.84593,47.22166],[-113.86762,47.22232],[-113.88924,47.21401],[-113.92181,47.20357],[-113.92496,47.2009]]]},"properties":{"gnis_id":"00806338","gnis_name":"North Fork Jocko River","fcode":46006,"visibility":5000000}},
{"type":"Feature","geometry":{"type":"MultiLineString","coordinates":[[[-113.76762,47.28098],[-113.77056,47.28141]],[[-113.83054,47.22252],[-113.8291,47.2223]],[[-113.77675,47.2834],[-113.77909,47.28498]]]},"properties":{"gnis_id":"00806338","gnis_name":"North Fork Jocko River","fcode":55800,"visibility":5000000}},
{"type":"Feature","geometry":{"type":"MultiLineString","coordinates":[[[-115.17314,47.6338],[-115.17334,47.63146],[-115.17681,47.6285],[-115.17918,47.6271]],[[-115.2159,47.60531],[-115.21819,47.60297],[-115.22034,47.60113]],[[-115.0004,47.86617],[-115.0015,47.86179],[-115.00613,47.84883],[-115.00555,47.84577],[-115.00669,47.83779],[-115.00643,47.83779],[-115.00615,47.83735],[-115.0166,47.83043],[-115.01883,47.82916],[-115.0196,47.82814],[-115.02091,47.82766],[-115.02155,47.82761],[-115.02236,47.82744],[-115.02552,47.82286],[-115.02556,47.82041],[-115.02542,47.81962],[-115.02556,47.81899],[-115.02565,47.81879],[-115.02441,47.81663],[-115.02463,47.81601],[-115.02549,47.81365],[-115.02517,47.81163],[-115.02096,47.80251],[-115.00815,47.78856],[-115.00901,47.78538],[-115.00813,47.78363],[-115.00825,47.78333],[-114.98563,47.7747],[-114.9869,47.76798],[-115.00504,47.75521],[-115.029,47.72943],[-115.05835,47.713],[-115.08981,47.70501],[-115.09,47.69854],[-115.09118,47.6897],[-115.0881,47.67798],[-115.09164,47.67553],[-115.09669,47.67508],[-115.11023,47.66749],[-115.11263,47.66388],[-115.1286,47.66338],[-115.1291,47.6631]],[[-115.23291,47.58724],[-115.23297,47.58767]],[[-115.14602,47.65827],[-115.14411,47.65852],[-115.13959,47.65961],[-115.13787,47.65988]],[[-115.13428,47.66151],[-115.13317,47.66214]],[[-114.97569,47.94045],[-114.99548,47.92365],[-115.01513,47.90941],[-115.05045,47.91068],[-115.0514,47.90945],[-115.05102,47.90822],[-115.05102,47.90747],[-115.05061,47.905],[-115.02936,47.88665],[-115.01267,47.87415],[-115.01043,47.87226],[-115.00465,47.86985],[-115.00097,47.86654]],[[-115.17525,47.64032],[-115.17649,47.64246],[-115.17645,47.64255]],[[-115.23529,47.58289],[-115.23499,47.58366]],[[-115.15642,47.6552],[-115.15658,47.6552],[-115.1612,47.65572],[-115.16655,47.65449],[-115.16812,47.65365]]]},"properties":{"gnis_id":"00792103","gnis_name":"Thompson River","fcode":46006,"visibility":5000000}},
{"type":"Feature","geometry":{"type":"LineString","coordinates":[[-109.99059,45.3809],[-109.98111,45.38742],[-109.95861,45.39956],[-109.954,45.40602],[-109.9534,45.40665],[-109.94418,45.41497],[-109.93656,45.42035],[-109.90469,45.43983],[-109.88569,45.4461],[-109.84722,45.45513],[-109.83776,45.45221],[-109.8306,45.44987],[-109.82121,45.4478],[-109.79257,45.43736]]},"properties":{"gnis_id":"00793082","gnis_name":"West Fork Stillwater River","fcode":46006,"visibility":5000000}},
{"type":"Feature","geometry":{"type":"LineString","coordinates":[[-110.24517,45.27804],[-110.24676,45.25896],[-110.19339,45.23939],[-110.19222,45.2388],[-110.18997,45.23693],[-110.18512,45.21876],[-110.18407,45.21451],[-110.18311,45.20986]]},"properties":{"gnis_id":"00782811","gnis_name":"East Fork Boulder River","fcode":46006,"visibility":5000000}},
{"type":"Feature","geometry":{"type":"MultiLineString","coordinates":[[[-114.30988,48.20758],[-114.31076,48.2107],[-114.31072,48.21078],[-114.31051,48.21095]],[[-114.64725,48.58152],[-114.6472,48.58197]]]},"properties":{"gnis_id":"00791525","gnis_name":"Stillwater River","fcode":46006,"visibility":5000000}},
{"type":"Feature","geometry":{"type":"MultiLineString","coordinates":[[[-112.39547,47.28015],[-112.39516,47.28033],[-112.38203,47.28471],[-112.38001,47.28882],[-112.37763,47.2889],[-112.37299,47.28959],[-112.37101,47.28776],[-112.35772,47.28815],[-112.35449,47.28379],[-112.35343,47.28145],[-112.35169,47.27991],[-112.35083,47.27855],[-112.3467,47.27784],[-112.34433,47.27681],[-112.33847,47.27495],[-112.32851,47.26714],[-112.32593,47.26573],[-112.32449,47.26381],[-112.32318,47.26206],[-112.31932,47.26092],[-112.31133,47.25744],[-112.31009,47.25631],[-112.29557,47.25041],[-112.29495,47.24627],[-112.29333,47.24534],[-112.28191,47.2439],[-112.27503,47.24021],[-112.27252,47.23859],[-112.27155,47.23916],[-112.26883,47.23828],[-112.26011,47.23729],[-112.25394,47.23579],[-112.25085,47.23617]],[[-111.90997,47.12741],[-111.91987,47.13544],[-111.92426,47.13987],[-111.94378,47.14555],[-111.94615,47.14861],[-111.94724,47.15159],[-111.94615,47.15363],[-111.94635,47.15434],[-111.94828,47.15442],[-111.95144,47.15414],[-111.95947,47.15631],[-111.95879,47.15707],[-111.95967,47.15838],[-111.96302,47.15883],[-111.96441,47.15959],[-111.96096,47.16723],[-111.96521,47.17217],[-111.98242,47.17368],[-111.97545,47.1785],[-111.97774,47.1841],[-111.98224,47.18499],[-111.99673,47.18546],[-111.99349,47.1783],[-111.99755,47.17864],[-112.00527,47.1792],[-112.01237,47.18461],[-112.01422,47.18611],[-112.01432,47.18686],[-112.00925,47.19329],[-112.01214,47.19538],[-112.0175,47.19487],[-112.01875,47.19553],[-112.02976,47.19698],[-112.03849,47.19335],[-112.04431,47.19283],[-112.0498,47.19163],[-112.05176,47.18948],[-112.05473,47.18737],[-112.05912,47.1825],[-112.06591,47.18432],[-112.06637,47.18439],[-112.06858,47.18401],[-112.07608,47.18472],[-112.08439,47.1878],[-112.08376,47.19076],[-112.08383,47.19129],[-112.08747,47.19562],[-112.08887,47.19873],[-112.09109,47.19907],[-112.10193,47.20436],[-112.10392,47.20586],[-112.10469,47.20735],[-112.10635,47.20884],[-112.11044,47.21257],[-112.11295,47.21816],[-112.11945,47.21424],[-112.11988,47.21328],[-112.12722,47.2154],[-112.13788,47.21451],[-112.18598,47.19473],[-112.20265,47.20065],[-112.21374,47.20432],[-112.22471,47.21106],[-112.24272,47.21983],[-112.24665,47.23283],[-112.25085,47.23413]]]},"properties":{"gnis_id":"00800688","gnis_name":"Dearborn River","fcode":55800,"visibility":5000000}},
{"type":"Feature","geometry":{"type":"LineString","coordinates":[[-112.63451,47.88307],[-112.63486,47.88307],[-112.66119,47.8854],[-112.66257,47.88479],[-112.66781,47.88353],[-112.66986,47.88294],[-112.673,47.8822],[-112.67914,47.88131],[-112.69729,47.88253],[-112.70502,47.88526]]},"properties":{"gnis_id":"00788262","gnis_name":"North Fork Teton River","fcode":46006,"visibility":5000000}},
{"type":"Feature","geometry":{"type":"MultiLineString","coordinates":[[[-105.4343,48.9512],[-105.43559,48.95156]],[[-105.42312,48.8455],[-105.42727,48.84876]],[[-105.39583,48.87069],[-105.39484,48.87173]],[[-105.40446,48.85942],[-105.40565,48.86025]],[[-105.42596,48.97723],[-105.42393,48.97821]],[[-105.4473,48.83062],[-105.44977,48.83137]],[[-105.44906,48.83203],[-105.44857,48.83183]],[[-105.42195,48.98545],[-105.42085,48.99034]],[[-105.42989,48.83962],[-105.42972,48.83978]],[[-105.40753,48.86243],[-105.40786,48.86256]],[[-105.44185,48.83059],[-105.43958,48.83262]],[[-105.4484,48.82799],[-105.44748,48.82797]],[[-105.40808,48.865],[-105.402,48.86515]],[[-105.43505,48.93201],[-105.43531,48.93216]],[[-105.38318,48.88545],[-105.3837,48.88628]],[[-105.39654,48.8792],[-105.39656,48.88045]],[[-105.43375,48.83507],[-105.43058,48.83519]],[[-105.43825,48.83362],[-105.43806,48.83357]],[[-105.42866,48.84042],[-105.42665,48.84102]],[[-105.41448,48.9084],[-105.41813,48.9104]],[[-105.40978,48.99673],[-105.40944,48.99941]],[[-105.41673,48.85315],[-105.41717,48.85457]],[[-105.39667,48.86844],[-105.39565,48.86976]],[[-105.43153,48.92477],[-105.43226,48.9254]],[[-105.435,48.93361],[-105.43464,48.93375]],[[-105.39858,48.89526],[-105.39955,48.89554]],[[-105.425,48.85033],[-105.41784,48.85291]],[[-105.42323,48.98331],[-105.42129,48.98326]],[[-105.40237,48.89787],[-105.40264,48.8981]],[[-105.39275,48.89215],[-105.39352,48.89228]],[[-105.40744,48.85515],[-105.40475,48.85503],[-105.40461,48.85504]],[[-105.4064,48.9016],[-105.41264,48.90702]],[[-105.43413,48.8369],[-105.4339,48.83675]],[[-105.42511,48.84213],[-105.42602,48.84299]],[[-105.44704,48.82818],[-105.4474,48.82923]],[[-105.42558,48.84501],[-105.42441,48.84496]],[[-105.39916,48.86544],[-105.3992,48.86617]],[[-105.43188,48.9217],[-105.43203,48.92185]],[[-105.43468,48.93494],[-105.43513,48.93574]],[[-105.39911,48.86751],[-105.39804,48.86801]],[[-105.42311,48.91461],[-105.42375,48.91754]],[[-105.44413,48.83051],[-105.44284,48.8302]],[[-105.43523,48.83452],[-105.43567,48.83483]],[[-105.44813,48.82971],[-105.44778,48.83025]],[[-105.41516,48.85545],[-105.41142,48.85394]],[[-105.40554,48.86061],[-105.40673,48.8621]],[[-105.42748,48.97458],[-105.42912,48.97582]],[[-105.38722,48.88451],[-105.38426,48.8848]],[[-105.42976,48.83737],[-105.43071,48.83859]],[[-105.39463,48.87391],[-105.39476,48.87414]],[[-105.39347,48.88177],[-105.39313,48.88085]],[[-105.44735,48.83178],[-105.44416,48.83091]],[[-105.40381,48.85536],[-105.40395,48.85873]]]},"properties":{"gnis_id":"00771063","gnis_name":"East Fork Poplar River","fcode":46006,"visibility":5000000}},
{"type":"Feature","geometry":{"type":"MultiLineString","coordinates":[[[-105.76302,48.67973],[-105.7621,48.67809]],[[-105.78899,48.67928],[-105.78831,48.68126]],[[-105.8028,48.68318],[-105.80259,48.68439]],[[-105.72362,48.6687],[-105.72673,48.67192]],[[-105.71773,48.66995],[-105.71784,48.66999]],[[-106.12486,48.87692],[-106.12619,48.87772]],[[-105.49119,48.55745],[-105.49125,48.5575]],[[-105.39901,48.54076],[-105.39936,48.54083]],[[-105.76484,48.67729],[-105.76567,48.67694]],[[-105.76106,48.67969],[-105.76136,48.68003]],[[-106.18763,48.90909],[-106.18775,48.90907]],[[-105.7679,48.6772],[-105.77045,48.67921],[-105.77374,48.6797],[-105.77794,48.67848]],[[-105.8085,48.68611],[-105.81012,48.68493]],[[-105.75453,48.6759],[-105.75493,48.67638],[-105.75842,48.67927]],[[-105.78423,48.67889],[-105.78602,48.67847]],[[-105.81214,48.6897],[-105.81134,48.68948],[-105.81298,48.6859]],[[-105.80653,48.68505],[-105.80674,48.68562]],[[-105.79221,48.68191],[-105.79344,48.68126]],[[-106.12422,48.87519],[-106.12424,48.87567]],[[-105.7401,48.67912],[-105.74019,48.67911]],[[-106.21201,48.92137],[-106.21185,48.92142]],[[-105.75091,48.67582],[-105.75104,48.67564]],[[-105.79745,48.68468],[-105.80057,48.68345]],[[-105.80366,48.68512],[-105.80515,48.68478]],[[-105.7954,48.68225],[-105.79501,48.68434]],[[-106.24759,48.93787],[-106.24784,48.93779]],[[-106.19966,48.91778],[-106.19964,48.91787]]]},"properties":{"gnis_id":"00805881","gnis_name":"West Fork Poplar River","fcode":46003,"visibility":5000000}},
{"type":"Feature","geometry":{"type":"LineString","coordinates":[[-115.66275,48.92278],[-115.66494,48.93267],[-115.67076,48.93406],[-115.68201,48.93552],[-115.68872,48.93512],[-115.69447,48.93313],[-115.69647,48.93334],[-115.71065,48.93471],[-115.72111,48.93079],[-115.73195,48.93574],[-115.73253,48.93578],[-115.73817,48.93977],[-115.7379,48.9404],[-115.73926,48.94913],[-115.74894,48.96412],[-115.75377,48.97332],[-115.75714,48.99586],[-115.7583,48.9999],[-115.75852,49.00092]]},"properties":{"gnis_id":"00793103","gnis_name":"West Fork Yaak River","fcode":46006,"visibility":5000000}},
{"type":"Feature","geometry":{"type":"LineString","coordinates":[[-112.51814,46.98573],[-112.51336,46.98821],[-112.5123,46.98921],[-112.50849,46.98809],[-112.50438,46.99051],[-112.50388,46.99082],[-112.4878,46.99963],[-112.48502,47.00312],[-112.48536,47.00394],[-112.4842,47.00876],[-112.48103,47.01059],[-112.47826,47.01053],[-112.47738,47.01082],[-112.47634,47.01082],[-112.47194,47.00989],[-112.46872,47.00759],[-112.45991,47.00893]]},"properties":{"gnis_id":"00800475","gnis_name":"Blackfoot River","fcode":46006,"visibility":5000000}},
{"type":"Feature","geometry":{"type":"LineString","coordinates":[[-115.53523,47.833],[-115.53159,47.83969],[-115.52593,47.84482],[-115.52337,47.84676],[-115.52153,47.84623],[-115.52115,47.84631],[-115.52,47.8474],[-115.5156,47.84938],[-115.51559,47.85],[-115.51553,47.85002],[-115.50554,47.85301],[-115.50083,47.85389],[-115.49432,47.85415],[-115.49144,47.85469],[-115.48495,47.85533],[-115.48263,47.85633],[-115.48196,47.85622],[-115.48189,47.85624],[-115.47013,47.85667],[-115.46731,47.85796],[-115.45898,47.85956],[-115.44915,47.86311],[-115.44275,47.86373],[-115.43697,47.86602],[-115.43649,47.86596],[-115.43511,47.86649],[-115.41981,47.86972],[-115.41763,47.86975],[-115.41634,47.86895],[-115.41446,47.86892],[-115.41214,47.86949],[-115.40521,47.86904],[-115.40421,47.86963],[-115.39446,47.86934],[-115.38954,47.8696],[-115.38738,47.86903],[-115.38473,47.86889],[-115.37767,47.87083],[-115.36739,47.87599],[-115.36606,47.8758],[-115.36451,47.87603],[-115.35694,47.87746],[-115.35558,47.879],[-115.34631,47.87954],[-115.34129,47.87859]]},"properties":{"gnis_id":"00792696","gnis_name":"Vermilion River","fcode":46006,"visibility":5000000}},
{"type":"Feature","geometry":{"type":"MultiLineString","coordinates":[[[-111.27183,45.82525],[-111.27115,45.82605],[-111.27105,45.82605],[-111.27147,45.82927]],[[-111.27304,45.81174],[-111.27328,45.81212],[-111.27524,45.81497],[-111.27263,45.81502]],[[-111.27146,45.82127],[-111.27063,45.8201],[-111.27159,45.81715]],[[-111.24672,45.78266],[-111.24814,45.78372],[-111.251,45.78639],[-111.2539,45.78917]],[[-111.25512,45.79171],[-111.25439,45.7935],[-111.25538,45.79429],[-111.25628,45.79451],[-111.25633,45.79465],[-111.25922,45.79623]],[[-111.29091,45.86045],[-111.29345,45.86094],[-111.29515,45.86063],[-111.29605,45.86132],[-111.29631,45.86152],[-111.29902,45.86319]],[[-111.28658,45.84642],[-111.28424,45.8449],[-111.28357,45.84444],[-111.28158,45.84341],[-111.27848,45.84025]],[[-111.26921,45.8068],[-111.2679,45.80466]]]},"properties":{"gnis_id":"00771688","gnis_name":"Gallatin River","fcode":46003,"visibility":5000000}},
{"type":"Feature","geometry":{"type":"MultiLineString","coordinates":[[[-110.12667,45.62347],[-110.12556,45.6151],[-110.11774,45.60707],[-110.11182,45.60115],[-110.10937,45.59229],[-110.11014,45.59014],[-110.11093,45.58801],[-110.11067,45.58601],[-110.11548,45.58029],[-110.12558,45.57132],[-110.14272,45.55371],[-110.14298,45.55333],[-110.1463,45.54838],[-110.15041,45.53877],[-110.14601,45.5349],[-110.1464,45.53314],[-110.14008,45.52984],[-110.13563,45.52751],[-110.121,45.52326],[-110.11229,45.52055],[-110.0996,45.51823],[-110.08169,45.50977],[-110.07959,45.50699],[-110.0791,45.50454],[-110.08167,45.5033]],[[-110.08597,45.42315],[-110.07896,45.43673],[-110.07752,45.43871],[-110.08326,45.44767],[-110.08292,45.44974],[-110.08731,45.46027],[-110.08552,45.46255],[-110.08606,45.46763],[-110.08158,45.47593],[-110.08154,45.47598],[-110.08195,45.47645],[-110.08312,45.48439],[-110.08357,45.4852],[-110.08276,45.4864],[-110.08152,45.48887],[-110.08164,45.48903]]]},"properties":{"gnis_id":"00782782","gnis_name":"East Boulder River","fcode":46006,"visibility":5000000}},
{"type":"Feature","geometry":{"type":"LineString","coordinates":[[-111.05322,46.59052],[-111.05292,46.58824],[-111.03884,46.57675],[-111.03775,46.57548],[-111.01896,46.55351],[-111.0129,46.54911],[-111.00549,46.54473],[-110.97785,46.52862]]},"properties":{"gnis_id":"00790736","gnis_name":"Smith River","fcode":46006,"visibility":5000000}},
{"type":"Feature","geometry":{"type":"LineString","coordinates":[[-110.69998,45.03012],[-110.70009,45.02994],[-110.69658,45.02161],[-110.69354,45.01701],[-110.69269,45.01494],[-110.69427,45.00726],[-110.69316,44.99994],[-110.69328,44.9974],[-110.69414,44.99611],[-110.69104,44.99218]]},"properties":{"gnis_id":"00800827","gnis_name":"Gardner River","fcode":55800,"visibility":5000000}},
{"type":"Feature","geometry":{"type":"MultiLineString","coordinates":[[[-113.10176,45.59784],[-113.10185,45.59793],[-113.10043,45.59859],[-113.08957,45.61395],[-113.08981,45.62342],[-113.08884,45.62462],[-113.08733,45.62516],[-113.08355,45.62891],[-113.08014,45.62976],[-113.0751,45.63364],[-113.07848,45.63663],[-113.07087,45.64483],[-113.07212,45.6459],[-113.06609,45.65585],[-113.06504,45.65595],[-113.0643,45.65749],[-113.06279,45.65987],[-113.06334,45.66182],[-113.06299,45.66692],[-113.0603,45.68336],[-113.05232,45.69174],[-113.04514,45.69424],[-113.04392,45.69474],[-113.03953,45.69883],[-113.02128,45.71831],[-113.02097,45.71986],[-113.0197,45.72266],[-113.0196,45.72312],[-113.01881,45.73186],[-113.01061,45.7394],[-113.0093,45.74018],[-113.00295,45.74142],[-113.00095,45.7426]],[[-113.10163,45.59721],[-113.10225,45.59594],[-113.11334,45.57359],[-113.0925,45.55571]],[[-112.94626,45.79925],[-112.94631,45.79908]]]},"properties":{"gnis_id":"00793435","gnis_name":"Wise River","fcode":55800,"visibility":5000000}},
{"type":"Feature","geometry":{"type":"MultiLineString","coordinates":[[[-105.54371,48.90675],[-105.54404,48.90675]],[[-105.59306,48.91821],[-105.59354,48.91787]],[[-105.65005,48.9467],[-105.64896,48.94671],[-105.64873,48.94643]],[[-105.48609,48.8651],[-105.48632,48.86496]],[[-105.46551,48.85039],[-105.46874,48.85127]],[[-105.57641,48.92215],[-105.5766,48.92225]],[[-105.5756,48.91921],[-105.57477,48.91964],[-105.57369,48.91905]],[[-105.64075,48.93287],[-105.64099,48.9329],[-105.64122,48.9329]],[[-105.5758,48.91504],[-105.57593,48.91514]],[[-105.58119,48.92142],[-105.58184,48.9213]],[[-105.68815,48.96993],[-105.68883,48.97033]],[[-105.63599,48.92719],[-105.63438,48.92832]],[[-105.47203,48.85607],[-105.47251,48.85506]],[[-105.63344,48.92699],[-105.63235,48.92581]],[[-105.48456,48.86362],[-105.48441,48.8641]],[[-105.62976,48.92803],[-105.62973,48.92851]],[[-105.66194,48.95756],[-105.66207,48.958]],[[-105.54099,48.90776],[-105.54282,48.90686]],[[-105.52801,48.90121],[-105.52691,48.90346]],[[-105.64899,48.94291],[-105.64885,48.94289]],[[-105.46945,48.85414],[-105.46894,48.85652]],[[-105.66844,48.96302],[-105.66827,48.96306]],[[-105.58926,48.92248],[-105.58786,48.92218]],[[-105.62256,48.92788],[-105.62221,48.93044]],[[-105.49683,48.8726],[-105.49711,48.87276]],[[-105.5877,48.92094],[-105.58869,48.92142]],[[-105.63605,48.92908],[-105.64128,48.92984]],[[-105.59367,48.91907],[-105.59338,48.91883]],[[-105.51391,48.88263],[-105.51334,48.88381]],[[-105.56529,48.91131],[-105.56519,48.91065]],[[-105.5558,48.91464],[-105.55604,48.9145]],[[-105.46037,48.84144],[-105.46088,48.84058]],[[-105.57774,48.92243],[-105.57926,48.92205]],[[-105.55826,48.91437],[-105.55839,48.9138]],[[-105.531,48.9065],[-105.53262,48.90588]],[[-105.45349,48.83707],[-105.45356,48.83861]],[[-105.51333,48.88438],[-105.5141,48.88436]],[[-105.64734,48.94409],[-105.64753,48.94423]],[[-105.48641,48.86236],[-105.48531,48.86235]],[[-105.52714,48.89002],[-105.52736,48.89012]],[[-105.51366,48.88745],[-105.51529,48.89049]],[[-105.69065,48.97225],[-105.69044,48.9726]],[[-105.64189,48.93413],[-105.64183,48.93449]],[[-105.65831,48.95001],[-105.65876,48.95078]],[[-105.64876,48.94558],[-105.64858,48.94568]],[[-105.58388,48.92152],[-105.58444,48.923]],[[-105.48081,48.85826],[-105.47908,48.85861]],[[-105.45895,48.8403],[-105.45868,48.84208]],[[-105.67451,48.96788],[-105.67459,48.96689],[-105.6732,48.96521]],[[-105.485,48.86076],[-105.48496,48.86065],[-105.48274,48.86071]],[[-105.46847,48.84778],[-105.46529,48.84914]],[[-105.52606,48.89717],[-105.526,48.8976]],[[-105.47509,48.85663],[-105.4754,48.8569]],[[-105.46169,48.84044],[-105.46199,48.84076]],[[-105.49327,48.87165],[-105.49486,48.87079]],[[-105.55902,48.9138],[-105.56082,48.91365]],[[-105.52487,48.89418],[-105.52473,48.89552]],[[-105.60166,48.91728],[-105.60357,48.91722]],[[-105.67045,48.96435],[-105.67222,48.96496]],[[-105.52724,48.90397],[-105.52751,48.9047]],[[-105.64726,48.94132],[-105.64804,48.94103]],[[-105.50924,48.87766],[-105.51087,48.8759]],[[-105.45789,48.83879],[-105.45879,48.83924]],[[-105.61317,48.91898],[-105.61271,48.91746]],[[-105.6818,48.96756],[-105.68186,48.96808]],[[-105.49661,48.8714],[-105.49673,48.87228]],[[-105.48067,48.86178],[-105.48159,48.86084]],[[-105.57618,48.91694],[-105.57427,48.91753]],[[-105.57381,48.91375],[-105.57507,48.9144]],[[-105.66621,48.95305],[-105.66596,48.9533]],[[-105.57693,48.92031],[-105.57639,48.92102]],[[-105.62707,48.92856],[-105.6272,48.92832]],[[-105.51387,48.88111],[-105.51402,48.88203]],[[-105.47848,48.86032],[-105.47859,48.86101]],[[-105.46857,48.84461],[-105.46929,48.84596]],[[-105.4891,48.86528],[-105.48854,48.86616]],[[-105.64085,48.93146],[-105.64047,48.93265]],[[-105.68147,48.96726],[-105.68182,48.96733]],[[-105.53362,48.90476],[-105.53453,48.90407]],[[-105.65876,48.95146],[-105.6588,48.95165]],[[-105.52963,48.90177],[-105.52849,48.9012]],[[-105.50185,48.87714],[-105.50218,48.87684]],[[-105.6512,48.94738],[-105.65196,48.9484]],[[-105.46892,48.84716],[-105.46928,48.84749]],[[-105.60465,48.91798],[-105.60738,48.91945]],[[-105.47462,48.85512],[-105.47427,48.85588]],[[-105.5728,48.91222],[-105.57346,48.91278]],[[-105.49109,48.8678],[-105.49335,48.86778]],[[-105.64203,48.93581],[-105.64363,48.93556]],[[-105.47686,48.85717],[-105.48045,48.85668]],[[-105.6855,48.9689],[-105.68822,48.96921]],[[-105.52693,48.88939],[-105.52696,48.88945]],[[-105.62349,48.93134],[-105.62524,48.93002]],[[-105.66542,48.95352],[-105.66369,48.95386]],[[-105.66447,48.94945],[-105.66592,48.94835]],[[-105.46266,48.84528],[-105.46364,48.84555]],[[-105.4701,48.85116],[-105.47337,48.85018]],[[-105.66727,48.95033],[-105.6676,48.9506]],[[-105.62014,48.9227],[-105.62055,48.92283]],[[-105.64453,48.93898],[-105.64268,48.93956]],[[-105.45474,48.83272],[-105.45235,48.83309]],[[-105.53731,48.90592],[-105.5365,48.90771]],[[-105.59613,48.91792],[-105.59675,48.91836]],[[-105.66769,48.94852],[-105.66716,48.94868]],[[-105.56628,48.91009],[-105.56832,48.9098]],[[-105.46391,48.84266],[-105.46229,48.84361]],[[-105.45315,48.84006],[-105.4532,48.84028]],[[-105.64539,48.93604],[-105.64562,48.9372]],[[-105.64529,48.94166],[-105.64593,48.94122]],[[-105.61529,48.91709],[-105.61603,48.91894]]]},"properties":{"gnis_id":"00774173","gnis_name":"Middle Fork Poplar River","fcode":46006,"visibility":5000000}},
{"type":"Feature","geometry":{"type":"MultiLineString","coordinates":[[[-105.3091,47.99331],[-105.30871,47.99296]],[[-105.2663,47.9311],[-105.26652,47.93062]],[[-105.27476,47.93336],[-105.27407,47.93326],[-105.27275,47.93387]],[[-105.31582,47.9814],[-105.31521,47.98143],[-105.31513,47.98144]],[[-105.27255,47.9373],[-105.27335,47.93706]],[[-105.26116,47.92848],[-105.25971,47.92926]],[[-105.30056,47.96593],[-105.2999,47.9643]],[[-105.28561,47.9417],[-105.28584,47.94193],[-105.28575,47.9428]],[[-105.28264,47.95403],[-105.28289,47.95321]],[[-105.31157,47.97259],[-105.31114,47.97191]],[[-105.2979,47.96779],[-105.29802,47.96762]],[[-105.26525,47.92856],[-105.2638,47.92811]],[[-105.28027,47.94226],[-105.28055,47.94344]],[[-105.31178,47.98245],[-105.31097,47.97976]],[[-105.31292,47.97836],[-105.31612,47.97731]],[[-105.28094,47.94124],[-105.28074,47.94162]],[[-105.21462,48.05442],[-105.2159,48.05136]],[[-105.28888,47.94909],[-105.28635,47.94871]],[[-105.25113,47.92496],[-105.25146,47.92472]],[[-105.25042,48.02107],[-105.25054,48.02104]],[[-105.21922,47.90531],[-105.21914,47.90533]],[[-105.31369,47.99341],[-105.31305,47.994]],[[-105.2925,47.96173],[-105.28984,47.96111]],[[-105.31871,47.98324],[-105.31874,47.98287]],[[-105.31013,47.97108],[-105.30866,47.97091]],[[-105.27538,47.94488],[-105.27511,47.94418]],[[-105.29779,47.96966],[-105.29783,47.96939]],[[-105.30813,47.97637],[-105.30513,47.9761]]]},"properties":{"gnis_id":"00775682","gnis_name":"Redwater River","fcode":46006,"visibility":5000000}},
{"type":"Feature","geometry":{"type":"LineString","coordinates":[[-115.86256,48.17306],[-115.86361,48.17191],[-115.87052,48.17132],[-115.87027,48.17067],[-115.86492,48.16049],[-115.8638,48.15784],[-115.86354,48.15094],[-115.86875,48.14523],[-115.86814,48.13987],[-115.86694,48.13625],[-115.86988,48.13164],[-115.86481,48.12493],[-115.86117,48.12136],[-115.84705,48.11382],[-115.81054,48.11168],[-115.80343,48.11148],[-115.7927,48.11369],[-115.78442,48.10938],[-115.78273,48.10819],[-115.77374,48.10531],[-115.76701,48.10003],[-115.7718,48.09009],[-115.77399,48.0882],[-115.78431,48.08232],[-115.78501,48.08108],[-115.79027,48.07937],[-115.79791,48.07415],[-115.80014,48.0737],[-115.80609,48.06545],[-115.8073,48.06465],[-115.80844,48.06379],[-115.81126,48.06341],[-115.81509,48.06203],[-115.81736,48.06084],[-115.82561,48.05536],[-115.82708,48.05411],[-115.84545,48.02872],[-115.84617,48.02357]]},"properties":{"gnis_id":"00780580","gnis_name":"Bull River","fcode":55800,"visibility":5000000}},
{"type":"Feature","geometry":{"type":"MultiLineString","coordinates":[[[-112.47507,46.57261],[-112.47543,46.5725],[-112.47891,46.57197],[-112.49405,46.57647],[-112.49569,46.57634],[-112.49859,46.57622],[-112.49892,46.57607],[-112.50886,46.57698],[-112.53,46.57879],[-112.54968,46.58928],[-112.55068,46.59001],[-112.55135,46.59149],[-112.55925,46.59824],[-112.56186,46.59916],[-112.57319,46.60007],[-112.57881,46.59833],[-112.57945,46.59799],[-112.58142,46.59675],[-112.60663,46.59338],[-112.61767,46.60046],[-112.61775,46.60054],[-112.62897,46.60068],[-112.63655,46.59735],[-112.64434,46.59774],[-112.65064,46.59581],[-112.65804,46.59148],[-112.65904,46.58982],[-112.66249,46.5868],[-112.66259,46.58673],[-112.66614,46.58095],[-112.66686,46.56879],[-112.66719,46.56861],[-112.67963,46.55191],[-112.67965,46.54852],[-112.67802,46.54806],[-112.68641,46.54034],[-112.72008,46.53711],[-112.72224,46.53708],[-112.73983,46.53419],[-112.74529,46.53155],[-112.74928,46.53126],[-112.74974,46.5317],[-112.7539,46.5303],[-112.75461,46.52802],[-112.76999,46.5246],[-112.79373,46.51844],[-112.79407,46.51731],[-112.79908,46.51545]],[[-112.47015,46.57235],[-112.46781,46.57225],[-112.46596,46.57222],[-112.44097,46.56803],[-112.43532,46.56539],[-112.43355,46.56447],[-112.43279,46.56509],[-112.43199,46.56545],[-112.42618,46.56214],[-112.40948,46.55739],[-112.40539,46.55409],[-112.39934,46.54533],[-112.40137,46.54385],[-112.40034,46.54035],[-112.39614,46.53118],[-112.39706,46.52951],[-112.40425,46.50338],[-112.42073,46.49313],[-112.423,46.46673],[-112.41799,46.45945],[-112.42501,46.44824],[-112.42704,46.44767],[-112.44767,46.43906],[-112.4523,46.44006],[-112.46479,46.4385],[-112.47046,46.43571],[-112.47232,46.43343],[-112.4767,46.43101],[-112.48669,46.42355],[-112.49311,46.41615],[-112.48471,46.39824]]]},"properties":{"gnis_id":"00786244","gnis_name":"Little Blackfoot River","fcode":46006,"visibility":5000000}},
{"type":"Feature","geometry":{"type":"LineString","coordinates":[[-114.58462,47.66921],[-114.58505,47.67062],[-114.58626,47.67254]]},"properties":{"gnis_id":"00786243","gnis_name":"Little Bitterroot River","fcode":46003,"visibility":5000000}},
{"type":"Feature","geometry":{"type":"LineString","coordinates":[[-111.27247,45.26697],[-111.32457,45.24446],[-111.34864,45.23828],[-111.37535,45.2381]]},"properties":{"gnis_id":"00790896","gnis_name":"South Fork West Fork Gallatin River","fcode":46006,"visibility":5000000}},
{"type":"Feature","geometry":{"type":"LineString","coordinates":[[-110.42026,45.40922],[-110.42018,45.40936],[-110.41619,45.41699],[-110.40783,45.42499],[-110.3905,45.44943],[-110.38165,45.45585],[-110.3784,45.46155],[-110.37424,45.4665],[-110.36934,45.47519],[-110.3647,45.47827],[-110.3616,45.48293],[-110.36095,45.48309],[-110.35425,45.48838],[-110.34857,45.49519],[-110.3479,45.49671],[-110.34646,45.49994]]},"properties":{"gnis_id":"00792954","gnis_name":"West Boulder River","fcode":46006,"visibility":5000000}},
{"type":"Feature","geometry":{"type":"MultiLineString","coordinates":[[[-115.66025,48.90307],[-115.66023,48.90395],[-115.65986,48.9041]],[[-115.65164,48.89151],[-115.654,48.89299]],[[-115.6588,48.90476],[-115.66178,48.90856]],[[-115.65728,48.89692],[-115.65684,48.89888]],[[-115.83727,48.82025],[-115.83741,48.82029],[-115.83861,48.82098],[-115.83863,48.82099]],[[-115.65562,48.87843],[-115.65187,48.88246]],[[-115.66275,48.92278],[-115.65193,48.93127],[-115.65461,48.93169],[-115.65614,48.94056],[-115.65478,48.94285],[-115.64316,48.9483],[-115.64169,48.9499],[-115.63806,48.9534],[-115.61613,48.95228],[-115.62777,48.98652],[-115.64189,48.99786],[-115.64195,48.99996],[-115.6419,49.00017],[-115.64623,49.00077]],[[-115.65878,48.90004],[-115.65947,48.90055]],[[-115.66548,48.91311],[-115.66621,48.91405]],[[-115.90582,48.62283],[-115.90255,48.62368]],[[-115.65138,48.88282],[-115.65304,48.88545]],[[-115.65622,48.89356],[-115.65633,48.89406]],[[-115.66419,48.90824],[-115.66626,48.91025]],[[-115.65291,48.88726],[-115.65257,48.88743]]]},"properties":{"gnis_id":"00793580","gnis_name":"Yaak River","fcode":46006,"visibility":5000000}},
{"type":"Feature","geometry":{"type":"LineString","coordinates":[[-114.95263,48.79813],[-114.97127,48.83694],[-114.98005,48.84187],[-115.02155,48.85375],[-115.02502,48.85535],[-115.0286,48.85609],[-115.05391,48.87733],[-115.06075,48.88122],[-115.0624,48.8815],[-115.06442,48.88312],[-115.07721,48.88989],[-115.0801,48.89005],[-115.08046,48.89044],[-115.08118,48.89073],[-115.09066,48.89548],[-115.12355,48.89857],[-115.12853,48.89578]]},"properties":{"gnis_id":"00792222","gnis_name":"Tobacco River","fcode":46006,"visibility":5000000}},
{"type":"Feature","geometry":{"type":"MultiLineString","coordinates":[[[-115.3646,48.03558],[-115.3615,48.03237],[-115.35401,48.02619]],[[-115.37451,48.06256],[-115.37278,48.05427]],[[-115.36577,48.03986],[-115.36499,48.03733]],[[-115.3731,48.06223],[-115.37497,48.06952],[-115.37364,48.07866],[-115.37386,48.08546],[-115.37559,48.09511],[-115.37057,48.09984],[-115.37232,48.10075],[-115.36937,48.10332],[-115.36884,48.10615],[-115.37334,48.11196],[-115.33827,48.12596],[-115.33944,48.13374],[-115.32553,48.1452],[-115.3026,48.15962],[-115.30124,48.15995],[-115.2906,48.16839],[-115.28541,48.16876],[-115.28603,48.1804],[-115.28268,48.18487],[-115.27829,48.1968],[-115.27572,48.19682],[-115.27585,48.1997],[-115.27509,48.20083],[-115.2673,48.21437],[-115.27836,48.21569],[-115.29236,48.2281],[-115.29316,48.22903],[-115.29971,48.24008],[-115.29273,48.24984],[-115.29344,48.2511],[-115.29323,48.25538],[-115.29624,48.26319],[-115.2977,48.26652],[-115.30221,48.27075],[-115.30351,48.27288],[-115.30859,48.27684],[-115.30661,48.27973],[-115.30796,48.28488],[-115.30805,48.29031],[-115.31126,48.29793],[-115.30686,48.30744],[-115.30578,48.31116],[-115.30343,48.3161],[-115.30449,48.31796],[-115.30796,48.32214],[-115.3073,48.32387],[-115.31077,48.32467],[-115.31627,48.3316],[-115.31361,48.33754],[-115.31372,48.33844],[-115.31033,48.34075],[-115.31185,48.3436],[-115.31202,48.35078],[-115.31551,48.35688],[-115.32509,48.36573]],[[-115.37185,48.0497],[-115.37254,48.0524],[-115.37173,48.05406]]]},"properties":{"gnis_id":"00783461","gnis_name":"Fisher River","fcode":55800,"visibility":5000000}},
{"type":"Feature","geometry":{"type":"MultiLineString","coordinates":[[[-114.27004,47.30134],[-114.26834,47.30215],[-114.26519,47.30009],[-114.26371,47.29961],[-114.26333,47.29951],[-114.26058,47.29877]],[[-113.85309,47.19479],[-113.85591,47.19406],[-113.85804,47.19447],[-113.86515,47.1956],[-113.86622,47.19536],[-113.87016,47.19569],[-113.88824,47.19928],[-113.89552,47.20035],[-113.90864,47.20202]],[[-113.90931,47.20213],[-113.92496,47.2009],[-113.93788,47.19252],[-113.93843,47.18943],[-113.94785,47.18445],[-113.95667,47.17713],[-113.97019,47.16811],[-113.97315,47.16572],[-113.9868,47.15926],[-113.98893,47.15901],[-114.03001,47.1578],[-114.08685,47.17189],[-114.10079,47.17885],[-114.10352,47.18307],[-114.1164,47.19142],[-114.11694,47.19186],[-114.11778,47.19224],[-114.11846,47.19284],[-114.11913,47.19312],[-114.12595,47.20033],[-114.12595,47.20159],[-114.12594,47.20222],[-114.15693,47.22717],[-114.15831,47.22827],[-114.15874,47.22904],[-114.16113,47.23228],[-114.16234,47.23254],[-114.16744,47.23854],[-114.17344,47.24466]]]},"properties":{"gnis_id":"00785499","gnis_name":"Jocko River","fcode":46006,"visibility":5000000}},
{"type":"Feature","geometry":{"type":"MultiLineString","coordinates":[[[-112.22084,46.21065],[-112.21988,46.21015],[-112.19243,46.21001],[-112.18844,46.21013],[-112.18766,46.21013],[-112.17984,46.20717],[-112.18065,46.20477],[-112.17392,46.20129],[-112.16118,46.19985],[-112.13993,46.19325]],[[-112.22112,46.21086],[-112.22239,46.21133],[-112.22437,46.21121],[-112.23435,46.21018],[-112.24685,46.20831],[-112.26088,46.20903],[-112.27155,46.20522],[-112.26925,46.20013],[-112.27425,46.19384]]]},"properties":{"gnis_id":"00788199","gnis_name":"North Fork Little Boulder River","fcode":46006,"visibility":5000000}},
{"type":"Feature","geometry":{"type":"MultiLineString","coordinates":[[[-113.47663,45.70432],[-113.47811,45.70376]],[[-113.45432,45.70687],[-113.45607,45.70645]],[[-113.6237,45.68064],[-113.62281,45.68146],[-113.61946,45.68243]],[[-113.62959,45.67731],[-113.62964,45.67694],[-113.62963,45.67572],[-113.63578,45.66676],[-113.63565,45.66643],[-113.63466,45.66537],[-113.63163,45.6625],[-113.63913,45.65644],[-113.63812,45.65598],[-113.63778,45.6552],[-113.64466,45.65169],[-113.644,45.64978],[-113.64845,45.64545],[-113.64948,45.64378],[-113.65034,45.64336],[-113.65299,45.64249],[-113.65295,45.64238],[-113.65321,45.64211],[-113.66682,45.63886],[-113.66855,45.63891],[-113.67116,45.63986],[-113.67665,45.6402],[-113.67975,45.64009],[-113.68277,45.64125],[-113.68698,45.64168],[-113.68953,45.64264],[-113.69185,45.64296]],[[-113.4645,45.70292],[-113.46658,45.70326]],[[-113.43031,45.71443],[-113.43039,45.71424],[-113.43171,45.71332],[-113.4323,45.71291],[-113.43396,45.71205],[-113.43911,45.71009],[-113.44643,45.70934],[-113.45172,45.70773],[-113.45233,45.70766]],[[-113.46282,45.70463],[-113.46275,45.70328]],[[-113.47158,45.703],[-113.47174,45.70317],[-113.47427,45.70318]],[[-113.47942,45.70368],[-113.48621,45.70374]]]},"properties":{"gnis_id":"00788097","gnis_name":"North Fork Big Hole River","fcode":46006,"visibility":5000000}},
{"type":"Feature","geometry":{"type":"LineString","coordinates":[[-110.57215,46.1638],[-110.61196,46.13222],[-110.61378,46.12986],[-110.61216,46.12519],[-110.61621,46.12305],[-110.61432,46.1202],[-110.61435,46.11928],[-110.61408,46.1098],[-110.61327,46.10777],[-110.61628,46.1005],[-110.61656,46.09915],[-110.61311,46.09461],[-110.61632,46.09038],[-110.61548,46.08891],[-110.61384,46.08282],[-110.61852,46.07729],[-110.62181,46.07694],[-110.63232,46.07406],[-110.63548,46.06834],[-110.63724,46.06742],[-110.64202,46.05185],[-110.6412,46.05172],[-110.63986,46.04828],[-110.63921,46.04589],[-110.63899,46.04296],[-110.64129,46.04029],[-110.64157,46.03499],[-110.64157,46.03486],[-110.64135,46.03428],[-110.64073,46.03083],[-110.63955,46.02055]]},"properties":{"gnis_id":"00790415","gnis_name":"Shields River","fcode":46006,"visibility":5000000}},
{"type":"Feature","geometry":{"type":"MultiLineString","coordinates":[[[-112.24874,46.14886],[-112.25062,46.14842]],[[-112.25861,46.14357],[-112.25956,46.14277]]]},"properties":{"gnis_id":"00786250","gnis_name":"Little Boulder River","fcode":55800,"visibility":5000000}},
{"type":"Feature","geometry":{"type":"MultiLineString","coordinates":[[[-112.85993,44.97588],[-112.85831,44.96988],[-112.85788,44.96818],[-112.85771,44.9675],[-112.8575,44.96669],[-112.85609,44.9611],[-112.85487,44.95629],[-112.85303,44.94904],[-112.85136,44.94669],[-112.85105,44.94611],[-112.85098,44.94583],[-112.84544,44.94119]],[[-111.89048,44.64601],[-111.89158,44.64617],[-111.89339,44.6452],[-111.89517,44.64467],[-111.90376,44.64441],[-111.90535,44.64425],[-111.91301,44.64257],[-111.9141,44.64207],[-111.92686,44.64344],[-111.92952,44.6692],[-111.9436,44.6674],[-111.94471,44.66647],[-111.94753,44.6659],[-111.95346,44.66427],[-111.9542,44.66277],[-111.96227,44.66222],[-111.99359,44.63998],[-112.01005,44.63411],[-112.02,44.63348],[-112.03048,44.63936],[-112.03342,44.64322],[-112.07332,44.64749],[-112.08548,44.64692],[-112.09637,44.64591],[-112.1074,44.63304],[-112.10875,44.63234],[-112.11088,44.63371],[-112.13111,44.6371],[-112.13183,44.63668],[-112.13611,44.63848],[-112.13735,44.63851],[-112.13908,44.64147],[-112.14928,44.63948],[-112.15706,44.64107],[-112.15743,44.64118],[-112.15813,44.64089],[-112.16086,44.64163],[-112.1647,44.6399],[-112.16671,44.63815],[-112.17788,44.641],[-112.19519,44.63855],[-112.20102,44.63883],[-112.2041,44.63968],[-112.22288,44.63659],[-112.23881,44.63488],[-112.23988,44.63495],[-112.24487,44.63614],[-112.2477,44.6348],[-112.24895,44.63425],[-112.27111,44.62929],[-112.288,44.62282],[-112.30024,44.62154],[-112.32544,44.62781],[-112.33598,44.63227],[-112.34277,44.63451],[-112.3428,44.63453],[-112.34664,44.63877],[-112.35008,44.64181],[-112.35094,44.64236],[-112.35471,44.64434],[-112.36914,44.6565]],[[-112.83848,44.93292],[-112.83803,44.92778]],[[-112.37024,44.65646],[-112.37034,44.6565],[-112.37159,44.65574]],[[-112.83498,44.92093],[-112.82016,44.91509]]]},"properties":{"gnis_id":"00789486","gnis_name":"Red Rock River","fcode":55800,"visibility":5000000}},
{"type":"Feature","geometry":{"type":"LineString","coordinates":[[-112.85703,47.62984],[-112.8596,47.6395],[-112.86009,47.64065],[-112.86743,47.64278],[-112.86981,47.64856],[-112.87237,47.64849],[-112.87381,47.64911],[-112.87571,47.64825],[-112.87588,47.64829],[-112.87588,47.65147],[-112.87577,47.65144],[-112.87588,47.65626],[-112.87629,47.65632],[-112.87645,47.65638],[-112.87772,47.65691],[-112.87746,47.65848],[-112.87904,47.6605],[-112.88046,47.66046],[-112.88172,47.66029],[-112.88231,47.66045],[-112.88381,47.66217],[-112.88299,47.6625],[-112.88665,47.66603],[-112.88871,47.66719],[-112.89031,47.66822],[-112.90187,47.68259],[-112.90302,47.68322],[-112.91228,47.69382],[-112.91313,47.69779],[-112.90225,47.70849],[-112.90492,47.72259],[-112.9044,47.72324],[-112.90158,47.72824],[-112.90228,47.72879],[-112.90518,47.73383],[-112.90647,47.73517],[-112.91462,47.745],[-112.9158,47.74994],[-112.92545,47.75719],[-112.91842,47.77291],[-112.92082,47.78153],[-112.92151,47.78236],[-112.9146,47.8008],[-112.91666,47.82028],[-112.91332,47.8247]]},"properties":{"gnis_id":"00801243","gnis_name":"North Fork Sun River","fcode":55800,"visibility":5000000}},
{"type":"Feature","geometry":{"type":"MultiLineString","coordinates":[[[-113.10176,45.59784],[-113.10163,45.59721]],[[-113.00095,45.7426],[-112.9961,45.74595],[-112.98852,45.74833],[-112.98256,45.75228],[-112.98053,45.75347],[-112.97217,45.75711],[-112.97102,45.75778],[-112.96364,45.76338],[-112.96281,45.7644],[-112.96248,45.76569],[-112.96261,45.76746],[-112.96212,45.77512],[-112.962,45.77528],[-112.95095,45.79449],[-112.94631,45.79908]],[[-113.08168,45.53391],[-113.08371,45.53708],[-113.08436,45.54379],[-113.08887,45.54695],[-113.09396,45.55299],[-113.09263,45.55533],[-113.09241,45.55559],[-113.0925,45.55571]]]},"properties":{"gnis_id":"00793435","gnis_name":"Wise River","fcode":46006,"visibility":5000000}},
{"type":"Feature","geometry":{"type":"LineString","coordinates":[[-109.8682,45.02292],[-109.86805,45.02311],[-109.86278,45.02592],[-109.84933,45.04094],[-109.84621,45.04609],[-109.84352,45.04949],[-109.84233,45.05348],[-109.8441,45.05515],[-109.85122,45.06502],[-109.86676,45.07391]]},"properties":{"gnis_id":"00780423","gnis_name":"Broadwater River","fcode":55800,"visibility":5000000}},
{"type":"Feature","geometry":{"type":"LineString","coordinates":[[-110.26942,46.84903],[-110.2759,46.83721],[-110.27705,46.83467],[-110.28029,46.83188],[-110.28639,46.82506],[-110.28417,46.8225],[-110.28223,46.81922],[-110.28741,46.81362],[-110.29139,46.80988],[-110.29549,46.80604],[-110.29937,46.79842],[-110.29874,46.79641],[-110.30126,46.78607],[-110.30109,46.78352],[-110.29978,46.78259],[-110.3023,46.77753],[-110.30727,46.7667],[-110.30689,46.76538],[-110.30983,46.7623],[-110.31225,46.76047],[-110.31697,46.75628],[-110.32223,46.75378],[-110.32492,46.75244],[-110.32961,46.75087],[-110.33447,46.74831],[-110.33745,46.74791],[-110.33772,46.74471],[-110.34183,46.74287],[-110.3458,46.73856],[-110.35683,46.73652],[-110.36837,46.72566],[-110.36851,46.72538],[-110.38385,46.72101],[-110.38989,46.71868],[-110.40152,46.71474],[-110.42555,46.71885],[-110.45679,46.71786],[-110.46726,46.71967],[-110.47124,46.72064],[-110.47827,46.72154],[-110.48211,46.72459]]},"properties":{"gnis_id":"00790990","gnis_name":"South Fork Judith River","fcode":46006,"visibility":5000000}},
{"type":"Feature","geometry":{"type":"MultiLineString","coordinates":[[[-112.49514,47.67571],[-112.46617,47.65303],[-112.46589,47.65305],[-112.46457,47.65211],[-112.4618,47.65075],[-112.45816,47.64958],[-112.45514,47.64843],[-112.45362,47.64647],[-112.44859,47.64006],[-112.43057,47.62494],[-112.42757,47.6233],[-112.42708,47.62309]],[[-112.16139,47.58063],[-112.14645,47.57962],[-112.14575,47.57959],[-112.13665,47.58217],[-112.13589,47.58636],[-112.12584,47.59044],[-112.12384,47.5906],[-112.12316,47.59354]],[[-112.41702,47.61732],[-112.41233,47.61531],[-112.40725,47.6077],[-112.38753,47.60619],[-112.37985,47.60007],[-112.37585,47.59801],[-112.36831,47.60006],[-112.35731,47.59984],[-112.34359,47.59595],[-112.3389,47.59645],[-112.32422,47.59147],[-112.31928,47.58771],[-112.31201,47.5958],[-112.25326,47.58262],[-112.25085,47.5827],[-112.22982,47.58242],[-112.20967,47.58221],[-112.18939,47.58242],[-112.17046,47.58267],[-112.16506,47.58374],[-112.16495,47.58367]]]},"properties":{"gnis_id":"00777315","gnis_name":"Sun River Slope Canal","fcode":55800,"visibility":5000000}},
{"type":"Feature","geometry":{"type":"MultiLineString","coordinates":[[[-113.90931,47.20213],[-113.90913,47.20207],[-113.90864,47.20202]],[[-114.27004,47.30134],[-114.27078,47.30235],[-114.27128,47.30256],[-114.29501,47.30781],[-114.30508,47.3216]],[[-114.17344,47.24466],[-114.17088,47.24803],[-114.17154,47.25575],[-114.16889,47.25781],[-114.17941,47.26861],[-114.1881,47.27712],[-114.19339,47.27916],[-114.19773,47.2816],[-114.19806,47.28236],[-114.19954,47.28237],[-114.21565,47.28344],[-114.23083,47.28864],[-114.2316,47.28892],[-114.24404,47.29074],[-114.25894,47.29834],[-114.26045,47.29872],[-114.26058,47.29877]]]},"properties":{"gnis_id":"00785499","gnis_name":"Jocko River","fcode":55800,"visibility":5000000}},
{"type":"Feature","geometry":{"type":"MultiLineString","coordinates":[[[-113.0768,48.41941],[-113.08005,48.42041]],[[-113.06795,48.41728],[-113.06695,48.41733],[-113.06667,48.41583]],[[-113.1964,48.44069],[-113.19711,48.44126]],[[-113.08248,48.42096],[-113.08282,48.4218]],[[-113.26345,48.49229],[-113.26112,48.49041],[-113.26047,48.4897],[-113.26022,48.48912],[-113.25386,48.48091],[-113.24614,48.47703],[-113.23927,48.47233],[-113.23818,48.47049],[-113.21031,48.45774],[-113.20065,48.44774]],[[-112.78694,48.47644],[-112.78917,48.47652]],[[-113.19825,48.44292],[-113.20215,48.44653]],[[-113.07432,48.41648],[-113.07504,48.41882]],[[-113.11517,48.4286],[-113.11265,48.42977],[-113.11108,48.42911]],[[-113.19332,48.43989],[-113.18432,48.4359],[-113.18225,48.42972],[-113.1813,48.42798]],[[-113.1248,48.42674],[-113.12514,48.42643]],[[-113.10577,48.42733],[-113.10533,48.42863]],[[-113.11711,48.42514],[-113.12147,48.42736]],[[-113.06468,48.41234],[-113.0652,48.41354]],[[-113.10566,48.42653],[-113.10573,48.42656]],[[-113.17605,48.42554],[-113.17686,48.42565]],[[-113.08259,48.42287],[-113.08274,48.42301]],[[-113.09511,48.42491],[-113.09563,48.42494]],[[-112.8504,48.43901],[-112.85028,48.4386]],[[-112.85621,48.43225],[-112.85635,48.43199]],[[-112.84222,48.44886],[-112.84218,48.44797]],[[-113.11589,48.42673],[-113.11594,48.42649]],[[-113.09698,48.42483],[-113.09724,48.42486]]]},"properties":{"gnis_id":"00792559","gnis_name":"Two Medicine River","fcode":46006,"visibility":5000000}},
{"type":"Feature","geometry":{"type":"LineString","coordinates":[[-113.85309,47.19479],[-113.84917,47.19599],[-113.84043,47.19523],[-113.83286,47.19423],[-113.82436,47.19044],[-113.8172,47.18865],[-113.81011,47.18721],[-113.80804,47.18531],[-113.80373,47.17914],[-113.80012,47.17642],[-113.80172,47.17234],[-113.80022,47.17018],[-113.79997,47.16995],[-113.79665,47.16709],[-113.78329,47.15502],[-113.78077,47.15094],[-113.77741,47.14575],[-113.77704,47.14556],[-113.77676,47.14089],[-113.7757,47.13912],[-113.77546,47.13902],[-113.766,47.13365],[-113.76462,47.13153],[-113.76454,47.13143],[-113.76499,47.12371],[-113.76719,47.12082],[-113.76263,47.11553],[-113.76231,47.11446],[-113.7674,47.10358],[-113.82181,47.10545],[-113.82402,47.10743],[-113.82868,47.11201],[-113.83328,47.11548]]},"properties":{"gnis_id":"00776839","gnis_name":"South Fork Jocko River","fcode":46006,"visibility":5000000}},
{"type":"Feature","geometry":{"type":"MultiLineString","coordinates":[[[-114.70366,48.01116],[-114.70296,48.00925],[-114.70301,48.00913]],[[-114.72198,47.98417],[-114.72188,47.98438],[-114.7206,47.98904]],[[-114.72842,47.96793],[-114.73285,47.95241],[-114.72843,47.94437],[-114.7431,47.93333],[-114.74019,47.93091],[-114.73252,47.92844]],[[-114.71649,48.00372],[-114.70912,48.00408]],[[-114.72158,47.98931],[-114.72205,47.99001]],[[-114.68785,47.89946],[-114.68845,47.89953]],[[-114.69837,48.08977],[-114.69787,48.09221]],[[-114.65291,47.78377],[-114.65294,47.78405]],[[-114.72021,47.99895],[-114.71655,48.00294]],[[-114.33132,47.49512],[-114.33068,47.4949]],[[-114.72209,47.99038],[-114.7222,47.99107]]]},"properties":{"gnis_id":"00786243","gnis_name":"Little Bitterroot River","fcode":55800,"visibility":5000000}},
{"type":"Feature","geometry":{"type":"LineString","coordinates":[[-110.22944,45.34337],[-110.23022,45.34268],[-110.22978,45.34147],[-110.236,45.32017],[-110.23803,45.3157],[-110.23725,45.31395],[-110.23767,45.31338],[-110.23741,45.31308],[-110.23691,45.31246],[-110.23704,45.31217],[-110.23754,45.31165],[-110.24095,45.29742],[-110.24107,45.29594],[-110.24071,45.29532],[-110.24181,45.28872],[-110.24125,45.28713],[-110.24517,45.27804],[-110.26068,45.2438],[-110.26204,45.22969],[-110.25732,45.22009]]},"properties":{"gnis_id":"00780284","gnis_name":"Boulder River","fcode":46006,"visibility":5000000}},
{"type":"Feature","geometry":{"type":"LineString","coordinates":[[-110.74681,46.62162],[-110.73821,46.62304],[-110.73723,46.62495],[-110.73627,46.63627],[-110.73512,46.63823]]},"properties":{"gnis_id":"00788249","gnis_name":"North Fork Smith River","fcode":55800,"visibility":5000000}},
{"type":"Feature","geometry":{"type":"MultiLineString","coordinates":[[[-113.37864,46.96428],[-113.37874,46.96461],[-113.38289,46.97906],[-113.38282,46.97951],[-113.38471,46.98207],[-113.3854,46.98308],[-113.38628,46.98415],[-113.38962,46.98556],[-113.38913,46.99066],[-113.38427,46.99494],[-113.38645,46.9959],[-113.38372,46.99692],[-113.38178,47.0012],[-113.38342,47.01816],[-113.38442,47.01943],[-113.39682,47.0339],[-113.3944,47.03421],[-113.39997,47.04883],[-113.39734,47.0494],[-113.39842,47.05975],[-113.39039,47.06668],[-113.3867,47.07215],[-113.39548,47.08317],[-113.39827,47.08531],[-113.40295,47.09063],[-113.40309,47.09327],[-113.42542,47.10766],[-113.42853,47.10677],[-113.43355,47.10916],[-113.4405,47.10971]],[[-113.54284,47.24373],[-113.54465,47.24357]],[[-113.53429,47.22136],[-113.5275,47.21231],[-113.5254,47.20832],[-113.51952,47.20241],[-113.51091,47.19105],[-113.51608,47.18888],[-113.51618,47.17962],[-113.50864,47.17201],[-113.49002,47.15919],[-113.48038,47.15012],[-113.47648,47.1472],[-113.46787,47.13923],[-113.4607,47.14094],[-113.45423,47.13384],[-113.44865,47.12494],[-113.44868,47.12397],[-113.44653,47.119],[-113.44218,47.11521],[-113.43808,47.11237]],[[-113.56583,47.26759],[-113.56671,47.27196],[-113.56623,47.27411]]]},"properties":{"gnis_id":"00781367","gnis_name":"Clearwater River","fcode":55800,"visibility":5000000}},
{"type":"Feature","geometry":{"type":"LineString","coordinates":[[-112.91571,47.18857],[-112.92641,47.20454],[-112.92742,47.20438],[-112.93448,47.20724],[-112.93741,47.20969]]},"properties":{"gnis_id":"00800715","gnis_name":"Dry Fork North Fork Blackfoot River","fcode":46003,"visibility":5000000}},
{"type":"Feature","geometry":{"type":"LineString","coordinates":[[-112.90304,47.52464],[-112.90325,47.5249],[-112.90801,47.52864],[-112.91052,47.53414],[-112.91747,47.5511],[-112.91732,47.55142],[-112.91994,47.55863],[-112.92246,47.55898],[-112.92123,47.56164],[-112.92011,47.56196],[-112.91578,47.56426],[-112.91301,47.56473],[-112.91209,47.56834],[-112.9123,47.56948],[-112.9138,47.57301],[-112.90816,47.57772],[-112.90744,47.57804],[-112.9051,47.58234],[-112.90181,47.58967],[-112.88854,47.59489],[-112.88338,47.6034],[-112.88104,47.60699],[-112.88101,47.61074],[-112.88092,47.61237],[-112.87784,47.61796],[-112.87991,47.62126],[-112.87748,47.62122],[-112.87588,47.62162],[-112.8742,47.62494],[-112.86841,47.629],[-112.85703,47.62984]]},"properties":{"gnis_id":"00801498","gnis_name":"South Fork Sun River","fcode":55800,"visibility":5000000}},
{"type":"Feature","geometry":{"type":"MultiLineString","coordinates":[[[-112.42427,47.88481],[-112.42988,47.8834]],[[-112.31186,47.87169],[-112.31847,47.87251]],[[-112.50547,47.87746],[-112.4995,47.87906],[-112.49345,47.87795],[-112.49275,47.87788]],[[-112.44992,47.88049],[-112.45705,47.88082]],[[-112.2907,47.86528],[-112.28995,47.86468],[-112.28963,47.86343],[-112.2896,47.86339],[-112.28848,47.86268],[-112.28724,47.86203],[-112.28604,47.86133],[-112.28498,47.86067],[-112.28239,47.86076],[-112.27783,47.86073],[-112.26601,47.85885],[-112.26494,47.85876],[-112.26105,47.85792],[-112.25918,47.85876],[-112.25715,47.85969]],[[-112.34625,47.88636],[-112.34771,47.88482]]]},"properties":{"gnis_id":"00792009","gnis_name":"Teton River","fcode":46003,"visibility":5000000}},
{"type":"Feature","geometry":{"type":"LineString","coordinates":[[-113.01123,45.73971],[-113.00462,45.75192],[-113.00423,45.75263]]},"properties":{"gnis_id":"00793436","gnis_name":"Wise River Ditch","fcode":33601,"visibility":5000000}},
{"type":"Feature","geometry":{"type":"LineString","coordinates":[[-111.58253,44.889],[-111.58259,44.88876],[-111.58307,44.88718],[-111.58102,44.86888],[-111.58243,44.8611],[-111.57951,44.8555],[-111.58021,44.85465],[-111.57997,44.85092],[-111.58177,44.84883],[-111.59252,44.83336],[-111.59327,44.83231],[-111.59459,44.82983],[-111.596,44.82749],[-111.59607,44.82738],[-111.59801,44.8252],[-111.6167,44.80017],[-111.61853,44.79928],[-111.6194,44.79821],[-111.62106,44.79556],[-111.62229,44.79485],[-111.62308,44.79488],[-111.62387,44.7947],[-111.62511,44.79375],[-111.63163,44.79003]]},"properties":{"gnis_id":"00793046","gnis_name":"West Fork Madison River","fcode":55800,"visibility":5000000}},
{"type":"Feature","geometry":{"type":"LineString","coordinates":[[-113.05829,47.99622],[-113.06045,47.99605],[-113.0674,47.99969],[-113.07614,48.00159],[-113.0859,48.00982],[-113.08692,48.01052]]},"properties":{"gnis_id":"00787275","gnis_name":"Middle Fork Flathead River","fcode":46006,"visibility":5000000}},
{"type":"Feature","geometry":{"type":"MultiLineString","coordinates":[[[-105.7505,46.24474],[-105.75046,46.24462]],[[-106.76883,45.13373],[-106.76979,45.13225]]]},"properties":{"gnis_id":"00792265","gnis_name":"Tongue River","fcode":33400,"visibility":5000000}},
{"type":"Feature","geometry":{"type":"MultiLineString","coordinates":[[[-113.77056,47.28141],[-113.77281,47.28047],[-113.77561,47.28121],[-113.7757,47.28169],[-113.77529,47.28232],[-113.77675,47.2834]],[[-113.76762,47.28098],[-113.75471,47.27566],[-113.75335,47.27221]],[[-113.7785,47.24993],[-113.77675,47.25375]]]},"properties":{"gnis_id":"00806338","gnis_name":"North Fork Jocko River","fcode":46003,"visibility":5000000}},
{"type":"Feature","geometry":{"type":"LineString","coordinates":[[-110.26942,46.84903],[-110.27949,46.84746],[-110.298,46.84703],[-110.3032,46.84673],[-110.31028,46.84579],[-110.32227,46.84652],[-110.32953,46.8471],[-110.34033,46.84426],[-110.34285,46.84435],[-110.34726,46.84555],[-110.35122,46.84405],[-110.36215,46.8426],[-110.36515,46.84104],[-110.37879,46.83671],[-110.39782,46.83588],[-110.39995,46.83605],[-110.40784,46.83559],[-110.4135,46.83539],[-110.41477,46.83608],[-110.42437,46.83763],[-110.42998,46.83802],[-110.43165,46.83747],[-110.44349,46.83823],[-110.4454,46.83883],[-110.449,46.83932],[-110.45699,46.84076],[-110.45843,46.8413]]},"properties":{"gnis_id":"00787283","gnis_name":"Middle Fork Judith River","fcode":46006,"visibility":5000000}},
{"type":"Feature","geometry":{"type":"MultiLineString","coordinates":[[[-111.78255,48.32113],[-111.78109,48.32012]],[[-111.78284,48.3155],[-111.78332,48.31507]]]},"properties":{"gnis_id":"00770824","gnis_name":"Dry Fork Marias River","fcode":46003,"visibility":5000000}},
{"type":"Feature","geometry":{"type":"LineString","coordinates":[[-111.23214,44.74531],[-111.23314,44.74267],[-111.2264,44.72162],[-111.2215,44.71901],[-111.22099,44.71994],[-111.22089,44.72007]]},"properties":{"gnis_id":"00791009","gnis_name":"South Fork Madison River","fcode":55800,"visibility":5000000}},
{"type":"Feature","geometry":{"type":"LineString","coordinates":[[-113.00037,48.9986],[-113.00204,48.99696],[-113.01526,48.99012],[-113.02241,48.98858],[-113.04322,48.97817],[-113.04333,48.97709]]},"properties":{"gnis_id":"00774784","gnis_name":"North Fork Milk River","fcode":55800,"visibility":5000000}},
{"type":"Feature","geometry":{"type":"LineString","coordinates":[[-111.16025,44.60548],[-111.16104,44.60185],[-111.16304,44.60041],[-111.16861,44.58271]]},"properties":{"gnis_id":"00791009","gnis_name":"South Fork Madison River","fcode":46003,"visibility":5000000}},
{"type":"Feature","geometry":{"type":"LineString","coordinates":[[-112.94977,47.55327],[-112.92797,47.5584],[-112.92246,47.55898]]},"properties":{"gnis_id":"00801676","gnis_name":"West Fork South Fork Sun River","fcode":55800,"visibility":5000000}},
{"type":"Feature","geometry":{"type":"LineString","coordinates":[[-113.05861,48.41055],[-113.05866,48.41048]]},"properties":{"gnis_id":"00791078","gnis_name":"South Fork Two Medicine River","fcode":55800,"visibility":5000000}},
{"type":"Feature","geometry":{"type":"MultiLineString","coordinates":[[[-111.12188,47.56964],[-111.12312,47.57003]],[[-111.2059,47.53388],[-111.20611,47.53405]],[[-111.14876,47.55281],[-111.14904,47.55274]],[[-111.72826,46.64873],[-111.72785,46.64846]],[[-111.06002,47.5816],[-111.06028,47.58129]],[[-106.4117,48.01252],[-106.40258,48.00641]],[[-112.00487,46.99162],[-112.00439,46.99154]],[[-111.26128,47.52131],[-111.26167,47.52123]]]},"properties":{"gnis_id":"00756398","gnis_name":"Missouri River","fcode":33400,"visibility":5000000}},
{"type":"Feature","geometry":{"type":"LineString","coordinates":[[-110.55842,46.40691],[-110.55872,46.4066],[-110.56512,46.40625],[-110.57251,46.40308],[-110.57989,46.4007],[-110.58076,46.40041]]},"properties":{"gnis_id":"00791021","gnis_name":"South Fork Musselshell River","fcode":33601,"visibility":5000000}},
{"type":"Feature","geometry":{"type":"LineString","coordinates":[[-111.33721,44.86436],[-111.33483,44.86416]]},"properties":{"gnis_id":"00801119","gnis_name":"Madison River","fcode":46006,"visibility":5000000}},
{"type":"Feature","geometry":{"type":"LineString","coordinates":[[-112.41702,47.61732],[-112.42708,47.62309]]},"properties":{"gnis_id":"00777315","gnis_name":"Sun River Slope Canal","fcode":33600,"visibility":5000000}},
{"type":"Feature","geometry":{"type":"LineString","coordinates":[[-111.27247,45.26697],[-111.26409,45.26583],[-111.25263,45.26537]]},"properties":{"gnis_id":"00793921","gnis_name":"West Fork Gallatin River","fcode":46006,"visibility":5000000}},
{"type":"Feature","geometry":{"type":"MultiLineString","coordinates":[[[-111.9579,45.76536],[-111.95495,45.77008],[-111.94726,45.77564]],[[-111.94256,45.77983],[-111.93985,45.78584],[-111.93884,45.78662]]]},"properties":{"gnis_id":"00790880","gnis_name":"South Boulder River","fcode":46003,"visibility":5000000}},
{"type":"Feature","geometry":{"type":"LineString","coordinates":[[-112.37024,44.65646],[-112.36924,44.65648]]},"properties":{"gnis_id":"00789486","gnis_name":"Red Rock River","fcode":33400,"visibility":5000000}},
{"type":"Feature","geometry":{"type":"LineString","coordinates":[[-112.93741,47.20969],[-112.93877,47.21414],[-112.93976,47.21446],[-112.94037,47.21587],[-112.94166,47.21852],[-112.94294,47.22001],[-112.94318,47.22087],[-112.9443,47.22205],[-112.94829,47.22546],[-112.95018,47.22657]]},"properties":{"gnis_id":"00800715","gnis_name":"Dry Fork North Fork Blackfoot River","fcode":46006,"visibility":5000000}},
{"type":"Feature","geometry":{"type":"LineString","coordinates":[[-110.12675,45.62354],[-110.12667,45.62347]]},"properties":{"gnis_id":"00782782","gnis_name":"East Boulder River","fcode":55800,"visibility":5000000}},
{"type":"Feature","geometry":{"type":"MultiLineString","coordinates":[[[-110.11014,46.95061],[-110.0929,46.96558],[-110.08154,46.96786]],[[-110.25076,46.87692],[-110.25094,46.87626],[-110.25076,46.87602]]]},"properties":{"gnis_id":"00785583","gnis_name":"Judith River","fcode":46003,"visibility":5000000}},
{"type":"Feature","geometry":{"type":"LineString","coordinates":[[-113.47057,47.94246],[-113.47245,47.94207],[-113.47307,47.94193],[-113.47514,47.94122],[-113.47607,47.94085],[-113.47934,47.9392],[-113.48051,47.93909],[-113.48463,47.93909]]},"properties":{"gnis_id":"00799022","gnis_name":"Spotted Bear River","fcode":46006,"visibility":5000000}},
{"type":"Feature","geometry":{"type":"LineString","coordinates":[[-114.30765,45.67339],[-114.30854,45.67763],[-114.30883,45.67896],[-114.30813,45.68015]]},"properties":{"gnis_id":"00792982","gnis_name":"West Fork Bitterroot River","fcode":46006,"visibility":5000000}},
{"type":"Feature","geometry":{"type":"LineString","coordinates":[[-107.95294,47.13474],[-107.95476,47.13481]]},"properties":{"gnis_id":"00774527","gnis_name":"Musselshell River","fcode":46006,"visibility":5000000}},
{"type":"Feature","geometry":{"type":"MultiLineString","coordinates":[[[-115.35143,47.59158],[-115.3512,47.59169]],[[-115.73379,47.9616],[-115.73311,47.96134]]]},"properties":{"gnis_id":"00798973","gnis_name":"Clark Fork","fcode":33400,"visibility":5000000}},
{"type":"Feature","geometry":{"type":"LineString","coordinates":[[-112.22084,46.21065],[-112.22112,46.21086]]},"properties":{"gnis_id":"00788199","gnis_name":"North Fork Little Boulder River","fcode":55800,"visibility":5000000}},
{"type":"Feature","geometry":{"type":"LineString","coordinates":[[-112.63341,47.88306],[-112.63451,47.88307]]},"properties":{"gnis_id":"00788262","gnis_name":"North Fork Teton River","fcode":55800,"visibility":5000000}},
{"type":"Feature","geometry":{"type":"MultiLineString","coordinates":[[[-111.91782,45.84342],[-111.91811,45.84339]],[[-112.05287,45.60816],[-112.05319,45.60801],[-112.05329,45.60737],[-112.05353,45.60729]]]},"properties":{"gnis_id":"00790880","gnis_name":"South Boulder River","fcode":55800,"visibility":5000000}},
{"type":"Feature","geometry":{"type":"LineString","coordinates":[[-108.72788,48.48222],[-108.75747,48.48567],[-108.76696,48.48601]]},"properties":{"gnis_id":"00774215","gnis_name":"Milk River Canal A","fcode":33600,"visibility":5000000}},
{"type":"Feature","geometry":{"type":"LineString","coordinates":[[-111.25246,45.26524],[-111.25263,45.26537]]},"properties":{"gnis_id":"00793921","gnis_name":"West Fork Gallatin River","fcode":55800,"visibility":5000000}},
{"type":"Feature","geometry":{"type":"LineString","coordinates":[[-113.41789,47.83204],[-113.41733,47.83319],[-113.42065,47.83577]]},"properties":{"gnis_id":"00790966","gnis_name":"South Fork Flathead River","fcode":46006,"visibility":5000000}},
{"type":"Feature","geometry":{"type":"LineString","coordinates":[[-110.07687,45.78325],[-110.077,45.78314]]},"properties":{"gnis_id":"01035255","gnis_name":"Yellowstone River","fcode":46006,"visibility":5000000}},
{"type":"Feature","geometry":{"type":"LineString","coordinates":[[-112.88726,47.19642],[-112.87155,47.18823],[-112.86558,47.18343],[-112.86502,47.18336],[-112.85984,47.17907],[-112.85517,47.17945],[-112.84415,47.17884]]},"properties":{"gnis_id":"00800737","gnis_name":"East Fork North Fork Blackfoot River","fcode":46006,"visibility":5000000}},
{"type":"Feature","geometry":{"type":"LineString","coordinates":[[-112.12173,47.5963],[-112.12316,47.59354]]},"properties":{"gnis_id":"00777315","gnis_name":"Sun River Slope Canal","fcode":42801,"visibility":5000000}},
{"type":"Feature","geometry":{"type":"MultiLineString","coordinates":[[[-112.47507,46.57261],[-112.47015,46.57235]],[[-112.79913,46.51539],[-112.79908,46.51545]]]},"properties":{"gnis_id":"00786244","gnis_name":"Little Blackfoot River","fcode":55800,"visibility":5000000}},
{"type":"Feature","geometry":{"type":"LineString","coordinates":[[-115.50248,47.40669],[-115.50627,47.40801],[-115.51112,47.41123],[-115.54404,47.41691]]},"properties":{"gnis_id":"00789958","gnis_name":"Saint Regis River","fcode":46006,"visibility":5000000}},
{"type":"Feature","geometry":{"type":"LineString","coordinates":[[-112.4376,44.65896],[-112.43751,44.65902]]},"properties":{"gnis_id":"00789486","gnis_name":"Red Rock River","fcode":46003,"visibility":5000000}},
{"type":"Feature","geometry":{"type":"LineString","coordinates":[[-110.08167,45.5033],[-110.08164,45.48903]]},"properties":{"gnis_id":"00782782","gnis_name":"East Boulder River","fcode":46003,"visibility":5000000}},
{"type":"Feature","geometry":{"type":"LineString","coordinates":[[-110.57255,46.76808],[-110.56606,46.75022],[-110.58725,46.72231]]},"properties":{"gnis_id":"00788217","gnis_name":"North Fork Musselshell River","fcode":46003,"visibility":5000000}},
{"type":"Feature","geometry":{"type":"LineString","coordinates":[[-112.88726,47.19642],[-112.88896,47.19669],[-112.91571,47.18857]]},"properties":{"gnis_id":"00801227","gnis_name":"North Fork Blackfoot River","fcode":46006,"visibility":5000000}},
{"type":"Feature","geometry":{"type":"LineString","coordinates":[[-115.0004,47.86617],[-115.00097,47.86654]]},"properties":{"gnis_id":"00792103","gnis_name":"Thompson River","fcode":33400,"visibility":5000000}},
{"type":"Feature","geometry":{"type":"LineString","coordinates":[[-114.28076,45.71837],[-114.28065,45.7177]]},"properties":{"gnis_id":"00792982","gnis_name":"West Fork Bitterroot River","fcode":33400,"visibility":5000000}},
{"type":"Feature","geometry":{"type":"LineString","coordinates":[[-112.25085,47.23413],[-112.25085,47.23617]]},"properties":{"gnis_id":"00800688","gnis_name":"Dearborn River","fcode":33400,"visibility":5000000}},
{"type":"Feature","geometry":{"type":"LineString","coordinates":[[-112.49514,47.67571],[-112.49545,47.67625]]},"properties":{"gnis_id":"00777315","gnis_name":"Sun River Slope Canal","fcode":33400,"visibility":5000000}},
{"type":"Feature","geometry":{"type":"LineString","coordinates":[[-109.79262,45.43729],[-109.79257,45.43736]]},"properties":{"gnis_id":"00793082","gnis_name":"West Fork Stillwater River","fcode":55800,"visibility":5000000}},
{"type":"Feature","geometry":{"type":"LineString","coordinates":[[-114.5514,48.51603],[-114.55165,48.51619]]},"properties":{"gnis_id":"00791525","gnis_name":"Stillwater River","fcode":33400,"visibility":5000000}},
{"type":"Feature","geometry":{"type":"LineString","coordinates":[[-108.76696,48.48601],[-108.76707,48.48614]]},"properties":{"gnis_id":"00774215","gnis_name":"Milk River Canal A","fcode":55800,"visibility":5000000}},
{"type":"Feature","geometry":{"type":"LineString","coordinates":[[-107.30256,49.00009],[-107.30254,49.00011]]},"properties":{"gnis_id":"-1","gnis_name":"Frenchman River","fcode":55800,"visibility":5000000}},
{"type":"Feature","geometry":{"type":"LineString","coordinates":[[-105.94589,46.35714],[-105.947,46.35727]]},"properties":{"gnis_id":"01035255","gnis_name":"Yellowstone River","fcode":46003,"visibility":5000000}},
{"type":"Feature","geometry":{"type":"LineString","coordinates":[[-105.71971,46.49841],[-105.71954,46.49871],[-105.71928,46.49917]]},"properties":{"gnis_id":"00777701","gnis_name":"Tongue and Yellowstone River Irrigation District Canal","fcode":42813,"visibility":5000000}},
{"type":"Feature","geometry":{"type":"LineString","coordinates":[[-111.5512,47.56829],[-111.55133,47.56834]]},"properties":{"gnis_id":"00805846","gnis_name":"Sun River Valley Ditch","fcode":55800,"visibility":5000000}},
{"type":"Feature","geometry":{"type":"MultiLineString","coordinates":[[[-106.36404,48.99956],[-106.36411,48.9995]],[[-106.36365,48.9995],[-106.36368,48.99956]]]},"properties":{"gnis_id":"-1","gnis_name":"West Poplar River","fcode":46006,"visibility":5000000}},
{"type":"Feature","geometry":{"type":"LineString","coordinates":[[-107.95813,45.30701],[-107.95815,45.30691]]},"properties":{"gnis_id":"00779903","gnis_name":"Bighorn River","fcode":46006,"visibility":5000000}},
{"type":"Feature","geometry":{"type":"LineString","coordinates":[[-115.55298,47.81622],[-115.53523,47.833]]},"properties":{"gnis_id":"00792696","gnis_name":"Vermilion River","fcode":55800,"visibility":5000000}},
{"type":"Feature","geometry":{"type":"LineString","coordinates":[[-112.09443,48.24876],[-112.09633,48.25]]},"properties":{"gnis_id":"00770824","gnis_name":"Dry Fork Marias River","fcode":46000,"visibility":5000000}},
{"type":"Feature","geometry":{"type":"LineString","coordinates":[[-112.70646,47.62107],[-112.70674,47.62106]]},"properties":{"gnis_id":"00802208","gnis_name":"Sun River","fcode":42803,"visibility":5000000}},
{"type":"Feature","geometry":{"type":"LineString","coordinates":[[-114.01453,48.34162],[-114.01253,48.34118]]},"properties":{"gnis_id":"00790966","gnis_name":"South Fork Flathead River","fcode":33400,"visibility":5000000}},
{"type":"Feature","geometry":{"type":"LineString","coordinates":[[-115.31475,48.40984],[-115.31424,48.41051]]},"properties":{"gnis_id":"00384301","gnis_name":"Kootenai River","fcode":33400,"visibility":5000000}},
{"type":"Feature","geometry":{"type":"LineString","coordinates":[[-113.23257,48.91919],[-113.23401,48.91902]]},"properties":{"gnis_id":"00774784","gnis_name":"North Fork Milk River","fcode":46003,"visibility":5000000}},
{"type":"Feature","geometry":{"type":"LineString","coordinates":[[-107.95815,45.30691],[-107.9582,45.30668]]},"properties":{"gnis_id":"00779903","gnis_name":"Bighorn River","fcode":33400,"visibility":5000000}},
{"type":"Feature","geometry":null,"properties":{"gnis_id":"-1","gnis_name":"Milk River","fcode":55800,"visibility":5000000}},
{"type":"Feature","geometry":null,"properties":{"gnis_id":"-1","gnis_name":"Flathead River","fcode":55800,"visibility":5000000}}
]}