{"type":"FeatureCollection", "features": [
{"type":"Feature","geometry":{"type":"Polygon","coordinates":[[[-109.05847,45.90124],[-109.05832,45.90129],[-109.05014,45.89868],[-109.04966,45.8971],[-109.05151,45.89531],[-109.04996,45.8928],[-109.04584,45.88932],[-109.03971,45.88871],[-109.04266,45.89847],[-109.04121,45.90046],[-109.03646,45.89707],[-109.03398,45.89676],[-109.02892,45.89772],[-109.02711,45.89636],[-109.02806,45.89009],[-109.03107,45.88503],[-109.03263,45.87731],[-109.03098,45.87304],[-109.02626,45.87066],[-109.02701,45.86815],[-109.03126,45.86175],[-109.03331,45.85441],[-109.03491,45.85373],[-109.0402,45.85663],[-109.04337,45.8605],[-109.04602,45.86485],[-109.04442,45.86908],[-109.03848,45.8692],[-109.03894,45.87199],[-109.04426,45.8745],[-109.04749,45.87389],[-109.05104,45.87541],[-109.05637,45.8743],[-109.05886,45.87577],[-109.05985,45.87863],[-109.06326,45.87988],[-109.0685,45.88028],[-109.07466,45.88302],[-109.07769,45.88605],[-109.0808,45.89067],[-109.07976,45.89441],[-109.07356,45.90005],[-109.06788,45.90207],[-109.06629,45.90144],[-109.06556,45.898],[-109.06131,45.89552],[-109.05897,45.89754],[-109.06241,45.89982],[-109.05847,45.90124]],[[-109.06414,45.88558],[-109.06746,45.88577],[-109.06876,45.88366],[-109.0671,45.88073],[-109.0652,45.88101],[-109.06542,45.88404],[-109.06414,45.88558]]]},"properties":{"permanent_":"137462481","fdate":"2005-07-27T00:00:00.000Z","resolution":2,"gnis_id":"00768802","gnis_name":"Big Lake","areasqkm":10.453,"elevation":null,"reachcode":"10070004001439","ftype":390,"fcode":39001,"visibility":5000000,"SHAPE_Leng":null,"SHAPE_Area":null,"ObjectID":22363}},
{"type":"Feature","geometry":{"type":"Polygon","coordinates":[[[-115.17069,48.99957],[-115.17021,48.99744],[-115.16717,48.99726],[-115.16277,48.99564],[-115.16192,48.99279],[-115.15976,48.99134],[-115.15471,48.99028],[-115.14746,48.99116],[-115.14618,48.99071],[-115.13894,48.9913],[-115.13419,48.98817],[-115.13074,48.98454],[-115.13101,48.98287],[-115.13382,48.97936],[-115.13848,48.9772],[-115.13907,48.97534],[-115.13741,48.97347],[-115.13785,48.97068],[-115.14113,48.97021],[-115.14438,48.9629],[-115.15486,48.96054],[-115.15437,48.95475],[-115.15274,48.94928],[-115.14883,48.94894],[-115.14985,48.94476],[-115.15235,48.94469],[-115.1523,48.94171],[-115.15045,48.93917],[-115.15471,48.93213],[-115.15632,48.92659],[-115.1594,48.92373],[-115.16379,48.92134],[-115.16903,48.9198],[-115.17576,48.9196],[-115.17249,48.91519],[-115.16523,48.91258],[-115.1641,48.91059],[-115.16045,48.91077],[-115.15717,48.90792],[-115.15445,48.90693],[-115.15284,48.90358],[-115.1397,48.90058],[-115.13792,48.89907],[-115.13564,48.89474],[-115.14085,48.89547],[-115.14553,48.8994],[-115.14883,48.89759],[-115.15234,48.89881],[-115.15345,48.90121],[-115.15654,48.90201],[-115.15698,48.90361],[-115.1671,48.90342],[-115.17271,48.90545],[-115.17585,48.90248],[-115.18035,48.90327],[-115.18256,48.90232],[-115.18312,48.89957],[-115.18767,48.89565],[-115.19147,48.89436],[-115.19417,48.88953],[-115.19709,48.88818],[-115.20191,48.88041],[-115.20806,48.87606],[-115.21142,48.87447],[-115.21496,48.86731],[-115.21836,48.86394],[-115.22187,48.85806],[-115.22578,48.85498],[-115.23547,48.8497],[-115.23922,48.84547],[-115.23999,48.84274],[-115.24262,48.84164],[-115.2467,48.83511],[-115.24921,48.83299],[-115.24974,48.82883],[-115.25445,48.82896],[-115.26316,48.82362],[-115.26402,48.82206],[-115.26981,48.81856],[-115.27482,48.81691],[-115.28157,48.81114],[-115.2903,48.80606],[-115.29528,48.80253],[-115.29846,48.79945],[-115.30203,48.79426],[-115.30164,48.78841],[-115.3032,48.78162],[-115.30287,48.7783],[-115.30121,48.77366],[-115.2994,48.77327],[-115.29566,48.76882],[-115.29728,48.76764],[-115.29563,48.76357],[-115.29297,48.7612],[-115.28788,48.75945],[-115.28924,48.75718],[-115.29205,48.75622],[-115.29269,48.75242],[-115.29889,48.7453],[-115.30588,48.73977],[-115.30756,48.73584],[-115.30655,48.73232],[-115.30655,48.72503],[-115.30821,48.72434],[-115.30632,48.72172],[-115.30716,48.71874],[-115.30692,48.70997],[-115.30778,48.70611],[-115.3077,48.69847],[-115.30875,48.6967],[-115.31244,48.69436],[-115.31401,48.69114],[-115.3141,48.68431],[-115.31573,48.67853],[-115.3158,48.67569],[-115.31467,48.67095],[-115.31659,48.66718],[-115.31825,48.66171],[-115.31585,48.6551],[-115.31395,48.65265],[-115.31097,48.65064],[-115.30772,48.64727],[-115.30267,48.6447],[-115.29339,48.64305],[-115.28963,48.6402],[-115.28707,48.64082],[-115.28513,48.63748],[-115.27813,48.63373],[-115.27484,48.6334],[-115.2723,48.63086],[-115.26114,48.62305],[-115.25528,48.61697],[-115.25046,48.61082],[-115.24435,48.60504],[-115.2399,48.60203],[-115.2329,48.59899],[-115.22463,48.59749],[-115.22281,48.59572],[-115.21671,48.59461],[-115.21213,48.59478],[-115.21047,48.59325],[-115.21341,48.59165],[-115.21319,48.58977],[-115.20968,48.5874],[-115.20771,48.58231],[-115.20761,48.57729],[-115.20639,48.57331],[-115.20742,48.57236],[-115.2065,48.56924],[-115.20683,48.56559],[-115.20545,48.56148],[-115.20668,48.5606],[-115.20594,48.55705],[-115.21036,48.54973],[-115.21526,48.54618],[-115.2174,48.54296],[-115.21338,48.54127],[-115.21706,48.54026],[-115.21965,48.54098],[-115.22473,48.53854],[-115.22593,48.53711],[-115.23787,48.53176],[-115.24601,48.52981],[-115.24944,48.52755],[-115.25202,48.52035],[-115.2577,48.51504],[-115.2636,48.5116],[-115.26607,48.50874],[-115.26554,48.50397],[-115.26246,48.50409],[-115.2666,48.50003],[-115.26629,48.49549],[-115.26745,48.49396],[-115.26726,48.49073],[-115.27133,48.48897],[-115.27361,48.48674],[-115.27273,48.48377],[-115.26738,48.48205],[-115.26395,48.47992],[-115.26565,48.47891],[-115.27233,48.4816],[-115.27597,48.48082],[-115.27879,48.47741],[-115.28017,48.47289],[-115.28089,48.46752],[-115.27977,48.46595],[-115.28248,48.46193],[-115.28837,48.45877],[-115.28973,48.45588],[-115.29467,48.45175],[-115.29715,48.44777],[-115.29751,48.44227],[-115.29663,48.43805],[-115.2973,48.43528],[-115.30038,48.4298],[-115.29991,48.42715],[-115.29457,48.42914],[-115.29116,48.42923],[-115.29288,48.42667],[-115.30037,48.42233],[-115.29911,48.42039],[-115.30267,48.41743],[-115.30709,48.41112],[-115.31019,48.40873],[-115.31838,48.41237],[-115.31537,48.41623],[-115.31531,48.41907],[-115.3129,48.42193],[-115.31349,48.43021],[-115.31486,48.43174],[-115.3132,48.43421],[-115.3078,48.43819],[-115.30948,48.4416],[-115.31062,48.44638],[-115.3152,48.45035],[-115.31611,48.45481],[-115.31484,48.46024],[-115.31641,48.46467],[-115.31355,48.46549],[-115.31022,48.46928],[-115.31164,48.47188],[-115.30891,48.47396],[-115.30609,48.47869],[-115.30264,48.47962],[-115.30219,48.47695],[-115.29926,48.47737],[-115.29632,48.48078],[-115.29727,48.48428],[-115.2952,48.49165],[-115.29206,48.49395],[-115.28994,48.49701],[-115.29027,48.50133],[-115.29476,48.50377],[-115.28919,48.50444],[-115.28792,48.50919],[-115.28918,48.51427],[-115.28689,48.51714],[-115.27717,48.51988],[-115.27432,48.5248],[-115.2694,48.5357],[-115.26662,48.53691],[-115.26609,48.53956],[-115.272,48.54129],[-115.26674,48.54277],[-115.26338,48.54555],[-115.25557,48.54682],[-115.25254,48.54514],[-115.24713,48.54586],[-115.24011,48.55254],[-115.23399,48.55583],[-115.22652,48.56117],[-115.22605,48.56322],[-115.228,48.5704],[-115.22877,48.57512],[-115.23016,48.57899],[-115.23551,48.58351],[-115.25116,48.59267],[-115.25575,48.59511],[-115.2641,48.60281],[-115.2682,48.60499],[-115.26884,48.60788],[-115.27373,48.61313],[-115.27617,48.61694],[-115.27907,48.61968],[-115.29208,48.62813],[-115.29302,48.62935],[-115.30258,48.6341],[-115.30849,48.63523],[-115.32084,48.64003],[-115.32817,48.64655],[-115.33293,48.65374],[-115.33316,48.65827],[-115.33514,48.66546],[-115.33747,48.66616],[-115.3351,48.66866],[-115.33646,48.67082],[-115.33342,48.6727],[-115.32882,48.68479],[-115.32881,48.689],[-115.32593,48.69777],[-115.32277,48.70137],[-115.32281,48.70589],[-115.32079,48.71017],[-115.32157,48.71222],[-115.31981,48.71484],[-115.32033,48.71721],[-115.31959,48.72133],[-115.32011,48.72983],[-115.32243,48.73465],[-115.32635,48.73557],[-115.33063,48.73772],[-115.33201,48.74099],[-115.3345,48.7423],[-115.34182,48.74387],[-115.34199,48.74476],[-115.33116,48.74372],[-115.32863,48.74123],[-115.32887,48.73925],[-115.32483,48.73706],[-115.32072,48.73766],[-115.31843,48.74177],[-115.31134,48.74639],[-115.30965,48.74891],[-115.30565,48.75261],[-115.30354,48.7566],[-115.30582,48.7617],[-115.31156,48.76678],[-115.31614,48.77182],[-115.31755,48.77654],[-115.31481,48.78473],[-115.31218,48.78752],[-115.31147,48.79417],[-115.31028,48.79997],[-115.30789,48.80233],[-115.30361,48.80378],[-115.30336,48.80595],[-115.29847,48.81005],[-115.29738,48.8121],[-115.29139,48.81472],[-115.28696,48.81972],[-115.28412,48.81997],[-115.28057,48.82284],[-115.26972,48.82831],[-115.2652,48.83454],[-115.25898,48.83614],[-115.25536,48.84183],[-115.25062,48.84831],[-115.24671,48.8554],[-115.24427,48.85856],[-115.24172,48.86018],[-115.23632,48.86503],[-115.23327,48.87129],[-115.234,48.87424],[-115.23334,48.87767],[-115.2296,48.88601],[-115.22424,48.89026],[-115.22185,48.89328],[-115.21846,48.89963],[-115.20919,48.90388],[-115.2063,48.90583],[-115.20184,48.91836],[-115.20057,48.92425],[-115.19764,48.92789],[-115.19375,48.93088],[-115.19139,48.93155],[-115.19055,48.93512],[-115.19552,48.94432],[-115.19452,48.9468],[-115.18865,48.94935],[-115.1856,48.94964],[-115.18398,48.95253],[-115.18516,48.95466],[-115.18447,48.96045],[-115.18145,48.96424],[-115.18362,48.96556],[-115.18528,48.96841],[-115.18053,48.97007],[-115.17916,48.97478],[-115.18013,48.97858],[-115.18311,48.9832],[-115.18614,48.99219],[-115.18992,48.99486],[-115.19241,48.99957],[-115.17069,48.99957]]]},"properties":{"permanent_":"60176128","fdate":"2014-01-06T00:00:00.000Z","resolution":2,"gnis_id":"00806845","gnis_name":"Lake Koocanusa","areasqkm":116.85139086,"elevation":null,"reachcode":"17010101212849","ftype":390,"fcode":39004,"visibility":5000000,"SHAPE_Leng":null,"SHAPE_Area":null,"ObjectID":29633}},
{"type":"Feature","geometry":{"type":"Polygon","coordinates":[[[-111.67083,45.4131],[-111.67465,45.41248],[-111.67969,45.41254],[-111.68098,45.41118],[-111.68524,45.41204],[-111.68832,45.41446],[-111.69881,45.41498],[-111.70215,45.41291],[-111.70387,45.41443],[-111.711,45.41451],[-111.71276,45.41647],[-111.71056,45.42188],[-111.71118,45.42443],[-111.70753,45.43392],[-111.70476,45.4367],[-111.71053,45.44138],[-111.70667,45.44322],[-111.70291,45.44327],[-111.69582,45.44649],[-111.68956,45.44663],[-111.68762,45.44611],[-111.68472,45.44763],[-111.6785,45.44826],[-111.66882,45.44862],[-111.66762,45.44958],[-111.66191,45.45132],[-111.65832,45.45027],[-111.65826,45.4481],[-111.65498,45.44594],[-111.65408,45.4373],[-111.65299,45.43548],[-111.65413,45.43384],[-111.65295,45.42904],[-111.65587,45.42511],[-111.6599,45.42172],[-111.66327,45.41802],[-111.66782,45.41747],[-111.67095,45.41613],[-111.67083,45.4131]]]},"properties":{"permanent_":"52416722","fdate":"2012-08-17T00:00:00.000Z","resolution":2,"gnis_id":"00771231","gnis_name":"Ennis Lake","areasqkm":15.20711786,"elevation":1467.6,"reachcode":"10020007003171","ftype":390,"fcode":39009,"visibility":5000000,"SHAPE_Leng":null,"SHAPE_Area":null,"ObjectID":44518}},
{"type":"Feature","geometry":{"type":"Polygon","coordinates":[[[-111.69226,44.60103],[-111.69551,44.59904],[-111.70417,44.59599],[-111.71024,44.59528],[-111.71849,44.59499],[-111.72533,44.59375],[-111.73373,44.59311],[-111.7373,44.59334],[-111.74181,44.59587],[-111.74112,44.60001],[-111.73885,44.60319],[-111.74069,44.61072],[-111.73819,44.61264],[-111.73901,44.61622],[-111.74428,44.61547],[-111.7446,44.61865],[-111.74949,44.62004],[-111.7508,44.62505],[-111.75111,44.62559],[-111.75182,44.62866],[-111.75103,44.63112],[-111.7414,44.62963],[-111.72835,44.62582],[-111.70987,44.61921],[-111.70034,44.61649],[-111.70005,44.61244],[-111.69495,44.61101],[-111.693,44.6089],[-111.69522,44.60604],[-111.691,44.60458],[-111.69226,44.60103]]]},"properties":{"permanent_":"53814277","fdate":"2002-08-30T00:00:00.000Z","resolution":2,"gnis_id":"00792646","gnis_name":"Upper Red Rock Lake","areasqkm":11.926,"elevation":null,"reachcode":"10020001012120","ftype":390,"fcode":39004,"visibility":5000000,"SHAPE_Leng":null,"SHAPE_Area":null,"ObjectID":45158}},
{"type":"Feature","geometry":{"type":"Polygon","coordinates":[[[-111.55465,46.54159],[-111.56428,46.53799],[-111.56436,46.53519],[-111.56195,46.5332],[-111.5581,46.53384],[-111.5607,46.52994],[-111.56235,46.52473],[-111.56198,46.52099],[-111.56352,46.51747],[-111.56122,46.51377],[-111.55645,46.51707],[-111.55707,46.51304],[-111.55406,46.51086],[-111.55142,46.51059],[-111.55171,46.5055],[-111.55086,46.50335],[-111.54616,46.50617],[-111.5454,46.50468],[-111.55143,46.50003],[-111.55007,46.49565],[-111.5467,46.49462],[-111.54158,46.49599],[-111.53714,46.49421],[-111.53183,46.48715],[-111.52608,46.48859],[-111.51967,46.48854],[-111.51498,46.48503],[-111.51756,46.4819],[-111.52091,46.48002],[-111.51532,46.47536],[-111.51516,46.47056],[-111.51309,46.46723],[-111.51398,46.46584],[-111.51407,46.46111],[-111.50969,46.46049],[-111.50337,46.46092],[-111.50303,46.45967],[-111.50622,46.45534],[-111.50332,46.45396],[-111.49534,46.44609],[-111.49116,46.44054],[-111.48866,46.43602],[-111.48607,46.43288],[-111.48312,46.42695],[-111.48767,46.42009],[-111.48943,46.41551],[-111.49046,46.40771],[-111.48891,46.40585],[-111.48276,46.40406],[-111.4903,46.40376],[-111.49216,46.40218],[-111.494,46.39724],[-111.4979,46.3918],[-111.49851,46.38943],[-111.4978,46.38821],[-111.49519,46.38697],[-111.48659,46.38458],[-111.48716,46.3836],[-111.49979,46.38706],[-111.5037,46.38596],[-111.50689,46.38294],[-111.50819,46.37139],[-111.50557,46.36725],[-111.51078,46.36539],[-111.5104,46.36227],[-111.51425,46.36004],[-111.51948,46.3586],[-111.52118,46.35952],[-111.52337,46.35725],[-111.52805,46.357],[-111.53283,46.35806],[-111.53524,46.36463],[-111.53359,46.36761],[-111.5351,46.37105],[-111.54358,46.37342],[-111.54948,46.37658],[-111.55169,46.37835],[-111.55568,46.38307],[-111.56123,46.38468],[-111.5634,46.38696],[-111.56563,46.39185],[-111.5693,46.39492],[-111.57162,46.39959],[-111.57055,46.40205],[-111.57223,46.40574],[-111.57101,46.4081],[-111.57183,46.41032],[-111.57157,46.41384],[-111.57295,46.41651],[-111.57126,46.4183],[-111.57326,46.42005],[-111.57287,46.42386],[-111.56668,46.43122],[-111.56703,46.43583],[-111.56801,46.43848],[-111.56712,46.44562],[-111.5633,46.4487],[-111.5616,46.45103],[-111.56292,46.45543],[-111.56226,46.46089],[-111.5643,46.46498],[-111.56887,46.46926],[-111.5689,46.47239],[-111.57041,46.47772],[-111.57036,46.48056],[-111.56842,46.48225],[-111.5691,46.48665],[-111.57083,46.49019],[-111.57326,46.49193],[-111.57598,46.49231],[-111.57907,46.49532],[-111.58358,46.49668],[-111.58609,46.49964],[-111.58766,46.50303],[-111.58805,46.50756],[-111.58491,46.51221],[-111.58755,46.51492],[-111.59504,46.5141],[-111.59455,46.51661],[-111.58943,46.5179],[-111.58397,46.51863],[-111.58439,46.52034],[-111.58766,46.52328],[-111.59787,46.52506],[-111.60237,46.52647],[-111.60663,46.52648],[-111.6169,46.52986],[-111.62443,46.52801],[-111.62646,46.52933],[-111.62931,46.52837],[-111.63186,46.53434],[-111.62962,46.5364],[-111.63206,46.5381],[-111.63457,46.54136],[-111.63621,46.53977],[-111.63981,46.53918],[-111.64665,46.54653],[-111.65011,46.54743],[-111.6476,46.54979],[-111.65164,46.55016],[-111.65455,46.55459],[-111.65166,46.55745],[-111.65215,46.56144],[-111.65776,46.56411],[-111.65688,46.5655],[-111.65945,46.56711],[-111.66338,46.5723],[-111.66678,46.57364],[-111.66706,46.57623],[-111.67196,46.58316],[-111.67421,46.5856],[-111.67604,46.58507],[-111.68174,46.58836],[-111.68448,46.58847],[-111.68514,46.59174],[-111.68713,46.5919],[-111.6893,46.5948],[-111.69316,46.59615],[-111.69435,46.59826],[-111.69847,46.6018],[-111.69936,46.60449],[-111.70185,46.60473],[-111.70266,46.60876],[-111.70419,46.611],[-111.70263,46.61214],[-111.70622,46.61705],[-111.70438,46.62001],[-111.70774,46.62291],[-111.70665,46.62774],[-111.70756,46.6298],[-111.71312,46.63336],[-111.72171,46.63521],[-111.72411,46.63902],[-111.72347,46.64239],[-111.72469,46.64426],[-111.72845,46.64668],[-111.72503,46.64778],[-111.72108,46.64769],[-111.7203,46.64938],[-111.7164,46.65079],[-111.71799,46.65385],[-111.7139,46.65513],[-111.71268,46.65762],[-111.70995,46.65666],[-111.71212,46.65093],[-111.70813,46.64892],[-111.70369,46.64948],[-111.70094,46.64871],[-111.69657,46.64438],[-111.69715,46.64066],[-111.69369,46.63997],[-111.69171,46.64245],[-111.68424,46.64293],[-111.68715,46.64097],[-111.69109,46.63641],[-111.68908,46.63488],[-111.68105,46.63156],[-111.67945,46.62891],[-111.67585,46.62612],[-111.66792,46.62545],[-111.67442,46.62182],[-111.67293,46.61884],[-111.67072,46.61767],[-111.66248,46.61919],[-111.66048,46.61717],[-111.66467,46.61572],[-111.66937,46.61508],[-111.66764,46.61272],[-111.66722,46.60958],[-111.66374,46.61318],[-111.65759,46.61624],[-111.65256,46.61783],[-111.65043,46.6153],[-111.65672,46.61133],[-111.66002,46.60715],[-111.65175,46.60678],[-111.65775,46.60409],[-111.65493,46.60177],[-111.65227,46.59691],[-111.64904,46.59478],[-111.64837,46.59326],[-111.64325,46.59496],[-111.64135,46.59792],[-111.63644,46.59936],[-111.62909,46.59839],[-111.62758,46.59676],[-111.63129,46.59533],[-111.63385,46.59276],[-111.63802,46.59074],[-111.63595,46.58779],[-111.62965,46.58342],[-111.62726,46.58265],[-111.62527,46.58036],[-111.61936,46.58012],[-111.61719,46.57747],[-111.61898,46.57568],[-111.61719,46.57436],[-111.61051,46.57553],[-111.6084,46.57473],[-111.61278,46.5724],[-111.61207,46.57133],[-111.60708,46.56901],[-111.60494,46.56714],[-111.60174,46.56672],[-111.59906,46.56091],[-111.59432,46.56067],[-111.59176,46.55957],[-111.58593,46.55484],[-111.58351,46.55536],[-111.57768,46.55298],[-111.57348,46.55425],[-111.57009,46.55373],[-111.56801,46.55137],[-111.57094,46.54737],[-111.57482,46.54351],[-111.57461,46.54042],[-111.56967,46.53891],[-111.56288,46.5394],[-111.55992,46.54089],[-111.55465,46.54159]],[[-111.52792,46.3579],[-111.53173,46.36109],[-111.53308,46.35899],[-111.52792,46.3579]],[[-111.70543,46.6348],[-111.70726,46.63467],[-111.70872,46.6322],[-111.70617,46.63167],[-111.70543,46.6348]]]},"properties":{"permanent_":"63168726","fdate":"2019-03-19T00:00:00.000Z","resolution":2,"gnis_id":"00800551","gnis_name":"Canyon Ferry Lake","areasqkm":132.77649973,"elevation":1157.3,"reachcode":"10030101004536","ftype":390,"fcode":39009,"visibility":5000000,"SHAPE_Leng":null,"SHAPE_Area":null,"ObjectID":48343}},
{"type":"Feature","geometry":{"type":"Polygon","coordinates":[[[-114.74204,48.11806],[-114.74015,48.12273],[-114.73692,48.1248],[-114.73449,48.12457],[-114.73305,48.12268],[-114.72936,48.12212],[-114.72721,48.12483],[-114.73239,48.12926],[-114.73158,48.13165],[-114.73571,48.13451],[-114.73638,48.13738],[-114.73444,48.13948],[-114.73003,48.14064],[-114.72554,48.13802],[-114.72449,48.13893],[-114.72008,48.13867],[-114.71657,48.1399],[-114.71247,48.13875],[-114.71126,48.13701],[-114.71225,48.13467],[-114.70747,48.12875],[-114.70681,48.12346],[-114.70524,48.12105],[-114.70252,48.11968],[-114.7011,48.11705],[-114.70206,48.11435],[-114.69887,48.11118],[-114.69407,48.10902],[-114.69138,48.10678],[-114.69121,48.10476],[-114.68891,48.1029],[-114.68776,48.09818],[-114.69146,48.0941],[-114.69636,48.09246],[-114.70401,48.09329],[-114.70964,48.09328],[-114.71645,48.09426],[-114.72414,48.09846],[-114.73051,48.10291],[-114.7334,48.10678],[-114.73081,48.10842],[-114.73003,48.11103],[-114.73651,48.11431],[-114.73816,48.11582],[-114.74236,48.11655],[-114.74204,48.11806]]]},"properties":{"permanent_":"67340405","fdate":"2003-01-22T00:00:00.000Z","resolution":2,"gnis_id":"00795663","gnis_name":"Little Bitterroot Lake","areasqkm":12.029,"elevation":null,"reachcode":"17010212002516","ftype":390,"fcode":39004,"visibility":5000000,"SHAPE_Leng":null,"SHAPE_Area":null,"ObjectID":51983}},
{"type":"Feature","geometry":{"type":"Polygon","coordinates":[[[-108.25083,44.99987],[-108.24667,45.00284],[-108.24675,45.00491],[-108.24906,45.00629],[-108.25609,45.00573],[-108.25918,45.00659],[-108.25846,45.01021],[-108.25441,45.01306],[-108.25377,45.01478],[-108.2552,45.01845],[-108.25346,45.02037],[-108.24884,45.0209],[-108.2515,45.02823],[-108.2505,45.03271],[-108.24602,45.039],[-108.24584,45.04268],[-108.24385,45.04471],[-108.23731,45.04802],[-108.23344,45.04866],[-108.23049,45.04773],[-108.22665,45.04796],[-108.22285,45.04711],[-108.2221,45.05147],[-108.22397,45.05277],[-108.23235,45.053],[-108.23707,45.05399],[-108.23991,45.05578],[-108.24104,45.05807],[-108.241,45.06189],[-108.23973,45.06425],[-108.23514,45.06482],[-108.23007,45.06425],[-108.22929,45.06557],[-108.23112,45.06936],[-108.23101,45.07113],[-108.22711,45.07531],[-108.2217,45.07784],[-108.22111,45.08049],[-108.22126,45.0867],[-108.21891,45.09409],[-108.21576,45.09568],[-108.20826,45.09549],[-108.20664,45.09923],[-108.20699,45.10116],[-108.20522,45.10446],[-108.20034,45.1056],[-108.19677,45.10027],[-108.19264,45.09948],[-108.18839,45.1029],[-108.18784,45.10516],[-108.18903,45.10696],[-108.19335,45.10869],[-108.19873,45.11257],[-108.19921,45.11411],[-108.1968,45.11578],[-108.19318,45.11572],[-108.18882,45.11336],[-108.18574,45.1137],[-108.18494,45.1202],[-108.18235,45.12461],[-108.18336,45.12601],[-108.18841,45.12777],[-108.1899,45.12894],[-108.18971,45.1314],[-108.18438,45.13313],[-108.17606,45.13254],[-108.17234,45.13284],[-108.16768,45.13569],[-108.16469,45.13851],[-108.16485,45.14121],[-108.16689,45.14227],[-108.17146,45.14249],[-108.174,45.14372],[-108.17077,45.14773],[-108.17039,45.14991],[-108.17187,45.15335],[-108.17435,45.15547],[-108.175,45.15832],[-108.17384,45.15993],[-108.16661,45.16298],[-108.16228,45.16251],[-108.16178,45.16444],[-108.16745,45.16627],[-108.1704,45.17034],[-108.16743,45.17258],[-108.16277,45.1736],[-108.15818,45.17243],[-108.1562,45.16935],[-108.15423,45.16901],[-108.15243,45.17129],[-108.15008,45.17853],[-108.15056,45.18249],[-108.14751,45.18623],[-108.14433,45.18649],[-108.14133,45.18566],[-108.13785,45.18265],[-108.13471,45.18242],[-108.13217,45.18429],[-108.13634,45.18521],[-108.14021,45.18937],[-108.1457,45.19004],[-108.14821,45.19248],[-108.14582,45.19478],[-108.13579,45.19555],[-108.13522,45.19785],[-108.13775,45.20202],[-108.1379,45.20451],[-108.13615,45.20736],[-108.13993,45.20915],[-108.14222,45.20864],[-108.1468,45.21198],[-108.1423,45.21164],[-108.13746,45.21027],[-108.13482,45.20833],[-108.12661,45.21086],[-108.13085,45.21459],[-108.13021,45.21812],[-108.12802,45.21908],[-108.12272,45.21894],[-108.12096,45.21734],[-108.11798,45.21796],[-108.10935,45.21847],[-108.10569,45.22006],[-108.09929,45.22395],[-108.09638,45.22669],[-108.09436,45.22682],[-108.08318,45.23131],[-108.08027,45.23612],[-108.08124,45.23845],[-108.07944,45.24031],[-108.07947,45.24456],[-108.08035,45.24685],[-108.07429,45.25209],[-108.06857,45.25473],[-108.06785,45.25645],[-108.05829,45.2558],[-108.05364,45.25769],[-108.05227,45.26067],[-108.0436,45.26549],[-108.03875,45.26525],[-108.03207,45.26333],[-108.0315,45.26186],[-108.02646,45.26164],[-108.01999,45.25855],[-108.02038,45.26308],[-108.02174,45.26511],[-108.02231,45.27572],[-108.01867,45.27794],[-108.01543,45.27859],[-108.01044,45.27735],[-108.00577,45.28202],[-108.00369,45.28629],[-108.00336,45.29055],[-108.00699,45.29298],[-108.00783,45.2963],[-108.00724,45.29913],[-107.99959,45.30397],[-107.99869,45.30104],[-107.99227,45.29964],[-107.98441,45.30171],[-107.97952,45.30694],[-107.97492,45.30863],[-107.96996,45.30843],[-107.9681,45.30618],[-107.96824,45.30328],[-107.96407,45.3029],[-107.95935,45.30679],[-107.95601,45.30671],[-107.95771,45.30248],[-107.96102,45.30054],[-107.96129,45.29858],[-107.96347,45.29705],[-107.96609,45.29948],[-107.96819,45.29917],[-107.97101,45.30057],[-107.97283,45.30288],[-107.9734,45.30566],[-107.9771,45.30399],[-107.98188,45.29975],[-107.98891,45.29649],[-107.99576,45.29681],[-108.00021,45.29833],[-108.003,45.29587],[-107.99819,45.29146],[-107.99942,45.28911],[-107.99979,45.28297],[-108.00491,45.27571],[-108.0016,45.27585],[-107.99466,45.27417],[-107.99157,45.27254],[-107.9892,45.26898],[-107.97607,45.26549],[-107.97314,45.26205],[-107.97132,45.25736],[-107.97358,45.25779],[-107.97466,45.26007],[-107.97671,45.26075],[-107.97805,45.26369],[-107.99067,45.26652],[-107.99579,45.27077],[-108.00114,45.27278],[-108.00566,45.27123],[-108.00917,45.27399],[-108.01675,45.27467],[-108.01777,45.27387],[-108.01751,45.27004],[-108.01629,45.26825],[-108.01703,45.26524],[-108.01602,45.26279],[-108.01605,45.25825],[-108.01684,45.25615],[-108.01992,45.25484],[-108.028,45.25876],[-108.03097,45.2584],[-108.03538,45.26091],[-108.04049,45.26254],[-108.0462,45.25966],[-108.04852,45.25481],[-108.05165,45.2521],[-108.0589,45.25014],[-108.06743,45.25002],[-108.06976,45.24897],[-108.07144,45.24353],[-108.07012,45.2416],[-108.07134,45.23648],[-108.07409,45.23426],[-108.07195,45.23137],[-108.06759,45.23053],[-108.07108,45.22778],[-108.07,45.22207],[-108.07311,45.22213],[-108.07704,45.22779],[-108.08723,45.22279],[-108.09021,45.2225],[-108.09447,45.21817],[-108.10022,45.21706],[-108.10655,45.21381],[-108.10887,45.21449],[-108.11807,45.21389],[-108.123,45.21478],[-108.12228,45.20866],[-108.12336,45.20737],[-108.12744,45.2056],[-108.12923,45.20783],[-108.13461,45.20457],[-108.13503,45.2016],[-108.13233,45.19802],[-108.12886,45.19668],[-108.12853,45.19327],[-108.13117,45.19187],[-108.13626,45.19354],[-108.143,45.19275],[-108.13813,45.19056],[-108.13514,45.18687],[-108.12938,45.18624],[-108.12781,45.18321],[-108.12898,45.18179],[-108.13282,45.18054],[-108.13851,45.18092],[-108.14413,45.18446],[-108.14801,45.18308],[-108.14787,45.17894],[-108.14957,45.17515],[-108.15022,45.17064],[-108.15285,45.16702],[-108.15628,45.16719],[-108.16022,45.17116],[-108.163,45.17184],[-108.1674,45.17001],[-108.16736,45.16858],[-108.15856,45.1649],[-108.15713,45.16336],[-108.16,45.16111],[-108.16743,45.16087],[-108.17158,45.15897],[-108.17244,45.15658],[-108.1697,45.15301],[-108.16856,45.14817],[-108.17028,45.14546],[-108.16972,45.14386],[-108.16584,45.14387],[-108.16235,45.14087],[-108.16347,45.13724],[-108.16563,45.13466],[-108.16941,45.13199],[-108.17253,45.13131],[-108.18548,45.13136],[-108.18756,45.12931],[-108.18165,45.12673],[-108.18044,45.12505],[-108.18067,45.12161],[-108.18329,45.11953],[-108.18331,45.11581],[-108.18209,45.11477],[-108.1833,45.11224],[-108.18669,45.11146],[-108.19525,45.11361],[-108.19144,45.11017],[-108.18632,45.10811],[-108.18537,45.10479],[-108.18852,45.09904],[-108.18971,45.09796],[-108.19398,45.09741],[-108.19729,45.09859],[-108.20119,45.10203],[-108.20369,45.10213],[-108.20614,45.09409],[-108.2088,45.09221],[-108.21411,45.09338],[-108.21739,45.09278],[-108.2197,45.08601],[-108.21981,45.08196],[-108.21911,45.07811],[-108.22013,45.07678],[-108.22391,45.07535],[-108.22646,45.07352],[-108.2291,45.07001],[-108.22635,45.06556],[-108.22693,45.06404],[-108.23041,45.06258],[-108.23449,45.06335],[-108.23876,45.06286],[-108.23944,45.05928],[-108.23812,45.05623],[-108.23432,45.0545],[-108.22817,45.05408],[-108.22399,45.0548],[-108.22211,45.05422],[-108.21999,45.05164],[-108.21967,45.04733],[-108.22069,45.0457],[-108.22561,45.04569],[-108.22728,45.04673],[-108.23566,45.0473],[-108.24189,45.04417],[-108.24358,45.0424],[-108.24457,45.03847],[-108.24848,45.03346],[-108.24963,45.02731],[-108.24705,45.02436],[-108.24672,45.02152],[-108.24842,45.01888],[-108.25348,45.01845],[-108.25194,45.01523],[-108.25219,45.01357],[-108.25698,45.00903],[-108.25521,45.00703],[-108.24782,45.00742],[-108.24516,45.00581],[-108.2445,45.00337],[-108.24606,45.00104],[-108.25083,44.99987]]]},"properties":{"permanent_":"120030832","fdate":"2016-12-01T00:00:00.000Z","resolution":2,"gnis_id":"00793611","gnis_name":"Bighorn Lake","areasqkm":50.27221138,"elevation":1109.5,"reachcode":"10080010001617","ftype":390,"fcode":39010,"visibility":5000000,"SHAPE_Leng":null,"SHAPE_Area":null,"ObjectID":62265}},
{"type":"Feature","geometry":{"type":"Polygon","coordinates":[[[-109.99845,48.63492],[-109.99051,48.63681],[-109.98702,48.63531],[-109.98754,48.63234],[-109.98419,48.63065],[-109.97869,48.63071],[-109.97778,48.63805],[-109.97526,48.63879],[-109.97699,48.64513],[-109.9791,48.64785],[-109.97897,48.64968],[-109.98098,48.65189],[-109.98567,48.65319],[-109.98588,48.65736],[-109.99103,48.66309],[-109.99167,48.66649],[-109.99533,48.67563],[-109.99769,48.6784],[-110.00339,48.68051],[-110.01035,48.6839],[-110.01388,48.68464],[-110.02083,48.69018],[-110.02807,48.69681],[-110.03251,48.69959],[-110.03682,48.70038],[-110.03866,48.70167],[-110.04573,48.70356],[-110.04671,48.70466],[-110.05524,48.70795],[-110.05906,48.7052],[-110.06295,48.70381],[-110.0678,48.70327],[-110.07558,48.70377],[-110.08239,48.70328],[-110.08658,48.70387],[-110.08865,48.70543],[-110.08946,48.70894],[-110.09159,48.71158],[-110.09709,48.71413],[-110.10159,48.71905],[-110.10371,48.72053],[-110.10205,48.72241],[-110.10409,48.72797],[-110.10569,48.73008],[-110.10062,48.73004],[-110.09725,48.72771],[-110.09642,48.72373],[-110.09173,48.72664],[-110.09257,48.73028],[-110.09559,48.73296],[-110.09595,48.73495],[-110.09918,48.73496],[-110.10277,48.73626],[-110.10849,48.73708],[-110.1094,48.73971],[-110.10455,48.73832],[-110.09976,48.73836],[-110.09532,48.73557],[-110.09247,48.73284],[-110.08857,48.73146],[-110.09068,48.72943],[-110.09089,48.72467],[-110.0891,48.72178],[-110.08507,48.71776],[-110.08186,48.71288],[-110.07417,48.70942],[-110.06873,48.70899],[-110.06232,48.71151],[-110.05956,48.71431],[-110.05618,48.71518],[-110.04934,48.71454],[-110.04557,48.71273],[-110.0406,48.70868],[-110.03837,48.70759],[-110.03445,48.70734],[-110.03228,48.70582],[-110.02404,48.70317],[-110.01082,48.69321],[-110.00875,48.69501],[-110.00852,48.69969],[-110.00315,48.69152],[-109.99986,48.68747],[-109.99591,48.68586],[-109.9869,48.67957],[-109.98244,48.67147],[-109.98324,48.6705],[-109.981,48.66606],[-109.98048,48.66319],[-109.97518,48.65924],[-109.9717,48.65961],[-109.96814,48.65775],[-109.9726,48.65628],[-109.97289,48.65301],[-109.9707,48.651],[-109.96901,48.64653],[-109.96673,48.64294],[-109.96683,48.63898],[-109.96532,48.63184],[-109.9657,48.63028],[-109.96253,48.62883],[-109.96181,48.62438],[-109.95956,48.62377],[-109.95464,48.62029],[-109.95284,48.61698],[-109.94997,48.61728],[-109.94108,48.61345],[-109.93397,48.61532],[-109.93402,48.61182],[-109.94163,48.6117],[-109.94814,48.61334],[-109.95435,48.61409],[-109.95858,48.61372],[-109.96123,48.61101],[-109.96072,48.60751],[-109.95706,48.60555],[-109.95362,48.60564],[-109.94406,48.60167],[-109.94857,48.59724],[-109.95426,48.59611],[-109.956,48.59808],[-109.96172,48.59836],[-109.967,48.59537],[-109.9677,48.59769],[-109.96406,48.59884],[-109.96802,48.60261],[-109.97084,48.60387],[-109.97353,48.60333],[-109.97491,48.60523],[-109.97188,48.60792],[-109.9733,48.60906],[-109.97154,48.61214],[-109.97444,48.61484],[-109.97786,48.61512],[-109.98206,48.62144],[-109.98436,48.62407],[-109.98925,48.62706],[-109.99007,48.63114],[-109.98881,48.63532],[-109.99845,48.63492]]]},"properties":{"permanent_":"140726725","fdate":"2005-09-20T00:00:00.000Z","resolution":2,"gnis_id":"00771639","gnis_name":"Fresno Reservoir","areasqkm":20.262,"elevation":783.3,"reachcode":"10050002001444","ftype":390,"fcode":39009,"visibility":5000000,"SHAPE_Leng":null,"SHAPE_Area":null,"ObjectID":64540}},
{"type":"Feature","geometry":{"type":"Polygon","coordinates":[[[-115.93234,48.05637],[-115.93523,48.06187],[-115.93752,48.06298],[-115.94127,48.06132],[-115.94445,48.06112],[-115.9503,48.06325],[-115.95682,48.06411],[-115.96425,48.0639],[-115.96955,48.06608],[-115.97458,48.06655],[-115.97998,48.06806],[-115.98315,48.06985],[-115.98198,48.07273],[-115.98273,48.07489],[-115.98721,48.07779],[-115.99136,48.07961],[-115.99498,48.08211],[-115.99936,48.08349],[-116.00637,48.08358],[-116.014,48.08497],[-116.02338,48.08717],[-116.03449,48.08842],[-116.04911,48.08841],[-116.0491,48.09002],[-116.03112,48.08981],[-116.02265,48.0883],[-116.01252,48.08599],[-116.00387,48.08486],[-115.99802,48.08517],[-115.99127,48.08313],[-115.98761,48.08505],[-115.98082,48.08458],[-115.97876,48.08362],[-115.97695,48.0807],[-115.98053,48.07836],[-115.98092,48.07487],[-115.97902,48.06928],[-115.97449,48.06807],[-115.96868,48.0677],[-115.96214,48.06563],[-115.95969,48.06546],[-115.953,48.06806],[-115.94729,48.07187],[-115.93796,48.07067],[-115.93517,48.06897],[-115.93145,48.06931],[-115.92797,48.06823],[-115.92662,48.06634],[-115.9178,48.06347],[-115.913,48.06305],[-115.89878,48.06076],[-115.89565,48.05979],[-115.8892,48.05562],[-115.88519,48.04988],[-115.88434,48.04718],[-115.88121,48.04458],[-115.87893,48.04386],[-115.87807,48.03935],[-115.87391,48.03703],[-115.87239,48.03531],[-115.86929,48.0344],[-115.86263,48.02906],[-115.86007,48.02587],[-115.85785,48.02479],[-115.85001,48.02614],[-115.84689,48.02874],[-115.83984,48.0281],[-115.84061,48.02486],[-115.83716,48.02258],[-115.8346,48.01775],[-115.8305,48.01515],[-115.82291,48.01417],[-115.81979,48.01087],[-115.81763,48.01008],[-115.81236,48.01025],[-115.80823,48.00961],[-115.80085,48.00741],[-115.79597,48.00805],[-115.78667,48.00582],[-115.78303,48.00567],[-115.77902,48.00447],[-115.7715,48.00124],[-115.76128,47.99475],[-115.7654,47.99427],[-115.77044,47.99648],[-115.77124,47.99382],[-115.78077,47.99648],[-115.78454,47.99715],[-115.80151,48.00159],[-115.80669,48.00368],[-115.81997,48.0062],[-115.82218,48.00622],[-115.82635,48.00853],[-115.83245,48.01362],[-115.83837,48.01635],[-115.83981,48.02068],[-115.84869,48.02036],[-115.85728,48.02181],[-115.86091,48.02353],[-115.86611,48.02898],[-115.8704,48.03186],[-115.87478,48.03353],[-115.88205,48.03777],[-115.88418,48.03965],[-115.88701,48.0453],[-115.88992,48.04946],[-115.89106,48.0524],[-115.8951,48.05607],[-115.89833,48.05744],[-115.90739,48.05891],[-115.92012,48.06057],[-115.93217,48.0639],[-115.93234,48.05637]]]},"properties":{"permanent_":"60959353","fdate":"2002-11-08T00:00:00.000Z","resolution":2,"gnis_id":"00780748","gnis_name":"Cabinet Gorge Reservoir","areasqkm":11.287,"elevation":2175,"reachcode":"17010213001822","ftype":390,"fcode":39010,"visibility":5000000,"SHAPE_Leng":null,"SHAPE_Area":null,"ObjectID":68382}},
{"type":"Feature","geometry":{"type":"Polygon","coordinates":[[[-104.33767,48.47665],[-104.3377,48.4761],[-104.35811,48.47998],[-104.36319,48.47668],[-104.36544,48.47386],[-104.37277,48.47039],[-104.37317,48.46785],[-104.36589,48.4642],[-104.35609,48.46013],[-104.34795,48.45974],[-104.34611,48.46061],[-104.34097,48.46089],[-104.33992,48.46266],[-104.335,48.46463],[-104.32888,48.46497],[-104.32625,48.46306],[-104.32645,48.46067],[-104.32849,48.45901],[-104.33444,48.45653],[-104.3381,48.45649],[-104.33914,48.4544],[-104.34553,48.45132],[-104.35096,48.44816],[-104.35474,48.44729],[-104.35742,48.44527],[-104.35914,48.44218],[-104.36969,48.43713],[-104.37511,48.43508],[-104.38113,48.43508],[-104.38603,48.43213],[-104.39551,48.43096],[-104.40151,48.43195],[-104.40373,48.43351],[-104.41108,48.435],[-104.41811,48.439],[-104.42037,48.44617],[-104.42378,48.44828],[-104.4262,48.45111],[-104.43361,48.45556],[-104.43734,48.45674],[-104.44365,48.45708],[-104.44554,48.4595],[-104.44906,48.45891],[-104.45002,48.46039],[-104.4611,48.46251],[-104.46371,48.46253],[-104.46595,48.46407],[-104.47063,48.46419],[-104.47216,48.4659],[-104.47764,48.46744],[-104.47872,48.46845],[-104.48626,48.46994],[-104.49152,48.47289],[-104.49238,48.47444],[-104.49016,48.47738],[-104.49397,48.4782],[-104.49905,48.47817],[-104.50563,48.47667],[-104.5101,48.47743],[-104.50944,48.47999],[-104.50655,48.4833],[-104.50354,48.48375],[-104.50103,48.48213],[-104.49389,48.48243],[-104.48998,48.48114],[-104.48773,48.48187],[-104.48183,48.48173],[-104.47863,48.48231],[-104.47545,48.48157],[-104.46648,48.4823],[-104.46456,48.48347],[-104.46167,48.48216],[-104.45645,48.48159],[-104.45568,48.48299],[-104.45053,48.48217],[-104.44485,48.48338],[-104.43703,48.47979],[-104.43663,48.47717],[-104.43578,48.47524],[-104.43269,48.47414],[-104.42424,48.47678],[-104.41468,48.47622],[-104.41238,48.47557],[-104.40814,48.47655],[-104.39915,48.47485],[-104.39317,48.47537],[-104.39672,48.47736],[-104.40626,48.4799],[-104.39661,48.48175],[-104.38801,48.48503],[-104.38449,48.48762],[-104.37867,48.49043],[-104.37788,48.49155],[-104.37052,48.49257],[-104.36513,48.49136],[-104.3558,48.4915],[-104.33928,48.49547],[-104.33586,48.49729],[-104.32823,48.49594],[-104.32937,48.49419],[-104.33414,48.49379],[-104.33821,48.4942],[-104.34688,48.49173],[-104.35196,48.48749],[-104.35685,48.48621],[-104.3591,48.48066],[-104.35557,48.48098],[-104.34549,48.48],[-104.34151,48.47718],[-104.33767,48.47665]],[[-104.46079,48.47431],[-104.46033,48.47314],[-104.45516,48.47076],[-104.44971,48.46818],[-104.44147,48.47244],[-104.43823,48.47611],[-104.44169,48.47779],[-104.44894,48.47845],[-104.46083,48.47796],[-104.46205,48.47909],[-104.46909,48.47845],[-104.46848,48.4768],[-104.46079,48.47431]],[[-104.37708,48.45966],[-104.37843,48.45763],[-104.38519,48.4521],[-104.38582,48.44923],[-104.39022,48.44247],[-104.38916,48.44027],[-104.38556,48.44036],[-104.3824,48.43891],[-104.38071,48.44033],[-104.38168,48.44349],[-104.37992,48.44782],[-104.37676,48.45315],[-104.37708,48.45966]],[[-104.48471,48.47526],[-104.48035,48.47717],[-104.48214,48.47911],[-104.4884,48.47911],[-104.48471,48.47526]]]},"properties":{"permanent_":"137211977","fdate":"2013-11-14T00:00:00.000Z","resolution":2,"gnis_id":"00774078","gnis_name":"Medicine Lake","areasqkm":36.4919918,"elevation":589.2,"reachcode":"10060006009501","ftype":390,"fcode":39009,"visibility":5000000,"SHAPE_Leng":null,"SHAPE_Area":null,"ObjectID":70535}},
{"type":"Feature","geometry":{"type":"Polygon","coordinates":[[[-111.94691,46.94262],[-111.949,46.94121],[-111.94958,46.93735],[-111.94764,46.93434],[-111.94984,46.93406],[-111.95068,46.92953],[-111.95031,46.92427],[-111.94893,46.92044],[-111.94671,46.91742],[-111.94317,46.91462],[-111.93795,46.91422],[-111.9354,46.91316],[-111.9328,46.91059],[-111.93288,46.9084],[-111.93109,46.90565],[-111.9318,46.9036],[-111.93744,46.9009],[-111.94411,46.89898],[-111.94641,46.8978],[-111.9505,46.89364],[-111.94973,46.89034],[-111.94655,46.88821],[-111.93977,46.8875],[-111.93309,46.88905],[-111.93132,46.89021],[-111.92609,46.89157],[-111.92337,46.89406],[-111.9187,46.88769],[-111.91775,46.88352],[-111.91399,46.87886],[-111.91738,46.87979],[-111.91969,46.88169],[-111.92028,46.88603],[-111.92303,46.88875],[-111.92567,46.88889],[-111.92938,46.88698],[-111.93929,46.8847],[-111.94304,46.88589],[-111.94825,46.88586],[-111.95003,46.88774],[-111.95415,46.88939],[-111.95487,46.8924],[-111.9507,46.89619],[-111.94981,46.89868],[-111.94756,46.90077],[-111.94362,46.90195],[-111.93737,46.90795],[-111.93943,46.911],[-111.9476,46.9123],[-111.95115,46.91483],[-111.95087,46.91717],[-111.95484,46.9211],[-111.95581,46.92418],[-111.95647,46.93331],[-111.95579,46.93592],[-111.95227,46.94105],[-111.95384,46.94258],[-111.95848,46.94186],[-111.95885,46.9369],[-111.96023,46.93092],[-111.96417,46.92576],[-111.96859,46.92327],[-111.97442,46.92271],[-111.97755,46.92337],[-111.98004,46.92663],[-111.97932,46.93039],[-111.97767,46.93096],[-111.97714,46.93439],[-111.97593,46.9355],[-111.97382,46.94025],[-111.97174,46.94201],[-111.96988,46.94717],[-111.96702,46.94934],[-111.96073,46.95243],[-111.95803,46.95169],[-111.95566,46.95282],[-111.95315,46.95595],[-111.95695,46.95872],[-111.96351,46.95741],[-111.9674,46.95792],[-111.97341,46.96054],[-111.98268,46.96288],[-111.98913,46.96789],[-111.99443,46.97141],[-111.99339,46.9744],[-111.99568,46.97789],[-111.99129,46.97994],[-111.996,46.9859],[-112.00611,46.98235],[-112.00997,46.98401],[-112.00754,46.98893],[-112.00327,46.99243],[-112.00155,46.99181],[-111.99279,46.99302],[-111.98755,46.9916],[-111.98411,46.98976],[-111.98146,46.98545],[-111.97909,46.98391],[-111.97663,46.98047],[-111.97782,46.97593],[-111.96982,46.97101],[-111.96713,46.97087],[-111.96251,46.96843],[-111.96075,46.96854],[-111.95243,46.96431],[-111.95213,46.96346],[-111.94173,46.95842],[-111.93985,46.95544],[-111.94126,46.95359],[-111.94587,46.95055],[-111.95252,46.94905],[-111.95684,46.94898],[-111.96369,46.94747],[-111.96635,46.94581],[-111.96656,46.93962],[-111.96735,46.93607],[-111.96937,46.93217],[-111.97209,46.93014],[-111.97095,46.92905],[-111.9669,46.92953],[-111.96455,46.93178],[-111.96345,46.93492],[-111.96395,46.93937],[-111.9616,46.94407],[-111.95609,46.94574],[-111.95218,46.94796],[-111.94912,46.94672],[-111.94691,46.94262]]]},"properties":{"permanent_":"63167912","fdate":"2012-08-06T00:00:00.000Z","resolution":2,"gnis_id":"00800953","gnis_name":"Holter Lake","areasqkm":14.81371255,"elevation":1090.6,"reachcode":"10030101004587","ftype":390,"fcode":39009,"visibility":5000000,"SHAPE_Leng":null,"SHAPE_Area":null,"ObjectID":73857}},
{"type":"Feature","geometry":{"type":"Polygon","coordinates":[[[-111.18733,48.36149],[-111.17805,48.36341],[-111.17473,48.3641],[-111.17203,48.36466],[-111.16945,48.36441],[-111.16446,48.36086],[-111.16083,48.35941],[-111.15937,48.35348],[-111.15448,48.35176],[-111.15683,48.34895],[-111.1562,48.34682],[-111.153,48.34286],[-111.15137,48.34278],[-111.1463,48.34707],[-111.14216,48.3471],[-111.13942,48.34582],[-111.13809,48.33908],[-111.14194,48.33851],[-111.14518,48.34068],[-111.14688,48.33923],[-111.1512,48.338],[-111.15057,48.33295],[-111.15147,48.33037],[-111.15384,48.32802],[-111.15307,48.32417],[-111.1454,48.32471],[-111.14013,48.32703],[-111.13704,48.32968],[-111.13121,48.32678],[-111.12777,48.32844],[-111.12703,48.33133],[-111.12884,48.33633],[-111.126,48.33591],[-111.12198,48.33404],[-111.11656,48.33285],[-111.11607,48.33535],[-111.11228,48.33678],[-111.10961,48.33447],[-111.10582,48.33478],[-111.10518,48.33174],[-111.10101,48.33099],[-111.10244,48.3292],[-111.09908,48.32814],[-111.09682,48.32618],[-111.09221,48.33],[-111.09233,48.32424],[-111.1025,48.31993],[-111.10306,48.31802],[-111.10574,48.31778],[-111.10851,48.31912],[-111.11336,48.31927],[-111.11341,48.3167],[-111.11069,48.31264],[-111.11341,48.31244],[-111.11668,48.31002],[-111.12238,48.30376],[-111.13068,48.29883],[-111.13548,48.29804],[-111.14666,48.29725],[-111.14879,48.29784],[-111.16551,48.30433],[-111.16255,48.31036],[-111.16644,48.31344],[-111.16783,48.31563],[-111.16699,48.31978],[-111.1701,48.32325],[-111.17154,48.32603],[-111.16937,48.32781],[-111.17093,48.33008],[-111.16991,48.3338],[-111.17254,48.33791],[-111.17992,48.33804],[-111.18515,48.34086],[-111.18937,48.34223],[-111.19273,48.34459],[-111.19389,48.34297],[-111.19887,48.34424],[-111.21739,48.33927],[-111.22184,48.3401],[-111.22521,48.33751],[-111.22588,48.34042],[-111.2303,48.34075],[-111.24045,48.34316],[-111.24622,48.34365],[-111.25277,48.34017],[-111.25446,48.33732],[-111.25678,48.33655],[-111.26043,48.3393],[-111.26527,48.34077],[-111.27125,48.34072],[-111.2754,48.34153],[-111.28065,48.34048],[-111.28845,48.33769],[-111.28895,48.33975],[-111.29191,48.34159],[-111.29293,48.34373],[-111.29738,48.34891],[-111.2985,48.34786],[-111.30657,48.34452],[-111.31024,48.34004],[-111.31116,48.33773],[-111.30946,48.33606],[-111.31257,48.33159],[-111.31614,48.33654],[-111.31918,48.33767],[-111.32023,48.34316],[-111.32592,48.34273],[-111.32946,48.34116],[-111.33392,48.34254],[-111.34201,48.34235],[-111.34565,48.34296],[-111.348,48.34193],[-111.35306,48.34153],[-111.36292,48.34238],[-111.3731,48.34217],[-111.38163,48.34015],[-111.38794,48.34201],[-111.40163,48.34167],[-111.40676,48.34348],[-111.41777,48.34088],[-111.42094,48.33907],[-111.42607,48.33858],[-111.4308,48.33729],[-111.43307,48.33798],[-111.43838,48.3372],[-111.44234,48.33531],[-111.44756,48.33564],[-111.45773,48.33834],[-111.46246,48.34013],[-111.46956,48.3414],[-111.4774,48.3414],[-111.47743,48.33953],[-111.48255,48.33787],[-111.48676,48.33737],[-111.49095,48.33784],[-111.49547,48.33986],[-111.5019,48.34379],[-111.50464,48.34367],[-111.50564,48.34016],[-111.50805,48.33862],[-111.50943,48.33606],[-111.51267,48.33397],[-111.51617,48.3335],[-111.5226,48.33377],[-111.52797,48.33472],[-111.53097,48.33439],[-111.53663,48.33566],[-111.54301,48.33997],[-111.54515,48.34481],[-111.54414,48.34676],[-111.54099,48.34801],[-111.5469,48.35105],[-111.55253,48.35101],[-111.55269,48.35248],[-111.54906,48.35439],[-111.5533,48.35506],[-111.55778,48.35417],[-111.55879,48.35599],[-111.55358,48.35756],[-111.547,48.35804],[-111.54492,48.35699],[-111.54358,48.35385],[-111.54036,48.3518],[-111.53518,48.35086],[-111.53374,48.34917],[-111.53533,48.34133],[-111.53266,48.33893],[-111.52681,48.33738],[-111.52399,48.33854],[-111.52146,48.33703],[-111.51879,48.33699],[-111.51489,48.33894],[-111.51283,48.34157],[-111.51361,48.34277],[-111.51024,48.34621],[-111.50336,48.34669],[-111.49631,48.34573],[-111.49166,48.34442],[-111.4898,48.34312],[-111.48402,48.34439],[-111.48153,48.34625],[-111.47709,48.34694],[-111.47222,48.34657],[-111.46209,48.34495],[-111.45674,48.34499],[-111.45336,48.34339],[-111.44491,48.34158],[-111.43687,48.34278],[-111.43166,48.34406],[-111.42365,48.34777],[-111.41917,48.3489],[-111.41215,48.35156],[-111.40776,48.3517],[-111.40073,48.35058],[-111.38824,48.35016],[-111.38014,48.35148],[-111.36886,48.35088],[-111.36665,48.34922],[-111.36014,48.34955],[-111.36478,48.35547],[-111.36098,48.35496],[-111.36037,48.35199],[-111.35722,48.35134],[-111.35683,48.34968],[-111.34854,48.35003],[-111.34551,48.35135],[-111.34103,48.35085],[-111.33592,48.35196],[-111.32887,48.35552],[-111.32906,48.35893],[-111.32516,48.35896],[-111.32209,48.36049],[-111.30878,48.36348],[-111.30668,48.36494],[-111.29552,48.36555],[-111.29506,48.36361],[-111.29103,48.36244],[-111.28685,48.35783],[-111.285,48.35694],[-111.28526,48.35023],[-111.28384,48.34864],[-111.28057,48.34801],[-111.27871,48.34903],[-111.27403,48.3476],[-111.26605,48.34749],[-111.25631,48.34912],[-111.25416,48.34732],[-111.25002,48.34821],[-111.24373,48.35064],[-111.23871,48.35062],[-111.22703,48.34867],[-111.22035,48.34958],[-111.21808,48.35151],[-111.21387,48.35168],[-111.21265,48.35369],[-111.20747,48.35505],[-111.1999,48.355],[-111.19455,48.35548],[-111.19274,48.35497],[-111.18703,48.36018],[-111.18733,48.36149]],[[-111.17147,48.35408],[-111.17427,48.35528],[-111.17709,48.35799],[-111.17946,48.35503],[-111.17834,48.35395],[-111.17334,48.35394],[-111.17259,48.35261],[-111.1745,48.34971],[-111.16775,48.34948],[-111.16387,48.35116],[-111.16392,48.35377],[-111.16861,48.35338],[-111.17147,48.35408]]]},"properties":{"permanent_":"144846718","fdate":"2022-05-03T00:00:00.000Z","resolution":2,"gnis_id":"00777636","gnis_name":"Lake Elwell","areasqkm":52.89971717,"elevation":908.9,"reachcode":"10030203002423","ftype":390,"fcode":39009,"visibility":5000000,"SHAPE_Leng":null,"SHAPE_Area":null,"ObjectID":77379}},
{"type":"Feature","geometry":{"type":"Polygon","coordinates":[[[-114.64712,48.20647],[-114.63732,48.20532],[-114.63537,48.20236],[-114.62967,48.20136],[-114.63125,48.20408],[-114.62981,48.20584],[-114.62241,48.20816],[-114.61734,48.21333],[-114.61285,48.21114],[-114.61105,48.21285],[-114.60491,48.21419],[-114.60423,48.21705],[-114.5991,48.21852],[-114.59352,48.21916],[-114.59047,48.22309],[-114.58614,48.22066],[-114.58487,48.22303],[-114.57658,48.22147],[-114.57335,48.22261],[-114.56782,48.2204],[-114.56359,48.2177],[-114.56135,48.2186],[-114.55927,48.21647],[-114.54978,48.21433],[-114.55012,48.21168],[-114.55619,48.21131],[-114.56119,48.21271],[-114.56913,48.21249],[-114.57207,48.21069],[-114.57968,48.21078],[-114.59,48.20599],[-114.59196,48.20446],[-114.59714,48.20485],[-114.59775,48.20649],[-114.60143,48.2062],[-114.60377,48.20374],[-114.60656,48.20417],[-114.61055,48.20316],[-114.61066,48.20091],[-114.61305,48.20069],[-114.61953,48.19589],[-114.62203,48.18932],[-114.61982,48.18817],[-114.61649,48.18455],[-114.61627,48.18314],[-114.61865,48.18044],[-114.62037,48.18018],[-114.6253,48.18075],[-114.62933,48.17826],[-114.63471,48.1799],[-114.64473,48.18925],[-114.64594,48.19187],[-114.64602,48.19724],[-114.64818,48.19853],[-114.64835,48.20154],[-114.65019,48.20407],[-114.64712,48.20647]]]},"properties":{"permanent_":"60786583","fdate":"2002-11-06T00:00:00.000Z","resolution":2,"gnis_id":"00796279","gnis_name":"Ashley Lake","areasqkm":11.543,"elevation":null,"reachcode":"17010208000711","ftype":390,"fcode":39004,"visibility":5000000,"SHAPE_Leng":null,"SHAPE_Area":null,"ObjectID":85491}},
{"type":"Feature","geometry":{"type":"Polygon","coordinates":[[[-112.2447,48.2983],[-112.23863,48.29831],[-112.23783,48.29624],[-112.23498,48.29359],[-112.23415,48.29024],[-112.22699,48.2874],[-112.22445,48.2834],[-112.22486,48.27831],[-112.22153,48.27617],[-112.21656,48.27428],[-112.2131,48.27074],[-112.21341,48.26973],[-112.20954,48.26684],[-112.20717,48.26354],[-112.20857,48.26275],[-112.21375,48.26633],[-112.22055,48.26811],[-112.23288,48.26755],[-112.24122,48.26808],[-112.24904,48.26692],[-112.25715,48.2666],[-112.26257,48.26812],[-112.26447,48.26997],[-112.26867,48.27072],[-112.27715,48.27113],[-112.28134,48.27079],[-112.28727,48.27556],[-112.29301,48.27813],[-112.29671,48.27916],[-112.30114,48.27939],[-112.29962,48.28125],[-112.30267,48.28205],[-112.30466,48.28627],[-112.30714,48.28737],[-112.30925,48.29168],[-112.30934,48.29409],[-112.30748,48.29478],[-112.30485,48.2977],[-112.30085,48.29944],[-112.29839,48.30184],[-112.29482,48.30379],[-112.29272,48.30625],[-112.28889,48.30842],[-112.28034,48.3092],[-112.2739,48.31185],[-112.26669,48.31379],[-112.26392,48.31196],[-112.26492,48.30999],[-112.26423,48.30405],[-112.26158,48.30077],[-112.25826,48.2989],[-112.24929,48.29799],[-112.2447,48.2983]]]},"properties":{"permanent_":"144845971","fdate":"2009-09-11T00:00:00.000Z","resolution":2,"gnis_id":"00771599","gnis_name":"Lake Frances","areasqkm":21.253,"elevation":1161.6,"reachcode":"10030203002378","ftype":390,"fcode":39009,"visibility":5000000,"SHAPE_Leng":null,"SHAPE_Area":null,"ObjectID":86333}},
{"type":"Feature","geometry":{"type":"Polygon","coordinates":[[[-113.32914,46.1692],[-113.32355,46.17628],[-113.31747,46.18053],[-113.32114,46.18469],[-113.31974,46.18698],[-113.31221,46.18775],[-113.30719,46.19182],[-113.3016,46.18811],[-113.29916,46.18911],[-113.29405,46.18881],[-113.29226,46.18692],[-113.28802,46.1861],[-113.2865,46.18766],[-113.28781,46.18922],[-113.29252,46.19034],[-113.29287,46.1932],[-113.29548,46.19367],[-113.2964,46.19556],[-113.30172,46.19668],[-113.301,46.20113],[-113.29809,46.20251],[-113.29073,46.20011],[-113.28887,46.1987],[-113.2847,46.19784],[-113.28161,46.1959],[-113.27944,46.19611],[-113.27816,46.19908],[-113.28097,46.20026],[-113.28199,46.20507],[-113.28808,46.20713],[-113.28885,46.20964],[-113.28588,46.20994],[-113.27801,46.20938],[-113.27832,46.21109],[-113.28099,46.21454],[-113.27975,46.21506],[-113.27626,46.21251],[-113.2732,46.20458],[-113.27162,46.20273],[-113.26869,46.19643],[-113.26543,46.19204],[-113.26746,46.18824],[-113.26764,46.18242],[-113.26574,46.18223],[-113.26259,46.17873],[-113.26295,46.17666],[-113.26916,46.17405],[-113.26783,46.17039],[-113.27273,46.16984],[-113.27329,46.17284],[-113.27106,46.17565],[-113.27129,46.17712],[-113.27694,46.17653],[-113.28094,46.17362],[-113.28421,46.17354],[-113.29327,46.17136],[-113.29915,46.17137],[-113.30564,46.17027],[-113.312,46.1727],[-113.31834,46.17066],[-113.32002,46.16861],[-113.32514,46.16969],[-113.32914,46.1692]]]},"properties":{"permanent_":"{37D71657-7D9D-48A3-88A3-6DD570626DDB}","fdate":"2017-05-31T00:00:00.000Z","resolution":2,"gnis_id":"00783903","gnis_name":"Georgetown Lake","areasqkm":11.56469983,"elevation":null,"reachcode":"17010202165508","ftype":390,"fcode":39004,"visibility":5000000,"SHAPE_Leng":null,"SHAPE_Area":null,"ObjectID":92117}},
{"type":"Feature","geometry":{"type":"Polygon","coordinates":[[[-108.83049,46.04272],[-108.83973,46.05012],[-108.84164,46.05476],[-108.83949,46.06439],[-108.83482,46.07046],[-108.83438,46.07371],[-108.82935,46.07952],[-108.82862,46.08291],[-108.82581,46.08473],[-108.82462,46.08742],[-108.81942,46.09096],[-108.81148,46.09199],[-108.80811,46.09096],[-108.80829,46.08811],[-108.80998,46.08688],[-108.80915,46.08235],[-108.8058,46.08076],[-108.80451,46.07379],[-108.80177,46.06986],[-108.80047,46.0651],[-108.79465,46.0622],[-108.79654,46.06034],[-108.80308,46.05654],[-108.80439,46.05416],[-108.80796,46.05368],[-108.80915,46.04976],[-108.81558,46.04476],[-108.81879,46.0469],[-108.81986,46.04286],[-108.82462,46.04452],[-108.82712,46.04452],[-108.83049,46.04272]]]},"properties":{"permanent_":"{0D335A4C-7DFB-4EE3-B24F-87870CB7A496}","fdate":"2022-03-30T00:00:00.000Z","resolution":2,"gnis_id":"","gnis_name":"","areasqkm":11.81594273,"elevation":null,"reachcode":"10070007008317","ftype":390,"fcode":39005,"visibility":5000000,"SHAPE_Leng":null,"SHAPE_Area":null,"ObjectID":113482}},
{"type":"Feature","geometry":{"type":"Polygon","coordinates":[[[-111.17203,48.36466],[-111.17473,48.3641],[-111.17805,48.36341],[-111.18733,48.36149],[-111.19574,48.3618],[-111.2006,48.36269],[-111.20169,48.36552],[-111.20572,48.36742],[-111.21345,48.3736],[-111.21389,48.37645],[-111.21643,48.37933],[-111.22197,48.37943],[-111.22912,48.37792],[-111.23185,48.38315],[-111.22888,48.38658],[-111.23337,48.38965],[-111.23159,48.39355],[-111.2336,48.39686],[-111.23819,48.3957],[-111.24372,48.39767],[-111.24654,48.40017],[-111.24815,48.39983],[-111.25256,48.40184],[-111.2554,48.40572],[-111.26384,48.40717],[-111.26624,48.40906],[-111.27008,48.40821],[-111.27348,48.40985],[-111.27545,48.41214],[-111.27687,48.41615],[-111.27439,48.41561],[-111.27389,48.41238],[-111.26866,48.40989],[-111.26647,48.41108],[-111.26393,48.40849],[-111.25862,48.4078],[-111.25553,48.40891],[-111.24703,48.40436],[-111.24524,48.40268],[-111.23977,48.40274],[-111.2387,48.40044],[-111.23613,48.40064],[-111.23118,48.39896],[-111.2288,48.39938],[-111.22529,48.39326],[-111.22219,48.39534],[-111.21655,48.39578],[-111.20987,48.39445],[-111.20727,48.3885],[-111.20203,48.38515],[-111.19907,48.38256],[-111.1942,48.38388],[-111.19203,48.39076],[-111.18955,48.39051],[-111.19008,48.38791],[-111.18693,48.38326],[-111.1888,48.38185],[-111.18524,48.37493],[-111.1763,48.3723],[-111.16961,48.36675],[-111.17203,48.36466]],[[-111.2142,48.38978],[-111.21885,48.39222],[-111.22248,48.38763],[-111.21719,48.38646],[-111.2142,48.38978]]]},"properties":{"permanent_":"{DAED335D-F85A-45D6-A32A-700CA421A1A9}","fdate":"2022-05-03T00:00:00.000Z","resolution":2,"gnis_id":"","gnis_name":"","areasqkm":10.05619264,"elevation":908.3,"reachcode":"10030204004496","ftype":390,"fcode":39009,"visibility":5000000,"SHAPE_Leng":null,"SHAPE_Area":null,"ObjectID":113783}},
{"type":"Feature","geometry":{"type":"Polygon","coordinates":[[[-111.90115,46.70239],[-111.90344,46.70348],[-111.90428,46.70558],[-111.90229,46.70748],[-111.89877,46.70915],[-111.89337,46.70867],[-111.89105,46.70962],[-111.88676,46.70981],[-111.88346,46.71128],[-111.88193,46.71547],[-111.87923,46.7174],[-111.88196,46.72043],[-111.88634,46.72653],[-111.88573,46.72834],[-111.89266,46.73042],[-111.894,46.73252],[-111.89233,46.73534],[-111.88637,46.74049],[-111.88577,46.74451],[-111.8874,46.75082],[-111.8879,46.75814],[-111.88644,46.76149],[-111.88773,46.76389],[-111.88667,46.76559],[-111.88283,46.76409],[-111.88509,46.75753],[-111.8819,46.75431],[-111.87973,46.74851],[-111.87606,46.74493],[-111.87402,46.74173],[-111.87256,46.73672],[-111.87022,46.73289],[-111.86273,46.72869],[-111.8585,46.72676],[-111.85767,46.72547],[-111.85406,46.72471],[-111.85273,46.72325],[-111.84813,46.72159],[-111.83691,46.72183],[-111.83277,46.72254],[-111.82476,46.72308],[-111.81946,46.7245],[-111.81142,46.72462],[-111.80402,46.72319],[-111.80174,46.72105],[-111.80085,46.71818],[-111.80136,46.7158],[-111.80571,46.71216],[-111.807,46.70985],[-111.80356,46.70413],[-111.79933,46.69982],[-111.79881,46.69765],[-111.80019,46.69563],[-111.80762,46.69391],[-111.8098,46.68924],[-111.81119,46.68786],[-111.81201,46.68385],[-111.80967,46.679],[-111.80729,46.67613],[-111.80735,46.67143],[-111.80218,46.66731],[-111.78903,46.66217],[-111.77988,46.65934],[-111.77596,46.65942],[-111.77006,46.65765],[-111.76299,46.65638],[-111.75768,46.65742],[-111.75002,46.66158],[-111.7459,46.66237],[-111.74308,46.6616],[-111.73663,46.65615],[-111.73364,46.65485],[-111.72775,46.649],[-111.72884,46.64841],[-111.73359,46.65272],[-111.73865,46.65596],[-111.74212,46.6592],[-111.74557,46.661],[-111.75074,46.6597],[-111.75458,46.65616],[-111.76072,46.65475],[-111.76672,46.65563],[-111.77386,46.6559],[-111.7813,46.65778],[-111.7866,46.65787],[-111.79057,46.65942],[-111.79966,46.6614],[-111.8044,46.66012],[-111.80489,46.66301],[-111.80954,46.6656],[-111.81773,46.66794],[-111.8308,46.67446],[-111.83141,46.67787],[-111.83402,46.67943],[-111.83324,46.68326],[-111.82935,46.68582],[-111.82712,46.68583],[-111.819,46.68803],[-111.81874,46.69034],[-111.81568,46.6932],[-111.8138,46.69376],[-111.81005,46.69831],[-111.80544,46.69871],[-111.80354,46.70057],[-111.8077,46.7033],[-111.81145,46.70722],[-111.81247,46.70984],[-111.80953,46.71254],[-111.80548,46.71421],[-111.80349,46.71799],[-111.8049,46.72093],[-111.80686,46.72248],[-111.81504,46.7231],[-111.82856,46.71947],[-111.83619,46.71827],[-111.84607,46.71871],[-111.8522,46.71986],[-111.85801,46.72166],[-111.86962,46.72594],[-111.87717,46.72969],[-111.88124,46.73329],[-111.88296,46.73846],[-111.88613,46.73667],[-111.89008,46.73323],[-111.8885,46.73109],[-111.88333,46.72979],[-111.88181,46.72827],[-111.88209,46.72532],[-111.878,46.72067],[-111.87419,46.71862],[-111.87667,46.71607],[-111.88158,46.71265],[-111.88296,46.7096],[-111.89359,46.7066],[-111.89526,46.70477],[-111.89978,46.70392],[-111.90092,46.70233],[-111.90115,46.70239]]]},"properties":{"permanent_":"63168212","fdate":"2002-12-03T00:00:00.000Z","resolution":2,"gnis_id":"00800914","gnis_name":"Hauser Lake","areasqkm":12.913,"elevation":1111.3,"reachcode":"10030101004526","ftype":390,"fcode":39009,"visibility":5000000,"SHAPE_Leng":null,"SHAPE_Area":null,"ObjectID":122397}},
{"type":"Feature","geometry":{"type":"Polygon","coordinates":[[[-111.35282,47.66016],[-111.35445,47.66444],[-111.35673,47.66596],[-111.36304,47.66692],[-111.37726,47.66552],[-111.38653,47.66712],[-111.38136,47.67254],[-111.36894,47.67581],[-111.36667,47.67681],[-111.36325,47.6747],[-111.35306,47.67221],[-111.3438,47.67172],[-111.34152,47.67228],[-111.33762,47.67476],[-111.34828,47.68393],[-111.34669,47.69148],[-111.34646,47.69174],[-111.34481,47.6916],[-111.34372,47.69088],[-111.34164,47.69135],[-111.33987,47.69306],[-111.33718,47.69244],[-111.32974,47.69239],[-111.32789,47.69125],[-111.32201,47.69031],[-111.32248,47.68557],[-111.32375,47.68319],[-111.31852,47.68044],[-111.31779,47.679],[-111.32067,47.6767],[-111.32035,47.67295],[-111.31639,47.66761],[-111.30823,47.66478],[-111.32904,47.65233],[-111.33285,47.65463],[-111.33958,47.65355],[-111.34223,47.65389],[-111.35282,47.66016]],[[-111.34181,47.69114],[-111.34404,47.69075],[-111.34648,47.69157],[-111.34725,47.68797],[-111.34181,47.69114]]]},"properties":{"permanent_":"81483753","fdate":"2003-04-23T00:00:00.000Z","resolution":2,"gnis_id":"00768712","gnis_name":"Benton Lake","areasqkm":10.926,"elevation":3622,"reachcode":"10030102003660","ftype":390,"fcode":39006,"visibility":5000000,"SHAPE_Leng":null,"SHAPE_Area":null,"ObjectID":122589}},
{"type":"Feature","geometry":{"type":"Polygon","coordinates":[[[-113.44833,48.74826],[-113.44496,48.74689],[-113.44669,48.74264],[-113.44555,48.73895],[-113.44394,48.73695],[-113.44306,48.7335],[-113.4441,48.73133],[-113.44665,48.72968],[-113.4483,48.72655],[-113.45276,48.72188],[-113.45487,48.72136],[-113.45618,48.71801],[-113.45917,48.71508],[-113.46057,48.71249],[-113.46371,48.70915],[-113.47052,48.7094],[-113.47416,48.70823],[-113.47858,48.70343],[-113.47914,48.69825],[-113.48119,48.69627],[-113.48984,48.69044],[-113.49332,48.68744],[-113.50343,48.68286],[-113.5087,48.68272],[-113.51841,48.68037],[-113.52581,48.68308],[-113.53404,48.68475],[-113.5337,48.68055],[-113.53998,48.67957],[-113.54202,48.67844],[-113.54679,48.67774],[-113.55226,48.67912],[-113.55608,48.67822],[-113.56183,48.67451],[-113.56473,48.67123],[-113.56942,48.67072],[-113.57448,48.67189],[-113.58007,48.67068],[-113.58374,48.67075],[-113.58555,48.66917],[-113.5929,48.67009],[-113.59949,48.66873],[-113.60169,48.66546],[-113.60382,48.66566],[-113.60427,48.67219],[-113.59068,48.6769],[-113.58393,48.67651],[-113.57785,48.67451],[-113.57568,48.67883],[-113.57306,48.67905],[-113.57044,48.67768],[-113.56702,48.67934],[-113.56739,48.68216],[-113.56363,48.68302],[-113.5624,48.68556],[-113.55678,48.68798],[-113.55555,48.69009],[-113.55006,48.69191],[-113.54431,48.69148],[-113.54134,48.69328],[-113.5385,48.69357],[-113.53534,48.69231],[-113.5297,48.68781],[-113.5269,48.6873],[-113.52593,48.69078],[-113.52053,48.69064],[-113.51595,48.69151],[-113.5103,48.69447],[-113.50678,48.6988],[-113.4996,48.70233],[-113.49163,48.70845],[-113.4858,48.70918],[-113.48125,48.7123],[-113.47187,48.71671],[-113.47205,48.72069],[-113.46951,48.72257],[-113.46829,48.72614],[-113.46144,48.73129],[-113.45929,48.73622],[-113.45568,48.7406],[-113.44833,48.74826]]]},"properties":{"permanent_":"136325184","fdate":"2018-08-08T00:00:00.000Z","resolution":2,"gnis_id":"00776122","gnis_name":"Saint Mary Lake","areasqkm":16.04076739,"elevation":1366.7,"reachcode":"09040001007202","ftype":390,"fcode":39009,"visibility":5000000,"SHAPE_Leng":null,"SHAPE_Area":null,"ObjectID":123660}},
{"type":"Feature","geometry":{"type":"Polygon","coordinates":[[[-111.14845,44.77743],[-111.14821,44.77709],[-111.14879,44.77684],[-111.14917,44.77696],[-111.14922,44.77695],[-111.15035,44.77717],[-111.1504,44.77716],[-111.14984,44.77653],[-111.14974,44.77644],[-111.15388,44.77606],[-111.15413,44.77609],[-111.15597,44.77666],[-111.15712,44.77742],[-111.1585,44.77837],[-111.15861,44.77844],[-111.16011,44.77887],[-111.16017,44.77884],[-111.15986,44.77832],[-111.1598,44.77824],[-111.15973,44.77813],[-111.15987,44.77809],[-111.16133,44.77972],[-111.16135,44.77989],[-111.1616,44.77995],[-111.16162,44.77989],[-111.16241,44.77919],[-111.16605,44.77871],[-111.16964,44.78062],[-111.17183,44.77999],[-111.17527,44.78111],[-111.17754,44.77968],[-111.18162,44.78204],[-111.18673,44.77818],[-111.1884,44.77925],[-111.19413,44.77864],[-111.19528,44.77935],[-111.20178,44.77938],[-111.20827,44.77766],[-111.21426,44.78152],[-111.2188,44.78581],[-111.21913,44.79024],[-111.21665,44.79177],[-111.21258,44.79177],[-111.20994,44.79324],[-111.20968,44.7964],[-111.21142,44.79789],[-111.21589,44.79816],[-111.21841,44.79731],[-111.22141,44.79318],[-111.22426,44.79175],[-111.22419,44.78946],[-111.22643,44.78909],[-111.22797,44.78687],[-111.22469,44.78334],[-111.22826,44.78213],[-111.23141,44.77798],[-111.23122,44.77467],[-111.22966,44.77097],[-111.22971,44.76783],[-111.22842,44.76068],[-111.22544,44.7586],[-111.22598,44.75787],[-111.2284,44.75742],[-111.23018,44.75532],[-111.22715,44.75418],[-111.22665,44.75405],[-111.2332,44.75175],[-111.23624,44.75167],[-111.23508,44.74928],[-111.22994,44.74798],[-111.22861,44.74877],[-111.22726,44.75031],[-111.22285,44.75254],[-111.21801,44.75352],[-111.21212,44.75289],[-111.20766,44.75129],[-111.19698,44.74634],[-111.19144,44.74535],[-111.1855,44.74822],[-111.18147,44.74677],[-111.17902,44.74737],[-111.17645,44.74357],[-111.17048,44.74288],[-111.16604,44.73901],[-111.16054,44.73891],[-111.15516,44.73939],[-111.15214,44.73826],[-111.1486,44.73844],[-111.14294,44.73723],[-111.14175,44.7358],[-111.13846,44.73531],[-111.13754,44.73323],[-111.12325,44.72603],[-111.12523,44.72408],[-111.12824,44.72337],[-111.13537,44.72581],[-111.13877,44.72858],[-111.14519,44.72896],[-111.15014,44.7286],[-111.15461,44.72894],[-111.15974,44.73025],[-111.16839,44.72991],[-111.17354,44.73275],[-111.18023,44.73543],[-111.18505,44.73524],[-111.19042,44.73745],[-111.19377,44.73693],[-111.19774,44.73817],[-111.20232,44.73862],[-111.20746,44.73984],[-111.20832,44.73863],[-111.21233,44.73831],[-111.21898,44.7389],[-111.22658,44.74106],[-111.22875,44.74255],[-111.23553,44.74304],[-111.23982,44.74501],[-111.24828,44.74399],[-111.25078,44.74184],[-111.2566,44.74289],[-111.25871,44.74387],[-111.25898,44.74667],[-111.26146,44.74885],[-111.26524,44.75415],[-111.26516,44.75683],[-111.26129,44.7565],[-111.26614,44.76246],[-111.26715,44.76016],[-111.27275,44.76137],[-111.27378,44.76444],[-111.27178,44.7668],[-111.26784,44.76775],[-111.26849,44.77117],[-111.26715,44.77233],[-111.27048,44.77409],[-111.27143,44.7783],[-111.27483,44.78026],[-111.2749,44.78471],[-111.27659,44.78791],[-111.27329,44.79236],[-111.26653,44.79806],[-111.26873,44.80388],[-111.2711,44.80662],[-111.27924,44.81196],[-111.28883,44.81659],[-111.29415,44.8164],[-111.2958,44.82167],[-111.2953,44.82478],[-111.30298,44.82332],[-111.30265,44.8251],[-111.30015,44.82722],[-111.29978,44.82906],[-111.30176,44.83094],[-111.30487,44.83055],[-111.30558,44.83383],[-111.30752,44.83517],[-111.31355,44.83396],[-111.31569,44.8365],[-111.31508,44.83884],[-111.32315,44.84649],[-111.33036,44.85556],[-111.33444,44.86007],[-111.33647,44.86321],[-111.33321,44.86392],[-111.331,44.86059],[-111.32765,44.85843],[-111.32376,44.85268],[-111.32113,44.85207],[-111.31754,44.84949],[-111.31414,44.84855],[-111.30957,44.84617],[-111.30749,44.84238],[-111.30047,44.84188],[-111.28746,44.8358],[-111.28397,44.83386],[-111.27837,44.83222],[-111.27031,44.82507],[-111.26821,44.8247],[-111.26306,44.82204],[-111.26139,44.82048],[-111.26283,44.81819],[-111.26097,44.81489],[-111.25869,44.81358],[-111.2554,44.81324],[-111.24681,44.80641],[-111.24208,44.80548],[-111.23705,44.80154],[-111.23349,44.80031],[-111.23046,44.80077],[-111.22628,44.8036],[-111.22029,44.80257],[-111.21445,44.80301],[-111.21026,44.79981],[-111.20772,44.79963],[-111.20633,44.79736],[-111.19749,44.79489],[-111.1866,44.79542],[-111.18421,44.79606],[-111.17907,44.80021],[-111.17726,44.80268],[-111.17204,44.80253],[-111.16941,44.801],[-111.16855,44.79858],[-111.16301,44.79654],[-111.16509,44.79136],[-111.16142,44.7868],[-111.16084,44.78488],[-111.15781,44.78295],[-111.15546,44.77999],[-111.15142,44.77929],[-111.14845,44.77743]]]},"properties":{"permanent_":"52418878","fdate":"2012-08-17T00:00:00.000Z","resolution":2,"gnis_id":"00784702","gnis_name":"Hebgen Lake","areasqkm":50.20941267,"elevation":6534,"reachcode":"10020007003284","ftype":390,"fcode":39010,"visibility":5000000,"SHAPE_Leng":null,"SHAPE_Area":null,"ObjectID":127603}},
{"type":"Feature","geometry":{"type":"Polygon","coordinates":[[[-112.85339,44.99242],[-112.85288,44.98771],[-112.85113,44.98031],[-112.85162,44.97424],[-112.84868,44.97043],[-112.84375,44.9606],[-112.84411,44.95142],[-112.84318,44.94971],[-112.84402,44.94448],[-112.84307,44.9425],[-112.853,44.94057],[-112.85577,44.94084],[-112.86295,44.94294],[-112.86698,44.94549],[-112.86923,44.9478],[-112.87168,44.94883],[-112.87586,44.94812],[-112.88222,44.95],[-112.88573,44.9543],[-112.88827,44.95874],[-112.88898,44.96207],[-112.894,44.97025],[-112.89627,44.97029],[-112.902,44.96848],[-112.9039,44.96974],[-112.90881,44.9679],[-112.91329,44.96907],[-112.91603,44.97075],[-112.92052,44.97219],[-112.91937,44.97562],[-112.91589,44.97651],[-112.9166,44.97856],[-112.91108,44.98175],[-112.90723,44.98156],[-112.90423,44.98344],[-112.89588,44.98497],[-112.89095,44.98506],[-112.88885,44.98697],[-112.8826,44.98778],[-112.87654,44.98928],[-112.86964,44.99046],[-112.86907,44.9935],[-112.86309,44.99992],[-112.86031,45.00079],[-112.85585,44.99886],[-112.85654,44.99584],[-112.85339,44.99242]],[[-112.88202,44.95891],[-112.87846,44.9599],[-112.87657,44.9615],[-112.88195,44.96298],[-112.88467,44.96123],[-112.88444,44.95903],[-112.88202,44.95891]],[[-112.86892,44.98625],[-112.871,44.98322],[-112.86784,44.98039],[-112.8663,44.98209],[-112.8661,44.98573],[-112.86892,44.98625]]]},"properties":{"permanent_":"53809643","fdate":"2014-10-16T00:00:00.000Z","resolution":2,"gnis_id":"00769893","gnis_name":"Clark Canyon Reservoir","areasqkm":19.93169877,"elevation":1689.2,"reachcode":"10020001002788","ftype":390,"fcode":39009,"visibility":5000000,"SHAPE_Leng":null,"SHAPE_Area":null,"ObjectID":131151}},
{"type":"Feature","geometry":{"type":"Polygon","coordinates":[[[-107.93398,47.375],[-107.93615,47.375],[-107.9389,47.37708],[-107.942,47.375],[-107.94641,47.375],[-107.94224,47.37784],[-107.9384,47.37775],[-107.93707,47.38562],[-107.9406,47.38892],[-107.93846,47.39269],[-107.93685,47.39298],[-107.9329,47.39723],[-107.93158,47.4004],[-107.92381,47.40477],[-107.92504,47.41026],[-107.9268,47.41362],[-107.9244,47.41985],[-107.92304,47.42155],[-107.92609,47.42418],[-107.93155,47.4271],[-107.92869,47.43089],[-107.93731,47.43433],[-107.94201,47.43766],[-107.94483,47.43769],[-107.94653,47.4395],[-107.95629,47.44307],[-107.96,47.44801],[-107.96412,47.45246],[-107.96669,47.45189],[-107.96693,47.45456],[-107.96177,47.45318],[-107.9563,47.45254],[-107.95286,47.44992],[-107.9525,47.4467],[-107.94842,47.44477],[-107.94299,47.44403],[-107.9331,47.44102],[-107.9302,47.43953],[-107.92826,47.44069],[-107.92376,47.44657],[-107.92472,47.44839],[-107.92187,47.44932],[-107.91742,47.45308],[-107.91335,47.45824],[-107.91436,47.46314],[-107.91849,47.46491],[-107.91552,47.46616],[-107.91509,47.4762],[-107.91557,47.47919],[-107.91407,47.48027],[-107.9114,47.48809],[-107.90989,47.49057],[-107.91589,47.4902],[-107.90984,47.49318],[-107.91143,47.50125],[-107.91156,47.50575],[-107.91526,47.50816],[-107.92199,47.5083],[-107.92774,47.50906],[-107.92837,47.51036],[-107.91732,47.51076],[-107.91399,47.51172],[-107.91666,47.51571],[-107.92463,47.52223],[-107.92748,47.52559],[-107.92938,47.52957],[-107.93227,47.5394],[-107.9325,47.54344],[-107.9339,47.5442],[-107.93261,47.54746],[-107.93305,47.55165],[-107.93524,47.55678],[-107.93785,47.55976],[-107.94254,47.56244],[-107.9465,47.56288],[-107.94779,47.56426],[-107.95592,47.56638],[-107.95935,47.5679],[-107.96876,47.57106],[-107.97871,47.5733],[-107.98359,47.57572],[-107.99277,47.57882],[-108.00339,47.57969],[-108.00501,47.57936],[-108.01621,47.57989],[-108.02715,47.58091],[-108.03385,47.58255],[-108.04071,47.58557],[-108.04295,47.58594],[-108.05391,47.58992],[-108.05889,47.59142],[-108.06425,47.59234],[-108.06868,47.59228],[-108.07249,47.5912],[-108.0808,47.59044],[-108.089,47.58904],[-108.09731,47.59031],[-108.10938,47.58995],[-108.11878,47.58821],[-108.13518,47.58278],[-108.15034,47.57953],[-108.15491,47.57971],[-108.16174,47.57864],[-108.1799,47.57844],[-108.19034,47.58002],[-108.20881,47.58192],[-108.21063,47.58311],[-108.21326,47.58187],[-108.22222,47.58208],[-108.22354,47.58276],[-108.22845,47.58198],[-108.24911,47.5806],[-108.26218,47.57897],[-108.26526,47.57934],[-108.27418,47.57834],[-108.27763,47.57694],[-108.28419,47.57622],[-108.29047,47.57673],[-108.29127,47.57743],[-108.29761,47.57794],[-108.30169,47.58],[-108.30758,47.57876],[-108.31305,47.57531],[-108.31634,47.57474],[-108.31783,47.57192],[-108.32448,47.56909],[-108.33482,47.56607],[-108.34237,47.5652],[-108.35185,47.56611],[-108.35879,47.56821],[-108.3595,47.57078],[-108.36211,47.57224],[-108.36325,47.5749],[-108.36302,47.57795],[-108.35989,47.57972],[-108.36069,47.58128],[-108.35814,47.58263],[-108.35565,47.58072],[-108.34962,47.57886],[-108.34612,47.57843],[-108.34171,47.57889],[-108.33936,47.58108],[-108.33942,47.58272],[-108.33231,47.58549],[-108.32023,47.5874],[-108.31599,47.58745],[-108.31032,47.58591],[-108.30629,47.59095],[-108.30159,47.58978],[-108.29965,47.5911],[-108.2918,47.59123],[-108.29068,47.5901],[-108.27979,47.58802],[-108.278,47.58712],[-108.26887,47.58687],[-108.26526,47.58826],[-108.25807,47.5897],[-108.25112,47.58963],[-108.24644,47.59049],[-108.23722,47.59123],[-108.23381,47.59024],[-108.22269,47.59004],[-108.21643,47.59074],[-108.20423,47.591],[-108.19215,47.59013],[-108.18662,47.59134],[-108.18622,47.58934],[-108.18374,47.58879],[-108.18021,47.58959],[-108.1713,47.58791],[-108.16422,47.5885],[-108.16063,47.58771],[-108.15816,47.58919],[-108.14703,47.59103],[-108.14207,47.59269],[-108.13125,47.59503],[-108.12106,47.59975],[-108.11488,47.60166],[-108.10945,47.60476],[-108.10574,47.61052],[-108.10417,47.61012],[-108.09952,47.61254],[-108.09436,47.61316],[-108.09119,47.61638],[-108.08538,47.61597],[-108.08691,47.61385],[-108.0902,47.61399],[-108.09056,47.61093],[-108.09366,47.60929],[-108.08974,47.60713],[-108.0919,47.60165],[-108.09103,47.60005],[-108.08711,47.5997],[-108.08307,47.60085],[-108.08004,47.60067],[-108.07591,47.60236],[-108.07344,47.60207],[-108.06812,47.60295],[-108.06164,47.60296],[-108.05062,47.60154],[-108.04592,47.60056],[-108.04037,47.5976],[-108.02566,47.59259],[-108.01545,47.59024],[-108.01044,47.59007],[-108.00473,47.59087],[-107.99835,47.59096],[-107.98423,47.59014],[-107.97754,47.58822],[-107.9571,47.57946],[-107.9472,47.57708],[-107.94291,47.57561],[-107.93704,47.57237],[-107.92662,47.5685],[-107.92123,47.56432],[-107.91845,47.56001],[-107.91579,47.55182],[-107.91581,47.53488],[-107.91534,47.53276],[-107.9096,47.52549],[-107.90627,47.52535],[-107.90692,47.52289],[-107.90262,47.51807],[-107.89744,47.51321],[-107.89477,47.50686],[-107.8946,47.50366],[-107.89544,47.4981],[-107.88677,47.4975],[-107.88679,47.49574],[-107.89026,47.49596],[-107.89618,47.49534],[-107.89782,47.48681],[-107.89967,47.48029],[-107.90209,47.47653],[-107.90173,47.47522],[-107.90382,47.4707],[-107.90328,47.46659],[-107.90132,47.46248],[-107.89885,47.4592],[-107.89583,47.45857],[-107.89111,47.45573],[-107.88238,47.45506],[-107.87938,47.45575],[-107.87442,47.45821],[-107.87166,47.46363],[-107.87045,47.47208],[-107.87169,47.47565],[-107.87052,47.47917],[-107.86997,47.48496],[-107.86706,47.48671],[-107.86283,47.49276],[-107.86301,47.49616],[-107.86653,47.50014],[-107.87018,47.50242],[-107.87528,47.50808],[-107.87688,47.51183],[-107.87642,47.51579],[-107.87452,47.52081],[-107.87072,47.52412],[-107.87033,47.52557],[-107.86702,47.52727],[-107.86545,47.52956],[-107.8602,47.53155],[-107.84559,47.53398],[-107.84104,47.53563],[-107.84054,47.53886],[-107.83715,47.5378],[-107.83619,47.54079],[-107.83394,47.5418],[-107.83422,47.54403],[-107.82605,47.54595],[-107.8159,47.55098],[-107.80731,47.55385],[-107.8067,47.55538],[-107.81178,47.56047],[-107.80597,47.55995],[-107.80332,47.55735],[-107.80143,47.56182],[-107.79983,47.55621],[-107.79454,47.55645],[-107.78674,47.55494],[-107.78089,47.55259],[-107.77678,47.5524],[-107.7725,47.55361],[-107.7712,47.55684],[-107.76803,47.562],[-107.76536,47.56501],[-107.76338,47.56535],[-107.75653,47.56877],[-107.74612,47.57696],[-107.73955,47.58109],[-107.73508,47.58542],[-107.72484,47.59016],[-107.72359,47.59581],[-107.72237,47.59809],[-107.72252,47.60685],[-107.72136,47.60834],[-107.7186,47.6149],[-107.7105,47.62221],[-107.70553,47.62555],[-107.70869,47.62858],[-107.7109,47.6286],[-107.71421,47.63114],[-107.70545,47.631],[-107.70361,47.62912],[-107.6999,47.62947],[-107.69646,47.63136],[-107.69338,47.63167],[-107.68622,47.63423],[-107.68885,47.63758],[-107.6847,47.63774],[-107.68153,47.63636],[-107.67964,47.63782],[-107.67504,47.6379],[-107.67032,47.6413],[-107.66652,47.6399],[-107.66344,47.64033],[-107.66359,47.64319],[-107.6652,47.64544],[-107.66376,47.6509],[-107.66089,47.65098],[-107.66005,47.6528],[-107.65308,47.65598],[-107.65457,47.65903],[-107.66041,47.65978],[-107.66256,47.66106],[-107.67173,47.66062],[-107.68324,47.66188],[-107.68853,47.66329],[-107.69253,47.66204],[-107.70655,47.66282],[-107.71928,47.66496],[-107.72259,47.66371],[-107.7228,47.66064],[-107.72775,47.6617],[-107.72889,47.66315],[-107.73501,47.66436],[-107.73853,47.6682],[-107.74345,47.66917],[-107.74334,47.67217],[-107.74765,47.67334],[-107.74945,47.67571],[-107.75251,47.6776],[-107.74807,47.67891],[-107.74512,47.67694],[-107.73988,47.67591],[-107.73824,47.67284],[-107.73601,47.67175],[-107.73009,47.67045],[-107.72683,47.668],[-107.72067,47.66986],[-107.71737,47.66961],[-107.71132,47.6704],[-107.70555,47.66816],[-107.70255,47.66794],[-107.68406,47.67133],[-107.68366,47.66945],[-107.67561,47.66871],[-107.67081,47.66765],[-107.66065,47.67051],[-107.65178,47.67057],[-107.64464,47.67119],[-107.64215,47.66874],[-107.64015,47.66916],[-107.63441,47.66613],[-107.63375,47.66462],[-107.62234,47.66507],[-107.61002,47.66499],[-107.60678,47.6674],[-107.60334,47.66857],[-107.6028,47.67026],[-107.59847,47.6732],[-107.59454,47.67334],[-107.59347,47.67179],[-107.59874,47.66927],[-107.59961,47.6643],[-107.59622,47.66287],[-107.59393,47.66076],[-107.59086,47.66195],[-107.58637,47.66078],[-107.57824,47.65979],[-107.57568,47.66058],[-107.57435,47.65683],[-107.56818,47.65668],[-107.56396,47.65493],[-107.56318,47.65309],[-107.5577,47.65313],[-107.55569,47.65117],[-107.55121,47.65069],[-107.54728,47.65166],[-107.54339,47.65071],[-107.53665,47.65032],[-107.53184,47.64823],[-107.52848,47.64963],[-107.5245,47.64681],[-107.51896,47.64488],[-107.51708,47.64235],[-107.51202,47.6415],[-107.5119,47.63869],[-107.5102,47.63588],[-107.50695,47.63362],[-107.50364,47.63311],[-107.50045,47.6315],[-107.49816,47.63259],[-107.49498,47.63052],[-107.48944,47.62992],[-107.48335,47.63123],[-107.47877,47.62996],[-107.47442,47.63039],[-107.47296,47.62893],[-107.46938,47.62792],[-107.45551,47.6263],[-107.44988,47.62454],[-107.44468,47.62659],[-107.44092,47.62961],[-107.44018,47.63249],[-107.44238,47.63277],[-107.4457,47.63712],[-107.4448,47.6403],[-107.4497,47.64072],[-107.44906,47.64235],[-107.44589,47.64235],[-107.44558,47.64491],[-107.44346,47.64546],[-107.4428,47.64916],[-107.44498,47.65551],[-107.44546,47.65906],[-107.44081,47.65716],[-107.43724,47.6587],[-107.43965,47.65997],[-107.43779,47.66298],[-107.43935,47.66616],[-107.43754,47.66804],[-107.4458,47.6728],[-107.44017,47.6741],[-107.438,47.6774],[-107.43924,47.67954],[-107.44463,47.68421],[-107.44513,47.68664],[-107.44259,47.68748],[-107.43648,47.68787],[-107.43283,47.68898],[-107.43223,47.69031],[-107.43611,47.69328],[-107.42931,47.69369],[-107.42633,47.69223],[-107.42581,47.69526],[-107.42235,47.69721],[-107.42644,47.70215],[-107.42066,47.70276],[-107.41735,47.70185],[-107.41554,47.70287],[-107.41049,47.70369],[-107.40615,47.70324],[-107.40734,47.70766],[-107.40225,47.70676],[-107.39878,47.70435],[-107.39381,47.70412],[-107.39219,47.70529],[-107.38757,47.7044],[-107.38442,47.70592],[-107.38325,47.70788],[-107.38212,47.71445],[-107.38445,47.7169],[-107.38654,47.72238],[-107.38161,47.72125],[-107.38042,47.71855],[-107.37407,47.71494],[-107.37107,47.71796],[-107.36955,47.71815],[-107.36286,47.72292],[-107.3625,47.72495],[-107.35629,47.72861],[-107.35709,47.73116],[-107.35015,47.73142],[-107.34565,47.73293],[-107.34309,47.73588],[-107.3411,47.73998],[-107.33256,47.7408],[-107.33617,47.73493],[-107.33799,47.73326],[-107.33816,47.72973],[-107.34267,47.72899],[-107.34846,47.72636],[-107.34866,47.72445],[-107.35499,47.71902],[-107.35844,47.71689],[-107.35792,47.71426],[-107.36171,47.71047],[-107.36368,47.70735],[-107.36664,47.70518],[-107.36739,47.70257],[-107.36598,47.69865],[-107.36398,47.69674],[-107.35675,47.69379],[-107.35452,47.69103],[-107.34943,47.69089],[-107.34941,47.68935],[-107.34399,47.68915],[-107.34061,47.6898],[-107.33841,47.68778],[-107.33468,47.68796],[-107.33117,47.6891],[-107.3303,47.69129],[-107.32604,47.69102],[-107.3228,47.69192],[-107.3192,47.69141],[-107.316,47.69254],[-107.31078,47.69214],[-107.30791,47.69047],[-107.30398,47.69193],[-107.30131,47.69021],[-107.29824,47.69175],[-107.29086,47.69026],[-107.28841,47.69093],[-107.28572,47.68779],[-107.28177,47.68751],[-107.28072,47.68636],[-107.27385,47.6872],[-107.27116,47.6854],[-107.2726,47.68414],[-107.27193,47.68184],[-107.26476,47.68165],[-107.26544,47.67922],[-107.26073,47.67804],[-107.25774,47.6758],[-107.25352,47.67627],[-107.24233,47.67444],[-107.23712,47.67157],[-107.23159,47.67241],[-107.22906,47.67067],[-107.22457,47.67226],[-107.21886,47.66976],[-107.21737,47.67115],[-107.2139,47.67162],[-107.20908,47.66974],[-107.20523,47.66905],[-107.19588,47.66978],[-107.19613,47.67305],[-107.18992,47.67247],[-107.18686,47.67105],[-107.18403,47.67228],[-107.18294,47.66953],[-107.18028,47.67097],[-107.17634,47.66995],[-107.17375,47.67187],[-107.16948,47.67216],[-107.16387,47.67121],[-107.16266,47.67487],[-107.16543,47.67812],[-107.16506,47.6808],[-107.16866,47.68542],[-107.16379,47.68447],[-107.15911,47.68065],[-107.15177,47.67984],[-107.1481,47.67719],[-107.14083,47.67686],[-107.13988,47.67791],[-107.12974,47.68029],[-107.12752,47.67849],[-107.12209,47.68032],[-107.11579,47.68012],[-107.1141,47.6793],[-107.10959,47.6811],[-107.108,47.67906],[-107.10476,47.68011],[-107.1075,47.68317],[-107.11014,47.68356],[-107.11154,47.68618],[-107.11745,47.68977],[-107.11558,47.69095],[-107.11223,47.68923],[-107.1093,47.69001],[-107.10475,47.68753],[-107.09984,47.69035],[-107.09824,47.68626],[-107.09497,47.68449],[-107.09399,47.68273],[-107.08993,47.68333],[-107.08644,47.68159],[-107.08428,47.67929],[-107.07465,47.67673],[-107.06735,47.67611],[-107.06537,47.67753],[-107.06326,47.67485],[-107.06142,47.67514],[-107.05704,47.6722],[-107.0543,47.67255],[-107.05078,47.67429],[-107.04935,47.67731],[-107.04629,47.67857],[-107.04294,47.67558],[-107.0393,47.67437],[-107.03713,47.67534],[-107.03245,47.67425],[-107.02473,47.67643],[-107.02668,47.67932],[-107.02563,47.68168],[-107.01987,47.67902],[-107.01636,47.6792],[-107.01234,47.68661],[-107.00801,47.68499],[-107.00736,47.68261],[-107.00388,47.68117],[-107.00053,47.68171],[-106.99628,47.67991],[-106.9888,47.68064],[-106.98506,47.68504],[-106.98633,47.68861],[-106.98507,47.68969],[-106.98109,47.6873],[-106.97917,47.68513],[-106.97482,47.68322],[-106.97561,47.68114],[-106.97218,47.68103],[-106.96834,47.68348],[-106.96039,47.68174],[-106.95793,47.68471],[-106.95556,47.68603],[-106.94823,47.68573],[-106.94602,47.68427],[-106.94302,47.68579],[-106.93897,47.68455],[-106.93601,47.68595],[-106.93283,47.68961],[-106.93594,47.69113],[-106.93601,47.69539],[-106.93167,47.69409],[-106.92953,47.69517],[-106.92649,47.69169],[-106.92419,47.69113],[-106.92024,47.68812],[-106.91624,47.68887],[-106.91116,47.68773],[-106.90956,47.68884],[-106.9093,47.69137],[-106.90672,47.69417],[-106.90911,47.70206],[-106.9064,47.70519],[-106.90928,47.70523],[-106.9115,47.70658],[-106.91245,47.70898],[-106.91001,47.71166],[-106.9073,47.7119],[-106.90775,47.71494],[-106.91067,47.71698],[-106.91585,47.71631],[-106.9193,47.71516],[-106.92381,47.71654],[-106.93092,47.71674],[-106.93057,47.71995],[-106.92772,47.72027],[-106.92413,47.72215],[-106.92651,47.72526],[-106.92944,47.72544],[-106.92921,47.72123],[-106.93366,47.72217],[-106.9375,47.72377],[-106.94102,47.7274],[-106.94401,47.7276],[-106.94757,47.72962],[-106.94948,47.7327],[-106.95133,47.73162],[-106.95393,47.73263],[-106.95605,47.73181],[-106.96086,47.73487],[-106.96545,47.73524],[-106.9666,47.73628],[-106.97086,47.73678],[-106.97846,47.73989],[-106.98643,47.73899],[-106.98891,47.74132],[-106.99422,47.74148],[-106.9958,47.74085],[-107.00151,47.74287],[-107.00339,47.74441],[-107.01014,47.74676],[-107.01957,47.74879],[-107.01585,47.75034],[-107.00566,47.75041],[-107.00385,47.74962],[-106.99889,47.74984],[-106.99808,47.7487],[-106.9908,47.74885],[-106.98486,47.74715],[-106.985,47.74935],[-106.98259,47.75248],[-106.97958,47.75087],[-106.97038,47.75216],[-106.97419,47.75504],[-106.97514,47.75669],[-106.97589,47.76169],[-106.97136,47.76133],[-106.96316,47.75667],[-106.95629,47.75213],[-106.96091,47.75182],[-106.96347,47.74934],[-106.95728,47.74995],[-106.95539,47.7481],[-106.95131,47.74892],[-106.94833,47.75292],[-106.94522,47.75001],[-106.93899,47.74702],[-106.93791,47.74415],[-106.93292,47.74367],[-106.92993,47.74261],[-106.92896,47.74089],[-106.92513,47.74086],[-106.92219,47.74275],[-106.92007,47.74202],[-106.9151,47.74226],[-106.9132,47.73987],[-106.91034,47.74018],[-106.9075,47.73902],[-106.90364,47.74006],[-106.9023,47.73857],[-106.89899,47.74004],[-106.89959,47.74272],[-106.89128,47.74191],[-106.89218,47.744],[-106.8872,47.74428],[-106.88741,47.74672],[-106.87986,47.74664],[-106.87929,47.74927],[-106.88168,47.75276],[-106.8836,47.75286],[-106.88683,47.74897],[-106.8894,47.74784],[-106.89375,47.75163],[-106.89208,47.75377],[-106.89984,47.756],[-106.90271,47.76099],[-106.90742,47.76386],[-106.901,47.76552],[-106.90495,47.76938],[-106.90356,47.77064],[-106.90422,47.77306],[-106.90864,47.77565],[-106.90602,47.77799],[-106.90249,47.77591],[-106.89893,47.77529],[-106.89842,47.77217],[-106.89343,47.77167],[-106.88836,47.76809],[-106.88556,47.76515],[-106.88304,47.76887],[-106.88146,47.76564],[-106.8828,47.76292],[-106.8801,47.76143],[-106.87804,47.76422],[-106.87892,47.76661],[-106.87581,47.76757],[-106.87006,47.76524],[-106.86497,47.76449],[-106.86518,47.76263],[-106.86794,47.75907],[-106.86308,47.75843],[-106.85577,47.75887],[-106.85198,47.7584],[-106.85277,47.75534],[-106.8505,47.75428],[-106.85011,47.75957],[-106.84532,47.76258],[-106.84677,47.75753],[-106.84214,47.75856],[-106.83939,47.75672],[-106.84141,47.75451],[-106.83715,47.75343],[-106.83511,47.751],[-106.82893,47.75313],[-106.82464,47.74985],[-106.81505,47.74734],[-106.81542,47.75001],[-106.81851,47.75363],[-106.82393,47.75449],[-106.82575,47.75639],[-106.8238,47.7595],[-106.82367,47.76236],[-106.8295,47.76215],[-106.82975,47.76585],[-106.83487,47.7668],[-106.8328,47.77461],[-106.83629,47.77693],[-106.83136,47.77769],[-106.82787,47.77415],[-106.82746,47.771],[-106.82211,47.76938],[-106.81919,47.76722],[-106.81344,47.76605],[-106.81007,47.76925],[-106.80578,47.76571],[-106.80074,47.76396],[-106.79959,47.76186],[-106.80568,47.7621],[-106.8012,47.75918],[-106.79531,47.75817],[-106.79276,47.75689],[-106.79067,47.75434],[-106.7868,47.75728],[-106.78369,47.75799],[-106.7785,47.75641],[-106.77342,47.75199],[-106.77036,47.75083],[-106.76757,47.75269],[-106.77521,47.75697],[-106.77358,47.76051],[-106.7809,47.76376],[-106.78377,47.76715],[-106.7783,47.76809],[-106.77599,47.77155],[-106.78344,47.77079],[-106.78684,47.77854],[-106.78928,47.78109],[-106.78845,47.7825],[-106.79342,47.78604],[-106.79091,47.78736],[-106.79617,47.7911],[-106.79457,47.7944],[-106.79266,47.79363],[-106.79076,47.79055],[-106.78738,47.79065],[-106.78341,47.79318],[-106.78104,47.7924],[-106.77924,47.78918],[-106.77658,47.78647],[-106.77286,47.78708],[-106.77244,47.78507],[-106.76766,47.78794],[-106.765,47.78508],[-106.76433,47.78289],[-106.76136,47.78332],[-106.7512,47.7791],[-106.74609,47.77839],[-106.74634,47.7754],[-106.73975,47.77419],[-106.73868,47.77553],[-106.74178,47.77874],[-106.74181,47.78078],[-106.74514,47.78239],[-106.74607,47.78444],[-106.7509,47.78592],[-106.752,47.78878],[-106.74798,47.7885],[-106.74478,47.79062],[-106.74804,47.79128],[-106.7511,47.79339],[-106.75002,47.7979],[-106.75119,47.80057],[-106.74844,47.80208],[-106.74703,47.80009],[-106.74293,47.80091],[-106.74191,47.79843],[-106.73978,47.79713],[-106.73755,47.79882],[-106.73457,47.79945],[-106.72769,47.79533],[-106.72406,47.79571],[-106.72222,47.79393],[-106.71807,47.79281],[-106.70735,47.79439],[-106.71163,47.79716],[-106.71307,47.79966],[-106.71633,47.80182],[-106.72004,47.80131],[-106.7194,47.80564],[-106.72215,47.80676],[-106.72228,47.80886],[-106.72633,47.81195],[-106.72877,47.81239],[-106.73429,47.81807],[-106.74087,47.8184],[-106.74232,47.82361],[-106.73572,47.82181],[-106.73376,47.82023],[-106.72888,47.81914],[-106.72709,47.82198],[-106.72419,47.82325],[-106.72414,47.82563],[-106.72857,47.82723],[-106.72876,47.83206],[-106.72473,47.83092],[-106.72272,47.82804],[-106.72076,47.82897],[-106.7167,47.82739],[-106.71243,47.82781],[-106.70927,47.82553],[-106.70572,47.82478],[-106.69852,47.8203],[-106.69932,47.8185],[-106.69738,47.81608],[-106.69479,47.81625],[-106.69098,47.81507],[-106.6887,47.81132],[-106.68572,47.81045],[-106.68495,47.81457],[-106.68251,47.81482],[-106.67287,47.8124],[-106.67233,47.80959],[-106.66781,47.81034],[-106.66073,47.80769],[-106.65475,47.80661],[-106.65884,47.81193],[-106.65843,47.81381],[-106.65194,47.81423],[-106.64481,47.81254],[-106.64074,47.81305],[-106.64116,47.81588],[-106.6457,47.81695],[-106.64513,47.81822],[-106.65034,47.82044],[-106.65671,47.82138],[-106.65783,47.8239],[-106.66012,47.82508],[-106.65835,47.82739],[-106.6608,47.82982],[-106.66397,47.82959],[-106.66788,47.83361],[-106.67089,47.83395],[-106.67477,47.83654],[-106.6732,47.83758],[-106.66842,47.83637],[-106.66433,47.83655],[-106.66291,47.83417],[-106.65927,47.83446],[-106.65914,47.83687],[-106.65546,47.83826],[-106.65534,47.83523],[-106.65118,47.83331],[-106.65039,47.83031],[-106.64314,47.83226],[-106.63638,47.82895],[-106.63385,47.83009],[-106.63095,47.82972],[-106.62695,47.83134],[-106.62561,47.83007],[-106.6256,47.82298],[-106.6197,47.82186],[-106.61848,47.81992],[-106.61413,47.81822],[-106.60637,47.81838],[-106.60422,47.8205],[-106.60694,47.82147],[-106.60795,47.82445],[-106.60755,47.82942],[-106.60292,47.83066],[-106.59767,47.8312],[-106.60752,47.83627],[-106.61291,47.83825],[-106.61493,47.84087],[-106.6208,47.84131],[-106.6235,47.8433],[-106.62905,47.83821],[-106.63368,47.84061],[-106.6339,47.84339],[-106.64007,47.84548],[-106.64472,47.84864],[-106.64366,47.8501],[-106.65069,47.85081],[-106.65315,47.85156],[-106.65422,47.85484],[-106.65953,47.86043],[-106.65568,47.86071],[-106.65319,47.86231],[-106.65145,47.86071],[-106.65114,47.857],[-106.64832,47.85496],[-106.64437,47.85634],[-106.64337,47.85788],[-106.63969,47.85595],[-106.63669,47.85647],[-106.63248,47.85529],[-106.6314,47.85769],[-106.62573,47.85694],[-106.62571,47.85313],[-106.62321,47.84777],[-106.61999,47.848],[-106.61617,47.85038],[-106.61103,47.84913],[-106.61099,47.85161],[-106.60533,47.85074],[-106.59984,47.84687],[-106.59851,47.84951],[-106.58929,47.8449],[-106.58798,47.84723],[-106.58408,47.84716],[-106.5784,47.8446],[-106.57926,47.84726],[-106.58175,47.8476],[-106.58355,47.84983],[-106.58061,47.85191],[-106.58122,47.85484],[-106.57636,47.85236],[-106.57484,47.85418],[-106.56835,47.85355],[-106.5662,47.85646],[-106.56732,47.85885],[-106.57037,47.85858],[-106.57665,47.8593],[-106.57883,47.86077],[-106.57987,47.86329],[-106.58772,47.86541],[-106.58821,47.86751],[-106.58563,47.86832],[-106.58784,47.87105],[-106.58748,47.87501],[-106.602,47.87481],[-106.60478,47.88009],[-106.60894,47.88163],[-106.61258,47.88393],[-106.61773,47.88542],[-106.62743,47.89209],[-106.62448,47.89227],[-106.62173,47.89047],[-106.61968,47.89245],[-106.61084,47.89545],[-106.60501,47.89404],[-106.6049,47.89128],[-106.60111,47.89268],[-106.59852,47.89073],[-106.59311,47.89109],[-106.59334,47.8931],[-106.58952,47.89617],[-106.58711,47.89548],[-106.58823,47.89179],[-106.58586,47.89041],[-106.58651,47.88871],[-106.5842,47.88479],[-106.57844,47.88151],[-106.57856,47.88015],[-106.57269,47.87744],[-106.57051,47.8801],[-106.57006,47.88318],[-106.57328,47.88461],[-106.57551,47.88957],[-106.57702,47.89042],[-106.57597,47.8928],[-106.57319,47.89128],[-106.56698,47.89069],[-106.56125,47.89371],[-106.56571,47.89513],[-106.57302,47.90094],[-106.57646,47.90104],[-106.57909,47.90314],[-106.58599,47.90639],[-106.58981,47.91048],[-106.59365,47.90958],[-106.5959,47.91172],[-106.59605,47.91422],[-106.58837,47.91412],[-106.58412,47.9155],[-106.57588,47.91239],[-106.57009,47.91063],[-106.56529,47.91245],[-106.56153,47.91145],[-106.55959,47.91325],[-106.56255,47.91576],[-106.56856,47.91827],[-106.56923,47.921],[-106.57402,47.92076],[-106.57131,47.92419],[-106.56496,47.92362],[-106.56547,47.92541],[-106.55873,47.92623],[-106.55334,47.9249],[-106.55066,47.92713],[-106.55514,47.92913],[-106.55605,47.9269],[-106.5616,47.92689],[-106.56617,47.93017],[-106.5719,47.932],[-106.57527,47.93206],[-106.57811,47.93086],[-106.57923,47.92866],[-106.58197,47.92974],[-106.5869,47.9254],[-106.58917,47.9269],[-106.59532,47.92799],[-106.59757,47.92987],[-106.6024,47.92859],[-106.61154,47.93079],[-106.61514,47.933],[-106.61685,47.93511],[-106.61904,47.93465],[-106.61674,47.93173],[-106.61948,47.93014],[-106.62575,47.92988],[-106.63087,47.93116],[-106.63311,47.93248],[-106.63921,47.92944],[-106.64225,47.93213],[-106.64951,47.93433],[-106.65386,47.93118],[-106.65547,47.92853],[-106.65805,47.92902],[-106.65735,47.93283],[-106.65329,47.93638],[-106.65515,47.93797],[-106.65807,47.93804],[-106.65713,47.94055],[-106.65277,47.93929],[-106.65092,47.9399],[-106.64671,47.9388],[-106.64739,47.94183],[-106.6502,47.94436],[-106.6565,47.94746],[-106.6583,47.95084],[-106.6621,47.95446],[-106.65928,47.95599],[-106.65099,47.95397],[-106.64949,47.95057],[-106.6469,47.95155],[-106.64508,47.95376],[-106.63804,47.95157],[-106.63824,47.95343],[-106.642,47.95613],[-106.64038,47.96067],[-106.63721,47.95877],[-106.63521,47.95953],[-106.63242,47.95726],[-106.62751,47.95661],[-106.624,47.95227],[-106.61935,47.95391],[-106.62243,47.95514],[-106.62212,47.9589],[-106.61893,47.95924],[-106.60824,47.9515],[-106.60712,47.95304],[-106.60911,47.9557],[-106.60056,47.95358],[-106.60085,47.95578],[-106.60277,47.95671],[-106.6019,47.95893],[-106.60504,47.96034],[-106.60357,47.96249],[-106.60067,47.96302],[-106.59756,47.96038],[-106.59561,47.96069],[-106.59045,47.95475],[-106.58939,47.95609],[-106.58551,47.95617],[-106.58444,47.96057],[-106.5774,47.96134],[-106.57162,47.95934],[-106.57192,47.95736],[-106.56713,47.95556],[-106.56289,47.96009],[-106.57017,47.96116],[-106.57149,47.96467],[-106.57765,47.96542],[-106.5797,47.96831],[-106.57957,47.97063],[-106.5837,47.97077],[-106.58649,47.97681],[-106.58946,47.97442],[-106.58947,47.97906],[-106.58666,47.97948],[-106.57826,47.9778],[-106.57584,47.97592],[-106.57109,47.97432],[-106.56755,47.97513],[-106.56405,47.97284],[-106.56135,47.97343],[-106.55822,47.97117],[-106.55311,47.97328],[-106.54865,47.97356],[-106.54826,47.97212],[-106.54335,47.97127],[-106.54156,47.96814],[-106.53837,47.96996],[-106.54054,47.97307],[-106.53936,47.97466],[-106.54483,47.97714],[-106.54496,47.98045],[-106.5515,47.98108],[-106.55077,47.98345],[-106.55325,47.98435],[-106.55839,47.98471],[-106.56046,47.98625],[-106.55752,47.98784],[-106.56132,47.98912],[-106.55836,47.99365],[-106.55877,47.99645],[-106.55568,47.99678],[-106.55465,47.9939],[-106.54693,47.99411],[-106.53609,47.98968],[-106.53389,47.9908],[-106.52725,47.98533],[-106.52487,47.98554],[-106.5232,47.98326],[-106.52046,47.98514],[-106.51927,47.98726],[-106.51391,47.98206],[-106.51537,47.9797],[-106.50866,47.98023],[-106.5101,47.98404],[-106.50602,47.98752],[-106.50347,47.98821],[-106.49956,47.98556],[-106.49681,47.98544],[-106.4952,47.98782],[-106.4992,47.99075],[-106.49603,47.99192],[-106.49198,47.99177],[-106.48997,47.99337],[-106.48537,47.99466],[-106.48268,47.99838],[-106.46774,47.99521],[-106.46715,47.99723],[-106.45206,47.99505],[-106.4443,47.99474],[-106.43765,47.99596],[-106.42334,48.00013],[-106.40258,48.00641],[-106.39904,48.00702],[-106.39496,48.00576],[-106.39218,48.00801],[-106.3854,48.00766],[-106.3809,48.00935],[-106.38086,48.01392],[-106.3748,48.01577],[-106.37738,48.0171],[-106.37209,48.01867],[-106.36837,48.01355],[-106.36275,48.01354],[-106.35927,48.01563],[-106.35446,48.02179],[-106.35144,48.02087],[-106.35336,48.01751],[-106.34877,48.01656],[-106.34704,48.01486],[-106.3538,48.01532],[-106.35308,48.01232],[-106.35714,48.01231],[-106.35864,48.01074],[-106.35776,48.00897],[-106.35447,48.00923],[-106.35186,48.00723],[-106.34928,48.00948],[-106.34329,48.00681],[-106.33888,48.00685],[-106.34246,48.00409],[-106.34177,48.0018],[-106.34727,48.00087],[-106.34897,47.99728],[-106.35312,47.99792],[-106.35884,47.99727],[-106.36347,47.99583],[-106.36451,47.9922],[-106.36658,47.99287],[-106.37003,47.99168],[-106.37145,47.98839],[-106.37446,47.98627],[-106.369,47.9854],[-106.36601,47.98373],[-106.35813,47.98391],[-106.35653,47.98228],[-106.3563,47.9797],[-106.35408,47.97797],[-106.35106,47.98324],[-106.34827,47.98258],[-106.34438,47.98466],[-106.33966,47.98629],[-106.34057,47.98268],[-106.33656,47.9806],[-106.34008,47.97966],[-106.33706,47.97789],[-106.33407,47.9703],[-106.33023,47.96624],[-106.32584,47.96768],[-106.32573,47.96484],[-106.32133,47.96377],[-106.31727,47.95932],[-106.31316,47.95287],[-106.30918,47.95119],[-106.30508,47.95356],[-106.30413,47.95128],[-106.30497,47.94894],[-106.30096,47.94447],[-106.29116,47.93779],[-106.28096,47.92773],[-106.28382,47.92725],[-106.28633,47.92943],[-106.289,47.92942],[-106.29251,47.93219],[-106.29713,47.93456],[-106.3047,47.93636],[-106.30958,47.93868],[-106.31171,47.93851],[-106.31293,47.93591],[-106.31671,47.93736],[-106.31903,47.93966],[-106.33269,47.94469],[-106.34388,47.94676],[-106.34994,47.94739],[-106.34618,47.94999],[-106.35005,47.95025],[-106.35364,47.95385],[-106.35749,47.95347],[-106.36547,47.95614],[-106.36643,47.95228],[-106.37432,47.95508],[-106.377,47.9549],[-106.37604,47.95822],[-106.37764,47.95927],[-106.37494,47.96217],[-106.38052,47.96093],[-106.38702,47.9603],[-106.38826,47.95869],[-106.38597,47.95731],[-106.3849,47.95464],[-106.38549,47.95219],[-106.38324,47.94861],[-106.38417,47.94634],[-106.38786,47.94368],[-106.38862,47.93994],[-106.38435,47.93758],[-106.3819,47.93515],[-106.38093,47.93237],[-106.37869,47.93115],[-106.37886,47.92857],[-106.37696,47.92674],[-106.37744,47.92384],[-106.37636,47.92106],[-106.37286,47.91937],[-106.37742,47.91403],[-106.37281,47.9119],[-106.36928,47.90778],[-106.3698,47.90578],[-106.37492,47.90293],[-106.37525,47.90032],[-106.37399,47.89838],[-106.37081,47.89686],[-106.37135,47.8945],[-106.3682,47.89476],[-106.36485,47.89709],[-106.361,47.89632],[-106.3597,47.89882],[-106.35443,47.89517],[-106.3605,47.89276],[-106.35895,47.8877],[-106.36243,47.88753],[-106.36622,47.88364],[-106.36363,47.88211],[-106.36773,47.88005],[-106.36754,47.87752],[-106.36964,47.873],[-106.36709,47.87116],[-106.36084,47.87036],[-106.35977,47.86545],[-106.36185,47.86445],[-106.3589,47.86168],[-106.35796,47.85609],[-106.36131,47.85376],[-106.35954,47.85238],[-106.35872,47.84897],[-106.35569,47.846],[-106.3537,47.84138],[-106.35006,47.8411],[-106.3516,47.84548],[-106.34461,47.84477],[-106.34408,47.84715],[-106.3393,47.84623],[-106.3368,47.8477],[-106.33297,47.84657],[-106.33029,47.84799],[-106.32988,47.85134],[-106.32466,47.84654],[-106.3214,47.84836],[-106.31372,47.84777],[-106.31214,47.84933],[-106.30878,47.84775],[-106.31311,47.84434],[-106.31509,47.8436],[-106.31845,47.84488],[-106.3205,47.8436],[-106.32601,47.84304],[-106.32935,47.84192],[-106.32983,47.83868],[-106.33623,47.83881],[-106.33857,47.83653],[-106.33818,47.83412],[-106.34121,47.83283],[-106.34274,47.8304],[-106.33934,47.82726],[-106.3374,47.824],[-106.33063,47.82392],[-106.33401,47.82062],[-106.33295,47.81921],[-106.32591,47.81588],[-106.31848,47.81508],[-106.31773,47.8135],[-106.31204,47.81173],[-106.30603,47.81153],[-106.29999,47.81357],[-106.29623,47.8119],[-106.29012,47.81313],[-106.28702,47.81608],[-106.28235,47.81622],[-106.28071,47.81834],[-106.27559,47.81858],[-106.27332,47.81696],[-106.26963,47.81691],[-106.26692,47.81997],[-106.26417,47.81556],[-106.26232,47.81496],[-106.25742,47.81723],[-106.25145,47.81725],[-106.24615,47.81883],[-106.24144,47.818],[-106.23917,47.81987],[-106.22946,47.81952],[-106.22518,47.8179],[-106.22828,47.81655],[-106.23115,47.81826],[-106.23373,47.81652],[-106.23811,47.81678],[-106.23885,47.81442],[-106.24354,47.814],[-106.24764,47.81546],[-106.24989,47.81372],[-106.25253,47.81387],[-106.25473,47.81156],[-106.25133,47.80781],[-106.24687,47.80679],[-106.24922,47.80481],[-106.25397,47.80638],[-106.25564,47.80831],[-106.25903,47.80984],[-106.26433,47.80942],[-106.2687,47.81068],[-106.27779,47.80958],[-106.27722,47.80724],[-106.27919,47.80344],[-106.28273,47.8048],[-106.28742,47.80337],[-106.28903,47.80188],[-106.29247,47.80203],[-106.29738,47.79655],[-106.28924,47.79102],[-106.28601,47.79074],[-106.28513,47.78829],[-106.28253,47.78925],[-106.28172,47.78657],[-106.27427,47.78798],[-106.27753,47.7855],[-106.27747,47.78391],[-106.28046,47.78236],[-106.28176,47.7793],[-106.28524,47.78027],[-106.28599,47.77781],[-106.29165,47.77458],[-106.29477,47.77378],[-106.29452,47.7684],[-106.28965,47.76315],[-106.2847,47.76154],[-106.27935,47.76188],[-106.27905,47.76066],[-106.28376,47.75964],[-106.29077,47.76021],[-106.29082,47.75735],[-106.28677,47.75389],[-106.28215,47.75287],[-106.27639,47.75235],[-106.27574,47.74805],[-106.27039,47.74828],[-106.2661,47.74733],[-106.26572,47.74434],[-106.26172,47.74371],[-106.26092,47.7454],[-106.25646,47.7418],[-106.25475,47.74415],[-106.25058,47.74228],[-106.25038,47.7462],[-106.24718,47.74487],[-106.24325,47.74659],[-106.24121,47.74646],[-106.23741,47.74415],[-106.239,47.7415],[-106.24256,47.74172],[-106.24672,47.74298],[-106.24728,47.74061],[-106.25285,47.74037],[-106.25436,47.73795],[-106.25336,47.7331],[-106.24952,47.73052],[-106.24587,47.72994],[-106.2447,47.72864],[-106.25031,47.726],[-106.24796,47.72511],[-106.247,47.72297],[-106.24445,47.72128],[-106.24008,47.72093],[-106.24103,47.71894],[-106.23878,47.71794],[-106.23963,47.71611],[-106.23265,47.71445],[-106.22905,47.71481],[-106.23132,47.71149],[-106.23295,47.7123],[-106.23689,47.71189],[-106.24084,47.71295],[-106.24466,47.71564],[-106.24315,47.71865],[-106.24572,47.72018],[-106.24851,47.71977],[-106.2519,47.72109],[-106.25561,47.72097],[-106.25642,47.72319],[-106.25453,47.72441],[-106.25525,47.72642],[-106.26075,47.7316],[-106.25937,47.73319],[-106.26497,47.73565],[-106.26688,47.73485],[-106.2741,47.73386],[-106.27448,47.73048],[-106.27938,47.73006],[-106.27809,47.72634],[-106.27436,47.72342],[-106.26648,47.7223],[-106.26959,47.72043],[-106.27372,47.72044],[-106.27961,47.72151],[-106.28366,47.72099],[-106.28496,47.7197],[-106.28285,47.71638],[-106.27983,47.71505],[-106.27774,47.71271],[-106.2754,47.71294],[-106.27385,47.71113],[-106.27418,47.708],[-106.27863,47.70551],[-106.27702,47.70329],[-106.2712,47.70174],[-106.26882,47.70256],[-106.26513,47.70224],[-106.26031,47.70363],[-106.25683,47.70333],[-106.24907,47.70404],[-106.24747,47.7017],[-106.24991,47.70057],[-106.2534,47.70051],[-106.25838,47.70156],[-106.2615,47.70038],[-106.26186,47.69719],[-106.2604,47.69494],[-106.25581,47.69468],[-106.2503,47.69535],[-106.24607,47.69368],[-106.24944,47.69177],[-106.2492,47.69018],[-106.24593,47.68998],[-106.24431,47.69144],[-106.24094,47.69103],[-106.24032,47.6881],[-106.24084,47.68505],[-106.2368,47.68665],[-106.23295,47.68332],[-106.23466,47.6821],[-106.22835,47.67854],[-106.22561,47.68038],[-106.22138,47.67938],[-106.21937,47.67448],[-106.22734,47.67599],[-106.23169,47.67542],[-106.23377,47.67657],[-106.24102,47.67393],[-106.24263,47.66988],[-106.24247,47.66617],[-106.2403,47.66381],[-106.23794,47.66387],[-106.23525,47.65962],[-106.22824,47.65772],[-106.22509,47.65978],[-106.22297,47.65906],[-106.22772,47.65509],[-106.23427,47.6579],[-106.23597,47.65727],[-106.24022,47.66035],[-106.24135,47.65759],[-106.22921,47.6502],[-106.22405,47.65194],[-106.21878,47.64922],[-106.2211,47.64457],[-106.21873,47.64228],[-106.22396,47.64079],[-106.22008,47.63971],[-106.21904,47.63778],[-106.2248,47.63688],[-106.22767,47.63295],[-106.22431,47.63173],[-106.22175,47.62895],[-106.22166,47.62708],[-106.21426,47.62445],[-106.21195,47.62482],[-106.20362,47.62455],[-106.20457,47.62269],[-106.19856,47.62124],[-106.19523,47.62369],[-106.19027,47.62411],[-106.18677,47.6254],[-106.18564,47.62376],[-106.18834,47.62241],[-106.18915,47.62035],[-106.19442,47.61962],[-106.19657,47.61771],[-106.19653,47.61549],[-106.20065,47.61476],[-106.20662,47.617],[-106.2123,47.61315],[-106.21839,47.61327],[-106.21742,47.61613],[-106.21806,47.61963],[-106.22111,47.62138],[-106.22455,47.61967],[-106.22873,47.62249],[-106.23136,47.62816],[-106.23399,47.62501],[-106.23287,47.6209],[-106.23473,47.61968],[-106.23937,47.62022],[-106.24198,47.61693],[-106.24429,47.61672],[-106.24846,47.61242],[-106.25079,47.61112],[-106.25029,47.60949],[-106.24524,47.6099],[-106.24049,47.60622],[-106.24678,47.60612],[-106.25044,47.60669],[-106.25123,47.60498],[-106.24568,47.60115],[-106.24507,47.59822],[-106.23613,47.59727],[-106.23601,47.595],[-106.24189,47.59447],[-106.24012,47.59166],[-106.24124,47.588],[-106.23888,47.58721],[-106.2346,47.58982],[-106.23152,47.58467],[-106.22799,47.58417],[-106.22649,47.58538],[-106.22142,47.58559],[-106.22113,47.58331],[-106.21839,47.58264],[-106.21781,47.58041],[-106.22074,47.57857],[-106.2142,47.57473],[-106.21496,47.57289],[-106.21131,47.57035],[-106.20993,47.56759],[-106.20619,47.56608],[-106.20304,47.56341],[-106.2056,47.56111],[-106.2006,47.55577],[-106.20492,47.55378],[-106.20862,47.55558],[-106.20955,47.55857],[-106.21339,47.56221],[-106.21169,47.56479],[-106.21332,47.56646],[-106.21935,47.56686],[-106.22017,47.57113],[-106.22303,47.56867],[-106.22449,47.57012],[-106.23064,47.57004],[-106.23263,47.57101],[-106.23447,47.56772],[-106.23224,47.56434],[-106.23381,47.56104],[-106.23081,47.55903],[-106.23502,47.55555],[-106.23738,47.55737],[-106.24211,47.5554],[-106.24219,47.55044],[-106.23944,47.54697],[-106.24205,47.54541],[-106.24449,47.54555],[-106.24354,47.54878],[-106.24633,47.55124],[-106.24839,47.55066],[-106.25464,47.55259],[-106.26123,47.55544],[-106.26478,47.55452],[-106.25813,47.5505],[-106.25202,47.54528],[-106.25304,47.54265],[-106.25783,47.54231],[-106.26108,47.54378],[-106.26648,47.54235],[-106.26702,47.53874],[-106.27298,47.53722],[-106.27536,47.53515],[-106.27728,47.53678],[-106.27951,47.53627],[-106.28394,47.53116],[-106.28079,47.5305],[-106.2812,47.52615],[-106.27573,47.52438],[-106.27246,47.521],[-106.26873,47.51941],[-106.26918,47.5155],[-106.27242,47.51303],[-106.27502,47.51292],[-106.28425,47.51618],[-106.28974,47.51423],[-106.29337,47.51473],[-106.28807,47.51811],[-106.28499,47.51898],[-106.27887,47.51632],[-106.27686,47.51987],[-106.28259,47.5245],[-106.28692,47.52571],[-106.28886,47.52768],[-106.28882,47.53269],[-106.28794,47.53657],[-106.2853,47.53796],[-106.283,47.54078],[-106.27376,47.54179],[-106.27198,47.54581],[-106.26934,47.54723],[-106.26315,47.54674],[-106.26653,47.55084],[-106.27036,47.55037],[-106.2727,47.54838],[-106.27607,47.5484],[-106.2787,47.54705],[-106.28,47.55306],[-106.27443,47.55123],[-106.27521,47.55419],[-106.27459,47.55697],[-106.27101,47.56029],[-106.26769,47.56129],[-106.26344,47.56051],[-106.25837,47.55776],[-106.25476,47.55682],[-106.25198,47.55731],[-106.24979,47.55583],[-106.24591,47.55659],[-106.24402,47.55999],[-106.23975,47.5625],[-106.24058,47.56477],[-106.24059,47.56943],[-106.24379,47.56928],[-106.24534,47.57273],[-106.24197,47.57183],[-106.23945,47.57381],[-106.23444,47.57593],[-106.23816,47.5787],[-106.24484,47.58221],[-106.25314,47.58761],[-106.24987,47.58854],[-106.25158,47.59059],[-106.26101,47.58653],[-106.2666,47.58639],[-106.27044,47.58736],[-106.27967,47.58707],[-106.27572,47.58964],[-106.27081,47.58977],[-106.26288,47.59165],[-106.25735,47.59113],[-106.25508,47.59171],[-106.25455,47.59738],[-106.26133,47.59685],[-106.2656,47.59743],[-106.2644,47.59904],[-106.25984,47.59867],[-106.25917,47.60012],[-106.26387,47.6039],[-106.26277,47.60897],[-106.26619,47.60921],[-106.26965,47.61102],[-106.2673,47.61355],[-106.26442,47.61282],[-106.26182,47.61482],[-106.26351,47.61599],[-106.27157,47.61632],[-106.27207,47.61843],[-106.2781,47.61731],[-106.27968,47.61836],[-106.2884,47.62013],[-106.29192,47.62285],[-106.29554,47.62207],[-106.29866,47.62433],[-106.29928,47.6261],[-106.30335,47.62439],[-106.30621,47.62501],[-106.30824,47.62365],[-106.31212,47.6248],[-106.31167,47.62728],[-106.29944,47.62906],[-106.29623,47.62835],[-106.29372,47.62939],[-106.28781,47.62778],[-106.28284,47.62451],[-106.28283,47.62289],[-106.27875,47.62288],[-106.27417,47.62529],[-106.27082,47.62588],[-106.26741,47.62235],[-106.2618,47.62118],[-106.2571,47.62372],[-106.25669,47.62667],[-106.25383,47.62866],[-106.25497,47.63135],[-106.25262,47.63306],[-106.2521,47.63849],[-106.24927,47.63926],[-106.24625,47.63866],[-106.24294,47.63965],[-106.24139,47.64296],[-106.24459,47.6445],[-106.24824,47.64493],[-106.25282,47.64731],[-106.25387,47.64874],[-106.2635,47.64851],[-106.26417,47.64231],[-106.26651,47.64164],[-106.26854,47.64328],[-106.2714,47.64376],[-106.27082,47.64649],[-106.27586,47.64849],[-106.27476,47.65067],[-106.27792,47.6513],[-106.27125,47.6539],[-106.26787,47.65307],[-106.26061,47.65568],[-106.26505,47.65847],[-106.27163,47.66085],[-106.27996,47.66466],[-106.27485,47.66523],[-106.27152,47.66393],[-106.26715,47.66765],[-106.26934,47.67089],[-106.27493,47.6692],[-106.27889,47.66974],[-106.28114,47.67112],[-106.27983,47.67424],[-106.28505,47.67791],[-106.28564,47.68],[-106.2893,47.68243],[-106.29213,47.6779],[-106.29673,47.6723],[-106.30045,47.67119],[-106.30416,47.67189],[-106.3058,47.67344],[-106.31013,47.67505],[-106.30656,47.67762],[-106.30477,47.67715],[-106.30038,47.67835],[-106.30135,47.68102],[-106.30016,47.68245],[-106.3079,47.68708],[-106.31073,47.68793],[-106.31134,47.6904],[-106.31411,47.69018],[-106.31527,47.69288],[-106.31161,47.69404],[-106.30791,47.69254],[-106.30329,47.69314],[-106.29045,47.6903],[-106.29472,47.69504],[-106.2916,47.69497],[-106.28943,47.69636],[-106.29552,47.69894],[-106.2929,47.70141],[-106.29821,47.70212],[-106.30154,47.70084],[-106.30313,47.70399],[-106.30495,47.70487],[-106.30384,47.70846],[-106.30759,47.71171],[-106.31263,47.71308],[-106.31645,47.71037],[-106.31903,47.71354],[-106.31674,47.7143],[-106.319,47.71761],[-106.31536,47.71828],[-106.31313,47.71666],[-106.31067,47.7185],[-106.31562,47.72078],[-106.31379,47.72218],[-106.30777,47.72052],[-106.30511,47.72181],[-106.30511,47.72528],[-106.30873,47.72689],[-106.30819,47.72852],[-106.31232,47.73043],[-106.31121,47.73158],[-106.3134,47.73528],[-106.31805,47.73684],[-106.32197,47.73392],[-106.32462,47.73354],[-106.32793,47.73517],[-106.33422,47.73393],[-106.33227,47.73196],[-106.33773,47.7301],[-106.33476,47.72578],[-106.33689,47.72456],[-106.34064,47.72487],[-106.34565,47.73253],[-106.34477,47.73402],[-106.35042,47.73424],[-106.35338,47.73791],[-106.36175,47.73641],[-106.36448,47.73809],[-106.36659,47.7421],[-106.36408,47.74274],[-106.36185,47.73894],[-106.35963,47.7388],[-106.35556,47.74059],[-106.34993,47.73811],[-106.34449,47.73732],[-106.34098,47.73771],[-106.33981,47.73646],[-106.33433,47.74004],[-106.33126,47.74042],[-106.33159,47.74441],[-106.32437,47.74136],[-106.32328,47.74265],[-106.30955,47.75019],[-106.30975,47.75241],[-106.31273,47.75452],[-106.31193,47.75775],[-106.31644,47.76074],[-106.31535,47.76223],[-106.3169,47.76771],[-106.31888,47.77173],[-106.3217,47.77413],[-106.32506,47.77347],[-106.33006,47.77621],[-106.33758,47.77892],[-106.34165,47.78258],[-106.34271,47.78551],[-106.34265,47.78915],[-106.34777,47.78873],[-106.34824,47.78641],[-106.35091,47.78382],[-106.35137,47.77683],[-106.34997,47.77477],[-106.354,47.77249],[-106.35477,47.77447],[-106.3615,47.77395],[-106.36401,47.77226],[-106.37456,47.77581],[-106.36983,47.776],[-106.3662,47.77484],[-106.36315,47.77699],[-106.35923,47.77743],[-106.35951,47.78008],[-106.36287,47.78073],[-106.36609,47.78362],[-106.36312,47.78418],[-106.36545,47.78673],[-106.36127,47.78699],[-106.3609,47.78836],[-106.36572,47.79126],[-106.37251,47.79258],[-106.37361,47.79439],[-106.37715,47.79665],[-106.38202,47.79716],[-106.38616,47.79847],[-106.38304,47.79977],[-106.38037,47.79858],[-106.37808,47.80012],[-106.37176,47.79854],[-106.36962,47.79719],[-106.36021,47.79708],[-106.35975,47.7978],[-106.36451,47.80098],[-106.36821,47.80245],[-106.37659,47.80783],[-106.37691,47.80928],[-106.38123,47.81151],[-106.38189,47.81451],[-106.38564,47.81698],[-106.39273,47.81617],[-106.39333,47.81748],[-106.39794,47.8194],[-106.39844,47.82089],[-106.40411,47.82084],[-106.40839,47.82405],[-106.41168,47.82335],[-106.41471,47.82386],[-106.41659,47.82267],[-106.41763,47.8279],[-106.4143,47.82818],[-106.4125,47.83043],[-106.41501,47.83454],[-106.4169,47.83532],[-106.41629,47.83829],[-106.41898,47.83984],[-106.42237,47.84402],[-106.43007,47.842],[-106.43542,47.84198],[-106.43929,47.83946],[-106.44135,47.8426],[-106.44424,47.84157],[-106.44666,47.84388],[-106.44656,47.84635],[-106.4444,47.8485],[-106.4404,47.84879],[-106.4384,47.85046],[-106.44155,47.85164],[-106.44705,47.85208],[-106.45141,47.85504],[-106.45022,47.85779],[-106.45729,47.85895],[-106.45476,47.86227],[-106.45111,47.86572],[-106.44968,47.86243],[-106.44639,47.86278],[-106.446,47.86552],[-106.4396,47.86388],[-106.44308,47.86878],[-106.43144,47.86993],[-106.43576,47.87366],[-106.43953,47.87556],[-106.44482,47.8796],[-106.45064,47.87957],[-106.45117,47.88157],[-106.4537,47.88355],[-106.44973,47.88526],[-106.45305,47.88969],[-106.45116,47.89398],[-106.4393,47.89343],[-106.43915,47.8954],[-106.44172,47.89675],[-106.44589,47.89669],[-106.45108,47.89809],[-106.45501,47.90124],[-106.45657,47.89702],[-106.45801,47.8957],[-106.4574,47.89327],[-106.45818,47.88976],[-106.4663,47.8914],[-106.46556,47.89618],[-106.46833,47.89861],[-106.46784,47.90007],[-106.48156,47.90643],[-106.48242,47.90341],[-106.48193,47.90111],[-106.48456,47.8989],[-106.48797,47.89828],[-106.48823,47.89637],[-106.48507,47.89571],[-106.48287,47.89264],[-106.48061,47.89159],[-106.48541,47.88968],[-106.49044,47.88639],[-106.4912,47.88388],[-106.48839,47.88253],[-106.48754,47.87953],[-106.48968,47.87937],[-106.49608,47.87668],[-106.49555,47.87501],[-106.50286,47.87469],[-106.50651,47.87397],[-106.50482,47.87165],[-106.50678,47.86933],[-106.50905,47.86428],[-106.50748,47.86308],[-106.51079,47.86093],[-106.50939,47.85831],[-106.51332,47.8552],[-106.51224,47.85142],[-106.51377,47.84999],[-106.51931,47.85006],[-106.52092,47.84772],[-106.52155,47.8443],[-106.51889,47.84105],[-106.51914,47.83908],[-106.51626,47.83724],[-106.51734,47.83386],[-106.51271,47.83087],[-106.5156,47.8299],[-106.5225,47.82907],[-106.52305,47.82753],[-106.52959,47.82906],[-106.5321,47.83021],[-106.53325,47.82745],[-106.52963,47.82514],[-106.52945,47.82127],[-106.53695,47.82155],[-106.53987,47.82264],[-106.54244,47.82212],[-106.54388,47.81979],[-106.54393,47.81701],[-106.54239,47.81376],[-106.5403,47.81292],[-106.53724,47.80926],[-106.53545,47.80904],[-106.53043,47.80476],[-106.54211,47.80813],[-106.54938,47.80794],[-106.55162,47.81062],[-106.55397,47.81172],[-106.55766,47.8097],[-106.56332,47.81048],[-106.56825,47.80796],[-106.57037,47.80818],[-106.57302,47.80604],[-106.57351,47.80124],[-106.57095,47.79765],[-106.57537,47.7956],[-106.57593,47.79354],[-106.57505,47.78835],[-106.57358,47.78632],[-106.57331,47.78335],[-106.57187,47.78094],[-106.56858,47.77986],[-106.56985,47.77757],[-106.57699,47.78011],[-106.58052,47.78296],[-106.58456,47.78813],[-106.5874,47.78861],[-106.5935,47.78799],[-106.59706,47.78641],[-106.59815,47.78203],[-106.59681,47.77954],[-106.59869,47.77731],[-106.59771,47.77389],[-106.59426,47.77186],[-106.58358,47.76774],[-106.58136,47.76625],[-106.56967,47.76245],[-106.56999,47.76045],[-106.57671,47.76206],[-106.58818,47.7641],[-106.59141,47.76341],[-106.5933,47.76146],[-106.59483,47.75455],[-106.59352,47.75037],[-106.59081,47.74999],[-106.59191,47.74754],[-106.591,47.74592],[-106.58812,47.74615],[-106.58615,47.74239],[-106.58741,47.74138],[-106.58554,47.73863],[-106.58272,47.73775],[-106.58109,47.73556],[-106.57628,47.73564],[-106.57199,47.735],[-106.57509,47.73296],[-106.57355,47.73118],[-106.57678,47.73009],[-106.57744,47.72741],[-106.57144,47.72325],[-106.56969,47.72077],[-106.56544,47.71914],[-106.56021,47.7197],[-106.55944,47.71819],[-106.56106,47.71596],[-106.55921,47.71308],[-106.56014,47.71069],[-106.55572,47.70518],[-106.55649,47.70295],[-106.56301,47.70951],[-106.5663,47.71379],[-106.56656,47.71547],[-106.57494,47.71852],[-106.57676,47.71731],[-106.57715,47.71457],[-106.57204,47.70744],[-106.57221,47.70363],[-106.57387,47.70062],[-106.57979,47.69906],[-106.58424,47.69313],[-106.5872,47.69411],[-106.58371,47.69952],[-106.5801,47.70179],[-106.57714,47.705],[-106.58125,47.709],[-106.58488,47.71599],[-106.58799,47.71648],[-106.58583,47.71972],[-106.58515,47.72239],[-106.588,47.72581],[-106.59009,47.72686],[-106.5923,47.73103],[-106.59629,47.73356],[-106.59938,47.73363],[-106.60299,47.73584],[-106.60921,47.73721],[-106.613,47.73589],[-106.6135,47.73319],[-106.61538,47.73233],[-106.61795,47.73582],[-106.62184,47.73788],[-106.61656,47.73982],[-106.61228,47.74041],[-106.61236,47.74492],[-106.61479,47.74813],[-106.61808,47.74957],[-106.60857,47.75021],[-106.61038,47.75473],[-106.60969,47.75695],[-106.61062,47.75978],[-106.61577,47.76305],[-106.61571,47.76691],[-106.61896,47.7704],[-106.62561,47.77235],[-106.63606,47.77243],[-106.63999,47.77371],[-106.64421,47.77259],[-106.64549,47.76801],[-106.65249,47.76678],[-106.65344,47.76364],[-106.65544,47.76285],[-106.65472,47.75954],[-106.65666,47.75813],[-106.657,47.75462],[-106.66095,47.75545],[-106.66231,47.75324],[-106.66619,47.75406],[-106.6716,47.75357],[-106.67483,47.75653],[-106.67907,47.75746],[-106.69429,47.75213],[-106.69123,47.75059],[-106.6925,47.74603],[-106.69137,47.74392],[-106.69246,47.74228],[-106.69747,47.74282],[-106.69889,47.74121],[-106.70245,47.74116],[-106.7049,47.73966],[-106.70441,47.73738],[-106.70239,47.73622],[-106.70079,47.73125],[-106.69733,47.72528],[-106.6929,47.72334],[-106.68971,47.72086],[-106.69496,47.72112],[-106.69695,47.72044],[-106.69912,47.71744],[-106.70135,47.71996],[-106.70403,47.72143],[-106.70573,47.72366],[-106.71291,47.72687],[-106.7122,47.72798],[-106.7169,47.73009],[-106.72018,47.72891],[-106.72468,47.72899],[-106.72842,47.7229],[-106.72925,47.71906],[-106.7277,47.71586],[-106.72838,47.71298],[-106.72659,47.71139],[-106.72596,47.70875],[-106.72067,47.7039],[-106.72275,47.70115],[-106.72005,47.6992],[-106.72161,47.69718],[-106.71821,47.69429],[-106.70141,47.68353],[-106.69778,47.6828],[-106.69645,47.68082],[-106.69735,47.67914],[-106.6934,47.67702],[-106.69384,47.67465],[-106.69077,47.67174],[-106.69698,47.67257],[-106.69648,47.67407],[-106.69853,47.67691],[-106.7011,47.67848],[-106.70024,47.68028],[-106.70311,47.68144],[-106.70795,47.68205],[-106.70898,47.68415],[-106.71347,47.68575],[-106.71877,47.68561],[-106.72379,47.68878],[-106.72464,47.69118],[-106.72752,47.6919],[-106.73582,47.69956],[-106.73882,47.69952],[-106.73963,47.70157],[-106.74454,47.70399],[-106.74744,47.70423],[-106.7492,47.70224],[-106.74758,47.6993],[-106.75009,47.69842],[-106.75253,47.6996],[-106.75744,47.69247],[-106.75482,47.68815],[-106.75431,47.6839],[-106.7518,47.68301],[-106.75408,47.67899],[-106.75152,47.67397],[-106.75191,47.66969],[-106.75039,47.66772],[-106.74777,47.66675],[-106.75442,47.66424],[-106.75561,47.65973],[-106.75295,47.6571],[-106.75683,47.65658],[-106.75738,47.65976],[-106.75987,47.66346],[-106.756,47.66784],[-106.75732,47.66917],[-106.75872,47.67471],[-106.75894,47.67868],[-106.76072,47.68145],[-106.76694,47.68332],[-106.76876,47.68602],[-106.76349,47.68699],[-106.76679,47.69109],[-106.76578,47.69358],[-106.76874,47.69507],[-106.77128,47.69799],[-106.76922,47.69994],[-106.77103,47.70367],[-106.77347,47.70553],[-106.76943,47.70677],[-106.77227,47.70934],[-106.77235,47.7129],[-106.76809,47.71539],[-106.76616,47.72053],[-106.77045,47.72219],[-106.77357,47.7207],[-106.77419,47.72331],[-106.77661,47.72382],[-106.77825,47.72178],[-106.78108,47.72371],[-106.78344,47.72194],[-106.78774,47.72412],[-106.7954,47.72133],[-106.79462,47.71964],[-106.79789,47.71867],[-106.79964,47.72072],[-106.80212,47.72134],[-106.80438,47.71971],[-106.80785,47.72299],[-106.81194,47.72308],[-106.81415,47.72528],[-106.82017,47.72444],[-106.82299,47.72532],[-106.82264,47.72759],[-106.82543,47.72806],[-106.82568,47.72576],[-106.82957,47.72133],[-106.82915,47.71661],[-106.82982,47.71332],[-106.83426,47.7134],[-106.8338,47.71496],[-106.83992,47.71823],[-106.84647,47.72255],[-106.84655,47.72388],[-106.85387,47.72662],[-106.8599,47.72338],[-106.86027,47.72128],[-106.86443,47.71875],[-106.86724,47.71314],[-106.86944,47.7114],[-106.86605,47.70917],[-106.86158,47.70907],[-106.85813,47.707],[-106.85838,47.70437],[-106.85428,47.70245],[-106.85536,47.70108],[-106.85327,47.6982],[-106.86123,47.69949],[-106.85966,47.69696],[-106.86375,47.69559],[-106.8634,47.69247],[-106.86447,47.68962],[-106.86286,47.68826],[-106.86364,47.68402],[-106.85772,47.68318],[-106.85751,47.68135],[-106.8543,47.68112],[-106.85041,47.67942],[-106.84708,47.68004],[-106.84874,47.67666],[-106.85849,47.67566],[-106.85921,47.67324],[-106.85493,47.66909],[-106.8561,47.66616],[-106.8525,47.66577],[-106.84418,47.66095],[-106.84032,47.6603],[-106.8382,47.65807],[-106.84514,47.65707],[-106.84682,47.65573],[-106.8502,47.65819],[-106.85728,47.6548],[-106.85581,47.65331],[-106.85727,47.65027],[-106.85477,47.64888],[-106.85558,47.64614],[-106.85272,47.64311],[-106.84692,47.64467],[-106.84505,47.64234],[-106.8441,47.63919],[-106.83459,47.63405],[-106.83013,47.63295],[-106.83219,47.63091],[-106.83867,47.6329],[-106.8424,47.63147],[-106.84638,47.63484],[-106.85756,47.6378],[-106.85933,47.63735],[-106.8599,47.63372],[-106.85745,47.63148],[-106.85741,47.62976],[-106.85385,47.62292],[-106.85341,47.6202],[-106.85812,47.62291],[-106.86334,47.62788],[-106.86447,47.63029],[-106.86874,47.63153],[-106.87021,47.63092],[-106.86817,47.62692],[-106.86963,47.62615],[-106.86925,47.62012],[-106.87226,47.61808],[-106.8757,47.61294],[-106.87521,47.61084],[-106.87649,47.60263],[-106.87578,47.59892],[-106.88025,47.60161],[-106.89059,47.60035],[-106.89589,47.60166],[-106.89977,47.59852],[-106.90588,47.59515],[-106.90803,47.5965],[-106.90797,47.5992],[-106.90344,47.60402],[-106.89673,47.60405],[-106.89187,47.60498],[-106.88873,47.60483],[-106.88544,47.60661],[-106.88612,47.60826],[-106.88571,47.61521],[-106.88228,47.62156],[-106.8837,47.62392],[-106.88744,47.62668],[-106.88369,47.62748],[-106.88307,47.63086],[-106.88168,47.63169],[-106.88373,47.63541],[-106.8784,47.64049],[-106.87632,47.64049],[-106.8763,47.6439],[-106.87482,47.64646],[-106.875,47.64893],[-106.87972,47.65192],[-106.87562,47.65253],[-106.87832,47.6555],[-106.8795,47.6618],[-106.88233,47.66489],[-106.87722,47.66522],[-106.87983,47.66765],[-106.88658,47.6713],[-106.89217,47.6708],[-106.89279,47.66846],[-106.89732,47.66779],[-106.90069,47.6683],[-106.90233,47.66597],[-106.9064,47.66384],[-106.90917,47.66019],[-106.91493,47.66167],[-106.91566,47.66421],[-106.91909,47.66586],[-106.92221,47.66561],[-106.9243,47.66698],[-106.92639,47.66484],[-106.93127,47.66454],[-106.93377,47.66292],[-106.93529,47.66046],[-106.93408,47.65812],[-106.93873,47.65673],[-106.93999,47.66024],[-106.94322,47.65847],[-106.94739,47.65959],[-106.94958,47.65809],[-106.95187,47.65446],[-106.95581,47.6538],[-106.95602,47.6557],[-106.95357,47.65747],[-106.95711,47.66092],[-106.96064,47.66309],[-106.96863,47.6613],[-106.97177,47.66331],[-106.97408,47.66264],[-106.97353,47.65887],[-106.97992,47.65982],[-106.98214,47.65908],[-106.98398,47.66138],[-106.98805,47.65793],[-106.99003,47.65973],[-106.99613,47.65716],[-106.99442,47.653],[-106.99115,47.65235],[-106.9904,47.65],[-106.98777,47.64965],[-106.98402,47.64756],[-106.98676,47.64547],[-106.99158,47.64495],[-106.99249,47.6425],[-106.98819,47.63864],[-106.98258,47.63504],[-106.97863,47.63134],[-106.9814,47.62977],[-106.98658,47.63147],[-106.99623,47.63231],[-107.00268,47.63018],[-107.00868,47.62627],[-107.01224,47.62679],[-107.01385,47.6227],[-107.01858,47.62257],[-107.02333,47.62111],[-107.02498,47.61886],[-107.02383,47.61513],[-107.01953,47.61245],[-107.01976,47.61079],[-107.02481,47.61313],[-107.02954,47.61022],[-107.03583,47.60761],[-107.03972,47.60471],[-107.04243,47.60541],[-107.04756,47.6035],[-107.05216,47.60406],[-107.05749,47.60606],[-107.06696,47.60515],[-107.06448,47.60799],[-107.06135,47.6079],[-107.06037,47.60947],[-107.0562,47.61047],[-107.05188,47.60812],[-107.047,47.60958],[-107.04287,47.60995],[-107.03652,47.61363],[-107.0355,47.6156],[-107.03298,47.61648],[-107.03529,47.61896],[-107.03289,47.62236],[-107.03241,47.62611],[-107.03569,47.62931],[-107.02969,47.62884],[-107.02416,47.62971],[-107.02382,47.63081],[-107.0193,47.63517],[-107.01557,47.63624],[-107.01249,47.64087],[-107.00998,47.63992],[-107.00781,47.64263],[-107.01158,47.64443],[-107.01688,47.64527],[-107.01612,47.64751],[-107.01309,47.64816],[-107.01519,47.65044],[-107.01585,47.65397],[-107.02047,47.65388],[-107.02347,47.65498],[-107.02519,47.65387],[-107.02943,47.65402],[-107.03039,47.65654],[-107.03315,47.65543],[-107.03775,47.65702],[-107.04061,47.65725],[-107.04604,47.65453],[-107.04957,47.65489],[-107.05059,47.65258],[-107.05384,47.65483],[-107.0555,47.65207],[-107.0588,47.65222],[-107.06118,47.65118],[-107.06454,47.65158],[-107.06777,47.65091],[-107.0724,47.65152],[-107.08026,47.64992],[-107.07979,47.65531],[-107.08509,47.65255],[-107.08896,47.65221],[-107.09236,47.65018],[-107.09174,47.64819],[-107.09874,47.64979],[-107.09431,47.6522],[-107.09689,47.65293],[-107.09565,47.65633],[-107.0969,47.6576],[-107.10185,47.65756],[-107.10666,47.6614],[-107.11435,47.65903],[-107.11821,47.66174],[-107.11731,47.66368],[-107.1291,47.66105],[-107.13395,47.65806],[-107.13526,47.66001],[-107.13838,47.6612],[-107.14269,47.66133],[-107.14713,47.65989],[-107.14539,47.65786],[-107.14748,47.6523],[-107.14716,47.64817],[-107.15054,47.64921],[-107.15153,47.65247],[-107.15772,47.65715],[-107.15879,47.65519],[-107.16192,47.65727],[-107.16382,47.65486],[-107.16756,47.65313],[-107.17113,47.65552],[-107.1735,47.65338],[-107.17593,47.65347],[-107.18241,47.65229],[-107.18996,47.65485],[-107.19043,47.65201],[-107.18867,47.64958],[-107.18985,47.64645],[-107.19487,47.64827],[-107.20049,47.65312],[-107.20301,47.65233],[-107.20733,47.65424],[-107.21211,47.65327],[-107.2156,47.6503],[-107.22082,47.64768],[-107.22194,47.6458],[-107.22672,47.64469],[-107.22381,47.6486],[-107.22317,47.65087],[-107.22388,47.65384],[-107.22636,47.65328],[-107.23611,47.65292],[-107.23734,47.65166],[-107.24235,47.65148],[-107.24679,47.65215],[-107.2431,47.6548],[-107.24879,47.65694],[-107.25109,47.6594],[-107.25596,47.65895],[-107.25977,47.65931],[-107.26758,47.65709],[-107.2737,47.65738],[-107.27127,47.66298],[-107.27423,47.6651],[-107.2775,47.66616],[-107.27896,47.66851],[-107.28579,47.66616],[-107.28681,47.66915],[-107.28587,47.67177],[-107.28992,47.67154],[-107.29194,47.67365],[-107.29706,47.67248],[-107.30286,47.67277],[-107.30266,47.67577],[-107.30763,47.6756],[-107.31078,47.67718],[-107.31408,47.67757],[-107.32374,47.6755],[-107.32622,47.67311],[-107.33144,47.67339],[-107.33353,47.67238],[-107.33744,47.67334],[-107.34048,47.66931],[-107.33604,47.66832],[-107.33931,47.66503],[-107.33864,47.66204],[-107.33597,47.65899],[-107.33834,47.65864],[-107.34298,47.66012],[-107.34567,47.66323],[-107.34872,47.66178],[-107.35212,47.66219],[-107.34823,47.66468],[-107.34897,47.66629],[-107.35606,47.67427],[-107.35812,47.67505],[-107.36006,47.67791],[-107.36454,47.67979],[-107.37132,47.6799],[-107.37391,47.68373],[-107.37871,47.6842],[-107.38185,47.68619],[-107.38532,47.6871],[-107.39043,47.68975],[-107.39701,47.68883],[-107.39935,47.68905],[-107.40818,47.68664],[-107.41273,47.68101],[-107.41442,47.68038],[-107.4128,47.67706],[-107.41481,47.67581],[-107.41544,47.67226],[-107.41666,47.67126],[-107.41534,47.6665],[-107.41657,47.66275],[-107.41595,47.65863],[-107.41347,47.65521],[-107.41624,47.65404],[-107.41748,47.65147],[-107.42303,47.6479],[-107.41968,47.6469],[-107.41675,47.641],[-107.42323,47.64149],[-107.42277,47.63771],[-107.42364,47.63561],[-107.42265,47.63254],[-107.42215,47.62665],[-107.42074,47.62556],[-107.42124,47.62209],[-107.42423,47.61892],[-107.42589,47.61876],[-107.42708,47.61158],[-107.42948,47.60903],[-107.42862,47.60597],[-107.42664,47.6031],[-107.42605,47.59771],[-107.4291,47.5953],[-107.43092,47.59007],[-107.43519,47.59056],[-107.43656,47.59246],[-107.43367,47.5942],[-107.43442,47.59792],[-107.43961,47.60151],[-107.44044,47.60609],[-107.44501,47.6072],[-107.4471,47.60955],[-107.45058,47.61112],[-107.45533,47.61185],[-107.45582,47.61303],[-107.46058,47.61265],[-107.4637,47.61423],[-107.4692,47.61543],[-107.47319,47.6179],[-107.47594,47.61679],[-107.47805,47.61853],[-107.48211,47.61764],[-107.49396,47.6187],[-107.49734,47.62082],[-107.50195,47.61957],[-107.50561,47.61997],[-107.50802,47.62216],[-107.51159,47.6226],[-107.51158,47.62495],[-107.51507,47.62403],[-107.51823,47.62727],[-107.52519,47.63177],[-107.53501,47.63552],[-107.53901,47.63852],[-107.54447,47.63957],[-107.54967,47.64147],[-107.55141,47.64009],[-107.5614,47.64064],[-107.56896,47.63897],[-107.57049,47.63817],[-107.58065,47.63745],[-107.58397,47.63828],[-107.58814,47.63659],[-107.59777,47.63454],[-107.60301,47.6356],[-107.60278,47.63382],[-107.60713,47.63315],[-107.61099,47.63501],[-107.61839,47.62661],[-107.62363,47.62461],[-107.63065,47.62397],[-107.63342,47.62444],[-107.63732,47.6224],[-107.64504,47.61615],[-107.64529,47.61854],[-107.64966,47.62052],[-107.65772,47.61751],[-107.66519,47.61721],[-107.67413,47.61581],[-107.68008,47.61633],[-107.6837,47.616],[-107.68914,47.61412],[-107.69185,47.61539],[-107.69581,47.61479],[-107.69798,47.61252],[-107.70253,47.61095],[-107.70513,47.60557],[-107.70609,47.6053],[-107.70714,47.5952],[-107.71089,47.5871],[-107.71209,47.58663],[-107.71771,47.58065],[-107.72498,47.57502],[-107.72912,47.5728],[-107.73071,47.57104],[-107.72568,47.56828],[-107.72812,47.56744],[-107.73188,47.56883],[-107.73661,47.56707],[-107.74047,47.56381],[-107.74648,47.56139],[-107.75394,47.55397],[-107.75623,47.55009],[-107.7556,47.54777],[-107.75202,47.54517],[-107.75088,47.54258],[-107.75485,47.54143],[-107.75627,47.54396],[-107.76001,47.54431],[-107.76181,47.54574],[-107.76462,47.54389],[-107.77097,47.54188],[-107.78159,47.54165],[-107.78352,47.54094],[-107.79047,47.54129],[-107.79108,47.54014],[-107.79576,47.54138],[-107.79834,47.53979],[-107.8053,47.5411],[-107.80966,47.53991],[-107.81479,47.53541],[-107.82501,47.52974],[-107.82666,47.52966],[-107.83332,47.52548],[-107.8372,47.52475],[-107.84511,47.52001],[-107.8472,47.51735],[-107.85416,47.51475],[-107.85408,47.51244],[-107.85677,47.51183],[-107.85486,47.50874],[-107.84918,47.50227],[-107.84817,47.49946],[-107.84929,47.49423],[-107.84792,47.48525],[-107.85106,47.47875],[-107.84922,47.47732],[-107.84105,47.47561],[-107.83395,47.47134],[-107.8296,47.47141],[-107.82807,47.46997],[-107.82018,47.46828],[-107.81747,47.46543],[-107.8134,47.46385],[-107.81548,47.46249],[-107.81973,47.464],[-107.82187,47.46656],[-107.82393,47.46534],[-107.82903,47.46682],[-107.83183,47.46548],[-107.83529,47.46558],[-107.84051,47.46911],[-107.85205,47.47056],[-107.8569,47.46933],[-107.85657,47.46351],[-107.85873,47.4567],[-107.86125,47.45323],[-107.86683,47.44801],[-107.87799,47.4445],[-107.88894,47.44431],[-107.89557,47.44616],[-107.90834,47.44251],[-107.90831,47.43642],[-107.90587,47.43441],[-107.90539,47.43195],[-107.90664,47.42998],[-107.9056,47.42734],[-107.9085,47.42359],[-107.90727,47.41297],[-107.90886,47.40961],[-107.90495,47.40542],[-107.90434,47.4037],[-107.90839,47.40296],[-107.90832,47.40123],[-107.91163,47.39628],[-107.9151,47.39416],[-107.92174,47.39231],[-107.92362,47.3912],[-107.92045,47.38684],[-107.92396,47.38308],[-107.92763,47.38058],[-107.92772,47.37808],[-107.93134,47.37564],[-107.93398,47.375]],[[-106.45937,47.93463],[-106.46676,47.93442],[-106.46858,47.93299],[-106.46828,47.93068],[-106.46492,47.9268],[-106.45909,47.9255],[-106.4618,47.92918],[-106.45761,47.93046],[-106.45937,47.93463]],[[-106.30739,47.71487],[-106.30446,47.71369],[-106.29959,47.71348],[-106.30029,47.71642],[-106.30311,47.7186],[-106.30794,47.71813],[-106.30739,47.71487]],[[-106.27213,47.68729],[-106.27359,47.68579],[-106.27365,47.68245],[-106.26986,47.68227],[-106.26957,47.68433],[-106.27213,47.68729]],[[-106.23813,47.67562],[-106.24305,47.67826],[-106.24502,47.67663],[-106.24235,47.6752],[-106.23813,47.67562]],[[-106.54778,47.96508],[-106.54473,47.96147],[-106.54289,47.963],[-106.54778,47.96508]]]},"properties":{"permanent_":"151162999","fdate":"2008-05-30T00:00:00.000Z","resolution":2,"gnis_id":"00771516","gnis_name":"Fort Peck Lake","areasqkm":944.116,"elevation":684.6,"reachcode":"10040104030150","ftype":390,"fcode":39009,"visibility":5000000,"SHAPE_Leng":null,"SHAPE_Area":null,"ObjectID":133121}},
{"type":"Feature","geometry":{"type":"Polygon","coordinates":[[[-113.77188,48.14374],[-113.77242,48.1489],[-113.77797,48.15611],[-113.78294,48.1583],[-113.78834,48.16537],[-113.78582,48.16924],[-113.78149,48.17449],[-113.77655,48.17965],[-113.778,48.18182],[-113.77778,48.18588],[-113.78061,48.19009],[-113.77852,48.19138],[-113.78181,48.19902],[-113.78724,48.20173],[-113.79209,48.20239],[-113.79492,48.20635],[-113.79864,48.20702],[-113.80116,48.20884],[-113.80287,48.21466],[-113.80529,48.21963],[-113.80995,48.22062],[-113.80978,48.22355],[-113.81326,48.22571],[-113.81879,48.22723],[-113.8231,48.22756],[-113.82453,48.22925],[-113.83173,48.22942],[-113.83844,48.23348],[-113.84408,48.2356],[-113.84746,48.24012],[-113.85107,48.24222],[-113.85401,48.24098],[-113.85524,48.24272],[-113.85356,48.2459],[-113.85703,48.25015],[-113.85987,48.25199],[-113.86226,48.2561],[-113.86559,48.25897],[-113.86616,48.26138],[-113.87015,48.26163],[-113.87551,48.26738],[-113.87463,48.26953],[-113.87704,48.27148],[-113.87986,48.26991],[-113.88785,48.27091],[-113.89446,48.27491],[-113.89781,48.27586],[-113.90013,48.28046],[-113.90653,48.28387],[-113.90805,48.28661],[-113.91933,48.28909],[-113.92284,48.29279],[-113.92775,48.29006],[-113.92926,48.29283],[-113.93432,48.29459],[-113.94047,48.29147],[-113.94516,48.29232],[-113.95011,48.29523],[-113.95539,48.30325],[-113.95605,48.30521],[-113.96147,48.30975],[-113.96307,48.31194],[-113.96821,48.30996],[-113.97413,48.31005],[-113.97309,48.31291],[-113.97092,48.31549],[-113.97223,48.31691],[-113.97662,48.31887],[-113.97976,48.31847],[-113.98302,48.3224],[-113.98758,48.32443],[-113.98991,48.32717],[-113.99318,48.32906],[-114.0084,48.33403],[-114.00762,48.33601],[-114.01164,48.33817],[-114.0152,48.33898],[-114.01065,48.3435],[-114.00122,48.33908],[-113.99831,48.33839],[-113.99308,48.33926],[-113.98907,48.33925],[-113.98456,48.34177],[-113.98128,48.34074],[-113.9838,48.33849],[-113.97943,48.33585],[-113.97632,48.33221],[-113.97328,48.32595],[-113.96779,48.32369],[-113.96481,48.32757],[-113.96166,48.32686],[-113.95919,48.3279],[-113.9563,48.32718],[-113.95584,48.33117],[-113.94423,48.33428],[-113.9375,48.33907],[-113.93232,48.34098],[-113.93426,48.34607],[-113.93025,48.34981],[-113.93002,48.34326],[-113.9291,48.34061],[-113.92458,48.3397],[-113.92324,48.34032],[-113.91475,48.34112],[-113.90816,48.34577],[-113.9066,48.34535],[-113.91439,48.33887],[-113.92068,48.33828],[-113.92384,48.33712],[-113.93337,48.33535],[-113.93784,48.33281],[-113.94248,48.33132],[-113.94136,48.32919],[-113.93493,48.32589],[-113.93782,48.32331],[-113.93541,48.32041],[-113.93932,48.31983],[-113.94261,48.31843],[-113.94157,48.31575],[-113.94411,48.3139],[-113.94477,48.30836],[-113.94346,48.30332],[-113.94134,48.30193],[-113.93462,48.30297],[-113.92767,48.30328],[-113.92323,48.30605],[-113.92424,48.30811],[-113.91849,48.30877],[-113.91474,48.30561],[-113.91223,48.30509],[-113.91128,48.30128],[-113.9062,48.2985],[-113.90352,48.29827],[-113.90046,48.29968],[-113.89394,48.29897],[-113.89028,48.29504],[-113.88717,48.2947],[-113.88443,48.29147],[-113.88071,48.28893],[-113.87356,48.28861],[-113.86422,48.28554],[-113.86228,48.28628],[-113.85865,48.28427],[-113.85578,48.28082],[-113.85193,48.28126],[-113.84697,48.27909],[-113.83369,48.28047],[-113.82919,48.28294],[-113.82701,48.28494],[-113.82558,48.28789],[-113.82316,48.28814],[-113.81351,48.2847],[-113.817,48.28283],[-113.81537,48.28112],[-113.818,48.27769],[-113.81765,48.27291],[-113.81447,48.27107],[-113.81601,48.26833],[-113.81618,48.26545],[-113.81187,48.26345],[-113.80966,48.26158],[-113.80185,48.25982],[-113.80516,48.25782],[-113.80576,48.25533],[-113.80062,48.25012],[-113.79793,48.25064],[-113.79455,48.24896],[-113.79255,48.24677],[-113.7879,48.24566],[-113.78578,48.24234],[-113.78272,48.2343],[-113.78119,48.23294],[-113.77993,48.22855],[-113.78164,48.2267],[-113.78904,48.22322],[-113.78712,48.22087],[-113.78239,48.21811],[-113.77431,48.21685],[-113.7675,48.21691],[-113.76665,48.21554],[-113.76909,48.21372],[-113.77,48.21116],[-113.76524,48.20528],[-113.76282,48.20373],[-113.75754,48.19809],[-113.76181,48.19576],[-113.76573,48.19507],[-113.76512,48.1922],[-113.76172,48.19049],[-113.76017,48.18758],[-113.76469,48.18554],[-113.76395,48.18157],[-113.76489,48.17654],[-113.77,48.17343],[-113.77257,48.17093],[-113.7738,48.16802],[-113.77896,48.16642],[-113.77757,48.1627],[-113.77047,48.16011],[-113.77002,48.15877],[-113.76456,48.15742],[-113.76065,48.15991],[-113.75093,48.15973],[-113.74623,48.15818],[-113.7384,48.15802],[-113.73208,48.15406],[-113.73082,48.15225],[-113.72688,48.15028],[-113.72533,48.14593],[-113.72563,48.14359],[-113.72755,48.14191],[-113.72896,48.13845],[-113.72298,48.13451],[-113.72077,48.13846],[-113.71315,48.13737],[-113.71191,48.13535],[-113.71413,48.13418],[-113.7133,48.13186],[-113.70989,48.12924],[-113.71407,48.12242],[-113.71429,48.11962],[-113.71062,48.11778],[-113.70568,48.11398],[-113.6977,48.11099],[-113.69569,48.10693],[-113.69253,48.10565],[-113.68808,48.10142],[-113.68679,48.09771],[-113.68256,48.09459],[-113.68139,48.09224],[-113.68155,48.08926],[-113.68036,48.08684],[-113.67718,48.08389],[-113.67395,48.0827],[-113.67345,48.0787],[-113.67433,48.07505],[-113.67103,48.06977],[-113.66809,48.0675],[-113.66332,48.06513],[-113.65882,48.06395],[-113.65467,48.05923],[-113.64773,48.05791],[-113.63532,48.05312],[-113.63362,48.04989],[-113.63217,48.04978],[-113.62471,48.04365],[-113.61898,48.04233],[-113.61223,48.03969],[-113.60699,48.0392],[-113.6065,48.0378],[-113.60078,48.03683],[-113.597,48.03548],[-113.58902,48.03173],[-113.59027,48.02852],[-113.5896,48.02716],[-113.58406,48.02648],[-113.58217,48.02364],[-113.58535,48.02116],[-113.58797,48.02109],[-113.5835,48.01477],[-113.58335,48.01278],[-113.58532,48.01088],[-113.58767,48.01095],[-113.58718,48.0065],[-113.58415,48.00279],[-113.57866,48.00184],[-113.5715,48.00134],[-113.57395,47.99969],[-113.57981,47.99943],[-113.58224,48],[-113.5862,48.00316],[-113.59027,48.008],[-113.59297,48.01421],[-113.59574,48.01721],[-113.5948,48.01942],[-113.60437,48.02403],[-113.61328,48.02945],[-113.62279,48.03145],[-113.62473,48.03297],[-113.62965,48.03457],[-113.63126,48.03615],[-113.63967,48.04044],[-113.64405,48.042],[-113.65205,48.0467],[-113.66247,48.05045],[-113.66773,48.05436],[-113.67417,48.05664],[-113.67621,48.05565],[-113.68211,48.05496],[-113.68528,48.05888],[-113.68789,48.06434],[-113.68618,48.06641],[-113.68792,48.06905],[-113.68855,48.07342],[-113.69157,48.07573],[-113.69384,48.07915],[-113.70278,48.08311],[-113.70443,48.08463],[-113.69718,48.08768],[-113.69823,48.09119],[-113.70102,48.09518],[-113.70356,48.09683],[-113.70708,48.09652],[-113.70898,48.09448],[-113.71233,48.09592],[-113.71297,48.10172],[-113.71572,48.10344],[-113.72112,48.10424],[-113.72446,48.10137],[-113.72899,48.09873],[-113.7293,48.10142],[-113.72369,48.10485],[-113.72354,48.10706],[-113.72538,48.10845],[-113.72791,48.11291],[-113.73232,48.11432],[-113.7338,48.11783],[-113.73645,48.12022],[-113.73587,48.12365],[-113.7441,48.12528],[-113.7424,48.12927],[-113.74211,48.13244],[-113.74407,48.13458],[-113.74996,48.1358],[-113.75632,48.13789],[-113.757,48.13555],[-113.7629,48.13345],[-113.76215,48.13196],[-113.7638,48.12916],[-113.76814,48.12517],[-113.7738,48.12192],[-113.77845,48.12107],[-113.79122,48.12153],[-113.7934,48.12253],[-113.79991,48.12307],[-113.8088,48.1258],[-113.80865,48.12836],[-113.80074,48.12808],[-113.78985,48.12596],[-113.78121,48.12549],[-113.77715,48.1258],[-113.77427,48.12698],[-113.76946,48.13355],[-113.76843,48.13861],[-113.77188,48.14374]],[[-113.83727,48.23638],[-113.83098,48.24009],[-113.83224,48.24185],[-113.8395,48.24141],[-113.8414,48.24063],[-113.83891,48.23679],[-113.83727,48.23638]],[[-113.81469,48.26213],[-113.81761,48.26582],[-113.8239,48.2669],[-113.82608,48.26815],[-113.82832,48.26616],[-113.82643,48.26379],[-113.82023,48.26462],[-113.81469,48.26213]],[[-113.7661,48.19946],[-113.76381,48.20189],[-113.76729,48.20535],[-113.77163,48.20438],[-113.76746,48.19992],[-113.7661,48.19946]],[[-113.7998,48.2381],[-113.79466,48.23903],[-113.79752,48.24194],[-113.80194,48.24],[-113.7998,48.2381]],[[-113.82007,48.23152],[-113.81882,48.23525],[-113.82097,48.2358],[-113.82185,48.23241],[-113.82007,48.23152]],[[-113.89602,48.29398],[-113.89649,48.297],[-113.89958,48.2951],[-113.89602,48.29398]]]},"properties":{"permanent_":"61140001","fdate":"2012-06-08T00:00:00.000Z","resolution":2,"gnis_id":"00785165","gnis_name":"Hungry Horse Reservoir","areasqkm":95.4882983,"elevation":1085.1,"reachcode":"17010209001444","ftype":436,"fcode":43621,"visibility":5000000,"SHAPE_Leng":null,"SHAPE_Area":null,"ObjectID":152435}},
{"type":"Feature","geometry":{"type":"Polygon","coordinates":[[[-107.6687,48.50332],[-107.66358,48.50289],[-107.65933,48.50094],[-107.65578,48.50022],[-107.64951,48.49673],[-107.64504,48.49538],[-107.64114,48.49532],[-107.63527,48.49435],[-107.63275,48.49177],[-107.6306,48.49123],[-107.62566,48.48803],[-107.62781,48.48648],[-107.62423,48.48233],[-107.61965,48.47955],[-107.61208,48.47877],[-107.61048,48.48095],[-107.61521,48.48202],[-107.6151,48.48335],[-107.60785,48.48139],[-107.60312,48.47839],[-107.58987,48.48024],[-107.58724,48.4818],[-107.58228,48.48319],[-107.58524,48.48489],[-107.59128,48.48633],[-107.59701,48.48671],[-107.60515,48.48985],[-107.61196,48.49003],[-107.61427,48.4926],[-107.60424,48.49094],[-107.59653,48.48914],[-107.58855,48.48826],[-107.58037,48.4881],[-107.57473,48.48695],[-107.56605,48.48953],[-107.56236,48.49194],[-107.56093,48.4944],[-107.55607,48.49721],[-107.54897,48.50276],[-107.54588,48.50674],[-107.5454,48.50849],[-107.55052,48.51572],[-107.5514,48.51868],[-107.5505,48.52115],[-107.552,48.52312],[-107.55057,48.52836],[-107.54854,48.5284],[-107.54617,48.52607],[-107.54508,48.52325],[-107.54206,48.52095],[-107.53879,48.52249],[-107.53914,48.52756],[-107.53692,48.53036],[-107.52956,48.53257],[-107.52277,48.53349],[-107.5189,48.52965],[-107.52041,48.52247],[-107.52256,48.52222],[-107.5218,48.51871],[-107.51663,48.51746],[-107.51471,48.51623],[-107.51483,48.51367],[-107.51685,48.51145],[-107.5197,48.51128],[-107.52081,48.50843],[-107.52321,48.50598],[-107.52331,48.50126],[-107.5281,48.49641],[-107.53993,48.48765],[-107.54264,48.48768],[-107.5475,48.48924],[-107.55106,48.48652],[-107.55504,48.48521],[-107.56029,48.48154],[-107.56431,48.47808],[-107.56664,48.47703],[-107.57379,48.47765],[-107.57673,48.47505],[-107.58305,48.47426],[-107.58987,48.47523],[-107.59591,48.4742],[-107.60472,48.47372],[-107.61139,48.47476],[-107.61805,48.47641],[-107.62289,48.47655],[-107.62456,48.47854],[-107.63305,48.48189],[-107.63768,48.48131],[-107.6393,48.48246],[-107.64195,48.48707],[-107.65387,48.49417],[-107.66145,48.50078],[-107.66374,48.50223],[-107.6687,48.50332]]]},"properties":{"permanent_":"137854390","fdate":"2012-06-11T00:00:00.000Z","resolution":2,"gnis_id":"00774584","gnis_name":"Nelson Reservoir","areasqkm":16.64272277,"elevation":677.3,"reachcode":"10050014038822","ftype":390,"fcode":39009,"visibility":5000000,"SHAPE_Leng":null,"SHAPE_Area":null,"ObjectID":154743}},
{"type":"Feature","geometry":{"type":"Polygon","coordinates":[[[-113.9948,48.52945],[-113.99608,48.53093],[-113.99382,48.54071],[-113.98615,48.54543],[-113.98196,48.54612],[-113.98032,48.54867],[-113.98084,48.55107],[-113.9789,48.55335],[-113.97445,48.55199],[-113.96857,48.55728],[-113.96292,48.56077],[-113.96133,48.56646],[-113.95855,48.56925],[-113.95284,48.5711],[-113.95114,48.57359],[-113.94459,48.57732],[-113.93392,48.58796],[-113.93017,48.59289],[-113.92481,48.5949],[-113.92043,48.60079],[-113.9126,48.60948],[-113.90705,48.61399],[-113.90471,48.62248],[-113.90508,48.62552],[-113.89842,48.62824],[-113.89602,48.63225],[-113.89281,48.63318],[-113.88546,48.63903],[-113.88025,48.64065],[-113.87594,48.63977],[-113.87036,48.63724],[-113.87043,48.63374],[-113.86889,48.63175],[-113.86896,48.62873],[-113.87452,48.62003],[-113.8804,48.61757],[-113.88054,48.61397],[-113.882,48.61278],[-113.88284,48.60863],[-113.88545,48.60747],[-113.88759,48.60375],[-113.8912,48.5942],[-113.89362,48.59074],[-113.90356,48.58108],[-113.90515,48.5785],[-113.91093,48.57562],[-113.91105,48.574],[-113.91672,48.57118],[-113.92047,48.56781],[-113.9257,48.56518],[-113.92742,48.56339],[-113.935,48.56176],[-113.93891,48.55873],[-113.93943,48.5568],[-113.94229,48.55494],[-113.94264,48.55287],[-113.94823,48.54954],[-113.95564,48.54645],[-113.96302,48.54057],[-113.96479,48.53994],[-113.96806,48.53657],[-113.97037,48.53582],[-113.97415,48.53246],[-113.97589,48.52962],[-113.98413,48.52888],[-113.98597,48.52747],[-113.9948,48.52945]]]},"properties":{"permanent_":"65221698","fdate":"2019-01-03T00:00:00.000Z","resolution":2,"gnis_id":"00787038","gnis_name":"Lake McDonald","areasqkm":27.9626731,"elevation":961,"reachcode":"17010207001080","ftype":390,"fcode":39009,"visibility":5000000,"SHAPE_Leng":null,"SHAPE_Area":null,"ObjectID":162177}},
{"type":"Feature","geometry":{"type":"Polygon","coordinates":[[[-112.21602,44.62798],[-112.21973,44.62918],[-112.21952,44.63147],[-112.2233,44.63115],[-112.2259,44.63245],[-112.2287,44.63067],[-112.23467,44.63177],[-112.23739,44.62861],[-112.23885,44.63072],[-112.24647,44.62919],[-112.2541,44.62604],[-112.27032,44.62478],[-112.27989,44.6215],[-112.27866,44.61971],[-112.27239,44.61693],[-112.26977,44.61693],[-112.26951,44.61462],[-112.27168,44.61433],[-112.27765,44.61595],[-112.28181,44.61766],[-112.28353,44.61717],[-112.29388,44.61773],[-112.29984,44.61607],[-112.30722,44.61754],[-112.30956,44.61845],[-112.31212,44.62237],[-112.31379,44.62303],[-112.32295,44.62398],[-112.32922,44.62354],[-112.33001,44.62537],[-112.33484,44.62655],[-112.33754,44.62847],[-112.33962,44.62792],[-112.34107,44.63039],[-112.34519,44.6312],[-112.34813,44.6328],[-112.34821,44.6374],[-112.35154,44.64103],[-112.35581,44.64115],[-112.36,44.64557],[-112.36028,44.64697],[-112.3635,44.64886],[-112.36305,44.65204],[-112.36453,44.65529],[-112.36147,44.65605],[-112.35433,44.65321],[-112.35159,44.64875],[-112.35103,44.64568],[-112.34733,44.64081],[-112.34039,44.63776],[-112.3346,44.63628],[-112.33158,44.63492],[-112.3256,44.63477],[-112.32434,44.63195],[-112.31751,44.63074],[-112.31193,44.62805],[-112.30324,44.6301],[-112.30013,44.63018],[-112.29997,44.62732],[-112.29646,44.62561],[-112.29337,44.62566],[-112.29073,44.62701],[-112.28972,44.62983],[-112.28726,44.63075],[-112.28431,44.63011],[-112.28101,44.63056],[-112.27885,44.63286],[-112.27495,44.63333],[-112.27398,44.63534],[-112.26929,44.63916],[-112.26931,44.6415],[-112.27115,44.647],[-112.26838,44.64683],[-112.26781,44.64153],[-112.2663,44.63967],[-112.26843,44.6368],[-112.27196,44.63551],[-112.27082,44.63391],[-112.26427,44.63643],[-112.25715,44.63675],[-112.25559,44.63814],[-112.24885,44.64082],[-112.24012,44.64323],[-112.23948,44.64652],[-112.24509,44.64987],[-112.24838,44.65259],[-112.24615,44.65331],[-112.23908,44.64895],[-112.23483,44.64973],[-112.23688,44.64676],[-112.23578,44.6455],[-112.23885,44.64269],[-112.23724,44.64151],[-112.23764,44.63891],[-112.23179,44.63942],[-112.22509,44.64121],[-112.21972,44.64125],[-112.21341,44.6437],[-112.20874,44.64297],[-112.2075,44.64199],[-112.20225,44.64304],[-112.19847,44.64223],[-112.19573,44.64059],[-112.19335,44.64406],[-112.18959,44.64469],[-112.18723,44.64321],[-112.18009,44.64255],[-112.176,44.64425],[-112.17056,44.64115],[-112.16669,44.64277],[-112.16458,44.64184],[-112.16112,44.64401],[-112.15843,44.64246],[-112.15837,44.63984],[-112.1649,44.63688],[-112.16914,44.63685],[-112.17102,44.6382],[-112.17722,44.63883],[-112.18066,44.63756],[-112.18933,44.63688],[-112.19102,44.63548],[-112.20097,44.63419],[-112.20536,44.63702],[-112.21179,44.63628],[-112.21812,44.63365],[-112.21873,44.63025],[-112.21602,44.62798]]]},"properties":{"permanent_":"53810299","fdate":"2002-08-30T00:00:00.000Z","resolution":2,"gnis_id":"00786123","gnis_name":"Lima Reservoir","areasqkm":17.695,"elevation":null,"reachcode":"10020001002803","ftype":436,"fcode":43613,"visibility":5000000,"SHAPE_Leng":null,"SHAPE_Area":null,"ObjectID":182910}},
{"type":"Feature","geometry":{"type":"Polygon","coordinates":[[[-114.34253,48.43119],[-114.34378,48.42909],[-114.35021,48.42731],[-114.35161,48.422],[-114.34775,48.42052],[-114.34778,48.41886],[-114.35628,48.41526],[-114.35975,48.41543],[-114.3642,48.41921],[-114.36713,48.42351],[-114.36718,48.42532],[-114.36984,48.42711],[-114.37305,48.42635],[-114.37473,48.43181],[-114.37712,48.43445],[-114.38181,48.43582],[-114.38523,48.43582],[-114.39029,48.43844],[-114.39103,48.44012],[-114.38894,48.44255],[-114.38992,48.44908],[-114.39275,48.45139],[-114.38898,48.45396],[-114.39091,48.45706],[-114.39083,48.45994],[-114.39444,48.46434],[-114.39842,48.46689],[-114.40479,48.4691],[-114.41466,48.47083],[-114.41884,48.47361],[-114.42798,48.47355],[-114.43093,48.4756],[-114.42901,48.47853],[-114.42659,48.4787],[-114.42399,48.48139],[-114.42507,48.48282],[-114.42229,48.4864],[-114.4154,48.48619],[-114.4135,48.48391],[-114.41079,48.48427],[-114.40389,48.48114],[-114.39987,48.47837],[-114.38828,48.47284],[-114.38033,48.4672],[-114.37442,48.46094],[-114.3735,48.4588],[-114.36924,48.45549],[-114.36672,48.45003],[-114.36386,48.44726],[-114.36623,48.44398],[-114.3627,48.44006],[-114.35718,48.4379],[-114.34996,48.4379],[-114.34302,48.43469],[-114.34253,48.43119]]]},"properties":{"permanent_":"67973802","fdate":"2003-01-28T00:00:00.000Z","resolution":2,"gnis_id":"00793220","gnis_name":"Whitefish Lake","areasqkm":13.425,"elevation":null,"reachcode":"17010210000817","ftype":390,"fcode":39004,"visibility":5000000,"SHAPE_Leng":null,"SHAPE_Area":null,"ObjectID":183729}},
{"type":"Feature","geometry":{"type":"Polygon","coordinates":[[[-115.71533,47.95942],[-115.71012,47.95729],[-115.70599,47.95385],[-115.70242,47.94954],[-115.69949,47.94211],[-115.70088,47.94183],[-115.70125,47.93504],[-115.69961,47.9337],[-115.69639,47.93455],[-115.69452,47.92826],[-115.69296,47.92543],[-115.69097,47.91692],[-115.69095,47.90937],[-115.6918,47.90286],[-115.69555,47.9],[-115.69772,47.89978],[-115.69996,47.89576],[-115.70066,47.88919],[-115.69989,47.88638],[-115.69257,47.87951],[-115.68571,47.8751],[-115.68235,47.87557],[-115.67868,47.87457],[-115.66968,47.86856],[-115.66454,47.86444],[-115.65873,47.8627],[-115.65221,47.86505],[-115.64703,47.86417],[-115.6471,47.86317],[-115.64016,47.86265],[-115.6247,47.85854],[-115.61571,47.8552],[-115.6072,47.85451],[-115.59737,47.85319],[-115.58957,47.85096],[-115.58782,47.8474],[-115.5858,47.8454],[-115.57971,47.84279],[-115.57775,47.84288],[-115.576,47.84024],[-115.57283,47.83816],[-115.56785,47.83636],[-115.55909,47.83245],[-115.55764,47.82925],[-115.55917,47.82335],[-115.55742,47.82005],[-115.55467,47.81775],[-115.55175,47.8194],[-115.54873,47.82271],[-115.54331,47.82579],[-115.54185,47.82879],[-115.53473,47.83133],[-115.53744,47.82735],[-115.5411,47.8249],[-115.541,47.82181],[-115.54408,47.82061],[-115.54784,47.81771],[-115.54655,47.81498],[-115.54102,47.81519],[-115.53484,47.81406],[-115.52577,47.81403],[-115.51827,47.81217],[-115.5126,47.80987],[-115.50742,47.80663],[-115.50431,47.80343],[-115.49994,47.79029],[-115.49788,47.78769],[-115.49562,47.78673],[-115.49174,47.78673],[-115.48863,47.78565],[-115.48548,47.78344],[-115.48097,47.77823],[-115.48152,47.77727],[-115.4816,47.76155],[-115.47836,47.75665],[-115.472,47.75414],[-115.46398,47.75232],[-115.46121,47.75083],[-115.45647,47.74593],[-115.45224,47.73871],[-115.447,47.73489],[-115.44287,47.73056],[-115.4361,47.72799],[-115.43115,47.72895],[-115.42599,47.72913],[-115.42278,47.72835],[-115.41811,47.72361],[-115.41622,47.72291],[-115.41509,47.72035],[-115.41686,47.71687],[-115.42538,47.71188],[-115.42772,47.70948],[-115.43454,47.70454],[-115.43535,47.70144],[-115.43363,47.69936],[-115.42881,47.69601],[-115.42817,47.69225],[-115.42464,47.68761],[-115.41368,47.68331],[-115.40806,47.68168],[-115.4038,47.67911],[-115.39754,47.67036],[-115.39639,47.66532],[-115.39671,47.65978],[-115.39868,47.6536],[-115.39737,47.64725],[-115.39786,47.64286],[-115.40223,47.64048],[-115.40435,47.63723],[-115.40479,47.63317],[-115.40319,47.62659],[-115.40143,47.62493],[-115.39346,47.62458],[-115.39127,47.62306],[-115.38947,47.61556],[-115.38645,47.61169],[-115.37869,47.60838],[-115.37371,47.60509],[-115.37117,47.59974],[-115.36753,47.59649],[-115.35966,47.59302],[-115.36288,47.59201],[-115.36807,47.59456],[-115.36976,47.59679],[-115.37391,47.59996],[-115.37532,47.60422],[-115.37782,47.60603],[-115.38861,47.61054],[-115.39284,47.61806],[-115.39326,47.62285],[-115.39726,47.62107],[-115.39955,47.62116],[-115.40456,47.62494],[-115.40723,47.63373],[-115.40648,47.63844],[-115.40114,47.64479],[-115.39971,47.64991],[-115.40018,47.65347],[-115.39865,47.65925],[-115.3985,47.66538],[-115.40023,47.67058],[-115.40517,47.67815],[-115.41063,47.68103],[-115.42202,47.68451],[-115.42625,47.68666],[-115.42905,47.69057],[-115.43155,47.69604],[-115.43451,47.69749],[-115.43726,47.70001],[-115.43672,47.70439],[-115.4329,47.70943],[-115.42593,47.7143],[-115.42256,47.72134],[-115.42917,47.72287],[-115.43139,47.7249],[-115.43425,47.72572],[-115.43875,47.72564],[-115.44453,47.72903],[-115.45396,47.73774],[-115.45926,47.7452],[-115.46423,47.7504],[-115.4715,47.752],[-115.47705,47.7537],[-115.48305,47.75787],[-115.48445,47.7637],[-115.48358,47.76637],[-115.48372,47.77535],[-115.4861,47.78074],[-115.48938,47.78315],[-115.49545,47.78447],[-115.50046,47.78745],[-115.50391,47.79309],[-115.50584,47.80113],[-115.50712,47.80326],[-115.51034,47.80583],[-115.51743,47.80941],[-115.52539,47.81198],[-115.5377,47.81242],[-115.54083,47.8088],[-115.54294,47.80976],[-115.54209,47.81293],[-115.54756,47.81329],[-115.55435,47.81485],[-115.55868,47.81666],[-115.56073,47.81837],[-115.56218,47.82146],[-115.5648,47.82966],[-115.5666,47.82959],[-115.57,47.83412],[-115.57373,47.83497],[-115.57557,47.83383],[-115.5787,47.83436],[-115.58088,47.83659],[-115.58463,47.83641],[-115.59293,47.83957],[-115.60257,47.84504],[-115.60676,47.84991],[-115.60937,47.85159],[-115.61658,47.84343],[-115.61778,47.84596],[-115.61393,47.85024],[-115.61934,47.85335],[-115.62993,47.85626],[-115.6362,47.8547],[-115.64518,47.85628],[-115.65167,47.86071],[-115.65383,47.86047],[-115.65609,47.8584],[-115.66575,47.85899],[-115.67147,47.86121],[-115.67646,47.8675],[-115.67946,47.87024],[-115.68277,47.87153],[-115.69643,47.87202],[-115.69581,47.86882],[-115.69791,47.86844],[-115.69971,47.87268],[-115.70302,47.87416],[-115.70865,47.87515],[-115.71568,47.87346],[-115.72141,47.87542],[-115.72468,47.87753],[-115.73215,47.87839],[-115.73554,47.87763],[-115.74592,47.87886],[-115.75079,47.88169],[-115.74602,47.88217],[-115.73689,47.88119],[-115.73393,47.88201],[-115.72192,47.88225],[-115.71994,47.88272],[-115.71854,47.88529],[-115.71786,47.88914],[-115.70999,47.89346],[-115.70681,47.89771],[-115.7074,47.90022],[-115.70978,47.90144],[-115.71122,47.90368],[-115.71037,47.90532],[-115.70701,47.90554],[-115.70814,47.90927],[-115.70999,47.91162],[-115.70898,47.91446],[-115.70628,47.91774],[-115.70992,47.9211],[-115.71185,47.92034],[-115.71621,47.92133],[-115.71193,47.92347],[-115.71344,47.92847],[-115.71495,47.92951],[-115.71344,47.93202],[-115.71984,47.93928],[-115.72316,47.94593],[-115.72702,47.94387],[-115.73007,47.94335],[-115.7328,47.9461],[-115.73638,47.94693],[-115.74074,47.95147],[-115.74089,47.95465],[-115.73469,47.95853],[-115.73276,47.96207],[-115.72941,47.96212],[-115.72679,47.95784],[-115.72133,47.96067],[-115.71533,47.95942]]]},"properties":{"permanent_":"60959355","fdate":"2016-05-17T00:00:00.000Z","resolution":2,"gnis_id":"00788330","gnis_name":"Noxon Reservoir","areasqkm":31.77336933,"elevation":2331,"reachcode":"17010213001847","ftype":390,"fcode":39010,"visibility":5000000,"SHAPE_Leng":null,"SHAPE_Area":null,"ObjectID":186459}},
{"type":"Feature","geometry":{"type":"Polygon","coordinates":[[[-114.16041,48.08813],[-114.15623,48.08665],[-114.15358,48.08291],[-114.14818,48.08095],[-114.14784,48.08078],[-114.14267,48.07906],[-114.14134,48.07908],[-114.13445,48.07503],[-114.13282,48.07346],[-114.12704,48.07489],[-114.12665,48.0749],[-114.13126,48.07327],[-114.13203,48.07175],[-114.12904,48.06635],[-114.1289,48.06249],[-114.12717,48.05769],[-114.11704,48.06147],[-114.10965,48.06364],[-114.10334,48.06347],[-114.0995,48.06391],[-114.08907,48.06311],[-114.08372,48.06204],[-114.08024,48.05952],[-114.07993,48.05784],[-114.08174,48.0548],[-114.08424,48.05306],[-114.08042,48.04961],[-114.08157,48.04371],[-114.08308,48.04128],[-114.08171,48.03766],[-114.07907,48.03389],[-114.07813,48.03002],[-114.07798,48.02222],[-114.07627,48.01791],[-114.07261,48.01224],[-114.06852,48.00736],[-114.06737,48.0032],[-114.06557,48.00113],[-114.0638,47.99624],[-114.064,47.99329],[-114.06166,47.99009],[-114.05732,47.99765],[-114.05788,48.00005],[-114.05391,47.99982],[-114.05173,48.0008],[-114.04414,47.9966],[-114.04233,47.99225],[-114.03899,47.98753],[-114.03898,47.98253],[-114.04078,47.97566],[-114.04274,47.97151],[-114.04072,47.96675],[-114.03856,47.96338],[-114.03805,47.96038],[-114.03452,47.95432],[-114.03255,47.94848],[-114.03341,47.94213],[-114.03329,47.9387],[-114.03198,47.93224],[-114.03354,47.92878],[-114.03451,47.91727],[-114.03399,47.91125],[-114.03322,47.90941],[-114.03358,47.90578],[-114.03281,47.90373],[-114.03342,47.89677],[-114.03336,47.89081],[-114.03516,47.88686],[-114.03795,47.88283],[-114.03434,47.87897],[-114.03395,47.87558],[-114.03122,47.8761],[-114.02759,47.87356],[-114.02951,47.86592],[-114.03633,47.86133],[-114.03926,47.85752],[-114.04053,47.85376],[-114.041,47.84943],[-114.04088,47.84319],[-114.0419,47.83969],[-114.03985,47.83731],[-114.03638,47.83531],[-114.03523,47.83349],[-114.03541,47.83026],[-114.03373,47.82666],[-114.02967,47.82742],[-114.0261,47.82651],[-114.0246,47.82376],[-114.0247,47.82141],[-114.02198,47.81556],[-114.02113,47.81224],[-114.0184,47.80871],[-114.01731,47.80214],[-114.01544,47.79838],[-114.01593,47.79416],[-114.01812,47.78996],[-114.0177,47.7868],[-114.01533,47.78523],[-114.01548,47.78305],[-114.01728,47.78082],[-114.01653,47.77584],[-114.0169,47.77274],[-114.01844,47.7701],[-114.02035,47.76416],[-114.02002,47.75693],[-114.02495,47.74963],[-114.03077,47.74436],[-114.03569,47.7427],[-114.04535,47.74057],[-114.04695,47.73927],[-114.05257,47.73869],[-114.0604,47.73869],[-114.06512,47.7393],[-114.07123,47.74399],[-114.07435,47.74808],[-114.0747,47.75214],[-114.07403,47.75666],[-114.07273,47.75893],[-114.06991,47.75958],[-114.07198,47.76382],[-114.07532,47.76305],[-114.07674,47.76465],[-114.07425,47.76719],[-114.07643,47.77333],[-114.07238,47.78148],[-114.07515,47.78303],[-114.0811,47.78167],[-114.08525,47.78264],[-114.08792,47.78217],[-114.0877,47.78025],[-114.08522,47.77806],[-114.0855,47.77415],[-114.08999,47.77117],[-114.09393,47.77124],[-114.09182,47.76817],[-114.0866,47.76794],[-114.08267,47.76587],[-114.08059,47.76143],[-114.08307,47.75709],[-114.08677,47.75406],[-114.08863,47.74994],[-114.0906,47.7474],[-114.09081,47.74369],[-114.08644,47.74118],[-114.08005,47.73442],[-114.07368,47.73107],[-114.06922,47.73116],[-114.06447,47.72899],[-114.05887,47.72537],[-114.05413,47.72344],[-114.05018,47.7208],[-114.0482,47.71808],[-114.04712,47.7138],[-114.04924,47.70906],[-114.05413,47.70571],[-114.05528,47.69923],[-114.06075,47.69913],[-114.06573,47.69778],[-114.06887,47.69585],[-114.07111,47.69298],[-114.07646,47.6933],[-114.07924,47.69669],[-114.08189,47.69727],[-114.08672,47.70128],[-114.0926,47.70342],[-114.09613,47.70551],[-114.10295,47.70464],[-114.10319,47.70254],[-114.10825,47.7012],[-114.11372,47.70136],[-114.11713,47.70221],[-114.11866,47.70606],[-114.12762,47.70752],[-114.12947,47.70273],[-114.12861,47.69951],[-114.13173,47.69848],[-114.13539,47.69858],[-114.13526,47.69639],[-114.1371,47.69486],[-114.14221,47.6938],[-114.14591,47.69419],[-114.14785,47.69301],[-114.15618,47.69431],[-114.15823,47.69653],[-114.16155,47.69739],[-114.16518,47.69461],[-114.17258,47.69621],[-114.17497,47.69926],[-114.17775,47.70052],[-114.18204,47.70379],[-114.18324,47.70551],[-114.18273,47.71027],[-114.18355,47.71414],[-114.18743,47.71943],[-114.18641,47.72426],[-114.18743,47.72773],[-114.18383,47.73116],[-114.17996,47.73218],[-114.17562,47.73131],[-114.17272,47.73448],[-114.17513,47.73939],[-114.17183,47.74099],[-114.16509,47.73979],[-114.16417,47.74208],[-114.16519,47.74466],[-114.16317,47.74584],[-114.16381,47.7484],[-114.16629,47.75287],[-114.16537,47.75632],[-114.16238,47.75823],[-114.15948,47.75836],[-114.15483,47.75565],[-114.15292,47.75916],[-114.15434,47.76179],[-114.14994,47.76357],[-114.15001,47.76795],[-114.1483,47.76942],[-114.14452,47.77028],[-114.14294,47.76792],[-114.14214,47.76424],[-114.14555,47.76211],[-114.14441,47.75733],[-114.1429,47.75579],[-114.13839,47.75523],[-114.13975,47.76053],[-114.14179,47.76234],[-114.14107,47.76495],[-114.14258,47.76794],[-114.14135,47.76918],[-114.1358,47.76836],[-114.12978,47.77052],[-114.12919,47.77173],[-114.13092,47.77484],[-114.13501,47.77913],[-114.12911,47.78076],[-114.12869,47.78567],[-114.12936,47.7898],[-114.13099,47.79317],[-114.13472,47.79383],[-114.13269,47.78974],[-114.13249,47.78758],[-114.13551,47.78703],[-114.13785,47.78813],[-114.14017,47.78733],[-114.14212,47.78381],[-114.14462,47.78496],[-114.14758,47.78189],[-114.1473,47.77878],[-114.14549,47.77639],[-114.14948,47.77575],[-114.14891,47.77967],[-114.15101,47.78261],[-114.14967,47.78391],[-114.14592,47.78418],[-114.14554,47.78821],[-114.14844,47.79183],[-114.1517,47.7911],[-114.15423,47.79369],[-114.15514,47.79938],[-114.15332,47.80467],[-114.15399,47.80968],[-114.15796,47.80551],[-114.16156,47.80495],[-114.16287,47.79978],[-114.16528,47.79638],[-114.16993,47.79779],[-114.17321,47.79607],[-114.17379,47.793],[-114.17667,47.79331],[-114.17956,47.79564],[-114.17848,47.80074],[-114.17876,47.80627],[-114.1852,47.81252],[-114.18867,47.81341],[-114.18898,47.8112],[-114.18751,47.80748],[-114.19176,47.80841],[-114.19401,47.81104],[-114.19621,47.81006],[-114.2033,47.80936],[-114.20437,47.81109],[-114.20885,47.81005],[-114.21354,47.81154],[-114.21735,47.81146],[-114.22153,47.80823],[-114.22627,47.80743],[-114.22898,47.80966],[-114.23294,47.80698],[-114.23735,47.80961],[-114.23825,47.81313],[-114.24077,47.81516],[-114.24931,47.8144],[-114.25331,47.81483],[-114.263,47.8134],[-114.26694,47.81088],[-114.27344,47.80762],[-114.27879,47.80355],[-114.29047,47.79979],[-114.30008,47.79943],[-114.30936,47.80101],[-114.31092,47.80187],[-114.31119,47.80452],[-114.30988,47.81152],[-114.3072,47.8156],[-114.30803,47.81742],[-114.31103,47.81822],[-114.32169,47.81773],[-114.33144,47.81816],[-114.3371,47.81801],[-114.34734,47.81997],[-114.34935,47.82082],[-114.34947,47.82373],[-114.34511,47.82492],[-114.34632,47.83049],[-114.34289,47.83291],[-114.3323,47.83446],[-114.32454,47.83463],[-114.31517,47.83625],[-114.31175,47.83761],[-114.30577,47.83811],[-114.29193,47.83772],[-114.28603,47.83728],[-114.28239,47.8386],[-114.27992,47.84169],[-114.27751,47.84279],[-114.27741,47.84514],[-114.2748,47.84808],[-114.27416,47.85053],[-114.27689,47.85467],[-114.27607,47.856],[-114.27786,47.85896],[-114.28046,47.86029],[-114.28052,47.86205],[-114.27758,47.86368],[-114.27238,47.86288],[-114.27164,47.86744],[-114.2704,47.86787],[-114.2645,47.86691],[-114.25866,47.86897],[-114.25002,47.8699],[-114.24343,47.86997],[-114.24165,47.87259],[-114.23631,47.87247],[-114.22886,47.87302],[-114.22557,47.87223],[-114.22251,47.87311],[-114.21855,47.87826],[-114.21144,47.88106],[-114.21242,47.88357],[-114.21208,47.88678],[-114.21451,47.89049],[-114.21274,47.90095],[-114.2091,47.90245],[-114.20767,47.90095],[-114.20491,47.90317],[-114.20282,47.90721],[-114.20034,47.90777],[-114.20192,47.90004],[-114.19981,47.89996],[-114.19658,47.90335],[-114.19237,47.90602],[-114.1917,47.90865],[-114.18571,47.90935],[-114.18493,47.90684],[-114.18148,47.90619],[-114.1813,47.90433],[-114.17645,47.90184],[-114.17381,47.90143],[-114.17233,47.90367],[-114.16833,47.90312],[-114.16456,47.90487],[-114.16408,47.90734],[-114.1674,47.91074],[-114.16629,47.91542],[-114.16798,47.92226],[-114.17074,47.92578],[-114.17089,47.932],[-114.17464,47.93052],[-114.17841,47.9332],[-114.17967,47.93244],[-114.18336,47.93416],[-114.18433,47.93686],[-114.18306,47.93981],[-114.18616,47.94324],[-114.19029,47.94632],[-114.18502,47.9474],[-114.18296,47.94933],[-114.18194,47.95215],[-114.18528,47.95537],[-114.18556,47.95771],[-114.1878,47.96198],[-114.18462,47.96241],[-114.18251,47.96407],[-114.18269,47.96791],[-114.18964,47.97212],[-114.18824,47.97452],[-114.1841,47.9731],[-114.1807,47.97318],[-114.17504,47.9746],[-114.17405,47.97743],[-114.1746,47.98182],[-114.17609,47.98438],[-114.16881,47.98476],[-114.1717,47.98723],[-114.1736,47.99067],[-114.17839,47.99096],[-114.18544,47.99454],[-114.1889,48.00031],[-114.19354,48.00301],[-114.19345,48.00489],[-114.19957,48.00545],[-114.20901,48.0051],[-114.21241,48.00639],[-114.21177,48.01149],[-114.2125,48.01249],[-114.2179,48.01458],[-114.22154,48.01672],[-114.2227,48.02085],[-114.22575,48.02393],[-114.22309,48.02867],[-114.22319,48.03031],[-114.22642,48.03351],[-114.22505,48.03502],[-114.21487,48.03812],[-114.21674,48.03935],[-114.2196,48.03898],[-114.22358,48.04159],[-114.22037,48.04265],[-114.22191,48.04574],[-114.22224,48.04925],[-114.22499,48.05133],[-114.22795,48.05169],[-114.23293,48.0556],[-114.23847,48.05702],[-114.24034,48.05998],[-114.23719,48.0633],[-114.23901,48.06893],[-114.24429,48.07523],[-114.24059,48.07716],[-114.23051,48.07781],[-114.2281,48.07664],[-114.22789,48.07581],[-114.22678,48.07371],[-114.22519,48.07279],[-114.22302,48.07238],[-114.21816,48.07575],[-114.21417,48.07739],[-114.21072,48.08145],[-114.19602,48.08308],[-114.19528,48.08483],[-114.19129,48.08436],[-114.18592,48.08598],[-114.17483,48.08811],[-114.17079,48.08804],[-114.16593,48.08909],[-114.16041,48.08813]],[[-114.23508,47.83882],[-114.23272,47.83738],[-114.22515,47.83708],[-114.21931,47.83422],[-114.21834,47.83044],[-114.21455,47.82958],[-114.20709,47.82995],[-114.20303,47.82885],[-114.19476,47.8312],[-114.18775,47.83553],[-114.18862,47.8388],[-114.19317,47.84829],[-114.19668,47.85185],[-114.19886,47.85175],[-114.201,47.85509],[-114.2037,47.85471],[-114.20628,47.8574],[-114.20821,47.85785],[-114.21485,47.85557],[-114.21704,47.85624],[-114.22111,47.85495],[-114.22448,47.85569],[-114.22795,47.85438],[-114.23379,47.84739],[-114.2361,47.84788],[-114.23835,47.8515],[-114.24013,47.84986],[-114.24488,47.84237],[-114.24697,47.84095],[-114.24874,47.83762],[-114.24605,47.83703],[-114.23508,47.83882]],[[-114.268,47.85593],[-114.27122,47.85081],[-114.27051,47.84624],[-114.2682,47.84468],[-114.25951,47.84416],[-114.25561,47.84508],[-114.25568,47.84792],[-114.25453,47.85337],[-114.25619,47.85433],[-114.26013,47.85432],[-114.268,47.85593]],[[-114.11999,47.77362],[-114.12003,47.76913],[-114.11477,47.76602],[-114.11136,47.76546],[-114.11152,47.76781],[-114.11458,47.77297],[-114.11827,47.77472],[-114.11999,47.77362]],[[-114.13696,48.05305],[-114.13808,48.05168],[-114.14112,48.04799],[-114.143,48.04738],[-114.14232,48.04491],[-114.13898,48.04611],[-114.13835,48.04727],[-114.13833,48.04808],[-114.13912,48.04827],[-114.13847,48.04992],[-114.1365,48.05286],[-114.13323,48.0522],[-114.1332,48.05513],[-114.13696,48.05305]],[[-114.23548,47.81726],[-114.23112,47.82049],[-114.23124,47.82224],[-114.2366,47.82338],[-114.24057,47.82198],[-114.23548,47.81726]],[[-114.13235,48.05147],[-114.13329,48.05099],[-114.13626,48.04676],[-114.13203,48.04633],[-114.13025,48.04988],[-114.13235,48.05147]],[[-114.12643,47.76373],[-114.12386,47.76611],[-114.12365,47.76825],[-114.12591,47.76925],[-114.12805,47.76514],[-114.12643,47.76373]],[[-114.16688,47.89793],[-114.1682,47.89684],[-114.16578,47.8939],[-114.16402,47.89419],[-114.16688,47.89793]],[[-114.17381,47.89316],[-114.17129,47.89562],[-114.175,47.89686],[-114.17712,47.89525],[-114.17381,47.89316]]]},"properties":{"permanent_":"60787405","fdate":"2011-09-02T00:00:00.000Z","resolution":2,"gnis_id":"00783514","gnis_name":"Flathead Lake","areasqkm":494.734,"elevation":null,"reachcode":"17010208000828","ftype":390,"fcode":39004,"visibility":5000000,"SHAPE_Leng":null,"SHAPE_Area":null,"ObjectID":192747}},
{"type":"Feature","geometry":{"type":"Polygon","coordinates":[[[-113.84712,47.91573],[-113.84804,47.91491],[-113.85585,47.91196],[-113.85966,47.91245],[-113.8635,47.91413],[-113.86769,47.91472],[-113.86978,47.91563],[-113.87244,47.91895],[-113.87636,47.92591],[-113.88126,47.92808],[-113.8831,47.93101],[-113.88561,47.93285],[-113.88612,47.93531],[-113.88295,47.93572],[-113.88273,47.94042],[-113.88483,47.94351],[-113.88396,47.94508],[-113.88746,47.94922],[-113.89281,47.95295],[-113.89246,47.95508],[-113.89848,47.95645],[-113.90736,47.96192],[-113.90976,47.96429],[-113.91512,47.96619],[-113.91749,47.9686],[-113.92011,47.96949],[-113.92283,47.97324],[-113.92353,47.97801],[-113.92798,47.97908],[-113.9307,47.98179],[-113.93189,47.98425],[-113.93943,47.98924],[-113.94233,47.99009],[-113.94458,47.99272],[-113.94821,47.99467],[-113.95103,47.99715],[-113.95573,47.99995],[-113.95918,48.00076],[-113.96332,48.0032],[-113.96448,48.00548],[-113.96799,48.00535],[-113.97542,48.01086],[-113.97847,48.01386],[-113.97975,48.01707],[-113.97659,48.01662],[-113.97464,48.01404],[-113.9674,48.00994],[-113.95821,48.00714],[-113.95546,48.00392],[-113.94874,48.00293],[-113.94551,48.00386],[-113.94349,48.00277],[-113.94349,48.00026],[-113.93979,48.00046],[-113.93567,47.99655],[-113.93004,47.99335],[-113.92639,47.99012],[-113.92644,47.98719],[-113.9232,47.98666],[-113.92066,47.98331],[-113.91665,47.97964],[-113.91117,47.9719],[-113.90669,47.96846],[-113.90328,47.96802],[-113.90159,47.96457],[-113.89112,47.95968],[-113.88789,47.95871],[-113.88487,47.95524],[-113.87592,47.95039],[-113.87489,47.947],[-113.86808,47.93667],[-113.86305,47.93346],[-113.8599,47.93371],[-113.85608,47.93576],[-113.85335,47.93482],[-113.849,47.92976],[-113.84462,47.9267],[-113.84389,47.92472],[-113.84469,47.92152],[-113.84382,47.91934],[-113.84712,47.91573]]]},"properties":{"permanent_":"63757875","fdate":"2002-12-05T00:00:00.000Z","resolution":2,"gnis_id":"00791785","gnis_name":"Swan Lake","areasqkm":13.248,"elevation":null,"reachcode":"17010211000593","ftype":390,"fcode":39004,"visibility":5000000,"SHAPE_Leng":null,"SHAPE_Area":null,"ObjectID":193045}},
{"type":"Feature","geometry":{"type":"Polygon","coordinates":[[[-107.68961,48.37631],[-107.69002,48.37637],[-107.69296,48.37666],[-107.6951,48.37877],[-107.70141,48.38337],[-107.7038,48.3834],[-107.7068,48.38673],[-107.70799,48.38447],[-107.71109,48.385],[-107.71282,48.38771],[-107.71293,48.39154],[-107.71637,48.39269],[-107.72163,48.39254],[-107.72612,48.39712],[-107.72519,48.40036],[-107.72745,48.40154],[-107.72696,48.40371],[-107.7212,48.40617],[-107.71866,48.40845],[-107.70995,48.4121],[-107.70627,48.41419],[-107.70164,48.41811],[-107.70055,48.42095],[-107.69776,48.42431],[-107.69321,48.42547],[-107.69009,48.42743],[-107.68594,48.42826],[-107.68061,48.42672],[-107.67442,48.42122],[-107.66432,48.41386],[-107.65833,48.41152],[-107.65323,48.40719],[-107.65446,48.40253],[-107.64957,48.39701],[-107.65113,48.39224],[-107.64925,48.38999],[-107.64602,48.38852],[-107.64564,48.38844],[-107.64234,48.3866],[-107.64228,48.38642],[-107.6434,48.38426],[-107.64401,48.38428],[-107.64507,48.38523],[-107.65007,48.38398],[-107.65594,48.38262],[-107.6512,48.38379],[-107.65135,48.38416],[-107.65403,48.38339],[-107.65621,48.38298],[-107.66069,48.38458],[-107.66108,48.38242],[-107.66562,48.3802],[-107.66794,48.38385],[-107.66764,48.38843],[-107.66574,48.39082],[-107.66634,48.39294],[-107.67082,48.39675],[-107.67737,48.39834],[-107.68091,48.39755],[-107.68466,48.39813],[-107.68464,48.40187],[-107.68738,48.40206],[-107.68895,48.40428],[-107.69474,48.40436],[-107.69699,48.40249],[-107.70205,48.40035],[-107.70565,48.39964],[-107.70641,48.39627],[-107.70509,48.39353],[-107.70534,48.39123],[-107.70154,48.38861],[-107.70247,48.38646],[-107.69888,48.38291],[-107.69423,48.37952],[-107.68857,48.37883],[-107.68961,48.37631]]]},"properties":{"permanent_":"146382554","fdate":"2014-01-28T00:00:00.000Z","resolution":2,"gnis_id":"00769135","gnis_name":"Lake Bowdoin","areasqkm":14.80939797,"elevation":null,"reachcode":"10050014001140","ftype":390,"fcode":39004,"visibility":5000000,"SHAPE_Leng":null,"SHAPE_Area":null,"ObjectID":195009}},
{"type":"Feature","geometry":{"type":"Polygon","coordinates":[[[-112.46109,47.94355],[-112.46205,47.94764],[-112.45699,47.95012],[-112.45277,47.94925],[-112.4503,47.95155],[-112.45364,47.95345],[-112.44911,47.9549],[-112.44954,47.95745],[-112.44399,47.95751],[-112.43957,47.9583],[-112.42959,47.96101],[-112.42503,47.96427],[-112.42093,47.96329],[-112.41394,47.96438],[-112.40853,47.96263],[-112.40711,47.959],[-112.4022,47.95741],[-112.40179,47.95618],[-112.40853,47.95066],[-112.41644,47.9466],[-112.41826,47.94013],[-112.42012,47.93851],[-112.42172,47.93381],[-112.42445,47.93127],[-112.42715,47.93005],[-112.43389,47.92948],[-112.43712,47.92818],[-112.44653,47.92845],[-112.45026,47.92912],[-112.45576,47.93172],[-112.46427,47.93209],[-112.46544,47.93504],[-112.46451,47.93681],[-112.45947,47.93791],[-112.45666,47.93996],[-112.4603,47.94081],[-112.46109,47.94355]]]},"properties":{"permanent_":"129591126","fdate":"2004-11-26T00:00:00.000Z","resolution":2,"gnis_id":"00769463","gnis_name":"Bynum Reservoir","areasqkm":11.409,"elevation":null,"reachcode":"10030205001074","ftype":390,"fcode":39004,"visibility":5000000,"SHAPE_Leng":null,"SHAPE_Area":null,"ObjectID":200445}},
{"type":"Feature","geometry":{"type":"Polygon","coordinates":[[[-110.16046,48.97835],[-110.1603,48.9832],[-110.1517,48.98449],[-110.14647,48.98242],[-110.14409,48.98382],[-110.14691,48.98556],[-110.14284,48.98638],[-110.14216,48.98207],[-110.13953,48.98062],[-110.13568,48.98154],[-110.13676,48.98456],[-110.13961,48.98684],[-110.13754,48.98904],[-110.13586,48.98552],[-110.13413,48.98518],[-110.12834,48.98784],[-110.12408,48.98778],[-110.11999,48.9894],[-110.11266,48.98791],[-110.1096,48.986],[-110.10423,48.98422],[-110.10189,48.98539],[-110.09899,48.98318],[-110.0898,48.98258],[-110.08802,48.97973],[-110.08052,48.97547],[-110.07788,48.97293],[-110.07271,48.97229],[-110.06748,48.97497],[-110.06763,48.9769],[-110.07341,48.979],[-110.07232,48.98146],[-110.06956,48.98147],[-110.06288,48.98481],[-110.06289,48.98231],[-110.06093,48.98057],[-110.05809,48.9807],[-110.04811,48.97643],[-110.04046,48.97387],[-110.03628,48.97022],[-110.03107,48.96959],[-110.02771,48.96784],[-110.02006,48.96776],[-110.01724,48.96715],[-110.01405,48.9678],[-110.01312,48.96995],[-110.00996,48.96872],[-110.00297,48.96855],[-109.99926,48.96774],[-109.99119,48.96452],[-109.98274,48.96207],[-109.97646,48.95871],[-109.97341,48.95559],[-109.96405,48.95221],[-109.96271,48.95389],[-109.96766,48.95821],[-109.97034,48.95907],[-109.96754,48.96121],[-109.96171,48.96019],[-109.9588,48.96069],[-109.95775,48.9624],[-109.96037,48.96402],[-109.95973,48.96658],[-109.95784,48.96805],[-109.95506,48.96701],[-109.95322,48.96394],[-109.95345,48.96147],[-109.95914,48.95629],[-109.96233,48.95116],[-109.96147,48.94572],[-109.95825,48.94363],[-109.95518,48.94299],[-109.95483,48.94046],[-109.95186,48.93921],[-109.95463,48.9363],[-109.95668,48.93684],[-109.96287,48.93487],[-109.96728,48.9343],[-109.97285,48.93695],[-109.98429,48.93978],[-109.99624,48.94172],[-110.01225,48.9452],[-110.01348,48.94413],[-110.02055,48.9464],[-110.02496,48.947],[-110.03412,48.94711],[-110.04019,48.94656],[-110.05036,48.94866],[-110.05232,48.94814],[-110.0587,48.9492],[-110.06395,48.95166],[-110.06863,48.94986],[-110.07335,48.94921],[-110.07642,48.95103],[-110.08348,48.95336],[-110.08608,48.95582],[-110.09278,48.9584],[-110.09627,48.95922],[-110.09827,48.9637],[-110.1077,48.96691],[-110.10712,48.96918],[-110.10947,48.97102],[-110.11244,48.97138],[-110.11376,48.97401],[-110.11882,48.97648],[-110.12416,48.97836],[-110.13005,48.97739],[-110.13215,48.97955],[-110.14751,48.97652],[-110.15173,48.97478],[-110.15718,48.97614],[-110.16046,48.97835]],[[-110.11009,48.98362],[-110.11403,48.98563],[-110.11811,48.98488],[-110.11243,48.9823],[-110.11222,48.98134],[-110.10694,48.97886],[-110.1048,48.98094],[-110.11009,48.98362]]]},"properties":{"permanent_":"138935053","fdate":"2020-10-05T00:00:00.000Z","resolution":2,"gnis_id":"00778473","gnis_name":"Wild Horse Lake","areasqkm":33.66503526,"elevation":null,"reachcode":"","ftype":361,"fcode":36100,"visibility":5000000,"SHAPE_Leng":null,"SHAPE_Area":null,"ObjectID":203852}},
{"type":"Feature","geometry":{"type":"Polygon","coordinates":[[[-111.7508,44.62505],[-111.74949,44.62004],[-111.7446,44.61865],[-111.74428,44.61547],[-111.73901,44.61622],[-111.73819,44.61264],[-111.74069,44.61072],[-111.73885,44.60319],[-111.74112,44.60001],[-111.74181,44.59587],[-111.7373,44.59334],[-111.73373,44.59311],[-111.72533,44.59375],[-111.71849,44.59499],[-111.71024,44.59528],[-111.70417,44.59599],[-111.69551,44.59904],[-111.69226,44.60103],[-111.6907,44.60021],[-111.68758,44.60136],[-111.68453,44.60675],[-111.68576,44.60784],[-111.68927,44.60697],[-111.69004,44.61168],[-111.69146,44.6123],[-111.69495,44.61101],[-111.70005,44.61244],[-111.70034,44.61649],[-111.70987,44.61921],[-111.72835,44.62582],[-111.7414,44.62963],[-111.75103,44.63112],[-111.75182,44.62866],[-111.75111,44.62559],[-111.75457,44.62776],[-111.75321,44.63323],[-111.75194,44.63432],[-111.75178,44.63828],[-111.75507,44.63864],[-111.75901,44.63727],[-111.75985,44.63564],[-111.76289,44.6349],[-111.76467,44.6368],[-111.76392,44.63889],[-111.76581,44.64155],[-111.77078,44.64218],[-111.77595,44.64028],[-111.77834,44.64161],[-111.78139,44.64122],[-111.78451,44.64451],[-111.78553,44.64723],[-111.78787,44.64587],[-111.79312,44.65008],[-111.79746,44.6505],[-111.80472,44.64984],[-111.80578,44.65102],[-111.80809,44.6512],[-111.80844,44.65155],[-111.81029,44.65118],[-111.81518,44.65305],[-111.81539,44.65474],[-111.82061,44.65482],[-111.82163,44.6526],[-111.82548,44.65296],[-111.8302,44.65149],[-111.83201,44.653],[-111.83473,44.65263],[-111.83774,44.65416],[-111.84523,44.6535],[-111.85402,44.65485],[-111.85591,44.65407],[-111.8692,44.65254],[-111.86936,44.65043],[-111.87602,44.65174],[-111.87752,44.65063],[-111.88477,44.64823],[-111.89099,44.64758],[-111.89043,44.64888],[-111.8831,44.65],[-111.8811,44.65165],[-111.87913,44.65652],[-111.8768,44.65837],[-111.87439,44.65848],[-111.87496,44.66117],[-111.87718,44.66453],[-111.87734,44.66825],[-111.87385,44.66989],[-111.87371,44.67127],[-111.87897,44.6722],[-111.88177,44.67161],[-111.88265,44.67341],[-111.8868,44.67454],[-111.88555,44.67797],[-111.88655,44.68452],[-111.87853,44.68362],[-111.87247,44.68426],[-111.87057,44.68513],[-111.87047,44.68744],[-111.86209,44.68373],[-111.85605,44.6791],[-111.86036,44.67754],[-111.85968,44.67568],[-111.85375,44.67751],[-111.85066,44.6801],[-111.85061,44.67986],[-111.84742,44.67611],[-111.84416,44.67422],[-111.84037,44.67402],[-111.83687,44.67241],[-111.83312,44.67472],[-111.8292,44.6758],[-111.8246,44.67313],[-111.82099,44.67408],[-111.8173,44.6766],[-111.81286,44.67477],[-111.80501,44.67893],[-111.80258,44.67804],[-111.80104,44.67543],[-111.79674,44.67659],[-111.79496,44.67866],[-111.78771,44.67632],[-111.78567,44.67419],[-111.78354,44.67478],[-111.78053,44.67362],[-111.77928,44.67553],[-111.77617,44.67438],[-111.77176,44.67623],[-111.76879,44.6757],[-111.76721,44.67315],[-111.76292,44.67338],[-111.75737,44.6721],[-111.75529,44.66994],[-111.75858,44.66845],[-111.76015,44.6657],[-111.76063,44.66247],[-111.76305,44.66253],[-111.76685,44.65832],[-111.76962,44.65391],[-111.77267,44.65241],[-111.77423,44.6551],[-111.77164,44.65658],[-111.77087,44.65991],[-111.76785,44.66202],[-111.7642,44.66652],[-111.77064,44.66611],[-111.77304,44.66765],[-111.77664,44.66739],[-111.77939,44.67096],[-111.77967,44.66174],[-111.77492,44.65911],[-111.77654,44.65726],[-111.78198,44.66044],[-111.78478,44.66065],[-111.78707,44.66498],[-111.79011,44.66523],[-111.79236,44.66831],[-111.79439,44.66546],[-111.79672,44.66596],[-111.8002,44.66904],[-111.80786,44.67046],[-111.80971,44.67019],[-111.81256,44.66611],[-111.81514,44.66585],[-111.81479,44.66864],[-111.81755,44.6691],[-111.81959,44.66776],[-111.82532,44.66803],[-111.83528,44.66792],[-111.83493,44.66942],[-111.82651,44.67036],[-111.81476,44.66928],[-111.815,44.67078],[-111.81945,44.67041],[-111.82393,44.67092],[-111.83294,44.67049],[-111.83943,44.67157],[-111.84252,44.67028],[-111.84672,44.6706],[-111.85219,44.67299],[-111.85354,44.67119],[-111.85599,44.67127],[-111.85567,44.66837],[-111.85303,44.66838],[-111.85282,44.66768],[-111.85216,44.66607],[-111.85543,44.66516],[-111.85837,44.66285],[-111.85359,44.6625],[-111.85604,44.6598],[-111.85045,44.65966],[-111.84321,44.66029],[-111.83551,44.65879],[-111.82894,44.65808],[-111.81848,44.65542],[-111.81848,44.65944],[-111.81775,44.65888],[-111.81581,44.65709],[-111.80916,44.65606],[-111.79691,44.65295],[-111.79325,44.65361],[-111.78883,44.65167],[-111.7823,44.65199],[-111.78256,44.65665],[-111.77813,44.65647],[-111.77674,44.65402],[-111.78204,44.64819],[-111.7784,44.64497],[-111.77424,44.64531],[-111.77266,44.64985],[-111.76996,44.64898],[-111.76385,44.65115],[-111.76625,44.65523],[-111.76259,44.65566],[-111.76125,44.65394],[-111.75489,44.65245],[-111.75461,44.65563],[-111.75532,44.65999],[-111.75712,44.66057],[-111.75713,44.66453],[-111.75822,44.66709],[-111.75412,44.66863],[-111.75261,44.67423],[-111.74938,44.67339],[-111.74724,44.67013],[-111.7447,44.66893],[-111.74661,44.66648],[-111.74864,44.66703],[-111.75027,44.66328],[-111.7498,44.65958],[-111.75448,44.65802],[-111.75231,44.65608],[-111.75439,44.65423],[-111.7534,44.65374],[-111.75176,44.65231],[-111.749,44.65365],[-111.74631,44.65331],[-111.74304,44.65447],[-111.74042,44.65818],[-111.73775,44.65938],[-111.73772,44.66405],[-111.7347,44.66372],[-111.72944,44.66197],[-111.72959,44.66507],[-111.73312,44.66582],[-111.73617,44.66874],[-111.73647,44.67032],[-111.73463,44.67271],[-111.73256,44.67315],[-111.72732,44.67141],[-111.72668,44.67002],[-111.72169,44.66878],[-111.71969,44.6668],[-111.71619,44.66645],[-111.71822,44.66366],[-111.71565,44.66139],[-111.71379,44.65815],[-111.71094,44.65895],[-111.70682,44.65607],[-111.70251,44.65565],[-111.70021,44.65292],[-111.69749,44.65191],[-111.69403,44.65243],[-111.69252,44.6539],[-111.68344,44.64881],[-111.6809,44.64998],[-111.67801,44.64872],[-111.67384,44.64838],[-111.67036,44.64934],[-111.66706,44.65161],[-111.65934,44.65216],[-111.65075,44.64989],[-111.64898,44.65048],[-111.64904,44.64995],[-111.64788,44.64848],[-111.65173,44.64648],[-111.65491,44.64633],[-111.65929,44.64381],[-111.66113,44.64085],[-111.6669,44.63988],[-111.66867,44.63825],[-111.6726,44.63774],[-111.67641,44.63825],[-111.67709,44.63576],[-111.67379,44.63427],[-111.67348,44.63399],[-111.66766,44.63634],[-111.66611,44.63508],[-111.66222,44.6345],[-111.6622,44.63173],[-111.66637,44.62974],[-111.67054,44.6316],[-111.67276,44.63109],[-111.67481,44.6284],[-111.67749,44.62213],[-111.67319,44.6218],[-111.67094,44.6191],[-111.66616,44.61987],[-111.66732,44.62308],[-111.66019,44.62527],[-111.65815,44.6252],[-111.65522,44.62282],[-111.64822,44.61939],[-111.64508,44.61996],[-111.63721,44.6168],[-111.63015,44.6168],[-111.62567,44.61606],[-111.62232,44.61625],[-111.61771,44.61466],[-111.61804,44.61313],[-111.62319,44.61555],[-111.62704,44.614],[-111.63143,44.61628],[-111.63825,44.61584],[-111.64331,44.61847],[-111.64624,44.61797],[-111.64179,44.61445],[-111.6397,44.61411],[-111.64006,44.614],[-111.64614,44.6154],[-111.64695,44.61609],[-111.65293,44.61695],[-111.658,44.61616],[-111.66378,44.61448],[-111.66899,44.6179],[-111.67237,44.61805],[-111.67387,44.61658],[-111.67031,44.61168],[-111.66579,44.6075],[-111.6638,44.60684],[-111.66315,44.60384],[-111.65959,44.60147],[-111.67192,44.59279],[-111.6734,44.58992],[-111.67745,44.59043],[-111.6797,44.58875],[-111.68315,44.58859],[-111.68817,44.59078],[-111.69086,44.59287],[-111.69361,44.59337],[-111.7006,44.59343],[-111.70134,44.59541],[-111.70503,44.5956],[-111.70665,44.59321],[-111.70974,44.59285],[-111.71365,44.59461],[-111.72091,44.5941],[-111.72356,44.59258],[-111.73022,44.59326],[-111.73333,44.59253],[-111.73743,44.59294],[-111.74598,44.59545],[-111.74196,44.59839],[-111.73983,44.60534],[-111.74158,44.6103],[-111.74393,44.60976],[-111.74864,44.61118],[-111.7464,44.61437],[-111.75139,44.61897],[-111.75281,44.62286],[-111.75598,44.62391],[-111.75884,44.62636],[-111.75785,44.62878],[-111.76318,44.63193],[-111.76628,44.62791],[-111.76723,44.62308],[-111.76649,44.62135],[-111.76806,44.61646],[-111.77129,44.61536],[-111.77312,44.61681],[-111.77286,44.6187],[-111.77045,44.62153],[-111.7737,44.62327],[-111.77605,44.62631],[-111.77836,44.62364],[-111.78342,44.62192],[-111.78579,44.62303],[-111.7861,44.62596],[-111.78352,44.62634],[-111.7837,44.62932],[-111.78756,44.62926],[-111.79156,44.6325],[-111.79722,44.63151],[-111.7979,44.62986],[-111.80091,44.62864],[-111.80316,44.62598],[-111.80926,44.62499],[-111.80963,44.62055],[-111.8123,44.61564],[-111.81236,44.61317],[-111.80689,44.60917],[-111.80998,44.6083],[-111.81929,44.60962],[-111.82296,44.60915],[-111.82398,44.60653],[-111.8281,44.60596],[-111.83757,44.60888],[-111.83493,44.6113],[-111.83211,44.6116],[-111.82918,44.6136],[-111.82624,44.61227],[-111.82131,44.61322],[-111.81914,44.61607],[-111.82493,44.6175],[-111.83458,44.61612],[-111.83777,44.61663],[-111.84255,44.61633],[-111.8452,44.61901],[-111.84919,44.62088],[-111.8527,44.62057],[-111.85425,44.61805],[-111.85826,44.61875],[-111.85898,44.62162],[-111.85859,44.62516],[-111.86043,44.62583],[-111.85823,44.62828],[-111.85377,44.62401],[-111.85034,44.62181],[-111.84536,44.6209],[-111.84271,44.61958],[-111.84011,44.6196],[-111.83233,44.61745],[-111.82675,44.61783],[-111.82414,44.62299],[-111.82724,44.6254],[-111.82617,44.62656],[-111.8286,44.63371],[-111.82643,44.6334],[-111.8262,44.63696],[-111.82418,44.63689],[-111.822,44.6395],[-111.82531,44.64129],[-111.82924,44.63931],[-111.83428,44.64204],[-111.83792,44.64286],[-111.8407,44.64207],[-111.84468,44.6437],[-111.84503,44.64196],[-111.84984,44.64349],[-111.85124,44.64318],[-111.85731,44.64533],[-111.86233,44.64942],[-111.86148,44.65203],[-111.85623,44.65114],[-111.85264,44.64971],[-111.85058,44.65086],[-111.84796,44.64917],[-111.84549,44.64909],[-111.8417,44.64717],[-111.8397,44.65063],[-111.83751,44.64952],[-111.83602,44.64522],[-111.83417,44.64797],[-111.82843,44.64966],[-111.82631,44.64853],[-111.82357,44.64946],[-111.82094,44.64834],[-111.81439,44.6498],[-111.81164,44.64884],[-111.80739,44.64524],[-111.80007,44.64414],[-111.79596,44.64432],[-111.79405,44.63986],[-111.78945,44.6411],[-111.79002,44.64348],[-111.7932,44.64277],[-111.7946,44.6442],[-111.79146,44.64585],[-111.78861,44.64525],[-111.78804,44.64354],[-111.7836,44.64301],[-111.78107,44.64083],[-111.77666,44.63995],[-111.77132,44.64112],[-111.76674,44.64068],[-111.76434,44.63927],[-111.76492,44.63671],[-111.76298,44.6347],[-111.7599,44.63543],[-111.75856,44.63714],[-111.75504,44.6363],[-111.75638,44.63087],[-111.75481,44.62735],[-111.7508,44.62505]],[[-111.7424,44.63344],[-111.73954,44.63136],[-111.73353,44.62968],[-111.72717,44.62723],[-111.72424,44.62814],[-111.71789,44.62551],[-111.71472,44.62621],[-111.71385,44.63309],[-111.71623,44.63235],[-111.71984,44.63284],[-111.72285,44.63606],[-111.72488,44.64136],[-111.72938,44.64304],[-111.73175,44.64148],[-111.73143,44.63872],[-111.73488,44.63671],[-111.74015,44.63715],[-111.73902,44.6339],[-111.73435,44.6343],[-111.7334,44.63222],[-111.73628,44.63176],[-111.7424,44.63344]],[[-111.86109,44.67308],[-111.86168,44.67135],[-111.86754,44.67051],[-111.87017,44.66349],[-111.86107,44.66605],[-111.85502,44.66608],[-111.85589,44.66765],[-111.85877,44.66726],[-111.85916,44.67351],[-111.86109,44.67308]],[[-111.67832,44.63583],[-111.68243,44.63246],[-111.68205,44.6294],[-111.68021,44.62636],[-111.67846,44.62654],[-111.67592,44.63056],[-111.67588,44.63383],[-111.67832,44.63583]],[[-111.69134,44.64004],[-111.69203,44.63896],[-111.68771,44.63704],[-111.6849,44.63489],[-111.68074,44.63516],[-111.67971,44.63726],[-111.68847,44.64055],[-111.69134,44.64004]],[[-111.7012,44.64154],[-111.69482,44.63982],[-111.69274,44.64216],[-111.6972,44.64242],[-111.70399,44.64397],[-111.70486,44.64267],[-111.7012,44.64154]],[[-111.71839,44.6349],[-111.71418,44.63563],[-111.71451,44.63804],[-111.72021,44.63866],[-111.71839,44.6349]],[[-111.8692,44.67213],[-111.87332,44.67085],[-111.87368,44.66771],[-111.86956,44.6668],[-111.86841,44.67061],[-111.8692,44.67213]],[[-111.70711,44.65379],[-111.70747,44.6551],[-111.71298,44.65508],[-111.71582,44.65732],[-111.71713,44.65615],[-111.71209,44.65463],[-111.70711,44.65379]]]},"properties":{"permanent_":"53813107","fdate":"2016-10-06T00:00:00.000Z","resolution":2,"gnis_id":"","gnis_name":"","areasqkm":67.00461064,"elevation":null,"reachcode":"","ftype":466,"fcode":46600,"visibility":5000000,"SHAPE_Leng":null,"SHAPE_Area":null,"ObjectID":205667}},
{"type":"Feature","geometry":{"type":"Polygon","coordinates":[[[-112.03309,47.64435],[-112.0331,47.64601],[-112.02902,47.64885],[-112.02444,47.65645],[-112.01871,47.65919],[-112.01863,47.65749],[-112.0185,47.65698],[-112.01884,47.6553],[-112.01876,47.65484],[-112.0179,47.6512],[-112.01784,47.65099],[-112.01652,47.6467],[-112.01592,47.64562],[-112.01597,47.64351],[-112.01611,47.64024],[-112.0175,47.63929],[-112.02158,47.63967],[-112.02276,47.6378],[-112.02245,47.63503],[-112.02754,47.63133],[-112.0307,47.63194],[-112.03203,47.632],[-112.03424,47.62848],[-112.03556,47.62837],[-112.03584,47.62831],[-112.03653,47.62845],[-112.03824,47.62924],[-112.03901,47.62998],[-112.04202,47.63062],[-112.04326,47.63241],[-112.04067,47.63395],[-112.03904,47.63637],[-112.04264,47.64044],[-112.04469,47.64111],[-112.04512,47.64146],[-112.04759,47.64256],[-112.05136,47.64452],[-112.05148,47.64461],[-112.05183,47.64478],[-112.05615,47.64615],[-112.06001,47.64942],[-112.06154,47.6533],[-112.06144,47.65675],[-112.06411,47.65822],[-112.06743,47.6625],[-112.07123,47.66573],[-112.07019,47.66679],[-112.06784,47.67066],[-112.06804,47.67342],[-112.06237,47.67428],[-112.06368,47.67655],[-112.06383,47.67691],[-112.06506,47.67913],[-112.06465,47.68197],[-112.06229,47.68353],[-112.06183,47.68384],[-112.06173,47.68579],[-112.06662,47.68744],[-112.07003,47.69009],[-112.07075,47.68754],[-112.07103,47.68703],[-112.07002,47.69176],[-112.06822,47.69461],[-112.06468,47.69581],[-112.05809,47.69462],[-112.05438,47.69206],[-112.05467,47.69007],[-112.0504,47.68697],[-112.04721,47.68415],[-112.04848,47.68212],[-112.05163,47.68118],[-112.05023,47.67794],[-112.04737,47.67533],[-112.0454,47.67313],[-112.04471,47.66929],[-112.04181,47.6633],[-112.03804,47.65844],[-112.03567,47.65098],[-112.03529,47.64442],[-112.03309,47.64435]]]},"properties":{"permanent_":"123035850","fdate":"2010-05-26T00:00:00.000Z","resolution":2,"gnis_id":"00771624","gnis_name":"Freezeout Lake","areasqkm":12.194,"elevation":3764,"reachcode":"10030205008592","ftype":390,"fcode":39009,"visibility":5000000,"SHAPE_Leng":null,"SHAPE_Area":null,"ObjectID":215077}}
]}