{"type":"FeatureCollection", "features": [
{"type":"Feature","geometry":{"type":"MultiPolygon","coordinates":[[[[-115.2479,48.21184],[-115.22634,48.21181],[-115.22637,48.22556],[-115.21463,48.22555],[-115.21462,48.23999],[-115.19302,48.24],[-115.193,48.25445],[-115.17152,48.25441],[-115.10755,48.25447],[-115.10759,48.26965],[-115.07516,48.26965],[-115.07517,48.27327],[-115.06435,48.27326],[-115.06434,48.26965],[-115.02097,48.26964],[-115.02094,48.25514],[-114.99916,48.25512],[-114.99921,48.24062],[-115.02092,48.24062],[-115.02099,48.22596],[-115.02009,48.22597],[-115.01987,48.18266],[-115.06317,48.18249],[-115.08396,48.18253],[-115.08396,48.17556],[-115.10561,48.17557],[-115.10556,48.15383],[-115.1615,48.15389],[-115.16142,48.11898],[-115.18304,48.11897],[-115.18298,48.1045],[-115.20456,48.1045],[-115.20452,48.09003],[-115.22608,48.09003],[-115.22608,48.08642],[-115.23147,48.08641],[-115.23148,48.09002],[-115.26873,48.08997],[-115.26872,48.08179],[-115.29021,48.08173],[-115.29016,48.06731],[-115.31155,48.06735],[-115.31154,48.05288],[-115.26868,48.05288],[-115.26867,48.03212],[-115.22596,48.0322],[-115.22598,48.03943],[-115.20443,48.03945],[-115.20443,48.03222],[-115.13979,48.03218],[-115.13978,48.01771],[-115.1183,48.01767],[-115.11812,47.97425],[-115.12081,47.97372],[-115.12498,47.97581],[-115.12782,47.97877],[-115.13044,47.9837],[-115.1362,47.9843],[-115.13874,47.97903],[-115.14482,47.97715],[-115.1459,47.97464],[-115.14623,47.96956],[-115.14792,47.96652],[-115.14798,47.96376],[-115.15109,47.96345],[-115.1531,47.96198],[-115.1577,47.96151],[-115.16042,47.96356],[-115.16145,47.96678],[-115.16386,47.97066],[-115.16491,47.97283],[-115.1697,47.97496],[-115.176,47.97441],[-115.17374,47.97176],[-115.17336,47.9661],[-115.17517,47.96],[-115.178,47.95906],[-115.18277,47.95881],[-115.18549,47.95691],[-115.17847,47.94801],[-115.1812,47.94624],[-115.17936,47.94173],[-115.18135,47.93739],[-115.17966,47.93639],[-115.18028,47.93196],[-115.18335,47.92966],[-115.18285,47.92668],[-115.18675,47.92236],[-115.18525,47.91899],[-115.19236,47.91759],[-115.19382,47.91988],[-115.19703,47.91938],[-115.19644,47.91657],[-115.20142,47.9165],[-115.20323,47.91883],[-115.20651,47.91919],[-115.21224,47.91494],[-115.21794,47.91352],[-115.22025,47.91038],[-115.22526,47.90827],[-115.23353,47.90986],[-115.23548,47.91201],[-115.24483,47.91505],[-115.24838,47.91521],[-115.251,47.91102],[-115.25077,47.90755],[-115.25337,47.90433],[-115.24826,47.89943],[-115.24646,47.89634],[-115.24736,47.89318],[-115.24494,47.88994],[-115.2501,47.88415],[-115.24891,47.8808],[-115.24987,47.87773],[-115.24876,47.87383],[-115.25344,47.86973],[-115.2524,47.86616],[-115.25281,47.86261],[-115.2487,47.85966],[-115.24764,47.85379],[-115.25292,47.85284],[-115.25797,47.84867],[-115.25793,47.84556],[-115.25619,47.84248],[-115.25875,47.836],[-115.2625,47.8349],[-115.26267,47.8323],[-115.25912,47.83046],[-115.25964,47.82523],[-115.25463,47.81976],[-115.25262,47.81897],[-115.25158,47.8166],[-115.25413,47.81358],[-115.25652,47.80782],[-115.26198,47.80285],[-115.26324,47.80054],[-115.26667,47.7972],[-115.26666,47.79457],[-115.26983,47.79115],[-115.27042,47.78678],[-115.26488,47.77797],[-115.26444,47.77533],[-115.26616,47.77434],[-115.26983,47.76982],[-115.26909,47.76589],[-115.26974,47.76099],[-115.26878,47.75891],[-115.26985,47.75557],[-115.27706,47.7538],[-115.28281,47.75573],[-115.285,47.75531],[-115.291,47.75847],[-115.29978,47.75975],[-115.30149,47.76136],[-115.30572,47.76259],[-115.31037,47.76678],[-115.3142,47.76814],[-115.31687,47.76728],[-115.3204,47.7676],[-115.33246,47.77099],[-115.34008,47.77721],[-115.33904,47.78159],[-115.34057,47.78402],[-115.34658,47.78866],[-115.34686,47.7908],[-115.34941,47.79379],[-115.35223,47.795],[-115.35748,47.79568],[-115.35723,47.80147],[-115.36097,47.80505],[-115.36913,47.80764],[-115.37319,47.81144],[-115.37458,47.81442],[-115.38298,47.81716],[-115.38573,47.812],[-115.39083,47.80723],[-115.39535,47.8057],[-115.3951,47.80303],[-115.39633,47.80137],[-115.39943,47.80076],[-115.40508,47.79437],[-115.40564,47.7921],[-115.40814,47.78885],[-115.41149,47.78666],[-115.41243,47.7832],[-115.41606,47.77832],[-115.4205,47.77577],[-115.42379,47.76848],[-115.4305,47.76497],[-115.435,47.76461],[-115.44582,47.76544],[-115.45049,47.76687],[-115.45064,47.78126],[-115.46117,47.78128],[-115.46111,47.78848],[-115.47189,47.78847],[-115.4719,47.79569],[-115.49342,47.79568],[-115.49344,47.81003],[-115.50344,47.81003],[-115.50339,47.81718],[-115.52506,47.81723],[-115.52507,47.8244],[-115.54028,47.82449],[-115.53731,47.82693],[-115.53583,47.83163],[-115.53874,47.83165],[-115.54259,47.82904],[-115.54402,47.82636],[-115.54654,47.82524],[-115.54653,47.83169],[-115.56805,47.83205],[-115.56817,47.84706],[-115.57885,47.84689],[-115.57901,47.86132],[-115.58969,47.86133],[-115.58968,47.87335],[-115.58819,47.87334],[-115.58825,47.88424],[-115.60442,47.88428],[-115.60444,47.88791],[-115.60983,47.88792],[-115.60997,47.90246],[-115.63151,47.90247],[-115.63182,47.91694],[-115.66384,47.91697],[-115.69981,47.91679],[-115.69701,47.91318],[-115.70139,47.91316],[-115.70141,47.91678],[-115.70769,47.91674],[-115.70866,47.91302],[-115.71011,47.91122],[-115.70817,47.90939],[-115.70708,47.90575],[-115.70994,47.90567],[-115.71113,47.90393],[-115.71,47.90171],[-115.70766,47.90038],[-115.70684,47.89758],[-115.70874,47.8947],[-115.71431,47.89003],[-115.71368,47.88791],[-115.71728,47.88791],[-115.71724,47.87356],[-115.69608,47.87351],[-115.69607,47.85082],[-115.67462,47.85075],[-115.67463,47.84713],[-115.6532,47.84694],[-115.65354,47.83241],[-115.63178,47.83233],[-115.63213,47.80324],[-115.60029,47.80306],[-115.60036,47.79588],[-115.58965,47.79588],[-115.58963,47.79226],[-115.57888,47.79222],[-115.57888,47.78118],[-115.56818,47.78116],[-115.56819,47.78845],[-115.54657,47.78842],[-115.54665,47.77394],[-115.53581,47.77397],[-115.53573,47.76674],[-115.52495,47.76677],[-115.52497,47.74523],[-115.50346,47.74497],[-115.50341,47.7124],[-115.48814,47.71257],[-115.48802,47.70171],[-115.4829,47.70168],[-115.4829,47.68016],[-115.48242,47.67319],[-115.46165,47.67271],[-115.46173,47.66542],[-115.46143,47.64871],[-115.46456,47.6482],[-115.46979,47.64922],[-115.47703,47.65186],[-115.48115,47.65004],[-115.48312,47.65064],[-115.49005,47.64672],[-115.49483,47.64721],[-115.50085,47.64686],[-115.50542,47.64568],[-115.5079,47.64243],[-115.51853,47.63639],[-115.52028,47.63386],[-115.5244,47.63275],[-115.53062,47.63391],[-115.53519,47.63674],[-115.53883,47.63606],[-115.5445,47.63341],[-115.54964,47.63426],[-115.55546,47.63372],[-115.56251,47.63483],[-115.56593,47.6348],[-115.57073,47.63146],[-115.57646,47.63037],[-115.58251,47.6286],[-115.59286,47.62971],[-115.59897,47.6323],[-115.60102,47.63435],[-115.60464,47.63435],[-115.61391,47.63225],[-115.61564,47.63104],[-115.62241,47.63035],[-115.63146,47.63093],[-115.63402,47.62963],[-115.64364,47.62942],[-115.65133,47.61956],[-115.65351,47.61755],[-115.66083,47.61698],[-115.66824,47.62051],[-115.6711,47.61874],[-115.67665,47.61684],[-115.68305,47.6169],[-115.68508,47.61792],[-115.68961,47.61684],[-115.69205,47.61713],[-115.69351,47.61819],[-115.69445,47.62376],[-115.69807,47.62618],[-115.69985,47.62882],[-115.7032,47.63015],[-115.70472,47.63268],[-115.70829,47.63498],[-115.71208,47.63529],[-115.71703,47.63681],[-115.72211,47.63912],[-115.72589,47.63997],[-115.7304,47.64233],[-115.73124,47.64586],[-115.73419,47.64902],[-115.73639,47.65514],[-115.73412,47.65711],[-115.73132,47.66198],[-115.73127,47.66645],[-115.73226,47.66754],[-115.73047,47.67046],[-115.72633,47.67371],[-115.72828,47.68171],[-115.72704,47.68501],[-115.72539,47.68656],[-115.72429,47.69272],[-115.72255,47.69506],[-115.72805,47.70169],[-115.73136,47.70494],[-115.73958,47.70875],[-115.74234,47.71171],[-115.74445,47.7118],[-115.75112,47.71497],[-115.7531,47.71701],[-115.76004,47.71913],[-115.76591,47.71733],[-115.77363,47.71808],[-115.77715,47.72038],[-115.77999,47.72325],[-115.78426,47.72996],[-115.78253,47.73483],[-115.78356,47.7366],[-115.781,47.74318],[-115.7835,47.74673],[-115.78661,47.7487],[-115.79365,47.75202],[-115.7975,47.75733],[-115.80461,47.75814],[-115.81064,47.75609],[-115.81433,47.75616],[-115.82228,47.75308],[-115.82576,47.75261],[-115.83102,47.75513],[-115.83545,47.76152],[-115.83506,47.77012],[-115.8376,47.775],[-115.84011,47.77735],[-115.84055,47.78036],[-115.84731,47.78504],[-115.84748,47.78684],[-115.84578,47.79378],[-115.84888,47.80037],[-115.84738,47.80426],[-115.84877,47.81009],[-115.84512,47.81467],[-115.84767,47.81839],[-115.85069,47.8212],[-115.8505,47.82491],[-115.85231,47.82786],[-115.85563,47.82836],[-115.8593,47.83105],[-115.86429,47.83329],[-115.86757,47.83373],[-115.87114,47.83544],[-115.87379,47.83936],[-115.87482,47.84264],[-115.87933,47.84677],[-115.88154,47.8496],[-115.89472,47.84533],[-115.89751,47.84515],[-115.90141,47.84307],[-115.90692,47.84661],[-115.90649,47.85028],[-115.90903,47.85256],[-115.9116,47.85339],[-115.91888,47.85371],[-115.91942,47.85745],[-115.92406,47.8634],[-115.92522,47.86684],[-115.92895,47.86853],[-115.93182,47.87227],[-115.93472,47.87365],[-115.9367,47.87952],[-115.94317,47.88554],[-115.94562,47.88585],[-115.94749,47.88856],[-115.94975,47.889],[-115.95409,47.89452],[-115.96053,47.89813],[-115.96704,47.89849],[-115.96841,47.89937],[-115.96635,47.90537],[-115.96542,47.91085],[-115.96968,47.91438],[-115.97354,47.91415],[-115.97994,47.91479],[-115.98306,47.91629],[-115.98287,47.91976],[-115.98477,47.92297],[-115.99102,47.92459],[-115.99396,47.92666],[-115.99325,47.92871],[-115.99487,47.93129],[-115.99509,47.93381],[-115.99835,47.93662],[-115.99853,47.9389],[-116.00252,47.9404],[-116.00666,47.94334],[-116.00749,47.95078],[-116.01143,47.95371],[-116.01614,47.95866],[-116.01877,47.96289],[-116.02224,47.96433],[-116.02778,47.96862],[-116.03053,47.97271],[-116.03862,47.97149],[-116.04275,47.97426],[-116.04698,47.97582],[-116.04911,47.97747],[-116.04912,48.05221],[-116.01773,48.05205],[-116.01771,48.03756],[-115.97988,48.0375],[-115.97985,48.02295],[-115.99607,48.02298],[-115.99604,48.00847],[-115.97441,48.00839],[-115.97444,48.02294],[-115.95282,48.0229],[-115.95282,48.02654],[-115.9312,48.02654],[-115.9312,48.0229],[-115.92028,48.02289],[-115.9203,48.02652],[-115.91482,48.02651],[-115.91482,48.03013],[-115.90932,48.03011],[-115.90962,48.0666],[-115.9312,48.06644],[-115.93118,48.07369],[-115.9529,48.07372],[-115.95295,48.08093],[-115.99619,48.08103],[-115.99621,48.0883],[-116.01241,48.08827],[-116.01241,48.0859],[-116.01783,48.08719],[-116.01784,48.09546],[-116.04908,48.0955],[-116.04903,48.11957],[-116.04496,48.12099],[-116.04324,48.12139],[-116.04169,48.12173],[-116.0403,48.1221],[-116.03925,48.12231],[-116.03725,48.12268],[-116.0358,48.1231],[-116.03436,48.12366],[-116.03393,48.12377],[-116.0327,48.12403],[-116.03149,48.12443],[-116.03067,48.12461],[-116.03019,48.12471],[-116.02942,48.12493],[-116.02919,48.125],[-116.02819,48.1256],[-116.02776,48.1258],[-116.02602,48.12684],[-116.0254,48.12721],[-116.02485,48.12753],[-116.02304,48.12818],[-116.02208,48.12863],[-116.02121,48.12937],[-116.01889,48.13232],[-116.01818,48.1327],[-116.01741,48.13306],[-116.01699,48.13322],[-116.01577,48.13384],[-116.0134,48.13531],[-116.01277,48.13573],[-116.01203,48.13625],[-116.01103,48.13726],[-116.01038,48.1396],[-116.01036,48.13975],[-116.01016,48.14089],[-116.0101,48.14229],[-116.01009,48.14264],[-116.01004,48.14302],[-116.00998,48.14307],[-116.00913,48.14313],[-116.00817,48.14313],[-116.00682,48.14334],[-116.00637,48.14344],[-116.00512,48.1439],[-116.00406,48.14433],[-116.00316,48.14493],[-116.00223,48.14582],[-116.00211,48.14599],[-116.00194,48.14667],[-116.00224,48.14715],[-116.00265,48.14746],[-116.00322,48.148],[-116.00355,48.14855],[-116.00378,48.14886],[-116.00375,48.14946],[-116.00353,48.15012],[-116.00306,48.15104],[-116.00128,48.1535],[-116.00072,48.15407],[-116.0005,48.15434],[-115.99991,48.15536],[-116.00237,48.15789],[-116.00291,48.158],[-116.00305,48.15801],[-116.00365,48.15793],[-116.00393,48.15781],[-116.00407,48.15777],[-116.00517,48.1581],[-116.00596,48.15846],[-116.00752,48.15898],[-116.00795,48.15912],[-116.00821,48.15921],[-116.00848,48.15933],[-116.00874,48.15945],[-116.00942,48.16064],[-116.00936,48.16189],[-116.00932,48.16201],[-116.00923,48.16211],[-116.00889,48.16246],[-116.00884,48.16261],[-116.00881,48.16295],[-116.00906,48.16348],[-116.00913,48.1636],[-116.00924,48.16381],[-116.00959,48.16464],[-116.00974,48.16482],[-116.01044,48.16543],[-116.01066,48.16557],[-116.01103,48.16577],[-116.0119,48.16601],[-116.01209,48.1663],[-116.01224,48.1666],[-116.01313,48.1667],[-116.01415,48.16686],[-116.01483,48.16708],[-116.01541,48.16752],[-116.01616,48.16827],[-116.01761,48.16931],[-116.0178,48.16945],[-116.01798,48.1696],[-116.01804,48.16969],[-116.01814,48.16996],[-116.01839,48.17106],[-116.0182,48.17206],[-116.0181,48.17234],[-116.01798,48.17255],[-116.01754,48.17308],[-116.01784,48.17336],[-116.01804,48.17409],[-116.01815,48.17418],[-116.0184,48.17444],[-116.01869,48.175],[-116.01884,48.17522],[-116.019,48.17543],[-116.01899,48.17579],[-116.01879,48.17608],[-116.01813,48.17697],[-116.01798,48.17722],[-116.01781,48.17743],[-116.01684,48.17825],[-116.01642,48.17868],[-116.01636,48.17887],[-116.01646,48.17921],[-116.01649,48.17927],[-116.01658,48.17955],[-116.01662,48.18043],[-116.01709,48.1805],[-116.01769,48.18098],[-116.01788,48.18124],[-116.01798,48.18135],[-116.01812,48.18145],[-116.01849,48.1816],[-116.01941,48.18194],[-116.02009,48.18217],[-116.02106,48.18267],[-116.0212,48.1828],[-116.02144,48.18312],[-116.02145,48.18319],[-116.02158,48.18391],[-116.02158,48.18446],[-116.0217,48.18545],[-116.0219,48.18643],[-116.0218,48.18664],[-116.02154,48.18703],[-116.02052,48.18764],[-116.01973,48.18813],[-116.01964,48.18821],[-116.01942,48.18853],[-116.01892,48.18952],[-116.01864,48.1902],[-116.01936,48.19044],[-116.01955,48.19057],[-116.02013,48.19088],[-116.02053,48.19103],[-116.0212,48.19134],[-116.02126,48.1915],[-116.01952,48.19269],[-116.01892,48.19281],[-116.01823,48.19297],[-116.01725,48.1933],[-116.01717,48.19335],[-116.01678,48.19363],[-116.01646,48.19377],[-116.01527,48.194],[-116.01515,48.19401],[-116.01502,48.19401],[-116.01482,48.19403],[-116.0145,48.19403],[-116.01376,48.19418],[-116.01369,48.19433],[-116.01372,48.19451],[-116.01373,48.19499],[-116.01369,48.19511],[-116.01288,48.19676],[-116.0129,48.1969],[-116.01291,48.19698],[-116.01296,48.19715],[-116.01303,48.19727],[-116.01324,48.19758],[-116.01348,48.19808],[-116.01383,48.19878],[-116.01409,48.199],[-116.01429,48.19912],[-116.01454,48.19926],[-116.01482,48.19949],[-116.01563,48.20012],[-116.01636,48.20068],[-116.01688,48.20096],[-116.01707,48.20126],[-116.01725,48.20151],[-116.01858,48.20259],[-116.01868,48.20265],[-116.01888,48.20273],[-116.01914,48.20291],[-116.01911,48.20298],[-116.01874,48.20348],[-116.01843,48.20413],[-116.01847,48.20427],[-116.01852,48.20442],[-116.01852,48.20443],[-116.01853,48.2045],[-116.01817,48.20498],[-116.01776,48.20537],[-116.01695,48.20597],[-116.01666,48.20625],[-116.01693,48.2065],[-116.01763,48.2066],[-116.01798,48.20672],[-116.01883,48.20706],[-116.01911,48.20718],[-116.01936,48.20729],[-116.01958,48.20737],[-116.01968,48.20741],[-116.0206,48.20782],[-116.02085,48.20787],[-116.02155,48.20788],[-116.02222,48.20807],[-116.02235,48.20811],[-116.02255,48.20815],[-116.02367,48.20853],[-116.02443,48.2088],[-116.02651,48.20922],[-116.02779,48.20985],[-116.02814,48.21004],[-116.02837,48.2102],[-116.02858,48.2107],[-116.02843,48.2108],[-116.02811,48.21096],[-116.02741,48.2113],[-116.02705,48.21157],[-116.02628,48.21215],[-116.02609,48.21225],[-116.0259,48.21241],[-116.02474,48.214],[-116.02422,48.21448],[-116.02413,48.2146],[-116.02364,48.21557],[-116.02057,48.21856],[-116.02027,48.21872],[-116.02013,48.21886],[-116.02007,48.21896],[-116.02003,48.21931],[-116.02003,48.21941],[-116.01994,48.21965],[-116.0198,48.22004],[-116.0198,48.22066],[-116.01989,48.22101],[-116.01966,48.22202],[-116.01928,48.22271],[-116.01901,48.2233],[-116.01894,48.22364],[-116.01892,48.22399],[-116.01897,48.22411],[-116.01915,48.22432],[-116.01922,48.22485],[-116.01926,48.22542],[-116.01933,48.22612],[-116.01905,48.22715],[-116.01888,48.22934],[-116.01889,48.22945],[-116.01898,48.22994],[-116.019,48.23003],[-116.01938,48.2306],[-116.02045,48.23161],[-116.02114,48.23223],[-116.02242,48.23315],[-116.02287,48.23343],[-116.02378,48.23394],[-116.02395,48.23402],[-116.02437,48.23419],[-116.02463,48.23434],[-116.02472,48.23468],[-116.0248,48.23484],[-116.02704,48.23707],[-116.02723,48.23733],[-116.02752,48.2376],[-116.02871,48.23861],[-116.03024,48.24032],[-116.03036,48.24079],[-116.03024,48.24103],[-116.02976,48.24112],[-116.02937,48.24121],[-116.02832,48.24152],[-116.02717,48.24186],[-116.02696,48.242],[-116.02638,48.24218],[-116.02583,48.24217],[-116.02564,48.24212],[-116.0254,48.24198],[-116.02522,48.24184],[-116.02495,48.2417],[-116.02481,48.24161],[-116.02466,48.24154],[-116.02356,48.24143],[-116.02122,48.24145],[-116.01979,48.24156],[-116.01932,48.24162],[-116.019,48.24176],[-116.0184,48.24199],[-116.01763,48.24232],[-116.0174,48.24238],[-116.01641,48.24265],[-116.01608,48.2428],[-116.01594,48.24291],[-116.01522,48.24368],[-116.01315,48.24554],[-116.01267,48.2457],[-116.01209,48.24585],[-116.0114,48.24604],[-116.01103,48.24613],[-116.00784,48.24685],[-116.00694,48.24621],[-116.00596,48.24563],[-116.00447,48.24494],[-116.00403,48.24469],[-116.00356,48.24446],[-116.00293,48.24419],[-116.00238,48.2439],[-116.00195,48.24362],[-116.001,48.2429],[-116.00007,48.2435],[-115.99954,48.24392],[-115.99817,48.24508],[-115.99775,48.24543],[-115.99698,48.24576],[-115.9922,48.24522],[-115.99153,48.24525],[-115.98999,48.24592],[-115.99001,48.24609],[-115.99014,48.24643],[-115.99008,48.24699],[-115.98884,48.24765],[-115.98855,48.24784],[-115.98829,48.24815],[-115.98676,48.24994],[-115.98786,48.25216],[-115.98725,48.25449],[-115.98716,48.25486],[-115.98722,48.2551],[-115.98739,48.25531],[-115.98808,48.2561],[-115.98826,48.25632],[-115.98884,48.25683],[-115.9896,48.2575],[-115.98929,48.26],[-115.98974,48.26081],[-115.98935,48.26158],[-115.98953,48.26185],[-115.98995,48.2621],[-115.99047,48.26244],[-115.99064,48.26259],[-115.99106,48.26306],[-115.9917,48.26349],[-115.99263,48.26393],[-115.99269,48.26439],[-115.99286,48.26512],[-115.99305,48.26534],[-115.99357,48.26579],[-115.99418,48.26602],[-115.995,48.26574],[-115.9988,48.26535],[-115.99938,48.26563],[-115.99989,48.26573],[-116.00041,48.26616],[-116.00031,48.26656],[-116.00028,48.26686],[-116.00034,48.2672],[-116.00062,48.26765],[-116.00311,48.26829],[-116.0053,48.26897],[-116.00598,48.26899],[-116.00663,48.26887],[-116.00726,48.26862],[-116.0076,48.26844],[-116.00998,48.26779],[-116.01101,48.26771],[-116.01102,48.26771],[-116.0114,48.26772],[-116.01188,48.26781],[-116.01251,48.2679],[-116.01324,48.26799],[-116.01368,48.26809],[-116.01583,48.269],[-116.01631,48.26903],[-116.01638,48.26902],[-116.01708,48.26896],[-116.01747,48.26903],[-116.01754,48.26904],[-116.01768,48.26902],[-116.01783,48.26896],[-116.01831,48.26876],[-116.01859,48.26873],[-116.01896,48.26868],[-116.02019,48.26874],[-116.02048,48.26897],[-116.0207,48.26916],[-116.02089,48.26929],[-116.02107,48.26938],[-116.02124,48.26958],[-116.02181,48.27025],[-116.02244,48.27154],[-116.02259,48.27175],[-116.02279,48.27212],[-116.02138,48.27323],[-116.02109,48.27372],[-116.02085,48.27418],[-116.02067,48.2768],[-116.0209,48.27711],[-116.02141,48.27798],[-116.02145,48.27815],[-116.02081,48.28004],[-116.02072,48.28015],[-116.01919,48.28287],[-116.01907,48.28343],[-116.01909,48.2838],[-116.0192,48.284],[-116.01973,48.28436],[-116.02045,48.28491],[-116.0205,48.28497],[-116.02062,48.28513],[-116.02076,48.28533],[-116.02089,48.28555],[-116.02108,48.28617],[-116.02123,48.28667],[-116.02129,48.28688],[-116.0217,48.28764],[-116.02197,48.28786],[-116.02212,48.28797],[-116.02241,48.28818],[-116.0228,48.28851],[-116.02364,48.28908],[-116.02409,48.28937],[-116.02426,48.28946],[-116.0245,48.28955],[-116.02539,48.28976],[-116.02623,48.28999],[-116.02712,48.29029],[-116.02739,48.29048],[-116.02754,48.29058],[-116.02831,48.29121],[-116.02898,48.2917],[-116.02912,48.29208],[-116.02913,48.29215],[-116.02914,48.2922],[-116.02912,48.29229],[-116.02903,48.29276],[-116.02918,48.29281],[-116.03045,48.29298],[-116.03119,48.2931],[-116.03146,48.29311],[-116.03287,48.29325],[-116.03468,48.294],[-116.03502,48.29403],[-116.03608,48.29415],[-116.03649,48.29435],[-116.03809,48.29505],[-116.03845,48.29509],[-116.03869,48.29504],[-116.03944,48.29495],[-116.03967,48.29508],[-116.04004,48.29541],[-116.04034,48.29569],[-116.04155,48.2964],[-116.04247,48.29706],[-116.04266,48.29707],[-116.04289,48.29703],[-116.0441,48.29656],[-116.04438,48.29636],[-116.04654,48.2963],[-116.0472,48.29611],[-116.04825,48.29609],[-116.04896,48.29602],[-116.04899,48.38766],[-116.0491,48.44245],[-116.04907,48.49746],[-116.04894,48.57426],[-116.04908,48.58528],[-116.04905,48.66568],[-116.04895,48.69316],[-116.04895,48.74712],[-116.04906,48.7657],[-116.04872,48.76572],[-116.04654,48.76654],[-116.04586,48.76695],[-116.04532,48.76718],[-116.04444,48.76717],[-116.0399,48.76713],[-116.03811,48.76748],[-116.03771,48.76763],[-116.03691,48.76814],[-116.03612,48.76855],[-116.03526,48.76912],[-116.03394,48.77002],[-116.033,48.77044],[-116.02982,48.77253],[-116.02929,48.77341],[-116.0292,48.77373],[-116.02897,48.7745],[-116.02879,48.77494],[-116.02838,48.77612],[-116.02823,48.77656],[-116.02787,48.77758],[-116.02774,48.778],[-116.02737,48.77871],[-116.02647,48.78186],[-116.02613,48.78249],[-116.02589,48.78269],[-116.0251,48.78392],[-116.02491,48.78457],[-116.02498,48.785],[-116.02549,48.78592],[-116.02603,48.78679],[-116.02664,48.78801],[-116.02682,48.78829],[-116.02754,48.78941],[-116.02785,48.79016],[-116.02912,48.7925],[-116.02921,48.79279],[-116.02918,48.79296],[-116.02973,48.79627],[-116.02993,48.79784],[-116.02996,48.79843],[-116.02991,48.79853],[-116.02936,48.79863],[-116.0291,48.7987],[-116.02884,48.79916],[-116.02859,48.79969],[-116.02777,48.8],[-116.02726,48.8002],[-116.02683,48.80039],[-116.0261,48.80076],[-116.02585,48.80106],[-116.02565,48.80143],[-116.02555,48.8021],[-116.02548,48.80279],[-116.02533,48.80338],[-116.02516,48.80388],[-116.02465,48.80481],[-116.02415,48.80543],[-116.02397,48.8057],[-116.0236,48.80704],[-116.02336,48.80794],[-116.02343,48.80811],[-116.02369,48.80832],[-116.02399,48.80861],[-116.02416,48.80884],[-116.02423,48.80972],[-116.02413,48.81059],[-116.02404,48.81099],[-116.02359,48.81169],[-116.02302,48.8131],[-116.02275,48.81437],[-116.02323,48.81542],[-116.02409,48.81601],[-116.0247,48.81642],[-116.02512,48.81703],[-116.02591,48.81835],[-116.02619,48.81895],[-116.02656,48.81996],[-116.02688,48.82131],[-116.02702,48.82213],[-116.02699,48.82277],[-116.02698,48.82316],[-116.02719,48.82341],[-116.02786,48.82378],[-116.02833,48.82393],[-116.02912,48.82435],[-116.02963,48.8249],[-116.03054,48.82577],[-116.03196,48.82666],[-116.03266,48.82807],[-116.03256,48.82983],[-116.03247,48.83155],[-116.03255,48.83224],[-116.03266,48.83278],[-116.03316,48.83345],[-116.03359,48.8337],[-116.03466,48.83463],[-116.03531,48.83532],[-116.03565,48.83565],[-116.03599,48.83613],[-116.03639,48.83726],[-116.0354,48.838],[-116.03505,48.83815],[-116.0343,48.83844],[-116.03335,48.8388],[-116.03269,48.83919],[-116.03208,48.83979],[-116.03173,48.8402],[-116.03113,48.84092],[-116.03049,48.84147],[-116.02978,48.84178],[-116.02849,48.84281],[-116.02815,48.84347],[-116.02811,48.84431],[-116.02804,48.84485],[-116.02729,48.84555],[-116.02655,48.84576],[-116.02539,48.84599],[-116.02544,48.84638],[-116.02594,48.8472],[-116.02606,48.84751],[-116.02645,48.84817],[-116.02693,48.84902],[-116.02729,48.85004],[-116.02744,48.8514],[-116.02755,48.85196],[-116.02787,48.85241],[-116.02889,48.8531],[-116.02927,48.85352],[-116.02932,48.85369],[-116.02931,48.8539],[-116.02934,48.85414],[-116.02947,48.85447],[-116.02997,48.85516],[-116.03064,48.8561],[-116.03092,48.85656],[-116.03116,48.85702],[-116.03132,48.85748],[-116.0316,48.85812],[-116.03202,48.85867],[-116.03257,48.85913],[-116.03338,48.86063],[-116.03349,48.8609],[-116.03472,48.86133],[-116.0352,48.86189],[-116.03586,48.86263],[-116.03628,48.86309],[-116.0387,48.86499],[-116.04018,48.86574],[-116.04071,48.86617],[-116.04123,48.86653],[-116.04283,48.86692],[-116.0433,48.86719],[-116.04364,48.86745],[-116.04422,48.86779],[-116.04589,48.86807],[-116.04682,48.86876],[-116.04744,48.86937],[-116.04775,48.86953],[-116.04856,48.86987],[-116.04908,48.87024],[-116.04886,48.87512],[-116.04877,48.87544],[-116.04888,48.87585],[-116.04907,48.87613],[-116.04907,48.89597],[-116.04875,48.89603],[-116.048,48.89636],[-116.04741,48.89677],[-116.0471,48.89741],[-116.04683,48.8976],[-116.04661,48.89804],[-116.04652,48.89817],[-116.04579,48.89856],[-116.04563,48.89875],[-116.04545,48.89929],[-116.04533,48.89968],[-116.04489,48.90056],[-116.04231,48.9037],[-116.0426,48.90433],[-116.04256,48.905],[-116.04218,48.90533],[-116.04191,48.90551],[-116.04139,48.90588],[-116.04123,48.90605],[-116.04057,48.90681],[-116.04002,48.9077],[-116.039,48.90856],[-116.03787,48.90976],[-116.03699,48.91044],[-116.03543,48.91172],[-116.03374,48.91313],[-116.0324,48.91421],[-116.03193,48.91428],[-116.03142,48.91424],[-116.03093,48.91421],[-116.03024,48.91437],[-116.02957,48.91543],[-116.02945,48.91601],[-116.03154,48.9186],[-116.03163,48.91896],[-116.03163,48.91898],[-116.03163,48.91899],[-116.03181,48.91949],[-116.0319,48.91973],[-116.03161,48.91995],[-116.03106,48.92015],[-116.03081,48.92032],[-116.03058,48.92049],[-116.03031,48.92079],[-116.02961,48.92162],[-116.02939,48.92204],[-116.02887,48.92278],[-116.02834,48.92343],[-116.0281,48.92375],[-116.02768,48.92406],[-116.02614,48.92471],[-116.02533,48.92492],[-116.02494,48.92518],[-116.02453,48.92542],[-116.02331,48.9262],[-116.02217,48.92784],[-116.02136,48.92894],[-116.02115,48.93047],[-116.02134,48.93158],[-116.02137,48.93333],[-116.02046,48.9329],[-116.02006,48.93285],[-116.01891,48.93294],[-116.01789,48.93312],[-116.01547,48.93349],[-116.01419,48.93381],[-116.01148,48.9343],[-116.00958,48.93464],[-116.00573,48.93301],[-116.0045,48.93281],[-116.00187,48.93263],[-116.00104,48.93264],[-116.00041,48.93271],[-116.00019,48.9327],[-115.99991,48.93279],[-115.99981,48.93281],[-115.99962,48.93288],[-115.99927,48.93306],[-115.99899,48.93321],[-115.99879,48.93338],[-115.99866,48.93356],[-115.99859,48.93367],[-115.99837,48.93389],[-115.99813,48.93404],[-115.99749,48.93417],[-115.99701,48.93412],[-115.99629,48.93389],[-115.99583,48.93372],[-115.9952,48.93328],[-115.99474,48.93285],[-115.99412,48.93228],[-115.99363,48.93186],[-115.99185,48.9307],[-115.9914,48.93044],[-115.99093,48.9302],[-115.99029,48.93007],[-115.98957,48.92981],[-115.98914,48.92952],[-115.98875,48.92924],[-115.98814,48.92906],[-115.98757,48.92904],[-115.98632,48.9289],[-115.98563,48.92891],[-115.98541,48.92894],[-115.98496,48.92907],[-115.9847,48.92915],[-115.98426,48.92923],[-115.98411,48.92924],[-115.9838,48.92923],[-115.98358,48.92922],[-115.98268,48.9293],[-115.98244,48.92932],[-115.98166,48.92931],[-115.98113,48.92953],[-115.98092,48.9299],[-115.9808,48.93005],[-115.98038,48.93073],[-115.98007,48.9317],[-115.98007,48.93202],[-115.98001,48.93258],[-115.98001,48.9339],[-115.97919,48.93428],[-115.97757,48.93464],[-115.97703,48.93482],[-115.97658,48.93494],[-115.97617,48.93508],[-115.97566,48.9353],[-115.97496,48.93556],[-115.97423,48.93572],[-115.97319,48.93585],[-115.97287,48.9359],[-115.97242,48.93598],[-115.97208,48.93606],[-115.97156,48.93618],[-115.97128,48.93621],[-115.97115,48.93622],[-115.97091,48.93621],[-115.97059,48.93627],[-115.97036,48.93633],[-115.96992,48.93644],[-115.96949,48.93661],[-115.96918,48.93676],[-115.96866,48.93756],[-115.96863,48.9379],[-115.96894,48.93922],[-115.96877,48.93948],[-115.96858,48.93961],[-115.9684,48.93993],[-115.96839,48.93995],[-115.96847,48.94013],[-115.96866,48.94043],[-115.9688,48.94101],[-115.96876,48.94146],[-115.96876,48.9416],[-115.96869,48.94192],[-115.96859,48.94222],[-115.96832,48.94244],[-115.96802,48.94261],[-115.96772,48.94294],[-115.96755,48.94331],[-115.96737,48.94373],[-115.96763,48.94398],[-115.96788,48.9444],[-115.96797,48.94483],[-115.96822,48.94508],[-115.96858,48.94533],[-115.9689,48.94564],[-115.96903,48.94597],[-115.96927,48.94628],[-115.96945,48.94652],[-115.96965,48.94672],[-115.96997,48.94692],[-115.97045,48.94737],[-115.97068,48.94778],[-115.97094,48.94819],[-115.97109,48.94854],[-115.97116,48.94875],[-115.97138,48.94926],[-115.97137,48.94943],[-115.97136,48.94962],[-115.97145,48.94993],[-115.97152,48.94999],[-115.97169,48.9501],[-115.97209,48.95035],[-115.97265,48.95072],[-115.9731,48.95102],[-115.97336,48.95116],[-115.97357,48.9513],[-115.97445,48.95292],[-115.97442,48.95301],[-115.97436,48.95315],[-115.97464,48.95371],[-115.9747,48.95397],[-115.97466,48.95409],[-115.97435,48.95446],[-115.97417,48.95464],[-115.97406,48.95509],[-115.9742,48.95657],[-115.97426,48.95702],[-115.97433,48.95733],[-115.97436,48.95787],[-115.9743,48.95834],[-115.97383,48.95897],[-115.97343,48.95931],[-115.97293,48.95969],[-115.97264,48.95996],[-115.97229,48.96028],[-115.97162,48.96119],[-115.97124,48.96143],[-115.97046,48.96188],[-115.96997,48.96217],[-115.96961,48.96249],[-115.96933,48.96269],[-115.9691,48.96282],[-115.96886,48.96298],[-115.96871,48.96309],[-115.96822,48.96339],[-115.96811,48.9638],[-115.96825,48.96393],[-115.96854,48.9642],[-115.96893,48.96455],[-115.96923,48.96476],[-115.96937,48.96484],[-115.96975,48.96506],[-115.97055,48.96568],[-115.97108,48.96651],[-115.97117,48.96683],[-115.97133,48.96725],[-115.9715,48.96762],[-115.97161,48.96788],[-115.97167,48.9682],[-115.97171,48.96839],[-115.97173,48.96854],[-115.97158,48.96891],[-115.97143,48.96903],[-115.971,48.96949],[-115.97095,48.96957],[-115.97073,48.96988],[-115.97042,48.97025],[-115.96989,48.97081],[-115.96928,48.97128],[-115.96837,48.97219],[-115.96798,48.97249],[-115.96751,48.97281],[-115.96717,48.97299],[-115.9669,48.97316],[-115.96661,48.97351],[-115.96648,48.97381],[-115.96573,48.97437],[-115.96531,48.97465],[-115.96472,48.97576],[-115.96464,48.97609],[-115.96457,48.9763],[-115.96445,48.97662],[-115.96539,48.97746],[-115.96595,48.97768],[-115.96618,48.97775],[-115.96688,48.97812],[-115.96707,48.97823],[-115.96737,48.97848],[-115.96791,48.97882],[-115.96825,48.9791],[-115.96833,48.97917],[-115.96852,48.97953],[-115.96863,48.98014],[-115.96885,48.9809],[-115.96913,48.98124],[-115.96914,48.98146],[-115.96927,48.98177],[-115.96953,48.98335],[-115.96981,48.98391],[-115.97,48.98454],[-115.9703,48.98514],[-115.97139,48.98679],[-115.9718,48.98728],[-115.97191,48.98745],[-115.97189,48.98794],[-115.9718,48.9883],[-115.97163,48.98864],[-115.97147,48.98884],[-115.97136,48.98906],[-115.97097,48.98943],[-115.97054,48.98979],[-115.97028,48.99015],[-115.97024,48.99149],[-115.9703,48.99179],[-115.9703,48.99191],[-115.9708,48.99374],[-115.97084,48.9943],[-115.97068,48.99464],[-115.9703,48.99654],[-115.97044,48.99702],[-115.97056,48.99731],[-115.97104,48.99777],[-115.97166,48.99839],[-115.97179,48.99877],[-115.97198,48.9999],[-115.97205,49.00016],[-115.97214,49.00094],[-115.83272,49.00097],[-115.72278,49.00088],[-115.6553,49.00077],[-115.51873,49.00053],[-115.42623,49.00026],[-115.29765,48.99979],[-115.25519,48.99969],[-115.17928,48.99956],[-115.10773,48.99961],[-115.10773,48.99234],[-115.09668,48.99231],[-115.09675,48.98506],[-115.10228,48.98508],[-115.10787,48.98148],[-115.10791,48.97786],[-115.12983,48.97792],[-115.12987,48.95983],[-115.14925,48.95997],[-115.14927,48.95275],[-115.14928,48.94913],[-115.14513,48.9491],[-115.14999,48.94188],[-115.14653,48.94186],[-115.14654,48.93823],[-115.14102,48.93819],[-115.14103,48.93457],[-115.14654,48.9346],[-115.14656,48.92733],[-115.14106,48.9273],[-115.1411,48.92005],[-115.14524,48.92006],[-115.14522,48.91644],[-115.13974,48.91644],[-115.13972,48.91281],[-115.14962,48.91282],[-115.14964,48.92007],[-115.15513,48.92008],[-115.15512,48.91273],[-115.14962,48.9127],[-115.14964,48.90467],[-115.14517,48.90289],[-115.1397,48.90198],[-115.13425,48.89839],[-115.12878,48.89749],[-115.12603,48.89883],[-115.11729,48.89863],[-115.1164,48.89489],[-115.12015,48.89377],[-115.12715,48.89353],[-115.1301,48.89179],[-115.13973,48.89485],[-115.14109,48.89658],[-115.1452,48.89658],[-115.14522,48.89376],[-115.15002,48.89473],[-115.16247,48.89828],[-115.1661,48.89831],[-115.16611,48.89468],[-115.17159,48.89471],[-115.17158,48.89834],[-115.1661,48.89894],[-115.16695,48.90171],[-115.17699,48.90027],[-115.17702,48.89836],[-115.18254,48.89475],[-115.19076,48.89298],[-115.19077,48.89117],[-115.19354,48.88815],[-115.19628,48.88667],[-115.19633,48.88215],[-115.20183,48.87946],[-115.20324,48.87676],[-115.21012,48.87227],[-115.21014,48.86956],[-115.19918,48.86951],[-115.19915,48.87312],[-115.18818,48.87307],[-115.18823,48.86584],[-115.18273,48.86582],[-115.18271,48.86944],[-115.17722,48.86941],[-115.17719,48.87303],[-115.14976,48.87291],[-115.14973,48.87653],[-115.10696,48.87655],[-115.10707,48.84757],[-115.09015,48.84757],[-115.08987,48.85087],[-115.09373,48.85021],[-115.10158,48.85587],[-115.10158,48.85839],[-115.09059,48.85835],[-115.09061,48.85475],[-115.06849,48.85465],[-115.06847,48.85825],[-115.07401,48.85828],[-115.07397,48.8655],[-115.06842,48.86548],[-115.06845,48.86186],[-115.03557,48.86185],[-115.03561,48.85095],[-115.03008,48.85091],[-115.03009,48.8473],[-115.04115,48.84735],[-115.04122,48.83287],[-115.0192,48.83279],[-115.01898,48.8536],[-115.01484,48.85266],[-115.01493,48.84003],[-115.00938,48.84005],[-115.00951,48.83277],[-115.01499,48.83278],[-115.01493,48.82891],[-115.00395,48.82905],[-115.0039,48.82542],[-114.99841,48.82548],[-114.99825,48.80725],[-115.00373,48.80723],[-115.00375,48.81086],[-115.01219,48.81081],[-115.01371,48.80971],[-115.01271,48.8056],[-115.0099,48.80705],[-115.0064,48.79997],[-115.01949,48.79993],[-115.01951,48.79633],[-115.00399,48.79635],[-115.00369,48.79596],[-115.00364,48.77824],[-114.98723,48.77827],[-114.98721,48.7674],[-114.99817,48.76738],[-114.99818,48.77463],[-115.0091,48.7746],[-115.00913,48.76374],[-115.00365,48.76375],[-115.00364,48.75651],[-115.00912,48.7565],[-115.0091,48.74926],[-115.01982,48.74925],[-115.01976,48.73116],[-115.00906,48.7312],[-115.009,48.72759],[-115.01446,48.72757],[-115.01435,48.72034],[-115.01971,48.72031],[-115.0197,48.71669],[-114.99798,48.71681],[-114.99797,48.70593],[-114.99253,48.70593],[-114.99251,48.69868],[-114.99795,48.69868],[-114.99793,48.69505],[-114.98705,48.69506],[-114.98708,48.70232],[-114.95438,48.70233],[-114.95435,48.68782],[-114.9598,48.68782],[-114.95981,48.69144],[-114.97071,48.69144],[-114.97072,48.69507],[-114.97617,48.69507],[-114.97615,48.68418],[-114.98701,48.68418],[-114.98704,48.69143],[-114.99791,48.69143],[-114.99786,48.68055],[-115.01948,48.68051],[-115.01934,48.65879],[-115.00321,48.65879],[-115.00323,48.66242],[-114.99778,48.66242],[-114.99779,48.66604],[-115.0087,48.66604],[-115.00874,48.67328],[-114.99783,48.67329],[-114.99786,48.68055],[-114.98156,48.68055],[-114.98153,48.6733],[-114.9761,48.6733],[-114.97615,48.68418],[-114.95979,48.68419],[-114.95977,48.68056],[-114.94883,48.68056],[-114.94885,48.68419],[-114.94336,48.68419],[-114.94337,48.68781],[-114.93789,48.68781],[-114.93788,48.68418],[-114.93239,48.68418],[-114.93239,48.68056],[-114.93787,48.68056],[-114.93786,48.67694],[-114.93238,48.67694],[-114.93239,48.68056],[-114.92689,48.68055],[-114.92689,48.68417],[-114.92139,48.68416],[-114.92139,48.68779],[-114.92689,48.68779],[-114.9269,48.69142],[-114.9324,48.69143],[-114.93241,48.69505],[-114.91588,48.69501],[-114.91589,48.69863],[-114.91038,48.69861],[-114.91038,48.70222],[-114.89954,48.70224],[-114.89953,48.69862],[-114.88868,48.69863],[-114.8887,48.70587],[-114.89955,48.70586],[-114.89956,48.70949],[-114.91042,48.70948],[-114.91038,48.70222],[-114.91589,48.70224],[-114.91591,48.70587],[-114.92692,48.70591],[-114.92691,48.69866],[-114.94339,48.69869],[-114.94341,48.70593],[-114.93243,48.70592],[-114.93248,48.72041],[-114.92698,48.72039],[-114.92696,48.71677],[-114.92146,48.71676],[-114.92157,48.73126],[-114.9161,48.73125],[-114.91602,48.74212],[-114.91055,48.74212],[-114.91058,48.73849],[-114.90512,48.73849],[-114.90512,48.72762],[-114.8942,48.72762],[-114.89417,48.72037],[-114.89961,48.72036],[-114.89957,48.71311],[-114.88871,48.71312],[-114.88875,48.74573],[-114.88893,48.80373],[-114.88884,48.85813],[-114.89432,48.85814],[-114.89431,48.86176],[-114.91074,48.8618],[-114.91073,48.86543],[-114.92174,48.86544],[-114.92175,48.86182],[-114.93275,48.86184],[-114.93273,48.86907],[-114.91623,48.86906],[-114.91622,48.87269],[-114.92172,48.87269],[-114.92172,48.87631],[-114.93272,48.8763],[-114.9326,48.89075],[-114.94346,48.89076],[-114.94347,48.89796],[-114.95428,48.89796],[-114.95416,48.90517],[-114.96508,48.9052],[-114.96497,48.91955],[-114.99828,48.9197],[-114.99808,48.94865],[-115.0035,48.94864],[-115.00346,48.96311],[-115.00887,48.9631],[-115.00877,48.97756],[-115.03076,48.97756],[-115.03086,48.98479],[-115.04165,48.98479],[-115.04161,48.99965],[-114.99784,48.99983],[-114.87952,49.00017],[-114.75952,49.00039],[-114.72693,49.00051],[-114.73311,48.9977],[-114.73604,48.99516],[-114.73923,48.99052],[-114.73536,48.9865],[-114.73498,48.98301],[-114.72865,48.98191],[-114.72494,48.97987],[-114.71733,48.97954],[-114.69971,48.98009],[-114.69668,48.97973],[-114.69246,48.97674],[-114.68994,48.97644],[-114.68673,48.97352],[-114.68474,48.97283],[-114.68681,48.96591],[-114.69134,48.96453],[-114.6936,48.95826],[-114.69758,48.95589],[-114.69723,48.9536],[-114.70459,48.95189],[-114.70815,48.9489],[-114.70895,48.94654],[-114.71234,48.94372],[-114.71616,48.94176],[-114.71863,48.93933],[-114.71709,48.93556],[-114.71813,48.93187],[-114.71443,48.9304],[-114.70883,48.92965],[-114.70703,48.92268],[-114.70708,48.91863],[-114.70385,48.91002],[-114.70341,48.90358],[-114.70526,48.89992],[-114.7054,48.89742],[-114.70772,48.89535],[-114.71099,48.89068],[-114.70931,48.88759],[-114.70657,48.88471],[-114.70347,48.88289],[-114.70145,48.87979],[-114.69472,48.87549],[-114.69192,48.87012],[-114.692,48.86633],[-114.68947,48.86402],[-114.689,48.86008],[-114.68934,48.85557],[-114.69086,48.85143],[-114.69342,48.85009],[-114.69186,48.84667],[-114.69156,48.84221],[-114.70532,48.83836],[-114.70531,48.83571],[-114.70798,48.83237],[-114.71025,48.83284],[-114.71435,48.83202],[-114.7228,48.83161],[-114.72685,48.82823],[-114.72561,48.82641],[-114.72753,48.82142],[-114.72722,48.81911],[-114.73076,48.81666],[-114.73118,48.81244],[-114.73257,48.80962],[-114.72944,48.80746],[-114.72368,48.80711],[-114.71766,48.8028],[-114.71514,48.80162],[-114.70986,48.80283],[-114.70414,48.80284],[-114.69809,48.80082],[-114.689,48.80076],[-114.68616,48.79881],[-114.6817,48.79716],[-114.67172,48.79936],[-114.67305,48.79425],[-114.67284,48.78899],[-114.69332,48.78899],[-114.69329,48.77452],[-114.73717,48.77463],[-114.73716,48.76378],[-114.7481,48.76379],[-114.7481,48.7674],[-114.75834,48.76741],[-114.75828,48.74572],[-114.75801,48.74572],[-114.75798,48.66979],[-114.75252,48.66979],[-114.75251,48.66618],[-114.74684,48.66617],[-114.74677,48.66254],[-114.75248,48.66255],[-114.75036,48.65596],[-114.75045,48.65392],[-114.748,48.6511],[-114.74458,48.64927],[-114.74348,48.64752],[-114.74032,48.6465],[-114.73804,48.64758],[-114.7315,48.64451],[-114.72308,48.64305],[-114.72294,48.6421],[-114.71702,48.64081],[-114.71602,48.63932],[-114.71135,48.64051],[-114.70832,48.63929],[-114.7074,48.63574],[-114.70161,48.63803],[-114.69703,48.63742],[-114.69667,48.63514],[-114.69478,48.63383],[-114.69455,48.62946],[-114.69327,48.6279],[-114.69334,48.61694],[-114.73973,48.61685],[-114.73483,48.61263],[-114.73519,48.6098],[-114.74098,48.60652],[-114.74445,48.6029],[-114.74428,48.60135],[-114.74005,48.59695],[-114.73741,48.59677],[-114.731,48.5932],[-114.7291,48.58987],[-114.73062,48.58724],[-114.73361,48.58524],[-114.73747,48.58445],[-114.73934,48.58134],[-114.74046,48.57661],[-114.73699,48.57329],[-114.73668,48.5702],[-114.7398,48.56855],[-114.74453,48.56823],[-114.74454,48.5636],[-114.74346,48.56002],[-114.74601,48.56029],[-114.74912,48.55578],[-114.75201,48.55572],[-114.75355,48.55366],[-114.75638,48.55228],[-114.76001,48.55374],[-114.76234,48.55363],[-114.7633,48.5486],[-114.76478,48.54654],[-114.77653,48.54361],[-114.77502,48.53843],[-114.77618,48.53702],[-114.78463,48.53467],[-114.7884,48.53404],[-114.79,48.53157],[-114.79003,48.52829],[-114.79163,48.52488],[-114.79381,48.52246],[-114.7966,48.52242],[-114.80087,48.51929],[-114.80466,48.51826],[-114.81085,48.51868],[-114.81778,48.51737],[-114.82941,48.51795],[-114.83155,48.51495],[-114.83553,48.51461],[-114.84264,48.51555],[-114.84837,48.51717],[-114.85617,48.51031],[-114.85851,48.50955],[-114.86041,48.50602],[-114.85802,48.50297],[-114.85905,48.49996],[-114.86238,48.49741],[-114.86835,48.49834],[-114.88477,48.49779],[-114.89053,48.50079],[-114.90256,48.50053],[-114.90855,48.4987],[-114.90833,48.49612],[-114.90373,48.49336],[-114.90395,48.49084],[-114.9094,48.48651],[-114.90905,48.48414],[-114.90342,48.4805],[-114.89917,48.47555],[-114.89741,48.46278],[-114.90204,48.4602],[-114.9081,48.45951],[-114.91495,48.4557],[-114.91501,48.45165],[-114.91198,48.44828],[-114.90872,48.44624],[-114.90332,48.44589],[-114.90269,48.44256],[-114.90062,48.43881],[-114.89352,48.43424],[-114.89015,48.43616],[-114.8879,48.43618],[-114.87548,48.42684],[-114.87118,48.4229],[-114.86785,48.42266],[-114.86611,48.42392],[-114.85968,48.42008],[-114.8552,48.41565],[-114.84822,48.4137],[-114.84654,48.41124],[-114.8421,48.408],[-114.84076,48.40407],[-114.8422,48.39856],[-114.84455,48.39589],[-114.84635,48.3906],[-114.84885,48.38776],[-114.84953,48.38478],[-114.85239,48.37992],[-114.85663,48.37875],[-114.86244,48.37496],[-114.86493,48.37267],[-114.86553,48.36865],[-114.86954,48.36686],[-114.87598,48.36718],[-114.87855,48.36242],[-114.88742,48.36522],[-114.89208,48.36537],[-114.90027,48.36798],[-114.90344,48.36574],[-114.90707,48.36484],[-114.90896,48.36323],[-114.91054,48.35692],[-114.9126,48.3545],[-114.92442,48.34667],[-114.92203,48.3432],[-114.91622,48.33988],[-114.90398,48.33753],[-114.89933,48.33526],[-114.89449,48.33116],[-114.89148,48.32963],[-114.88641,48.32863],[-114.88362,48.32534],[-114.86499,48.31843],[-114.8613,48.31002],[-114.85671,48.30483],[-114.85611,48.30222],[-114.85228,48.29956],[-114.84864,48.29513],[-114.83885,48.29224],[-114.83326,48.28764],[-114.8283,48.28724],[-114.82534,48.2878],[-114.82175,48.28983],[-114.81506,48.29232],[-114.81392,48.28962],[-114.8137,48.28557],[-114.81547,48.28373],[-114.81734,48.27951],[-114.82214,48.27562],[-114.82684,48.27337],[-114.83193,48.27205],[-114.83376,48.27003],[-114.83196,48.26483],[-114.83275,48.26287],[-114.82795,48.25898],[-114.82741,48.25761],[-114.82866,48.25351],[-114.83086,48.24996],[-114.82688,48.24566],[-114.82245,48.24317],[-114.8222,48.24085],[-114.8275,48.23447],[-114.83097,48.22837],[-114.83071,48.22536],[-114.82584,48.22139],[-114.82418,48.21768],[-114.81544,48.21303],[-114.80662,48.21047],[-114.79989,48.21198],[-114.78595,48.21266],[-114.78089,48.21098],[-114.77229,48.20359],[-114.7681,48.20111],[-114.76415,48.19711],[-114.84774,48.19716],[-114.84787,48.21161],[-114.86956,48.21171],[-114.86956,48.22614],[-114.91274,48.22613],[-114.91285,48.25492],[-114.91276,48.26923],[-114.89139,48.26924],[-114.89134,48.28361],[-114.87011,48.28368],[-114.87014,48.29805],[-114.92375,48.298],[-114.92405,48.31243],[-114.95637,48.3126],[-114.9992,48.31254],[-114.9992,48.30577],[-115.02099,48.30586],[-115.021,48.29137],[-115.04268,48.29136],[-115.04268,48.29859],[-115.10768,48.29859],[-115.10761,48.2834],[-115.17148,48.28332],[-115.17151,48.26886],[-115.2362,48.26898],[-115.23619,48.2545],[-115.25789,48.25453],[-115.25786,48.24005],[-115.27957,48.24007],[-115.27957,48.25455],[-115.2904,48.25455],[-115.29039,48.26904],[-115.27958,48.26904],[-115.27957,48.28352],[-115.29579,48.28352],[-115.2958,48.28713],[-115.29039,48.28714],[-115.2904,48.29799],[-115.30664,48.29799],[-115.30666,48.30161],[-115.30124,48.30161],[-115.30128,48.37048],[-115.30123,48.38498],[-115.30135,48.42099],[-115.30842,48.421],[-115.30858,48.41836],[-115.30631,48.41475],[-115.31301,48.40848],[-115.31619,48.40365],[-115.31782,48.39997],[-115.31754,48.39586],[-115.31964,48.39586],[-115.32558,48.39125],[-115.32648,48.38879],[-115.32603,48.3861],[-115.3216,48.38064],[-115.31655,48.37627],[-115.31591,48.37412],[-115.31684,48.37097],[-115.32026,48.36586],[-115.3251,48.36423],[-115.33112,48.36328],[-115.34102,48.36454],[-115.34467,48.36648],[-115.34464,48.35601],[-115.32297,48.356],[-115.323,48.31252],[-115.32286,48.26898],[-115.3012,48.26904],[-115.30121,48.2401],[-115.32279,48.24003],[-115.32272,48.22258],[-115.32813,48.22258],[-115.32814,48.2256],[-115.33355,48.2256],[-115.33353,48.21896],[-115.32812,48.21896],[-115.3281,48.21534],[-115.3227,48.21534],[-115.32268,48.21172],[-115.31187,48.21172],[-115.31168,48.16836],[-115.3332,48.16835],[-115.33311,48.15389],[-115.37607,48.15394],[-115.37585,48.12525],[-115.37048,48.12525],[-115.37049,48.12162],[-115.37586,48.12162],[-115.37594,48.06738],[-115.41791,48.06737],[-115.41784,48.05292],[-115.3759,48.05291],[-115.37593,48.03205],[-115.35447,48.03211],[-115.35442,48.0529],[-115.33297,48.05289],[-115.33297,48.06737],[-115.3544,48.06736],[-115.35438,48.11076],[-115.33286,48.11078],[-115.33293,48.12526],[-115.32231,48.12525],[-115.32228,48.13249],[-115.31157,48.13247],[-115.31156,48.13609],[-115.31691,48.13609],[-115.3169,48.13947],[-115.31155,48.13947],[-115.31166,48.1539],[-115.26868,48.15394],[-115.26872,48.16841],[-115.24793,48.16841],[-115.2479,48.21184]],[[-115.86947,48.33455],[-115.87073,48.32708],[-115.86973,48.32808],[-115.86809,48.32902],[-115.86743,48.3303],[-115.86853,48.33129],[-115.86947,48.33455]],[[-115.0196,48.78181],[-115.01458,48.78183],[-115.01458,48.78545],[-115.01958,48.78543],[-115.0196,48.78181]],[[-115.53724,48.26882],[-115.53723,48.26521],[-115.53187,48.26524],[-115.53189,48.26885],[-115.53724,48.26882]],[[-114.91045,48.71673],[-114.90502,48.71673],[-114.90505,48.72036],[-114.9105,48.72036],[-114.91045,48.71673]],[[-115.25465,48.50263],[-115.25262,48.50354],[-115.24716,48.50353],[-115.24172,48.50444],[-115.24172,48.50624],[-115.25694,48.50625],[-115.255,48.50533],[-115.25465,48.50263]],[[-115.41376,48.27624],[-115.41917,48.27623],[-115.41917,48.27261],[-115.40836,48.27262],[-115.40836,48.27624],[-115.41376,48.27624]],[[-115.29042,48.41736],[-115.29042,48.41374],[-115.27952,48.41373],[-115.27951,48.41735],[-115.29042,48.41736]],[[-115.23219,48.84795],[-115.23217,48.84069],[-115.22113,48.84064],[-115.22115,48.84427],[-115.22666,48.8443],[-115.22668,48.84792],[-115.23219,48.84795]],[[-115.07402,48.83663],[-115.0796,48.83667],[-115.07959,48.83305],[-115.06296,48.83294],[-115.06296,48.83655],[-115.07402,48.83663]],[[-115.53058,48.28335],[-115.53057,48.27611],[-115.52655,48.27614],[-115.52655,48.27432],[-115.51984,48.27437],[-115.51986,48.27981],[-115.52321,48.27979],[-115.52322,48.28341],[-115.53058,48.28335]],[[-114.89951,48.68052],[-114.89951,48.67328],[-114.88862,48.67327],[-114.88864,48.68053],[-114.89951,48.68052]],[[-115.04659,48.85823],[-115.05206,48.85822],[-115.05206,48.851],[-115.04114,48.85098],[-115.04112,48.85824],[-115.04659,48.85823]],[[-115.26875,48.47536],[-115.26877,48.47899],[-115.27558,48.47899],[-115.2776,48.47537],[-115.27758,48.47174],[-115.26328,48.47174],[-115.26331,48.47536],[-115.26875,48.47536]],[[-115.57283,48.42783],[-115.57284,48.4233],[-115.55642,48.42328],[-115.55639,48.42781],[-115.55913,48.42961],[-115.56461,48.42962],[-115.56461,48.42781],[-115.57283,48.42783]],[[-115.22768,48.87024],[-115.22675,48.86727],[-115.22429,48.86311],[-115.22709,48.85838],[-115.23305,48.85481],[-115.23914,48.85207],[-115.24465,48.84799],[-115.24083,48.84798],[-115.23866,48.85036],[-115.23059,48.85412],[-115.22564,48.85755],[-115.22032,48.86393],[-115.22438,48.86943],[-115.22768,48.87024]],[[-115.25969,48.51167],[-115.24719,48.51167],[-115.2472,48.51529],[-115.2363,48.51529],[-115.23631,48.51891],[-115.25028,48.51891],[-115.25693,48.51312],[-115.25969,48.51167]],[[-115.77238,48.45275],[-115.77605,48.45237],[-115.77655,48.45033],[-115.77238,48.45011],[-115.75054,48.45015],[-115.75054,48.45176],[-115.75777,48.45391],[-115.76546,48.45524],[-115.7691,48.45536],[-115.77238,48.45275]],[[-115.54804,48.29779],[-115.55342,48.29779],[-115.5534,48.29053],[-115.53729,48.29054],[-115.5373,48.29416],[-115.54267,48.29416],[-115.54268,48.29779],[-115.54804,48.29779]],[[-115.48949,48.29442],[-115.47326,48.29438],[-115.47326,48.298],[-115.47867,48.29802],[-115.47869,48.30164],[-115.48949,48.30168],[-115.48949,48.29442]],[[-115.59681,48.44191],[-115.58584,48.44223],[-115.58581,48.45302],[-115.59128,48.45301],[-115.59129,48.44939],[-115.59677,48.44939],[-115.59681,48.44191]],[[-115.2905,48.44273],[-115.29047,48.43657],[-115.28756,48.43536],[-115.28512,48.4327],[-115.28252,48.43156],[-115.28194,48.42899],[-115.27949,48.42821],[-115.27958,48.44274],[-115.2905,48.44273]],[[-115.53183,48.25801],[-115.53718,48.25799],[-115.53708,48.24717],[-115.5264,48.2472],[-115.52647,48.25803],[-115.53183,48.25801]],[[-115.55413,48.31252],[-115.55395,48.30862],[-115.5431,48.30864],[-115.54323,48.31974],[-115.55412,48.31975],[-115.55413,48.31252]],[[-115.17179,48.85131],[-115.17178,48.85854],[-115.19374,48.85864],[-115.19374,48.85141],[-115.17179,48.85131]],[[-115.58036,48.44225],[-115.55857,48.44224],[-115.55856,48.45663],[-115.58033,48.45664],[-115.58036,48.44225]],[[-115.1718,48.8477],[-115.1718,48.83325],[-115.14991,48.83315],[-115.14988,48.8476],[-115.1718,48.8477]],[[-115.58126,48.31973],[-115.58124,48.31252],[-115.57045,48.31253],[-115.57001,48.30505],[-115.55919,48.305],[-115.55957,48.31251],[-115.55956,48.32337],[-115.55412,48.32337],[-115.55411,48.32699],[-115.56499,48.32698],[-115.56499,48.32336],[-115.57042,48.32335],[-115.57043,48.31974],[-115.58126,48.31973]],[[-115.25806,48.50082],[-115.25794,48.48631],[-115.25249,48.48631],[-115.25245,48.479],[-115.24701,48.47903],[-115.24703,48.48265],[-115.23616,48.4827],[-115.23625,48.50082],[-115.25806,48.50082]],[[-115.43456,48.19717],[-115.43992,48.19719],[-115.43991,48.19358],[-115.43455,48.19356],[-115.43453,48.18995],[-115.44526,48.18995],[-115.44524,48.18634],[-115.45061,48.18633],[-115.45051,48.1683],[-115.41834,48.16834],[-115.41847,48.19713],[-115.43456,48.19717]],[[-115.42996,48.25451],[-115.42999,48.24007],[-115.44078,48.24007],[-115.44078,48.23283],[-115.42998,48.23283],[-115.42999,48.24007],[-115.40835,48.24008],[-115.40836,48.25453],[-115.38671,48.2545],[-115.38673,48.29799],[-115.39753,48.29798],[-115.39754,48.27987],[-115.39213,48.27988],[-115.39211,48.269],[-115.40836,48.26899],[-115.40836,48.25453],[-115.42996,48.25451],[-115.42997,48.26175],[-115.44077,48.26175],[-115.44077,48.25452],[-115.42996,48.25451]],[[-115.73949,47.97478],[-115.7395,47.98205],[-115.74218,47.98204],[-115.74488,47.98562],[-115.74757,47.98739],[-115.74758,47.98918],[-115.76104,47.98916],[-115.76105,48.0038],[-115.78232,48.00382],[-115.78228,47.97889],[-115.77909,47.97596],[-115.78227,47.97463],[-115.78217,47.96019],[-115.75009,47.96021],[-115.71782,47.96035],[-115.71782,47.96397],[-115.72321,47.96395],[-115.72591,47.96575],[-115.72592,47.96847],[-115.73135,47.97116],[-115.73675,47.97115],[-115.73677,47.97387],[-115.73949,47.97478]],[[-114.94324,48.60822],[-114.9323,48.60822],[-114.93231,48.60097],[-114.94325,48.60097],[-114.94326,48.59374],[-114.92141,48.59374],[-114.9214,48.60098],[-114.91594,48.60098],[-114.91594,48.60822],[-114.91048,48.60822],[-114.91048,48.61547],[-114.90503,48.61546],[-114.90505,48.60097],[-114.88871,48.60095],[-114.88869,48.6335],[-114.89958,48.63352],[-114.89958,48.64435],[-114.89414,48.64434],[-114.89413,48.64796],[-114.90501,48.64798],[-114.90501,48.65521],[-114.88862,48.65517],[-114.88859,48.65877],[-114.91049,48.65878],[-114.91047,48.66241],[-114.92141,48.66242],[-114.92142,48.65879],[-114.92689,48.65879],[-114.92686,48.65525],[-114.93232,48.65526],[-114.93228,48.64802],[-114.94324,48.64802],[-114.94328,48.65526],[-114.9378,48.65526],[-114.93783,48.6588],[-114.9433,48.6588],[-114.94331,48.66605],[-114.9214,48.66605],[-114.92139,48.66967],[-114.91042,48.66966],[-114.91038,48.6769],[-114.92138,48.67692],[-114.92138,48.6733],[-114.95428,48.67331],[-114.95427,48.66968],[-114.96518,48.66968],[-114.96515,48.66242],[-114.97606,48.66242],[-114.97609,48.66967],[-114.98695,48.66967],[-114.9869,48.65879],[-114.95424,48.6588],[-114.95418,48.6444],[-114.93228,48.64441],[-114.93229,48.61546],[-114.94324,48.61546],[-114.94324,48.60822],[-114.95419,48.60821],[-114.95419,48.60459],[-114.94325,48.60459],[-114.94324,48.60822]],[[-115.7944,48.40679],[-115.79429,48.44293],[-115.80521,48.44298],[-115.80521,48.4466],[-115.81613,48.44665],[-115.81984,48.44802],[-115.82655,48.44511],[-115.83229,48.44111],[-115.83629,48.43999],[-115.84236,48.44087],[-115.84777,48.44073],[-115.85254,48.44143],[-115.85698,48.44088],[-115.86461,48.44123],[-115.8681,48.44804],[-115.87047,48.44924],[-115.87919,48.45135],[-115.88285,48.45346],[-115.88397,48.45735],[-115.88443,48.46286],[-115.88711,48.46813],[-115.89199,48.4732],[-115.89763,48.47624],[-115.90068,48.48173],[-115.90069,48.47541],[-115.90289,48.47538],[-115.90279,48.4431],[-115.89195,48.4432],[-115.892,48.3996],[-115.88113,48.39962],[-115.8812,48.35609],[-115.87624,48.35612],[-115.87624,48.35248],[-115.88122,48.35244],[-115.88123,48.34879],[-115.87081,48.34887],[-115.8708,48.3382],[-115.86718,48.33014],[-115.86811,48.32879],[-115.8692,48.32833],[-115.87072,48.32466],[-115.87044,48.31258],[-115.87045,48.28381],[-115.83795,48.28383],[-115.8393,48.28474],[-115.83926,48.29292],[-115.8379,48.29292],[-115.83785,48.31257],[-115.8382,48.32352],[-115.84362,48.32351],[-115.84361,48.32715],[-115.83819,48.32717],[-115.83812,48.34174],[-115.81649,48.34163],[-115.81624,48.38509],[-115.82166,48.38514],[-115.8217,48.39237],[-115.80538,48.3923],[-115.80537,48.40682],[-115.7944,48.40679]],[[-115.59197,48.4314],[-115.60288,48.43134],[-115.60284,48.40965],[-115.60819,48.40962],[-115.60826,48.42048],[-115.61368,48.42044],[-115.61375,48.42404],[-115.60881,48.42408],[-115.61067,48.42627],[-115.61738,48.4286],[-115.62362,48.42956],[-115.62369,48.41316],[-115.61892,48.41319],[-115.61893,48.40955],[-115.62365,48.40952],[-115.62352,48.39861],[-115.61356,48.39868],[-115.61355,48.40231],[-115.6082,48.40234],[-115.60825,48.3955],[-115.61363,48.39535],[-115.6137,48.39174],[-115.61909,48.3916],[-115.61915,48.38802],[-115.62349,48.38791],[-115.62348,48.38435],[-115.60842,48.38468],[-115.60845,48.37748],[-115.62347,48.37721],[-115.62342,48.35922],[-115.6085,48.35934],[-115.60851,48.36298],[-115.58668,48.36313],[-115.5867,48.35587],[-115.60305,48.35574],[-115.60299,48.3413],[-115.57583,48.34139],[-115.57584,48.34869],[-115.58124,48.34868],[-115.58124,48.35592],[-115.54304,48.35593],[-115.54308,48.35232],[-115.53222,48.35233],[-115.53228,48.34871],[-115.54312,48.34871],[-115.54321,48.32698],[-115.53369,48.32698],[-115.53235,48.32336],[-115.53217,48.30508],[-115.52677,48.30514],[-115.52669,48.30152],[-115.52132,48.30157],[-115.52121,48.28343],[-115.5051,48.2835],[-115.50505,48.269],[-115.52116,48.26892],[-115.52109,48.25443],[-115.51573,48.25445],[-115.5157,48.24001],[-115.48948,48.24006],[-115.48948,48.23644],[-115.49425,48.23644],[-115.49424,48.2292],[-115.48406,48.22921],[-115.48309,48.22559],[-115.48309,48.21874],[-115.48845,48.21873],[-115.48847,48.22559],[-115.50457,48.22559],[-115.50455,48.21147],[-115.47761,48.2115],[-115.47759,48.20069],[-115.48299,48.20068],[-115.48299,48.19708],[-115.46138,48.19714],[-115.46148,48.20796],[-115.45611,48.20797],[-115.45602,48.19715],[-115.44529,48.19718],[-115.44531,48.20079],[-115.45068,48.20077],[-115.45071,48.20438],[-115.44534,48.2044],[-115.44537,48.20801],[-115.45611,48.20797],[-115.45614,48.21158],[-115.44003,48.21164],[-115.44008,48.2256],[-115.46782,48.22559],[-115.46782,48.23283],[-115.46241,48.23283],[-115.46242,48.24731],[-115.46784,48.24731],[-115.46785,48.25094],[-115.47327,48.25094],[-115.47328,48.25457],[-115.4787,48.25456],[-115.4787,48.2618],[-115.47328,48.2618],[-115.47328,48.26542],[-115.46785,48.26541],[-115.46785,48.26903],[-115.42998,48.26899],[-115.42996,48.28346],[-115.48408,48.28353],[-115.48413,48.26904],[-115.48955,48.26905],[-115.48954,48.27267],[-115.49431,48.27267],[-115.49434,48.27991],[-115.49971,48.2799],[-115.49974,48.29442],[-115.50512,48.2944],[-115.50515,48.30166],[-115.49976,48.30168],[-115.49976,48.30531],[-115.50247,48.3053],[-115.50248,48.30892],[-115.49434,48.30895],[-115.49435,48.30532],[-115.48949,48.3053],[-115.48949,48.31257],[-115.49434,48.31257],[-115.49434,48.35609],[-115.51058,48.35603],[-115.51054,48.35966],[-115.51598,48.35964],[-115.5159,48.37054],[-115.532,48.37048],[-115.53196,48.3741],[-115.52656,48.37412],[-115.52651,48.37775],[-115.53192,48.37773],[-115.53188,48.38136],[-115.52111,48.38138],[-115.52106,48.38501],[-115.51572,48.385],[-115.51585,48.37416],[-115.50497,48.37406],[-115.50494,48.37765],[-115.49959,48.37759],[-115.49958,48.38117],[-115.50492,48.38124],[-115.50489,48.38484],[-115.51572,48.385],[-115.51565,48.39223],[-115.51028,48.39213],[-115.51027,48.39894],[-115.47265,48.39908],[-115.47251,48.41355],[-115.48642,48.41354],[-115.49307,48.41192],[-115.50127,48.41065],[-115.50795,48.41083],[-115.51116,48.40971],[-115.51565,48.40664],[-115.51554,48.42068],[-115.52099,48.42066],[-115.52091,48.42787],[-115.53725,48.42783],[-115.53734,48.42062],[-115.53189,48.42064],[-115.53194,48.41703],[-115.52649,48.41705],[-115.52653,48.40983],[-115.53743,48.40979],[-115.53745,48.40278],[-115.54291,48.4007],[-115.54289,48.40615],[-115.54834,48.40703],[-115.54833,48.40974],[-115.55379,48.40972],[-115.55377,48.41333],[-115.55922,48.4133],[-115.55925,48.40969],[-115.57559,48.40972],[-115.57558,48.41335],[-115.58104,48.41336],[-115.58106,48.42784],[-115.59197,48.42779],[-115.59197,48.4314],[-115.58104,48.43145],[-115.58101,48.43865],[-115.59195,48.4386],[-115.59197,48.4314]]],[[[-114.79287,48.00558],[-114.79285,47.99929],[-114.80141,47.99215],[-114.80502,47.99033],[-114.81253,47.98843],[-114.82545,47.98691],[-114.82917,47.98721],[-114.83199,47.98838],[-114.83723,47.99302],[-114.84002,47.99452],[-114.84629,47.99663],[-114.84919,47.99971],[-114.85613,48.00009],[-114.86435,48.00176],[-114.87327,48.00464],[-114.87856,48.00801],[-114.88324,48.00854],[-114.89483,48.0081],[-114.90043,48.00497],[-114.9056,48.00316],[-114.91286,47.99982],[-114.9262,47.9974],[-114.93148,47.99295],[-114.93465,47.98924],[-114.93493,47.98576],[-114.93813,47.97884],[-114.93756,47.97414],[-114.9463,47.97414],[-114.94631,47.98138],[-114.96787,47.98139],[-114.96791,48.01761],[-114.94639,48.01762],[-114.94662,48.04663],[-115.03221,48.04657],[-115.0321,48.09017],[-115.0537,48.09009],[-115.0536,48.10464],[-115.07529,48.10466],[-115.07528,48.11922],[-115.05352,48.11916],[-115.05348,48.13921],[-115.08391,48.13929],[-115.08397,48.15363],[-115.04146,48.15363],[-114.998,48.15371],[-114.99797,48.1391],[-114.99009,48.13909],[-114.99002,48.11894],[-114.96839,48.11898],[-114.96833,48.10448],[-114.90348,48.10449],[-114.90348,48.09002],[-114.88171,48.09002],[-114.88157,48.07803],[-114.85793,48.07801],[-114.85791,48.06353],[-114.88155,48.06351],[-114.88181,48.04661],[-114.90342,48.0466],[-114.90335,48.03434],[-114.90021,48.0311],[-114.89081,48.03127],[-114.8875,48.03203],[-114.87804,48.0325],[-114.87481,48.03334],[-114.87178,48.0328],[-114.86539,48.03465],[-114.85774,48.03598],[-114.85249,48.03615],[-114.85008,48.03464],[-114.83622,48.03461],[-114.83609,48.02016],[-114.81453,48.02009],[-114.81447,48.00561],[-114.79287,48.00558]],[[-114.86312,48.03104],[-114.86852,48.03105],[-114.86851,48.02743],[-114.88175,48.02746],[-114.88172,48.02021],[-114.8577,48.02018],[-114.85773,48.03103],[-114.86312,48.03104]]],[[[-114.91602,48.74212],[-114.92696,48.74213],[-114.92702,48.73488],[-114.93798,48.73488],[-114.93796,48.7385],[-114.94344,48.73849],[-114.94342,48.7457],[-114.95444,48.7457],[-114.95445,48.74932],[-114.96534,48.74931],[-114.96535,48.75656],[-114.94346,48.75658],[-114.94348,48.7602],[-114.93248,48.76022],[-114.93248,48.76747],[-114.92703,48.76747],[-114.92702,48.76385],[-114.92156,48.76385],[-114.92155,48.76022],[-114.92701,48.76022],[-114.92699,48.75659],[-114.92153,48.75659],[-114.92147,48.74571],[-114.91599,48.74571],[-114.91602,48.74212]]],[[[-114.95469,48.84735],[-114.95463,48.83272],[-114.96012,48.83271],[-114.96013,48.83637],[-114.9711,48.83634],[-114.97104,48.8619],[-114.96556,48.8619],[-114.96561,48.85098],[-114.95469,48.85098],[-114.95469,48.84735]]],[[[-114.99824,48.79918],[-114.99824,48.79999],[-114.98731,48.79998],[-114.98732,48.8036],[-114.97641,48.80359],[-114.97629,48.78551],[-114.98724,48.78551],[-114.98729,48.79636],[-114.99721,48.79636],[-114.99824,48.79918]]],[[[-114.93808,48.8109],[-114.9381,48.81453],[-114.92167,48.81459],[-114.92167,48.81097],[-114.91075,48.81102],[-114.91076,48.80739],[-114.91621,48.80737],[-114.91621,48.80374],[-114.93256,48.80365],[-114.93258,48.81092],[-114.93808,48.8109]],[[-114.92985,48.81093],[-114.92984,48.8073],[-114.92712,48.80731],[-114.92712,48.81094],[-114.92985,48.81093]]],[[[-114.95463,48.82534],[-114.95463,48.82895],[-114.93817,48.82903],[-114.93815,48.82541],[-114.93266,48.82543],[-114.93263,48.8218],[-114.93813,48.82179],[-114.93811,48.81816],[-114.94911,48.81814],[-114.94913,48.82536],[-114.95463,48.82534]]],[[[-114.98192,48.86917],[-114.98195,48.86555],[-114.99289,48.8656],[-114.99277,48.88005],[-114.98183,48.88003],[-114.98192,48.86917]]],[[[-115.48948,48.24006],[-115.4895,48.24369],[-115.49426,48.24368],[-115.49427,48.25093],[-115.48953,48.25094],[-115.48954,48.25456],[-115.48412,48.25456],[-115.4841,48.24731],[-115.47868,48.24732],[-115.47866,48.24007],[-115.48948,48.24006]]],[[[-115.63164,47.86132],[-115.63162,47.86857],[-115.6112,47.86856],[-115.6111,47.86131],[-115.63164,47.86132]]],[[[-114.93812,48.88353],[-114.93817,48.87991],[-114.95461,48.87991],[-114.9544,48.89076],[-114.94893,48.89076],[-114.949,48.88714],[-114.93808,48.88714],[-114.93812,48.88353]]],[[[-115.85422,48.43219],[-115.85423,48.43581],[-115.83798,48.43581],[-115.83796,48.42858],[-115.85964,48.42856],[-115.85965,48.43219],[-115.85422,48.43219]]],[[[-115.01553,48.27687],[-115.01554,48.2841],[-114.99918,48.28405],[-114.99918,48.27682],[-115.01553,48.27687]]],[[[-114.93822,48.84733],[-114.93273,48.84732],[-114.93272,48.84367],[-114.93821,48.84367],[-114.9382,48.84002],[-114.94369,48.84002],[-114.9437,48.85096],[-114.93822,48.85096],[-114.93822,48.84733]]],[[[-114.99283,48.81815],[-114.99293,48.82545],[-114.98199,48.8254],[-114.98191,48.81811],[-114.99283,48.81815]]],[[[-115.81071,48.43212],[-115.81073,48.42849],[-115.81617,48.42851],[-115.81612,48.44303],[-115.81067,48.44301],[-115.81071,48.43212]]],[[[-114.79287,48.00558],[-114.7929,48.01282],[-114.78209,48.01281],[-114.78206,48.00557],[-114.79287,48.00558]]],[[[-114.90528,48.79287],[-114.9053,48.80013],[-114.89438,48.80012],[-114.89436,48.79287],[-114.90528,48.79287]]],[[[-114.93268,48.82906],[-114.93271,48.83269],[-114.92177,48.8327],[-114.92174,48.82909],[-114.91628,48.82911],[-114.91625,48.82549],[-114.92719,48.82545],[-114.92721,48.82907],[-114.93268,48.82906]]],[[[-114.90503,48.62269],[-114.90503,48.61908],[-114.91593,48.61909],[-114.91592,48.62632],[-114.90503,48.62631],[-114.90503,48.62269]]],[[[-115.58115,48.37768],[-115.58112,48.38493],[-115.5784,48.38313],[-115.57023,48.38317],[-115.57025,48.3777],[-115.58115,48.37768]]],[[[-114.97447,48.829],[-114.96559,48.82898],[-114.96557,48.82536],[-114.9601,48.82535],[-114.96008,48.82173],[-114.96966,48.82174],[-114.97107,48.82489],[-114.97447,48.829]]],[[[-115.8652,48.41769],[-115.86524,48.41406],[-115.8707,48.41408],[-115.87066,48.41771],[-115.8761,48.41773],[-115.87606,48.42136],[-115.86517,48.42132],[-115.8652,48.41769]]],[[[-115.04231,48.28412],[-115.03184,48.28412],[-115.03184,48.2805],[-115.03726,48.2805],[-115.03725,48.27688],[-115.04267,48.27689],[-115.04231,48.28412]]],[[[-115.65309,47.85784],[-115.6531,47.8609],[-115.64945,47.86122],[-115.64511,47.86061],[-115.64213,47.85937],[-115.6349,47.85908],[-115.63164,47.8577],[-115.65309,47.85784]]],[[[-114.97645,48.81809],[-114.97655,48.82901],[-114.97236,48.82495],[-114.97101,48.82218],[-114.97099,48.8181],[-114.97645,48.81809]]],[[[-114.94516,48.255],[-114.9451,48.25862],[-114.93426,48.25856],[-114.93429,48.25494],[-114.94516,48.255]]],[[[-114.9052,48.76748],[-114.90522,48.7711],[-114.8943,48.77111],[-114.89429,48.76749],[-114.9052,48.76748]]],[[[-115.32294,48.38502],[-115.32295,48.38864],[-115.3121,48.38862],[-115.31209,48.385],[-115.32294,48.38502]]],[[[-115.68507,47.89154],[-115.68509,47.89875],[-115.67972,47.89877],[-115.67968,47.89156],[-115.68507,47.89154]]],[[[-114.9708,48.73848],[-114.97079,48.74569],[-114.96534,48.74569],[-114.96534,48.73848],[-114.9708,48.73848]]],[[[-115.25872,48.22267],[-115.25873,48.22558],[-115.24793,48.22558],[-115.24792,48.22269],[-115.25872,48.22267]]],[[[-115.6656,47.86704],[-115.66051,47.8661],[-115.6562,47.8644],[-115.65689,47.86321],[-115.66133,47.86318],[-115.66421,47.8648],[-115.6656,47.86704]]],[[[-115.7012,47.88069],[-115.7044,47.8802],[-115.70797,47.88429],[-115.70119,47.88431],[-115.7012,47.88069]]],[[[-115.67463,47.86166],[-115.67457,47.86864],[-115.67003,47.86313],[-115.67463,47.86166]]],[[[-115.31211,48.30884],[-115.31213,48.31251],[-115.30671,48.3125],[-115.30669,48.30884],[-115.31211,48.30884]]],[[[-115.10791,48.9525],[-115.10789,48.95613],[-115.10237,48.9561],[-115.10238,48.95247],[-115.10791,48.9525]]],[[[-115.69596,47.90234],[-115.69053,47.90235],[-115.69049,47.89874],[-115.69589,47.89872],[-115.69596,47.90234]]],[[[-115.64241,47.84686],[-115.64239,47.8505],[-115.63702,47.85049],[-115.63705,47.84685],[-115.64241,47.84686]]],[[[-115.46671,47.69084],[-115.46676,47.69446],[-115.4614,47.69442],[-115.46132,47.69079],[-115.46671,47.69084]]],[[[-114.94892,48.71679],[-114.94892,48.72041],[-114.94344,48.72041],[-114.94343,48.71679],[-114.94892,48.71679]]],[[[-115.48406,48.22921],[-115.48406,48.23283],[-115.47865,48.23283],[-115.47864,48.22921],[-115.48406,48.22921]]],[[[-114.93959,48.26585],[-114.93954,48.26949],[-114.93417,48.26942],[-114.9342,48.2658],[-114.93959,48.26585]]],[[[-115.00354,48.72761],[-115.00359,48.73122],[-114.99812,48.73124],[-114.99809,48.72763],[-115.00354,48.72761]]],[[[-115.14526,48.88773],[-115.14523,48.89133],[-115.13975,48.89132],[-115.13978,48.8877],[-115.14526,48.88773]]],[[[-115.08059,48.2805],[-115.08059,48.28412],[-115.07519,48.28412],[-115.07519,48.2805],[-115.08059,48.2805]]],[[[-115.2479,48.21184],[-115.25329,48.21183],[-115.2533,48.21545],[-115.24791,48.21546],[-115.2479,48.21184]]],[[[-114.93981,48.29448],[-114.93989,48.29809],[-114.9345,48.29803],[-114.9344,48.29442],[-114.93981,48.29448]]],[[[-115.35443,48.13945],[-115.35447,48.14306],[-115.3491,48.14306],[-115.34906,48.13945],[-115.35443,48.13945]]],[[[-115.63164,47.86132],[-115.63452,47.86001],[-115.64231,47.86026],[-115.64677,47.86143],[-115.63164,47.86132]]],[[[-115.08059,48.2805],[-115.08058,48.27809],[-115.08599,48.27728],[-115.08599,48.2805],[-115.08059,48.2805]]],[[[-115.69885,47.90234],[-115.70132,47.90233],[-115.70134,47.90593],[-115.69703,47.90595],[-115.69885,47.90234]]],[[[-115.26856,48.22266],[-115.26855,48.22558],[-115.26413,48.22558],[-115.26412,48.22266],[-115.26856,48.22266]]],[[[-115.7119,47.88066],[-115.7119,47.88429],[-115.70958,47.88429],[-115.70687,47.88068],[-115.7119,47.88066]]],[[[-115.73949,47.97478],[-115.74065,47.97016],[-115.74289,47.97477],[-115.73949,47.97478]]],[[[-115.114,48.96341],[-115.11336,48.95978],[-115.1159,48.95978],[-115.114,48.96341]]]]},"properties":{"MA_ID":349,"MANAME":"Kootenai National Forest","MANAGER":"Kootenai National Forest","MA_TYPE":"FFSNF","INSTTYPE":"Federal","INST":"US Forest Service","UNITTYPE":"National Forest","ACRES":2622114.00207,"DataSource":"USFS","SourceDate":"2018-05-29T00:00:00.000Z","URL":"https://www.fs.usda.gov/kootenai","EditDate":"2018-06-01T00:00:00.000Z","SourceName":"Kootenai National Forest","GAP_Sts":"3","GAPCdSrc":"GAP - Default","GAPCdDt":"2024","Mang_Name":"USFS","Des_Tp":"NF","Own_Name":"USFS","ChangeNote":"","Shape_Leng":1922038.79318,"Shape_Area":10605386882.2}},
{"type":"Feature","geometry":{"type":"MultiPolygon","coordinates":[[[[-112.90142,46.93322],[-112.88054,46.9333],[-112.88061,46.92612],[-112.8911,46.92608],[-112.89122,46.91889],[-112.85964,46.91893],[-112.85958,46.92614],[-112.85428,46.92611],[-112.85427,46.92972],[-112.84373,46.92969],[-112.84372,46.93332],[-112.83846,46.93331],[-112.83847,46.93695],[-112.81728,46.93693],[-112.81737,46.91864],[-112.79559,46.91873],[-112.79552,46.91507],[-112.77959,46.91508],[-112.77951,46.90777],[-112.79017,46.90773],[-112.79019,46.90039],[-112.79547,46.90037],[-112.79548,46.8859],[-112.77405,46.88597],[-112.77399,46.89322],[-112.76322,46.89324],[-112.7634,46.90051],[-112.75278,46.90053],[-112.75261,46.88599],[-112.73213,46.88609],[-112.73189,46.89337],[-112.71081,46.89334],[-112.71088,46.88608],[-112.68937,46.88605],[-112.67363,46.88629],[-112.67364,46.88987],[-112.66827,46.88994],[-112.66834,46.89705],[-112.67365,46.897],[-112.67364,46.89344],[-112.67894,46.8934],[-112.67894,46.8898],[-112.68955,46.88969],[-112.68947,46.90057],[-112.66837,46.90062],[-112.66843,46.90657],[-112.65556,46.90657],[-112.65562,46.91522],[-112.66619,46.91524],[-112.66843,46.91381],[-112.6684,46.91888],[-112.65797,46.91885],[-112.65803,46.92248],[-112.64766,46.92244],[-112.64766,46.91882],[-112.63727,46.91881],[-112.63728,46.91521],[-112.5747,46.91518],[-112.54274,46.91504],[-112.54278,46.92948],[-112.54306,46.94417],[-112.56401,46.94413],[-112.56399,46.95865],[-112.57459,46.95861],[-112.57457,46.96224],[-112.56399,46.96228],[-112.56399,46.96409],[-112.54297,46.96413],[-112.543,46.97321],[-112.53807,46.97321],[-112.53808,46.97686],[-112.53279,46.98006],[-112.52751,46.98054],[-112.51167,46.98058],[-112.51166,46.9878],[-112.50114,46.98785],[-112.50122,46.99505],[-112.49064,46.99509],[-112.49066,46.99871],[-112.48006,46.99875],[-112.48005,46.99151],[-112.4695,46.99154],[-112.46948,46.98792],[-112.45362,46.98794],[-112.45362,46.9807],[-112.44304,46.9807],[-112.44304,46.97708],[-112.43775,46.97708],[-112.43775,46.97346],[-112.43247,46.97348],[-112.43246,46.98071],[-112.41661,46.98073],[-112.41658,46.98779],[-112.40069,46.98787],[-112.40069,46.98426],[-112.37967,46.98422],[-112.37964,46.98062],[-112.36911,46.98061],[-112.36912,46.98422],[-112.36389,46.98421],[-112.36391,46.98782],[-112.35868,46.98782],[-112.35869,46.99143],[-112.3797,46.99144],[-112.37971,46.99507],[-112.39545,46.99509],[-112.39543,46.99147],[-112.40069,46.99148],[-112.40072,46.99871],[-112.41661,46.9987],[-112.41668,47.01686],[-112.43783,47.01682],[-112.43781,47.03122],[-112.45907,47.03119],[-112.45909,47.04565],[-112.48033,47.0456],[-112.48032,47.06009],[-112.49613,47.06011],[-112.49614,47.07098],[-112.49087,47.07098],[-112.49088,47.0746],[-112.48034,47.07459],[-112.48036,47.09285],[-112.51694,47.09293],[-112.52272,47.09306],[-112.52265,47.07821],[-112.52794,47.07821],[-112.52793,47.0746],[-112.53851,47.07461],[-112.53854,47.08182],[-112.54324,47.08182],[-112.54315,47.09334],[-112.5643,47.09259],[-112.58526,47.0926],[-112.58524,47.08152],[-112.56962,47.08146],[-112.56933,47.07425],[-112.58523,47.07428],[-112.58521,47.05987],[-112.56437,47.05985],[-112.56464,47.04542],[-112.58517,47.04542],[-112.58519,47.03098],[-112.56423,47.03103],[-112.56415,47.01659],[-112.58523,47.01653],[-112.58525,47.00208],[-112.60627,47.00203],[-112.60626,46.99825],[-112.61672,46.9983],[-112.6167,46.98748],[-112.6272,46.98752],[-112.62729,47.00208],[-112.66872,47.00218],[-112.75314,47.00206],[-112.7532,46.97287],[-112.76377,46.97288],[-112.76368,46.95837],[-112.7584,46.95837],[-112.75839,46.95118],[-112.75307,46.95109],[-112.7531,46.93673],[-112.76368,46.93678],[-112.7637,46.95127],[-112.77434,46.95144],[-112.77434,46.95875],[-112.79601,46.9588],[-112.79589,46.94793],[-112.81735,46.94784],[-112.8174,46.95146],[-112.81203,46.95149],[-112.81216,46.96239],[-112.81752,46.96234],[-112.81752,46.97708],[-112.83863,46.97691],[-112.83872,46.98056],[-112.85961,46.98046],[-112.85967,46.99139],[-112.87015,46.99134],[-112.87003,46.99859],[-112.88056,46.99852],[-112.88054,47.00582],[-112.89124,47.00586],[-112.89126,47.0167],[-112.88591,47.01669],[-112.88592,47.02031],[-112.89703,47.02035],[-112.89687,47.02435],[-112.90158,47.02437],[-112.90177,47.05692],[-112.89133,47.05695],[-112.88859,47.05773],[-112.88487,47.06027],[-112.88073,47.06104],[-112.88071,47.06408],[-112.87628,47.06409],[-112.87388,47.06549],[-112.86845,47.06591],[-112.86453,47.07034],[-112.86224,47.07441],[-112.85951,47.07589],[-112.85414,47.08022],[-112.8534,47.08479],[-112.85502,47.09057],[-112.86072,47.09541],[-112.8633,47.09638],[-112.86573,47.09577],[-112.87588,47.10206],[-112.87811,47.10273],[-112.88265,47.10665],[-112.88277,47.10946],[-112.8857,47.11031],[-112.88818,47.11236],[-112.89336,47.11364],[-112.89417,47.11626],[-112.89965,47.1177],[-112.90055,47.11958],[-112.90102,47.12609],[-112.90243,47.12753],[-112.9096,47.12941],[-112.90956,47.13381],[-112.91333,47.13966],[-112.91422,47.14711],[-112.9136,47.14982],[-112.90589,47.15325],[-112.89974,47.15842],[-112.89928,47.16077],[-112.89556,47.1644],[-112.8964,47.17029],[-112.89482,47.17702],[-112.87199,47.17702],[-112.87201,47.19152],[-112.85079,47.19149],[-112.85082,47.20597],[-112.82958,47.20596],[-112.82957,47.2099],[-112.82847,47.21134],[-112.82296,47.21407],[-112.81972,47.21788],[-112.81409,47.22312],[-112.80841,47.22362],[-112.80485,47.22301],[-112.80267,47.21901],[-112.79698,47.21445],[-112.79598,47.21137],[-112.7914,47.20871],[-112.79093,47.2072],[-112.78726,47.20655],[-112.78204,47.20845],[-112.7752,47.20831],[-112.7712,47.20954],[-112.76106,47.21738],[-112.76347,47.22399],[-112.75758,47.22697],[-112.75176,47.22848],[-112.74907,47.23088],[-112.74638,47.2308],[-112.74396,47.23235],[-112.7427,47.23654],[-112.73998,47.23801],[-112.74035,47.23992],[-112.74364,47.24396],[-112.74656,47.24595],[-112.74641,47.2473],[-112.74232,47.24945],[-112.73819,47.25258],[-112.73718,47.25456],[-112.73431,47.2564],[-112.7313,47.26054],[-112.72809,47.26361],[-112.72798,47.26609],[-112.72949,47.27104],[-112.72602,47.27664],[-112.72649,47.2795],[-112.72451,47.28201],[-112.72632,47.28509],[-112.7317,47.28643],[-112.73414,47.28858],[-112.74235,47.2873],[-112.74922,47.28872],[-112.75431,47.28877],[-112.75842,47.28784],[-112.76454,47.28897],[-112.76546,47.28995],[-112.77907,47.2935],[-112.78438,47.29161],[-112.79414,47.29024],[-112.79973,47.29038],[-112.80389,47.29201],[-112.8077,47.29708],[-112.80872,47.30024],[-112.81668,47.30097],[-112.82025,47.30258],[-112.82478,47.30204],[-112.8281,47.30557],[-112.82893,47.30995],[-112.83119,47.31069],[-112.83996,47.31143],[-112.84437,47.31014],[-112.85056,47.31043],[-112.85617,47.30951],[-112.85871,47.30778],[-112.86399,47.30813],[-112.86831,47.31121],[-112.86889,47.31465],[-112.8711,47.31844],[-112.87368,47.319],[-112.87453,47.32097],[-112.87714,47.32191],[-112.8823,47.32639],[-112.88748,47.32715],[-112.89531,47.32607],[-112.89838,47.32635],[-112.90178,47.33007],[-112.9026,47.33258],[-112.90754,47.3338],[-112.91241,47.33849],[-112.91611,47.33911],[-112.92125,47.33806],[-112.92403,47.33836],[-112.92866,47.34016],[-112.93223,47.3433],[-112.93342,47.34573],[-112.92757,47.35304],[-112.92601,47.35751],[-112.92598,47.36031],[-112.92338,47.36155],[-112.92165,47.36657],[-112.91977,47.36839],[-112.91861,47.37286],[-112.9204,47.37397],[-112.92121,47.37707],[-112.91923,47.37983],[-112.91952,47.38149],[-112.92459,47.38759],[-112.93079,47.38942],[-112.93652,47.38856],[-112.94248,47.39306],[-112.94675,47.39469],[-112.94692,47.40079],[-112.94627,47.40385],[-112.94717,47.40603],[-112.9514,47.40618],[-112.95531,47.40969],[-112.95735,47.41],[-112.96126,47.4128],[-112.96066,47.41406],[-112.96378,47.41779],[-112.97215,47.41972],[-112.97559,47.41996],[-112.97979,47.42239],[-112.98028,47.42943],[-112.99035,47.43931],[-112.99513,47.4419],[-112.99486,47.44605],[-112.99171,47.44895],[-112.99489,47.45035],[-112.99976,47.45519],[-113.00171,47.45606],[-113.00165,47.45921],[-112.99972,47.46157],[-113.00369,47.46507],[-113.0104,47.46508],[-113.01399,47.46627],[-113.01289,47.47172],[-113.01261,47.47632],[-113.01818,47.48614],[-113.02054,47.48921],[-113.02792,47.49061],[-113.03118,47.4938],[-113.03902,47.49405],[-113.04196,47.4905],[-113.05155,47.49012],[-113.05642,47.49148],[-113.05918,47.48985],[-113.06008,47.48587],[-113.06193,47.48304],[-113.06882,47.48207],[-113.08072,47.48549],[-113.08195,47.48435],[-113.08763,47.48398],[-113.08811,47.48184],[-113.09147,47.48048],[-113.09563,47.4829],[-113.10126,47.48475],[-113.10365,47.48454],[-113.10748,47.48845],[-113.11377,47.49009],[-113.11554,47.49154],[-113.11509,47.49381],[-113.11854,47.49836],[-113.11482,47.50107],[-113.11685,47.50559],[-113.11646,47.50834],[-113.12309,47.516],[-113.12143,47.51865],[-113.11831,47.52063],[-113.12175,47.52433],[-113.12381,47.53152],[-113.12454,47.5378],[-113.1259,47.54146],[-113.12258,47.545],[-113.12401,47.54735],[-113.12454,47.55236],[-113.12387,47.55837],[-113.11966,47.56009],[-113.11809,47.56405],[-113.11862,47.56688],[-113.11774,47.57027],[-113.11955,47.57297],[-113.12701,47.57591],[-113.12748,47.57994],[-113.13051,47.58469],[-113.13089,47.58765],[-113.13619,47.58973],[-113.14176,47.59277],[-113.14442,47.59551],[-113.14736,47.60232],[-113.14599,47.60817],[-113.14125,47.61421],[-113.139,47.61786],[-113.13575,47.62046],[-113.13851,47.62377],[-113.14357,47.62536],[-113.1451,47.63008],[-113.14471,47.63714],[-113.13876,47.63931],[-113.13755,47.63843],[-113.13276,47.63919],[-113.13031,47.64171],[-113.12999,47.64497],[-113.12827,47.64649],[-113.12918,47.65695],[-113.12863,47.66107],[-113.13567,47.66354],[-113.14082,47.66877],[-113.14083,47.67143],[-113.1436,47.67324],[-113.1462,47.67624],[-113.14867,47.68269],[-113.14944,47.68729],[-113.15219,47.68902],[-113.15596,47.69308],[-113.15784,47.69601],[-113.16021,47.70871],[-113.16452,47.71486],[-113.16583,47.72118],[-113.16556,47.72801],[-113.16399,47.73009],[-113.15527,47.7321],[-113.15393,47.73367],[-113.14934,47.73589],[-113.14637,47.7402],[-113.14235,47.74416],[-113.13821,47.74586],[-113.13206,47.74359],[-113.12798,47.74385],[-113.1213,47.74138],[-113.11224,47.7427],[-113.10979,47.74353],[-113.10489,47.74305],[-113.0977,47.74443],[-113.09403,47.74352],[-113.09003,47.74591],[-113.08109,47.74994],[-113.08102,47.75588],[-113.08322,47.76191],[-113.08151,47.76329],[-113.08447,47.76837],[-113.08283,47.77077],[-113.07766,47.77367],[-113.07163,47.77362],[-113.06658,47.77618],[-113.06755,47.78029],[-113.06603,47.78316],[-113.06153,47.78789],[-113.066,47.79506],[-113.0653,47.79658],[-113.06685,47.79919],[-113.06597,47.8025],[-113.06292,47.80644],[-113.06017,47.80772],[-113.06406,47.81334],[-113.06229,47.81757],[-113.06247,47.82223],[-113.06688,47.82562],[-113.06927,47.82937],[-113.06593,47.83422],[-113.06647,47.83802],[-113.06263,47.84093],[-113.05826,47.84251],[-113.05898,47.84462],[-113.05867,47.8513],[-113.05789,47.85416],[-113.06078,47.85769],[-113.05958,47.8596],[-113.06033,47.8618],[-113.05885,47.86961],[-113.05801,47.87065],[-113.06521,47.87678],[-113.06386,47.88403],[-113.06295,47.88536],[-113.06902,47.88695],[-113.0743,47.89075],[-113.08289,47.8932],[-113.08873,47.89207],[-113.09051,47.89295],[-113.09251,47.89627],[-113.09091,47.90094],[-113.09341,47.90756],[-113.09122,47.90924],[-113.08675,47.91029],[-113.08722,47.91561],[-113.08662,47.91814],[-113.08026,47.9208],[-113.06986,47.92301],[-113.06651,47.92625],[-113.0633,47.92507],[-113.05725,47.92515],[-113.04498,47.92694],[-113.04304,47.92569],[-113.03313,47.92576],[-113.02149,47.92733],[-113.02141,47.93093],[-113.01815,47.9353],[-113.01538,47.93722],[-113.01387,47.94142],[-113.00883,47.94341],[-113.00317,47.94439],[-112.99839,47.94399],[-112.99713,47.94594],[-112.99036,47.94973],[-112.98714,47.95049],[-112.98719,47.95225],[-112.982,47.95521],[-112.96963,47.95408],[-112.96567,47.95192],[-112.95815,47.95147],[-112.95468,47.94768],[-112.95109,47.94475],[-112.94705,47.94697],[-112.94238,47.94682],[-112.93746,47.94441],[-112.93297,47.94442],[-112.93114,47.94529],[-112.92253,47.94557],[-112.91917,47.94632],[-112.91217,47.94658],[-112.91064,47.9492],[-112.90787,47.95093],[-112.90898,47.95303],[-112.90633,47.95671],[-112.90663,47.96053],[-112.90563,47.96245],[-112.90298,47.96256],[-112.90061,47.96443],[-112.89929,47.96998],[-112.89799,47.97219],[-112.89219,47.97633],[-112.88772,47.975],[-112.87858,47.97573],[-112.87931,47.97876],[-112.88496,47.98565],[-112.88522,47.98773],[-112.88779,47.99202],[-112.89185,48.00364],[-112.89513,48.01011],[-112.8955,48.0166],[-112.89643,48.01869],[-112.90059,48.02114],[-112.90631,48.02695],[-112.9077,48.02971],[-112.91628,48.02871],[-112.92161,48.03225],[-112.92698,48.03167],[-112.93193,48.03313],[-112.93544,48.03503],[-112.94094,48.03377],[-112.94611,48.03091],[-112.94954,48.0326],[-112.94966,48.03695],[-112.95183,48.04067],[-112.95187,48.0458],[-112.95092,48.04954],[-112.94559,48.05306],[-112.93726,48.05545],[-112.93641,48.05738],[-112.93776,48.06094],[-112.94258,48.06363],[-112.94592,48.06337],[-112.95188,48.06507],[-112.9558,48.06798],[-112.95958,48.06968],[-112.96338,48.07464],[-112.96833,48.07452],[-112.97069,48.07279],[-112.97572,48.07358],[-112.9773,48.07306],[-112.98192,48.07408],[-112.98152,48.07732],[-112.97886,48.07843],[-112.97814,48.08025],[-112.97971,48.08371],[-112.98274,48.08633],[-112.97892,48.08855],[-112.98243,48.09052],[-112.98739,48.09504],[-112.99183,48.09662],[-112.99431,48.09869],[-112.99599,48.10611],[-112.99101,48.10761],[-112.99066,48.10895],[-112.99313,48.11483],[-112.98531,48.1165],[-112.98328,48.11777],[-112.98485,48.12045],[-112.99122,48.12432],[-112.99522,48.12542],[-113.0009,48.13077],[-113.00364,48.13075],[-113.00967,48.1285],[-113.01692,48.13242],[-113.02073,48.1297],[-113.02612,48.1297],[-113.03003,48.13322],[-113.03383,48.13244],[-113.03965,48.12905],[-113.03988,48.12571],[-113.04126,48.12464],[-113.04664,48.12319],[-113.0492,48.12133],[-113.05196,48.12149],[-113.05559,48.12457],[-113.0538,48.12897],[-113.05446,48.13195],[-113.05611,48.13363],[-113.05316,48.14121],[-113.05798,48.14474],[-113.06322,48.14966],[-113.07059,48.15204],[-113.06846,48.14802],[-113.07327,48.14519],[-113.07615,48.14455],[-113.0802,48.14126],[-113.08536,48.14004],[-113.09048,48.13657],[-113.09367,48.13724],[-113.09662,48.13923],[-113.10022,48.13883],[-113.10562,48.13725],[-113.11227,48.13881],[-113.11561,48.13735],[-113.1245,48.13803],[-113.12956,48.13533],[-113.13316,48.13824],[-113.1311,48.13995],[-113.13185,48.14347],[-113.13094,48.14562],[-113.13649,48.15046],[-113.13808,48.1502],[-113.14187,48.15328],[-113.14621,48.15202],[-113.15224,48.15117],[-113.15329,48.15277],[-113.16159,48.15804],[-113.16489,48.16149],[-113.16465,48.16396],[-113.16635,48.16556],[-113.1702,48.16698],[-113.17781,48.17113],[-113.1821,48.17502],[-113.18522,48.17153],[-113.19245,48.17418],[-113.19222,48.17133],[-113.19605,48.16849],[-113.20209,48.16913],[-113.2066,48.16521],[-113.20892,48.16424],[-113.21818,48.1683],[-113.22041,48.17002],[-113.22417,48.17001],[-113.22705,48.17187],[-113.23088,48.17042],[-113.23491,48.1749],[-113.23562,48.17822],[-113.23428,48.18058],[-113.23074,48.18232],[-113.23113,48.18577],[-113.23464,48.19007],[-113.23289,48.19441],[-113.23477,48.19716],[-113.23552,48.20068],[-113.23467,48.20405],[-113.23772,48.2102],[-113.23575,48.21225],[-113.23694,48.21786],[-113.23176,48.22038],[-113.22588,48.22518],[-113.22876,48.22763],[-113.22894,48.22964],[-113.22595,48.23167],[-113.2279,48.23595],[-113.2344,48.23869],[-113.23641,48.24396],[-113.23683,48.24724],[-113.24342,48.24882],[-113.24773,48.2522],[-113.24993,48.25529],[-113.25872,48.25527],[-113.26492,48.2579],[-113.26836,48.26018],[-113.27066,48.2593],[-113.2757,48.25965],[-113.28109,48.26341],[-113.28939,48.26514],[-113.28845,48.26919],[-113.29002,48.27256],[-113.293,48.27448],[-113.29363,48.27724],[-113.29688,48.28158],[-113.29788,48.2843],[-113.30568,48.28571],[-113.31035,48.28704],[-113.31826,48.28811],[-113.32248,48.28779],[-113.32681,48.28907],[-113.32948,48.29232],[-113.32967,48.29536],[-113.33309,48.29643],[-113.33372,48.29812],[-113.33987,48.29953],[-113.34192,48.29906],[-113.34277,48.30198],[-113.3481,48.30317],[-113.34955,48.30593],[-113.34965,48.3097],[-113.34799,48.31127],[-113.35672,48.31812],[-113.35177,48.32179],[-113.34361,48.32664],[-113.33772,48.33237],[-113.33242,48.33519],[-113.32592,48.34018],[-113.32221,48.34374],[-113.31812,48.34675],[-113.31167,48.34839],[-113.30622,48.35138],[-113.30413,48.35378],[-113.29686,48.35936],[-113.28921,48.36266],[-113.2819,48.36865],[-113.28013,48.37239],[-113.28386,48.3802],[-113.28367,48.38313],[-113.28219,48.38517],[-113.27581,48.38922],[-113.26376,48.38896],[-113.25924,48.39156],[-113.25424,48.3999],[-113.25484,48.40225],[-113.25886,48.40302],[-113.26016,48.40521],[-113.25708,48.40756],[-113.25276,48.40856],[-113.24144,48.41259],[-113.15212,48.36487],[-113.12667,48.3513],[-113.09632,48.33526],[-113.04909,48.30994],[-113.03344,48.30144],[-113.02247,48.29635],[-113.0163,48.29232],[-112.9887,48.27749],[-112.92134,48.24112],[-112.92142,48.22149],[-112.9219,48.19498],[-112.92204,48.16462],[-112.91708,48.16339],[-112.90999,48.1633],[-112.90562,48.16187],[-112.90352,48.15937],[-112.8969,48.15968],[-112.89128,48.15776],[-112.8913,48.13236],[-112.82675,48.13236],[-112.82671,48.11797],[-112.77314,48.11798],[-112.77313,48.11076],[-112.76227,48.11076],[-112.76232,48.08906],[-112.74076,48.08909],[-112.74076,48.08183],[-112.73538,48.08183],[-112.73538,48.07098],[-112.74077,48.07097],[-112.74078,48.05285],[-112.71917,48.0528],[-112.71922,48.0456],[-112.69764,48.04566],[-112.69765,48.00158],[-112.69779,47.97255],[-112.69772,47.95807],[-112.69596,47.95807],[-112.69618,47.9137],[-112.69616,47.87059],[-112.69136,47.87058],[-112.69131,47.86236],[-112.6914,47.79854],[-112.69144,47.71215],[-112.69091,47.70423],[-112.69092,47.66864],[-112.69082,47.62579],[-112.69104,47.6112],[-112.6916,47.6112],[-112.69151,47.58112],[-112.69205,47.57275],[-112.69208,47.52321],[-112.68224,47.52319],[-112.6824,47.46531],[-112.68228,47.43648],[-112.68242,47.39335],[-112.68256,47.37896],[-112.68256,47.35001],[-112.63931,47.35001],[-112.55439,47.35012],[-112.55281,47.34994],[-112.55274,47.30613],[-112.55277,47.26351],[-112.5115,47.26337],[-112.51151,47.26705],[-112.50679,47.26708],[-112.50681,47.26872],[-112.49027,47.26899],[-112.4903,47.27799],[-112.48582,47.27799],[-112.48352,47.27472],[-112.48282,47.26783],[-112.48384,47.26343],[-112.42539,47.2636],[-112.42535,47.24894],[-112.42549,47.21287],[-112.42546,47.17675],[-112.40141,47.17675],[-112.401,47.13387],[-112.40094,47.0901],[-112.32185,47.09017],[-112.3218,47.08195],[-112.31652,47.08196],[-112.3165,47.07834],[-112.3007,47.07833],[-112.30067,47.07106],[-112.29539,47.07105],[-112.29535,47.06378],[-112.28483,47.06374],[-112.28483,47.06012],[-112.27956,47.0601],[-112.27955,47.04926],[-112.29541,47.04933],[-112.29542,47.0349],[-112.27426,47.0348],[-112.27424,47.02757],[-112.28483,47.0276],[-112.28482,47.02398],[-112.29542,47.02401],[-112.29542,47.02038],[-112.31648,47.02039],[-112.31648,47.00591],[-112.29086,47.00591],[-112.29082,46.99155],[-112.29537,46.99155],[-112.29539,46.97707],[-112.28546,46.97708],[-112.28535,46.96251],[-112.2954,46.9625],[-112.29549,46.93358],[-112.33754,46.93362],[-112.33754,46.94085],[-112.34807,46.94085],[-112.34806,46.92276],[-112.35333,46.92276],[-112.35333,46.92104],[-112.37057,46.92103],[-112.37057,46.90653],[-112.4233,46.90648],[-112.42338,46.89181],[-112.42316,46.87035],[-112.4231,46.83423],[-112.4216,46.83423],[-112.42153,46.80095],[-112.43209,46.80095],[-112.43215,46.78989],[-112.44272,46.78982],[-112.44275,46.79346],[-112.45332,46.79348],[-112.4532,46.78258],[-112.46373,46.78257],[-112.46372,46.77893],[-112.43209,46.77903],[-112.43203,46.75723],[-112.39023,46.75728],[-112.39019,46.74285],[-112.36912,46.74288],[-112.36913,46.72813],[-112.3481,46.72811],[-112.34809,46.71371],[-112.30602,46.71363],[-112.30601,46.72808],[-112.28484,46.72807],[-112.28486,46.73218],[-112.27454,46.7322],[-112.27459,46.68881],[-112.28467,46.68882],[-112.28473,46.65724],[-112.27423,46.65722],[-112.27422,46.64247],[-112.25206,46.64271],[-112.25206,46.63597],[-112.23147,46.63597],[-112.23147,46.63569],[-112.21046,46.63611],[-112.21041,46.61441],[-112.19995,46.61442],[-112.18924,46.61479],[-112.1887,46.58523],[-112.21013,46.58523],[-112.23088,46.5849],[-112.26224,46.58421],[-112.27255,46.58423],[-112.27247,46.56936],[-112.27183,46.56938],[-112.27183,46.55579],[-112.2194,46.55566],[-112.18826,46.55597],[-112.18795,46.52817],[-112.16708,46.52864],[-112.14502,46.52869],[-112.14495,46.57152],[-112.10378,46.57193],[-112.10429,46.58659],[-112.06218,46.58682],[-112.06185,46.57233],[-112.04078,46.57243],[-112.0406,46.54342],[-112.04059,46.51408],[-112.06152,46.51416],[-112.06151,46.48523],[-112.07228,46.48515],[-112.12108,46.48515],[-112.12095,46.44397],[-112.12201,46.4221],[-112.12179,46.40778],[-112.1428,46.40771],[-112.14273,46.39309],[-112.14211,46.37954],[-112.14174,46.35083],[-112.14139,46.3365],[-112.15189,46.33721],[-112.16133,46.33727],[-112.16158,46.32281],[-112.16506,46.32401],[-112.16974,46.32404],[-112.17422,46.3255],[-112.18033,46.3264],[-112.18185,46.32571],[-112.18717,46.32695],[-112.19098,46.32884],[-112.18762,46.33408],[-112.18348,46.33684],[-112.18379,46.33888],[-112.18266,46.34438],[-112.18169,46.34601],[-112.17661,46.35016],[-112.17486,46.3527],[-112.17466,46.35508],[-112.17691,46.36108],[-112.17789,46.36575],[-112.17374,46.36776],[-112.17395,46.37094],[-112.1721,46.37191],[-112.17144,46.37573],[-112.1784,46.37658],[-112.1809,46.3785],[-112.1832,46.38164],[-112.18262,46.38288],[-112.18702,46.3844],[-112.19572,46.38545],[-112.20108,46.38482],[-112.20313,46.39005],[-112.20032,46.39305],[-112.20041,46.39708],[-112.20747,46.40066],[-112.21019,46.40123],[-112.20928,46.40897],[-112.21481,46.41126],[-112.2139,46.41325],[-112.2157,46.41621],[-112.21535,46.41844],[-112.21782,46.42063],[-112.22299,46.42199],[-112.22863,46.42079],[-112.23278,46.42169],[-112.23529,46.42383],[-112.23887,46.42455],[-112.24377,46.4223],[-112.24758,46.42244],[-112.25085,46.42358],[-112.25435,46.4214],[-112.26007,46.41996],[-112.26516,46.41734],[-112.26691,46.41572],[-112.27057,46.41535],[-112.27721,46.41952],[-112.28127,46.41941],[-112.28507,46.4184],[-112.28594,46.42059],[-112.29582,46.42203],[-112.29824,46.42103],[-112.30351,46.42025],[-112.30525,46.42239],[-112.30795,46.42272],[-112.31083,46.4211],[-112.31252,46.41857],[-112.31816,46.41481],[-112.32414,46.41147],[-112.32761,46.40854],[-112.3361,46.4046],[-112.33735,46.40097],[-112.34042,46.39731],[-112.34423,46.39511],[-112.34435,46.39178],[-112.34894,46.38589],[-112.35599,46.38413],[-112.35918,46.385],[-112.36455,46.38503],[-112.37334,46.38711],[-112.38266,46.38474],[-112.38599,46.38335],[-112.39317,46.38436],[-112.39979,46.38701],[-112.40392,46.38637],[-112.40802,46.38148],[-112.41371,46.3785],[-112.41715,46.37727],[-112.4173,46.37446],[-112.41464,46.37179],[-112.42618,46.36892],[-112.42851,46.3648],[-112.42606,46.3585],[-112.43303,46.3546],[-112.43633,46.35098],[-112.4466,46.35188],[-112.45017,46.35141],[-112.45152,46.34939],[-112.45216,46.34409],[-112.45097,46.34179],[-112.45085,46.33743],[-112.44957,46.33452],[-112.45389,46.32906],[-112.45992,46.3298],[-112.46443,46.32894],[-112.46899,46.33438],[-112.47209,46.34079],[-112.48622,46.34012],[-112.4907,46.34234],[-112.49817,46.34237],[-112.49928,46.34649],[-112.49381,46.35178],[-112.49397,46.35367],[-112.49978,46.35796],[-112.49952,46.36113],[-112.50166,46.3634],[-112.50124,46.36514],[-112.50406,46.36748],[-112.49969,46.37065],[-112.49897,46.37206],[-112.4935,46.37301],[-112.4911,46.37637],[-112.49001,46.38127],[-112.49525,46.38459],[-112.49602,46.38591],[-112.49481,46.39197],[-112.49901,46.39716],[-112.5061,46.40091],[-112.50677,46.40501],[-112.5087,46.40634],[-112.51263,46.40689],[-112.51405,46.41441],[-112.51698,46.41624],[-112.52138,46.41621],[-112.52268,46.41987],[-112.52714,46.42],[-112.53085,46.418],[-112.53481,46.41398],[-112.53484,46.46956],[-112.5351,46.48317],[-112.53628,46.48317],[-112.53634,46.51185],[-112.51555,46.51203],[-112.5153,46.54136],[-112.47357,46.54115],[-112.47365,46.5556],[-112.43164,46.55546],[-112.43165,46.55481],[-112.41064,46.55475],[-112.41076,46.51137],[-112.36873,46.51137],[-112.36873,46.51194],[-112.34778,46.51201],[-112.34775,46.52646],[-112.32679,46.52646],[-112.32715,46.54031],[-112.32681,46.56912],[-112.32679,46.59807],[-112.3059,46.59806],[-112.30569,46.64157],[-112.34761,46.64162],[-112.43125,46.64153],[-112.4523,46.64158],[-112.4523,46.65608],[-112.47372,46.6562],[-112.47373,46.67053],[-112.49419,46.67053],[-112.49479,46.67116],[-112.49479,46.685],[-112.52632,46.68501],[-112.52641,46.69948],[-112.5356,46.69948],[-112.53562,46.71485],[-112.55673,46.71478],[-112.55677,46.7293],[-112.57788,46.72931],[-112.57791,46.74398],[-112.60918,46.74407],[-112.60924,46.74772],[-112.61458,46.74774],[-112.61465,46.75504],[-112.61995,46.75505],[-112.61987,46.77311],[-112.62015,46.78037],[-112.63291,46.78033],[-112.63606,46.77961],[-112.63613,46.78755],[-112.64142,46.78755],[-112.64143,46.79155],[-112.65728,46.79154],[-112.65735,46.8022],[-112.66192,46.8022],[-112.66199,46.81677],[-112.66688,46.81678],[-112.66691,46.82053],[-112.662,46.82053],[-112.66198,46.82792],[-112.67753,46.82786],[-112.67754,46.83155],[-112.68284,46.83154],[-112.68282,46.82418],[-112.70423,46.82424],[-112.70426,46.83155],[-112.76816,46.83164],[-112.76803,46.81709],[-112.78841,46.81706],[-112.78856,46.83163],[-112.80611,46.83168],[-112.81707,46.83151],[-112.83787,46.83161],[-112.83786,46.83524],[-112.85933,46.8353],[-112.85935,46.8317],[-112.88045,46.83164],[-112.8802,46.84611],[-112.86944,46.84611],[-112.86944,46.85697],[-112.88017,46.85697],[-112.88017,46.86438],[-112.88569,46.86439],[-112.88563,46.87889],[-112.88016,46.8789],[-112.88016,46.88612],[-112.89089,46.88612],[-112.89075,46.90419],[-112.90134,46.9042],[-112.90142,46.93322]],[[-112.50639,46.97337],[-112.50112,46.97338],[-112.50112,46.977],[-112.5064,46.97698],[-112.50639,46.97337]],[[-112.3428,46.94808],[-112.33226,46.94807],[-112.33226,46.95168],[-112.327,46.95167],[-112.327,46.95529],[-112.32173,46.95528],[-112.32174,46.96614],[-112.327,46.96614],[-112.327,46.95891],[-112.33226,46.95891],[-112.33226,46.95529],[-112.33752,46.9553],[-112.33753,46.95169],[-112.34279,46.95169],[-112.3428,46.94808]]],[[[-110.59403,47.14765],[-110.58226,47.14779],[-110.58226,47.14043],[-110.53873,47.14048],[-110.5387,47.12615],[-110.46277,47.12624],[-110.46243,47.11173],[-110.46197,47.08275],[-110.46188,47.06829],[-110.45129,47.06829],[-110.45117,47.04659],[-110.47231,47.04657],[-110.47222,47.03211],[-110.45111,47.03211],[-110.45107,47.02487],[-110.41932,47.0249],[-110.41933,47.02852],[-110.38768,47.02852],[-110.38757,47.01037],[-110.34623,47.01053],[-110.34631,47.00333],[-110.32499,47.00339],[-110.32489,46.99617],[-110.30358,46.9962],[-110.30375,46.96751],[-110.30903,46.9675],[-110.30902,46.96386],[-110.31427,46.96386],[-110.31413,46.94572],[-110.32465,46.94574],[-110.32457,46.92404],[-110.32423,46.92404],[-110.32419,46.89526],[-110.34004,46.89525],[-110.34003,46.88803],[-110.33475,46.88803],[-110.33473,46.8662],[-110.32417,46.8662],[-110.32417,46.86219],[-110.31942,46.85896],[-110.30311,46.859],[-110.30311,46.86625],[-110.28196,46.86625],[-110.28201,46.83727],[-110.26981,46.83729],[-110.26957,46.81389],[-110.26972,46.79217],[-110.20689,46.79212],[-110.20688,46.77765],[-110.1861,46.77766],[-110.18609,46.77731],[-110.1437,46.77759],[-110.14369,46.76372],[-110.06175,46.76368],[-110.01965,46.76368],[-110.01966,46.76556],[-109.99771,46.76563],[-109.9977,46.77288],[-109.9767,46.77292],[-109.97668,46.76568],[-109.93451,46.76568],[-109.93454,46.74394],[-109.91342,46.74388],[-109.91342,46.74342],[-109.89299,46.7439],[-109.89307,46.72938],[-109.87211,46.72944],[-109.87208,46.72221],[-109.84042,46.72225],[-109.84036,46.7078],[-109.82961,46.7078],[-109.82974,46.6933],[-109.89298,46.69329],[-109.89307,46.70766],[-109.92462,46.70781],[-109.92467,46.71503],[-109.95633,46.71503],[-109.95633,46.7078],[-110.01942,46.70793],[-110.01924,46.6645],[-110.05086,46.66451],[-110.05097,46.6498],[-110.1036,46.64985],[-110.10361,46.64261],[-110.11416,46.64259],[-110.11418,46.63534],[-110.12473,46.63532],[-110.12476,46.62808],[-110.13527,46.62808],[-110.13531,46.62084],[-110.16718,46.62083],[-110.23033,46.62089],[-110.2303,46.61365],[-110.26182,46.61363],[-110.26187,46.62813],[-110.32599,46.62812],[-110.326,46.62088],[-110.37874,46.62093],[-110.37868,46.5992],[-110.40012,46.5992],[-110.40007,46.57748],[-110.46365,46.57743],[-110.46329,46.56282],[-110.44221,46.56296],[-110.44215,46.55565],[-110.484,46.55545],[-110.48397,46.56235],[-110.50412,46.56238],[-110.50405,46.57752],[-110.50508,46.57753],[-110.50521,46.60645],[-110.51571,46.6065],[-110.51584,46.6427],[-110.54742,46.64281],[-110.55807,46.64333],[-110.55809,46.65061],[-110.56877,46.65062],[-110.56884,46.66534],[-110.58986,46.6653],[-110.58991,46.70873],[-110.65303,46.70872],[-110.65304,46.70149],[-110.67425,46.70149],[-110.67425,46.69426],[-110.73735,46.69427],[-110.73734,46.67979],[-110.77993,46.6798],[-110.77993,46.67959],[-110.84346,46.67963],[-110.85404,46.67926],[-110.85404,46.68659],[-110.85936,46.68656],[-110.85936,46.6902],[-110.86468,46.69017],[-110.86469,46.69381],[-110.90664,46.69351],[-110.90663,46.68624],[-110.94904,46.68634],[-110.94905,46.6935],[-110.96982,46.69351],[-110.96989,46.708],[-110.99147,46.70802],[-111.00234,46.70826],[-111.03402,46.70805],[-111.03421,46.75171],[-111.03444,46.78094],[-111.0979,46.78027],[-111.09781,46.75107],[-111.15068,46.75057],[-111.15079,46.76528],[-111.15606,46.76526],[-111.15611,46.77256],[-111.16145,46.77254],[-111.16154,46.79441],[-111.09794,46.79476],[-111.09795,46.80948],[-111.07676,46.80948],[-111.07681,46.82442],[-111.06601,46.82443],[-111.06601,46.8381],[-111.0533,46.83811],[-111.05313,46.89603],[-111.11641,46.896],[-111.20066,46.89574],[-111.22184,46.89575],[-111.22176,46.92484],[-111.27518,46.92475],[-111.27861,46.92642],[-111.27761,46.92977],[-111.2781,46.93197],[-111.28289,46.93489],[-111.28629,46.93845],[-111.28951,46.94041],[-111.29324,46.94091],[-111.29618,46.9427],[-111.29598,46.94626],[-111.29361,46.94631],[-111.29004,46.94836],[-111.28473,46.94855],[-111.27825,46.94952],[-111.27836,46.95085],[-111.28285,46.95359],[-111.28644,46.95451],[-111.29259,46.95422],[-111.29814,46.95467],[-111.29913,46.95809],[-111.29758,46.96014],[-111.30102,46.96169],[-111.30221,46.9633],[-111.29995,46.96486],[-111.29825,46.96921],[-111.29534,46.96954],[-111.29074,46.96631],[-111.28759,46.96618],[-111.28533,46.96784],[-111.28518,46.97137],[-111.28259,46.97188],[-111.28138,46.97568],[-111.2852,46.97765],[-111.289,46.9737],[-111.29327,46.97532],[-111.29382,46.98036],[-111.28816,46.98356],[-111.28895,46.98538],[-111.2939,46.9891],[-111.29335,46.99097],[-111.2902,46.99218],[-111.29258,46.99474],[-111.2895,46.99631],[-111.28604,46.99688],[-111.28337,46.99854],[-111.28648,47.0008],[-111.29239,47.00242],[-111.29243,47.00399],[-111.28874,47.00517],[-111.2884,47.00854],[-111.28928,47.01064],[-111.29424,47.01271],[-111.29176,47.01522],[-111.2846,47.01473],[-111.28175,47.01356],[-111.27832,47.01417],[-111.27902,47.01656],[-111.27822,47.01912],[-111.28448,47.02046],[-111.28583,47.02235],[-111.29053,47.02556],[-111.29187,47.02851],[-111.29126,47.02992],[-111.28692,47.03055],[-111.28885,47.03358],[-111.28673,47.03529],[-111.28391,47.03416],[-111.27999,47.03125],[-111.27562,47.0344],[-111.27919,47.04069],[-111.28338,47.04249],[-111.28352,47.04487],[-111.28665,47.04724],[-111.28602,47.04877],[-111.2785,47.04825],[-111.27566,47.04997],[-111.27308,47.05537],[-111.26815,47.05733],[-111.26772,47.0589],[-111.27084,47.06054],[-111.27273,47.06011],[-111.28375,47.05991],[-111.28394,47.0625],[-111.28228,47.06577],[-111.27985,47.06738],[-111.27343,47.06862],[-111.26992,47.06763],[-111.26659,47.06818],[-111.26457,47.07016],[-111.26617,47.07339],[-111.27084,47.07602],[-111.27395,47.0766],[-111.27541,47.07903],[-111.27238,47.08289],[-111.27329,47.08436],[-111.27731,47.08454],[-111.28102,47.08588],[-111.28045,47.08781],[-111.28333,47.0894],[-111.28392,47.09198],[-111.27717,47.09031],[-111.27914,47.09345],[-111.2831,47.09459],[-111.28368,47.09574],[-111.28062,47.09791],[-111.28547,47.09853],[-111.28444,47.10237],[-111.26482,47.10251],[-111.15814,47.10262],[-111.15927,47.08833],[-111.15006,47.08798],[-111.10942,47.08801],[-111.10963,47.13144],[-111.04617,47.13141],[-111.04616,47.12418],[-111.02514,47.12418],[-111.02519,47.1538],[-111.00628,47.15382],[-111.00628,47.14658],[-110.96393,47.14669],[-110.9639,47.13947],[-110.94106,47.13969],[-110.9215,47.13939],[-110.9215,47.12512],[-110.90062,47.12519],[-110.90056,47.11794],[-110.87772,47.11792],[-110.85633,47.11804],[-110.8136,47.1181],[-110.8136,47.11871],[-110.79224,47.11883],[-110.79208,47.09647],[-110.7707,47.09655],[-110.77077,47.10007],[-110.76134,47.10056],[-110.76123,47.1042],[-110.75592,47.10447],[-110.7557,47.11186],[-110.74038,47.11158],[-110.74042,47.11896],[-110.72973,47.11895],[-110.7298,47.12626],[-110.709,47.12628],[-110.709,47.12535],[-110.68724,47.12558],[-110.68725,47.11835],[-110.66558,47.11881],[-110.66558,47.1119],[-110.64431,47.11203],[-110.64409,47.09695],[-110.62347,47.09697],[-110.62366,47.1258],[-110.61319,47.12583],[-110.61345,47.14039],[-110.6029,47.14042],[-110.60313,47.14755],[-110.59403,47.14765]],[[-110.32466,46.94936],[-110.31941,46.94935],[-110.3194,46.95297],[-110.32468,46.95298],[-110.32466,46.94936]]],[[[-111.70383,46.90629],[-111.70379,46.87733],[-111.66157,46.87736],[-111.66147,46.88434],[-111.64466,46.88433],[-111.64476,46.89884],[-111.53922,46.89888],[-111.53922,46.89164],[-111.51802,46.89163],[-111.51802,46.84818],[-111.47576,46.84814],[-111.47576,46.82643],[-111.47748,46.82643],[-111.47744,46.79306],[-111.44598,46.7931],[-111.44596,46.77864],[-111.41447,46.77867],[-111.41451,46.74975],[-111.41431,46.7056],[-111.38216,46.70572],[-111.38253,46.69154],[-111.37203,46.69129],[-111.30853,46.69135],[-111.30853,46.67703],[-111.28764,46.67701],[-111.28729,46.64802],[-111.28692,46.63371],[-111.28679,46.61905],[-111.28196,46.61906],[-111.2817,46.60073],[-111.26585,46.60075],[-111.26563,46.58982],[-111.25508,46.58988],[-111.25494,46.58261],[-111.2444,46.58266],[-111.24427,46.57539],[-111.22311,46.57562],[-111.22231,46.56142],[-111.22201,46.53237],[-111.20104,46.53235],[-111.20062,46.50332],[-111.17967,46.50336],[-111.17945,46.48882],[-111.12031,46.48899],[-111.11994,46.47443],[-111.11837,46.47444],[-111.11834,46.40236],[-111.11757,46.40236],[-111.11762,46.35893],[-111.07625,46.35898],[-111.07587,46.32993],[-111.07583,46.31542],[-111.07597,46.28634],[-111.07599,46.25736],[-111.13863,46.25734],[-111.13865,46.24283],[-111.15953,46.24282],[-111.15956,46.21453],[-111.09689,46.21456],[-111.03436,46.21445],[-111.03466,46.20404],[-111.03252,46.20119],[-111.03406,46.20031],[-111.04114,46.20342],[-111.0435,46.20313],[-111.04424,46.20088],[-111.04656,46.19908],[-111.05142,46.19882],[-111.05888,46.19472],[-111.05999,46.19297],[-111.05847,46.19125],[-111.05993,46.18841],[-111.05812,46.18559],[-111.07608,46.18563],[-111.07608,46.17116],[-111.09695,46.17112],[-111.09693,46.15665],[-111.11774,46.15667],[-111.11775,46.14943],[-111.1595,46.14946],[-111.15951,46.14443],[-111.1699,46.14443],[-111.16991,46.1372],[-111.18224,46.13719],[-111.18232,46.1218],[-111.24493,46.12176],[-111.24497,46.1372],[-111.26344,46.13719],[-111.26347,46.18415],[-111.28425,46.18417],[-111.28431,46.22753],[-111.30514,46.22758],[-111.30514,46.23844],[-111.32598,46.23841],[-111.326,46.25288],[-111.28434,46.25301],[-111.28434,46.25279],[-111.2219,46.25283],[-111.22205,46.3252],[-111.24292,46.32519],[-111.24296,46.33966],[-111.26383,46.33964],[-111.26397,46.39655],[-111.26919,46.39656],[-111.26919,46.39396],[-111.27441,46.39395],[-111.27417,46.39657],[-111.2742,46.41104],[-111.28402,46.41104],[-111.28389,46.4884],[-111.30473,46.48833],[-111.3047,46.50279],[-111.36765,46.50279],[-111.3676,46.51725],[-111.40868,46.5173],[-111.40836,46.54506],[-111.4295,46.54495],[-111.42924,46.57397],[-111.42923,46.60293],[-111.51319,46.60289],[-111.51321,46.61735],[-111.53416,46.61734],[-111.5341,46.63218],[-111.57708,46.63203],[-111.57699,46.64646],[-111.61921,46.64647],[-111.62867,46.64662],[-111.62865,46.65373],[-111.66178,46.65371],[-111.66179,46.66121],[-111.74602,46.66133],[-111.74597,46.6758],[-111.76712,46.6757],[-111.7671,46.69028],[-111.78739,46.6901],[-111.78765,46.70403],[-111.78717,46.7253],[-111.78717,46.73301],[-111.81863,46.73295],[-111.82919,46.73281],[-111.85084,46.73326],[-111.87244,46.73341],[-111.87405,46.74774],[-111.88227,46.7478],[-111.88357,46.75245],[-111.88219,46.7544],[-111.88427,46.75689],[-111.88463,46.76108],[-111.8834,46.76332],[-111.88733,46.76618],[-111.89084,46.76712],[-111.89147,46.76903],[-111.8951,46.77178],[-111.90268,46.77567],[-111.90312,46.77764],[-111.90105,46.78344],[-111.90256,46.7898],[-111.90652,46.79289],[-111.91851,46.79313],[-111.92054,46.79536],[-111.91935,46.79991],[-111.92469,46.80471],[-111.93404,46.8085],[-111.93582,46.81002],[-111.93571,46.83098],[-111.94095,46.83113],[-111.94092,46.83417],[-111.92666,46.83417],[-111.91994,46.8438],[-111.91749,46.84633],[-111.91744,46.84857],[-111.92152,46.84859],[-111.92145,46.85219],[-111.91611,46.85217],[-111.91614,46.87053],[-111.92675,46.87043],[-111.92675,46.87763],[-111.9162,46.87771],[-111.91634,46.89224],[-111.89559,46.89221],[-111.89546,46.91939],[-111.85387,46.91954],[-111.79022,46.91959],[-111.79034,46.94604],[-111.72922,46.94601],[-111.7292,46.93159],[-111.70807,46.93153],[-111.70804,46.91351],[-111.70384,46.91351],[-111.70383,46.90629]]],[[[-111.849,46.22334],[-111.84906,46.2736],[-111.85398,46.27613],[-111.85756,46.27991],[-111.86195,46.28002],[-111.86449,46.27909],[-111.8667,46.27993],[-111.87229,46.2794],[-111.87583,46.28027],[-111.87686,46.28298],[-111.87678,46.29038],[-111.87888,46.29421],[-111.88645,46.29397],[-111.89393,46.29544],[-111.90461,46.29461],[-111.90558,46.29977],[-111.90395,46.3017],[-111.91197,46.30388],[-111.91762,46.30489],[-111.92065,46.30701],[-111.92199,46.30945],[-111.92624,46.31457],[-111.92681,46.32135],[-111.93171,46.3237],[-111.93684,46.3282],[-111.93998,46.32936],[-111.9426,46.32911],[-111.94404,46.32692],[-111.94725,46.3261],[-111.95421,46.3258],[-111.9608,46.32778],[-111.96684,46.32699],[-111.96823,46.32568],[-111.97161,46.3261],[-111.97446,46.3225],[-111.97449,46.36599],[-111.9744,46.39353],[-111.95578,46.39354],[-111.95664,46.42297],[-111.95584,46.42932],[-111.95591,46.43667],[-111.95707,46.44534],[-111.95728,46.45272],[-111.95737,46.47469],[-111.95608,46.48552],[-111.91418,46.48569],[-111.91453,46.50022],[-111.8932,46.50028],[-111.89305,46.493],[-111.88258,46.49299],[-111.88251,46.48569],[-111.83008,46.48574],[-111.83001,46.50011],[-111.83044,46.51464],[-111.83005,46.52936],[-111.80892,46.52923],[-111.78785,46.52932],[-111.78774,46.50036],[-111.78783,46.48576],[-111.77726,46.48592],[-111.74586,46.48586],[-111.72485,46.48602],[-111.72482,46.47117],[-111.72402,46.47117],[-111.72392,46.44265],[-111.70405,46.44267],[-111.68213,46.44245],[-111.6821,46.42926],[-111.67675,46.4279],[-111.66137,46.42797],[-111.6615,46.39894],[-111.66141,46.33893],[-111.68232,46.33894],[-111.68213,46.29554],[-111.68199,46.22307],[-111.70283,46.22306],[-111.76541,46.22323],[-111.849,46.22334]]],[[[-109.31054,46.85532],[-109.31053,46.85197],[-109.28891,46.85197],[-109.28959,46.83707],[-109.2629,46.83717],[-109.26289,46.8091],[-109.24247,46.80909],[-109.24222,46.79476],[-109.2422,46.78033],[-109.2213,46.78033],[-109.22104,46.76595],[-109.20016,46.76585],[-109.19965,46.73692],[-109.19968,46.70795],[-109.26255,46.70778],[-109.26255,46.67935],[-109.28364,46.67934],[-109.30466,46.67957],[-109.32055,46.67937],[-109.32057,46.67567],[-109.32586,46.67562],[-109.32584,46.6793],[-109.3364,46.67921],[-109.3359,46.69401],[-109.33641,46.70799],[-109.35723,46.70799],[-109.3681,46.70819],[-109.38926,46.7082],[-109.40969,46.70848],[-109.4309,46.70826],[-109.47298,46.70806],[-109.47288,46.72246],[-109.5043,46.72243],[-109.50436,46.71883],[-109.50961,46.71883],[-109.50954,46.72243],[-109.53488,46.7226],[-109.53475,46.73656],[-109.55542,46.73663],[-109.55506,46.75098],[-109.57648,46.75132],[-109.57648,46.76539],[-109.5975,46.76536],[-109.59731,46.7798],[-109.61837,46.77973],[-109.61813,46.80864],[-109.59697,46.80872],[-109.59673,46.83821],[-109.57633,46.83812],[-109.5542,46.83823],[-109.52327,46.83792],[-109.52333,46.85209],[-109.48109,46.85238],[-109.48109,46.85207],[-109.4172,46.85182],[-109.37503,46.85159],[-109.33211,46.85157],[-109.33211,46.86643],[-109.31063,46.86635],[-109.31054,46.85532]]],[[[-110.64817,46.57773],[-110.58803,46.57769],[-110.588,46.56244],[-110.57747,46.56241],[-110.57745,46.55159],[-110.58269,46.55159],[-110.58268,46.54797],[-110.58006,46.54797],[-110.57481,46.54436],[-110.57481,46.54255],[-110.56695,46.54255],[-110.56694,46.5335],[-110.50412,46.53343],[-110.50413,46.51897],[-110.46217,46.51888],[-110.46217,46.53361],[-110.44114,46.53371],[-110.44127,46.48996],[-110.42777,46.48994],[-110.42781,46.46035],[-110.46956,46.46029],[-110.46953,46.47474],[-110.49043,46.4747],[-110.49042,46.49001],[-110.5355,46.49001],[-110.59648,46.49006],[-110.59645,46.46145],[-110.61741,46.46122],[-110.65845,46.46115],[-110.65851,46.44677],[-110.67936,46.44675],[-110.67955,46.4178],[-110.70064,46.41764],[-110.70063,46.40341],[-110.72142,46.40349],[-110.72139,46.38886],[-110.76338,46.38886],[-110.78384,46.38909],[-110.78388,46.41808],[-110.80479,46.41804],[-110.80485,46.43251],[-110.82581,46.43247],[-110.82592,46.49048],[-110.82123,46.49048],[-110.82116,46.51936],[-110.80021,46.5194],[-110.80016,46.53387],[-110.7794,46.53385],[-110.77948,46.56277],[-110.73427,46.56266],[-110.73425,46.54818],[-110.65056,46.54794],[-110.65046,46.57774],[-110.64817,46.57773]]],[[[-110.23891,46.16378],[-110.24427,46.16121],[-110.24719,46.16261],[-110.2495,46.16113],[-110.25682,46.15832],[-110.25933,46.15557],[-110.26326,46.15412],[-110.266,46.15455],[-110.27067,46.15738],[-110.2792,46.1573],[-110.28485,46.15844],[-110.28699,46.15718],[-110.29332,46.15604],[-110.29682,46.15692],[-110.30602,46.15767],[-110.31598,46.16248],[-110.31551,46.16474],[-110.31821,46.1664],[-110.31705,46.16866],[-110.31621,46.17545],[-110.31093,46.18084],[-110.30667,46.18922],[-110.30804,46.19116],[-110.31319,46.19344],[-110.3198,46.19487],[-110.32204,46.19825],[-110.33222,46.20197],[-110.33441,46.20329],[-110.33941,46.20466],[-110.33831,46.20883],[-110.3407,46.21047],[-110.34559,46.21183],[-110.34915,46.2198],[-110.35738,46.21882],[-110.36299,46.22024],[-110.36979,46.21861],[-110.37112,46.22268],[-110.37112,46.2252],[-110.37318,46.22628],[-110.37841,46.22279],[-110.38203,46.22196],[-110.38748,46.22169],[-110.39324,46.2167],[-110.40469,46.21105],[-110.41031,46.21026],[-110.41228,46.20927],[-110.4161,46.20555],[-110.4215,46.20538],[-110.4261,46.20382],[-110.43036,46.20557],[-110.4354,46.20559],[-110.43714,46.20653],[-110.43726,46.20909],[-110.4406,46.21311],[-110.44154,46.21535],[-110.44467,46.2164],[-110.44839,46.2159],[-110.45665,46.21284],[-110.4575,46.21152],[-110.46692,46.2134],[-110.4688,46.21589],[-110.46913,46.22005],[-110.47174,46.227],[-110.47116,46.22781],[-110.46253,46.23027],[-110.46196,46.23105],[-110.46383,46.23578],[-110.46711,46.24176],[-110.47422,46.24285],[-110.4784,46.24232],[-110.48349,46.24429],[-110.48598,46.24892],[-110.49211,46.253],[-110.49622,46.25434],[-110.50106,46.25703],[-110.50689,46.26159],[-110.5129,46.26052],[-110.51701,46.26177],[-110.52284,46.2649],[-110.52276,46.27104],[-110.52525,46.27132],[-110.52875,46.26959],[-110.53201,46.26559],[-110.53688,46.26625],[-110.54284,46.26801],[-110.5455,46.27128],[-110.5428,46.27346],[-110.5428,46.27641],[-110.54818,46.27993],[-110.55365,46.28015],[-110.55873,46.28134],[-110.5607,46.28306],[-110.56131,46.28535],[-110.56698,46.28737],[-110.56999,46.28736],[-110.57278,46.2889],[-110.5758,46.29249],[-110.5758,46.31595],[-110.57536,46.31595],[-110.57533,46.33047],[-110.57586,46.33047],[-110.57587,46.35951],[-110.55494,46.35945],[-110.55495,46.37421],[-110.534,46.3743],[-110.534,46.35955],[-110.51309,46.35953],[-110.51308,46.34488],[-110.49218,46.34492],[-110.49204,46.33029],[-110.47098,46.33031],[-110.4709,46.31571],[-110.4196,46.31575],[-110.41959,46.30065],[-110.43,46.30065],[-110.43,46.2934],[-110.40918,46.2934],[-110.40919,46.2789],[-110.36517,46.2789],[-110.36511,46.30061],[-110.32336,46.30059],[-110.32336,46.3042],[-110.31816,46.30421],[-110.31816,46.30782],[-110.28174,46.30785],[-110.27126,46.3076],[-110.27126,46.29676],[-110.26082,46.29672],[-110.26082,46.29311],[-110.23996,46.29312],[-110.24003,46.24965],[-110.23999,46.22064],[-110.23802,46.22064],[-110.23841,46.19877],[-110.25066,46.19879],[-110.25067,46.17353],[-110.24539,46.17353],[-110.24532,46.16991],[-110.23846,46.16991],[-110.23891,46.16378]]],[[[-110.51748,47.50333],[-110.51215,47.50358],[-110.48097,47.50369],[-110.48091,47.48916],[-110.44882,47.48928],[-110.44882,47.48566],[-110.41668,47.48576],[-110.41665,47.46763],[-110.47022,47.46745],[-110.4702,47.4602],[-110.48088,47.46011],[-110.48083,47.44563],[-110.47548,47.44567],[-110.47546,47.44208],[-110.47011,47.44213],[-110.4701,47.4385],[-110.45938,47.43853],[-110.45931,47.43125],[-110.44858,47.43128],[-110.44841,47.4167],[-110.51199,47.41653],[-110.51187,47.38751],[-110.53336,47.3875],[-110.53338,47.39475],[-110.57572,47.39478],[-110.57573,47.402],[-110.59699,47.40195],[-110.59698,47.39474],[-110.60761,47.39468],[-110.60759,47.38754],[-110.60859,47.38754],[-110.60859,47.37315],[-110.63891,47.37322],[-110.64965,47.3736],[-110.64974,47.38831],[-110.63909,47.38829],[-110.63929,47.40278],[-110.65004,47.40276],[-110.65011,47.41728],[-110.66102,47.41729],[-110.68226,47.41697],[-110.68229,47.42471],[-110.70354,47.4247],[-110.70359,47.43195],[-110.72439,47.43197],[-110.72449,47.44564],[-110.70353,47.44579],[-110.70446,47.46025],[-110.66717,47.46041],[-110.66691,47.45323],[-110.66163,47.45327],[-110.66139,47.4461],[-110.6406,47.44631],[-110.64107,47.48157],[-110.60801,47.48157],[-110.60808,47.50325],[-110.51748,47.50333]]],[[[-111.24281,46.84151],[-111.2428,46.8379],[-111.22526,46.83791],[-111.22525,46.82299],[-111.20424,46.82292],[-111.20404,46.80847],[-111.22522,46.80854],[-111.22519,46.79407],[-111.24625,46.79411],[-111.24623,46.7792],[-111.28864,46.77915],[-111.28864,46.77876],[-111.33076,46.77879],[-111.39405,46.77871],[-111.39422,46.82214],[-111.37311,46.82218],[-111.37317,46.8379],[-111.32732,46.83788],[-111.3273,46.86685],[-111.28505,46.86693],[-111.28505,46.86672],[-111.24289,46.86676],[-111.24281,46.84151]]],[[[-109.00966,46.73921],[-109.00959,46.73613],[-109.03062,46.73622],[-109.06237,46.73603],[-109.09536,46.73565],[-109.09552,46.74336],[-109.10586,46.74353],[-109.1058,46.75116],[-109.17907,46.75125],[-109.17906,46.75845],[-109.15802,46.75849],[-109.158,46.76572],[-109.13701,46.76578],[-109.13701,46.77303],[-109.1159,46.77302],[-109.11589,46.78026],[-109.07376,46.78027],[-109.07364,46.80925],[-109.00986,46.8092],[-109.00987,46.79461],[-109.00957,46.7507],[-109.00966,46.73921]]],[[[-110.38771,47.06478],[-110.38769,47.04664],[-110.39824,47.04662],[-110.39822,47.03939],[-110.41938,47.03938],[-110.41939,47.043],[-110.42469,47.043],[-110.42471,47.04662],[-110.43001,47.04662],[-110.43008,47.0611],[-110.41946,47.06109],[-110.41948,47.06833],[-110.38771,47.06841],[-110.38771,47.06478]]],[[[-111.26754,46.8697],[-111.27127,46.87043],[-111.26865,46.87394],[-111.28503,46.87396],[-111.285,46.88121],[-111.26397,46.88116],[-111.26397,46.87026],[-111.26754,46.8697]]],[[[-112.90142,46.93322],[-112.92231,46.93324],[-112.92229,46.94042],[-112.91197,46.94043],[-112.91197,46.94405],[-112.90668,46.94405],[-112.90669,46.94043],[-112.9014,46.94043],[-112.90142,46.93322]]],[[[-111.27425,46.89586],[-111.28499,46.89565],[-111.28494,46.91022],[-111.28169,46.90861],[-111.27262,46.90579],[-111.27166,46.90296],[-111.2745,46.89959],[-111.27425,46.89586]]],[[[-111.25861,46.33603],[-111.25859,46.32517],[-111.27427,46.32517],[-111.27427,46.32878],[-111.26905,46.32878],[-111.26905,46.3324],[-111.26382,46.3324],[-111.26382,46.33602],[-111.25861,46.33603]]],[[[-112.63804,47.86377],[-112.63805,47.86016],[-112.64882,47.86017],[-112.64886,47.87058],[-112.63803,47.87056],[-112.63804,47.86377]]],[[[-110.43683,46.54836],[-110.43683,46.5447],[-110.44732,46.54463],[-110.44736,46.55194],[-110.43686,46.55201],[-110.43683,46.54836]]],[[[-112.65834,46.95148],[-112.65837,46.95875],[-112.64781,46.95864],[-112.64779,46.95138],[-112.65834,46.95148]]],[[[-112.56401,46.94413],[-112.56398,46.93685],[-112.56926,46.93685],[-112.5693,46.94412],[-112.56401,46.94413]]],[[[-112.30599,47.08557],[-112.30601,47.09021],[-112.30073,47.09022],[-112.30072,47.08556],[-112.30599,47.08557]]],[[[-111.49358,46.32266],[-111.49878,46.3227],[-111.4988,46.32632],[-111.4936,46.32628],[-111.49358,46.32266]]],[[[-112.58506,46.92959],[-112.58508,46.93321],[-112.57981,46.93321],[-112.57979,46.92957],[-112.58506,46.92959]]]]},"properties":{"MA_ID":15,"MANAME":"Helena-Lewis & Clark National Forest","MANAGER":"Helena-Lewis & Clark National Forest","MA_TYPE":"FFSNF","INSTTYPE":"Federal","INST":"US Forest Service","UNITTYPE":"National Forest","ACRES":3177728.42489,"DataSource":"USFS","SourceDate":"2018-05-29T00:00:00.000Z","URL":"https://www.fs.usda.gov/helena/","EditDate":"2018-06-01T00:00:00.000Z","SourceName":"Helena-Lewis and Clark National Forest","GAP_Sts":"3","GAPCdSrc":"GAP - Default","GAPCdDt":"2024","Mang_Name":"USFS","Des_Tp":"NF","Own_Name":"USFS","ChangeNote":"","Shape_Leng":2589372.43151,"Shape_Area":12845224158.3}},
{"type":"Feature","geometry":{"type":"MultiPolygon","coordinates":[[[[-114.23205,46.02962],[-114.22683,46.02872],[-114.22162,46.02873],[-114.2214,46.00796],[-114.21621,46.00799],[-114.21614,45.99729],[-114.22132,45.99731],[-114.22129,45.99392],[-114.2006,45.9936],[-114.20061,45.98997],[-114.19539,45.98999],[-114.19539,45.98636],[-114.17965,45.98642],[-114.17959,45.98279],[-114.1744,45.9828],[-114.17437,45.9776],[-114.17771,45.97758],[-114.18154,45.97553],[-114.18486,45.97552],[-114.18489,45.97189],[-114.19009,45.97187],[-114.19016,45.9574],[-114.17427,45.9575],[-114.17417,45.95028],[-114.16895,45.95025],[-114.16885,45.9428],[-114.1584,45.94278],[-114.15828,45.93536],[-114.1531,45.93544],[-114.153,45.93185],[-114.14788,45.93193],[-114.1478,45.92466],[-114.14258,45.92476],[-114.14244,45.91753],[-114.14764,45.91745],[-114.14776,45.92099],[-114.15823,45.921],[-114.15774,45.91026],[-114.1474,45.91032],[-114.14752,45.9139],[-114.14234,45.91393],[-114.14225,45.91035],[-114.13709,45.91038],[-114.13713,45.91237],[-114.13244,45.91238],[-114.13243,45.90888],[-114.13023,45.90887],[-114.13019,45.90185],[-114.12216,45.90168],[-114.12219,45.89083],[-114.11702,45.89076],[-114.11705,45.88333],[-114.11187,45.88334],[-114.11184,45.88696],[-114.10667,45.88698],[-114.10676,45.87612],[-114.09648,45.87614],[-114.09654,45.87252],[-114.07043,45.87249],[-114.04974,45.8726],[-114.04981,45.87621],[-114.04461,45.87623],[-114.04463,45.87985],[-114.03938,45.87987],[-114.03934,45.8871],[-114.05001,45.88711],[-114.04986,45.89071],[-114.06005,45.89065],[-114.05957,45.91613],[-114.06029,45.91613],[-114.0603,45.92666],[-114.06512,45.92669],[-114.06501,45.92307],[-114.0702,45.9231],[-114.07009,45.9195],[-114.08078,45.91953],[-114.0808,45.92678],[-114.0703,45.92672],[-114.07042,45.9306],[-114.08081,45.9304],[-114.10155,45.93045],[-114.10158,45.94499],[-114.10215,45.95981],[-114.08157,45.95981],[-114.08169,45.97439],[-114.04005,45.97455],[-114.04029,45.98966],[-114.061,45.98906],[-114.08135,45.98881],[-114.08136,45.99596],[-114.10276,45.99596],[-114.10271,46.01771],[-114.1234,46.01749],[-114.12314,46.0317],[-114.13872,46.03162],[-114.13876,46.03896],[-114.12817,46.03894],[-114.12819,46.04256],[-114.12279,46.04255],[-114.12273,46.06103],[-114.13928,46.06105],[-114.13929,46.06466],[-114.12274,46.06466],[-114.12279,46.07812],[-114.12713,46.08023],[-114.13099,46.08109],[-114.13469,46.08042],[-114.13685,46.0817],[-114.13938,46.08073],[-114.14951,46.0808],[-114.1495,46.07716],[-114.15964,46.07721],[-114.15964,46.08087],[-114.15457,46.08084],[-114.15457,46.08452],[-114.1495,46.08452],[-114.1495,46.08823],[-114.15457,46.08821],[-114.15457,46.09186],[-114.1649,46.09179],[-114.16493,46.09543],[-114.14949,46.09555],[-114.14953,46.09918],[-114.14444,46.09921],[-114.14446,46.10283],[-114.13936,46.10286],[-114.13932,46.11879],[-114.12813,46.1188],[-114.1281,46.11159],[-114.12291,46.11159],[-114.12289,46.10437],[-114.11253,46.10436],[-114.11254,46.10797],[-114.10735,46.10797],[-114.10735,46.10435],[-114.10217,46.10434],[-114.10219,46.11552],[-114.10922,46.11348],[-114.10925,46.11773],[-114.11378,46.11568],[-114.11634,46.1182],[-114.11122,46.1208],[-114.11815,46.12265],[-114.12349,46.12227],[-114.12524,46.12388],[-114.12496,46.1258],[-114.12116,46.12571],[-114.12171,46.12876],[-114.12845,46.12877],[-114.1288,46.13245],[-114.12292,46.13329],[-114.12293,46.13903],[-114.10224,46.13906],[-114.10222,46.1297],[-114.09188,46.12969],[-114.09189,46.13694],[-114.08156,46.13691],[-114.08157,46.13908],[-114.06102,46.13911],[-114.06115,46.14997],[-114.05072,46.14998],[-114.05067,46.13912],[-114.02992,46.13914],[-114.02994,46.15362],[-114.0091,46.1536],[-114.00912,46.1681],[-114.01434,46.16812],[-114.01436,46.17535],[-114.00914,46.17534],[-114.00915,46.19711],[-113.98826,46.19711],[-113.98826,46.22598],[-113.96731,46.22601],[-113.96705,46.24774],[-113.9723,46.24775],[-113.97218,46.25511],[-113.96694,46.25513],[-113.96658,46.3126],[-113.96619,46.34143],[-113.96815,46.34143],[-113.96801,46.35585],[-113.94516,46.35586],[-113.94502,46.39989],[-113.90576,46.39977],[-113.90608,46.4292],[-113.91131,46.42916],[-113.91131,46.43278],[-113.90608,46.43281],[-113.90607,46.45812],[-113.90676,46.4726],[-113.90676,46.48709],[-113.92028,46.48712],[-113.92031,46.51632],[-113.92067,46.53083],[-113.9207,46.54532],[-113.89979,46.54539],[-113.89997,46.55999],[-113.87909,46.56],[-113.87917,46.57434],[-113.89854,46.5743],[-113.89855,46.61791],[-113.89867,46.64692],[-113.8985,46.67532],[-113.91993,46.67534],[-113.91999,46.68982],[-113.94094,46.68987],[-113.94102,46.70439],[-113.93711,46.70257],[-113.9372,46.69891],[-113.92998,46.69674],[-113.92611,46.69632],[-113.92108,46.69423],[-113.91771,46.69459],[-113.91543,46.69348],[-113.91152,46.69325],[-113.90883,46.69432],[-113.90623,46.69015],[-113.90269,46.68713],[-113.90164,46.68407],[-113.894,46.68048],[-113.88523,46.68123],[-113.8814,46.68322],[-113.87831,46.68258],[-113.87546,46.68346],[-113.87307,46.68744],[-113.87009,46.68787],[-113.86355,46.68685],[-113.85377,46.68783],[-113.8504,46.68428],[-113.84823,46.68413],[-113.84066,46.68116],[-113.83816,46.67883],[-113.83196,46.67807],[-113.82905,46.67671],[-113.82345,46.67081],[-113.82635,46.66979],[-113.82867,46.66773],[-113.82897,46.66196],[-113.82611,46.65946],[-113.82634,46.65757],[-113.82304,46.65373],[-113.8226,46.64571],[-113.81837,46.64412],[-113.81676,46.64211],[-113.81778,46.63743],[-113.81189,46.63403],[-113.80798,46.6325],[-113.80284,46.62947],[-113.80449,46.62652],[-113.80296,46.62295],[-113.80567,46.61889],[-113.80978,46.619],[-113.81286,46.61806],[-113.81625,46.61529],[-113.81417,46.61369],[-113.80981,46.6087],[-113.81079,46.60707],[-113.80991,46.60414],[-113.80791,46.60251],[-113.80958,46.598],[-113.80929,46.59515],[-113.81128,46.59234],[-113.8117,46.58907],[-113.82296,46.58933],[-113.82803,46.58539],[-113.83415,46.58441],[-113.83606,46.58324],[-113.83598,46.58104],[-113.83354,46.57801],[-113.82988,46.57535],[-113.82872,46.57072],[-113.83465,46.56543],[-113.83603,46.56316],[-113.83704,46.55824],[-113.84093,46.55488],[-113.84056,46.5508],[-113.84302,46.5496],[-113.84518,46.54658],[-113.84657,46.54192],[-113.84517,46.53709],[-113.84723,46.53429],[-113.84834,46.52935],[-113.84592,46.52677],[-113.84609,46.52247],[-113.84846,46.51878],[-113.85005,46.51481],[-113.85314,46.51397],[-113.86361,46.5133],[-113.86619,46.51267],[-113.87159,46.50951],[-113.87465,46.50833],[-113.87675,46.5044],[-113.87888,46.50241],[-113.87862,46.49794],[-113.8768,46.4964],[-113.87217,46.49494],[-113.86593,46.49212],[-113.86792,46.48491],[-113.866,46.4809],[-113.86282,46.48007],[-113.86428,46.47519],[-113.86039,46.47324],[-113.8568,46.4705],[-113.85714,46.46698],[-113.85568,46.46374],[-113.85572,46.45845],[-113.85256,46.4558],[-113.85117,46.4514],[-113.84922,46.44804],[-113.85029,46.44359],[-113.84922,46.44098],[-113.85383,46.43707],[-113.85574,46.43397],[-113.85579,46.42923],[-113.8582,46.42357],[-113.85834,46.42018],[-113.85238,46.41759],[-113.84477,46.41641],[-113.83837,46.41442],[-113.8364,46.41452],[-113.83476,46.41009],[-113.83243,46.40873],[-113.82581,46.41008],[-113.82024,46.40699],[-113.82169,46.40324],[-113.81749,46.40051],[-113.81679,46.3971],[-113.81297,46.39651],[-113.8105,46.39471],[-113.80811,46.38789],[-113.803,46.38672],[-113.801,46.38517],[-113.79787,46.37842],[-113.79761,46.37543],[-113.7961,46.37292],[-113.78815,46.3714],[-113.78597,46.3699],[-113.78706,46.36655],[-113.78571,46.36484],[-113.78312,46.36461],[-113.78217,46.36013],[-113.78253,46.35778],[-113.78609,46.35342],[-113.78616,46.34581],[-113.78465,46.34217],[-113.78473,46.34172],[-113.7855,46.3391],[-113.78363,46.33581],[-113.7821,46.3305],[-113.779,46.32826],[-113.77827,46.32505],[-113.77484,46.32201],[-113.77184,46.32125],[-113.77462,46.31605],[-113.77433,46.31378],[-113.7758,46.31065],[-113.78073,46.30631],[-113.78106,46.30604],[-113.78163,46.30562],[-113.78181,46.30545],[-113.78234,46.30464],[-113.78239,46.30439],[-113.78254,46.30355],[-113.7826,46.30313],[-113.7822,46.30253],[-113.78156,46.30193],[-113.78126,46.30168],[-113.78116,46.30148],[-113.78119,46.30131],[-113.78143,46.3009],[-113.78177,46.30044],[-113.78193,46.30027],[-113.78213,46.30009],[-113.78276,46.29962],[-113.78299,46.2993],[-113.7834,46.29898],[-113.78354,46.29883],[-113.78384,46.29849],[-113.78458,46.29737],[-113.78517,46.29673],[-113.78525,46.29647],[-113.78521,46.29606],[-113.78461,46.29518],[-113.78416,46.29485],[-113.78407,46.29475],[-113.78382,46.29435],[-113.78398,46.29377],[-113.78429,46.29159],[-113.7846,46.29114],[-113.7853,46.29026],[-113.78563,46.28975],[-113.78576,46.2889],[-113.78578,46.28852],[-113.78578,46.28841],[-113.78579,46.28808],[-113.78578,46.28805],[-113.78567,46.28783],[-113.78547,46.28752],[-113.78537,46.28736],[-113.78527,46.28721],[-113.78502,46.28682],[-113.7844,46.28557],[-113.78435,46.28521],[-113.78426,46.28502],[-113.7842,46.28495],[-113.78406,46.28483],[-113.7829,46.28448],[-113.78239,46.28435],[-113.78146,46.28426],[-113.7809,46.28421],[-113.77986,46.28382],[-113.7793,46.28334],[-113.77922,46.28323],[-113.77912,46.28302],[-113.77886,46.28247],[-113.77865,46.28234],[-113.7785,46.28232],[-113.77823,46.28229],[-113.7771,46.28201],[-113.77598,46.28141],[-113.77528,46.28088],[-113.77476,46.28056],[-113.77427,46.28028],[-113.77354,46.27996],[-113.77323,46.27985],[-113.77284,46.27978],[-113.7717,46.27973],[-113.77107,46.27965],[-113.771,46.27963],[-113.77084,46.27958],[-113.77045,46.27934],[-113.76949,46.27876],[-113.76874,46.27829],[-113.76755,46.27769],[-113.76678,46.27741],[-113.76523,46.27718],[-113.76433,46.27707],[-113.76223,46.27654],[-113.76144,46.27618],[-113.76125,46.2761],[-113.76033,46.27578],[-113.75949,46.27558],[-113.75883,46.27547],[-113.75825,46.27552],[-113.75693,46.27564],[-113.75652,46.2755],[-113.75639,46.27547],[-113.75428,46.2745],[-113.7519,46.27335],[-113.75093,46.27235],[-113.75066,46.27222],[-113.75061,46.27219],[-113.75048,46.27209],[-113.75008,46.27156],[-113.74969,46.27079],[-113.74879,46.26912],[-113.74841,46.26797],[-113.7482,46.2655],[-113.74849,46.26522],[-113.75284,46.26361],[-113.75449,46.2629],[-113.75489,46.26271],[-113.75606,46.2614],[-113.75737,46.26025],[-113.75909,46.25932],[-113.75962,46.25888],[-113.76037,46.25797],[-113.76138,46.25729],[-113.76173,46.25679],[-113.76179,46.25584],[-113.76159,46.25466],[-113.76155,46.25386],[-113.76155,46.25241],[-113.76173,46.25147],[-113.76192,46.2511],[-113.76267,46.24992],[-113.76279,46.24957],[-113.763,46.24894],[-113.76336,46.24805],[-113.76353,46.2469],[-113.76353,46.24686],[-113.76352,46.24676],[-113.7635,46.24651],[-113.7637,46.24614],[-113.76472,46.24567],[-113.76499,46.24563],[-113.76539,46.24561],[-113.76891,46.24554],[-113.77246,46.24543],[-113.77299,46.24533],[-113.77326,46.24523],[-113.77393,46.24493],[-113.77437,46.24442],[-113.77447,46.24412],[-113.77464,46.24381],[-113.77477,46.24359],[-113.7748,46.24334],[-113.77502,46.24292],[-113.77521,46.24249],[-113.77529,46.24173],[-113.77526,46.24138],[-113.77533,46.24085],[-113.77545,46.24065],[-113.77648,46.23962],[-113.77771,46.23836],[-113.77796,46.23797],[-113.77808,46.2377],[-113.77816,46.23727],[-113.77821,46.23686],[-113.77823,46.23676],[-113.77815,46.2362],[-113.77801,46.23575],[-113.77776,46.23531],[-113.77698,46.23435],[-113.77604,46.23233],[-113.77529,46.2313],[-113.77505,46.23032],[-113.77492,46.22953],[-113.77515,46.2282],[-113.77558,46.22785],[-113.77658,46.22754],[-113.7781,46.22727],[-113.78078,46.22665],[-113.78225,46.22612],[-113.78253,46.22601],[-113.78315,46.22568],[-113.7845,46.22517],[-113.7852,46.22497],[-113.78562,46.22481],[-113.78578,46.22471],[-113.78588,46.22466],[-113.78665,46.22441],[-113.78876,46.22358],[-113.79074,46.22316],[-113.79115,46.22311],[-113.79187,46.22289],[-113.79227,46.22275],[-113.79367,46.22247],[-113.79442,46.22238],[-113.79528,46.2222],[-113.79751,46.22133],[-113.7977,46.22093],[-113.79772,46.2209],[-113.79808,46.22036],[-113.79841,46.22013],[-113.7993,46.21967],[-113.79991,46.21918],[-113.79996,46.21913],[-113.80063,46.21901],[-113.80165,46.21916],[-113.80296,46.21915],[-113.80561,46.21859],[-113.80713,46.21837],[-113.80879,46.21802],[-113.80936,46.21785],[-113.81056,46.2175],[-113.81102,46.21737],[-113.8119,46.21718],[-113.81256,46.21698],[-113.81365,46.21653],[-113.815,46.21629],[-113.81593,46.2162],[-113.81703,46.21575],[-113.82062,46.21302],[-113.82092,46.21273],[-113.8215,46.21171],[-113.82239,46.20996],[-113.82272,46.20925],[-113.82296,46.20867],[-113.82296,46.20846],[-113.82298,46.20826],[-113.82299,46.20792],[-113.82299,46.20779],[-113.82301,46.2076],[-113.82304,46.20742],[-113.82308,46.20703],[-113.82308,46.20647],[-113.82314,46.20591],[-113.82318,46.2057],[-113.82376,46.20413],[-113.82391,46.20314],[-113.8239,46.20278],[-113.82385,46.20248],[-113.82379,46.20233],[-113.82336,46.20177],[-113.82179,46.20061],[-113.82143,46.20016],[-113.82136,46.19991],[-113.82132,46.1994],[-113.82114,46.19842],[-113.81991,46.19649],[-113.81986,46.1964],[-113.81966,46.1954],[-113.81981,46.19476],[-113.81983,46.1944],[-113.8198,46.19412],[-113.81947,46.19344],[-113.81916,46.19298],[-113.81867,46.19254],[-113.81799,46.1917],[-113.818,46.19147],[-113.81805,46.19122],[-113.81778,46.19101],[-113.81635,46.19051],[-113.81613,46.19043],[-113.81351,46.18965],[-113.81271,46.18955],[-113.81196,46.18961],[-113.81139,46.1898],[-113.81102,46.1899],[-113.81013,46.19021],[-113.81008,46.19023],[-113.80918,46.1907],[-113.80816,46.19174],[-113.80766,46.19216],[-113.8065,46.19242],[-113.80616,46.19174],[-113.80471,46.19099],[-113.80408,46.19105],[-113.80371,46.19105],[-113.80314,46.19124],[-113.80262,46.19138],[-113.80244,46.19136],[-113.80172,46.19104],[-113.80099,46.19039],[-113.80091,46.19003],[-113.80101,46.18986],[-113.80124,46.18966],[-113.80129,46.18942],[-113.80085,46.18885],[-113.80037,46.18807],[-113.80029,46.18774],[-113.80009,46.18693],[-113.79972,46.18638],[-113.79941,46.18615],[-113.79848,46.18567],[-113.79765,46.18514],[-113.79543,46.18482],[-113.79511,46.18477],[-113.79319,46.18328],[-113.79246,46.18304],[-113.79181,46.18287],[-113.79091,46.18279],[-113.78998,46.1825],[-113.78958,46.18212],[-113.7895,46.18186],[-113.78952,46.18141],[-113.78941,46.18124],[-113.78898,46.18104],[-113.787,46.18133],[-113.78578,46.18141],[-113.78529,46.18138],[-113.78485,46.18112],[-113.78476,46.18091],[-113.78501,46.18033],[-113.78522,46.1801],[-113.78563,46.17981],[-113.78578,46.17976],[-113.78694,46.17908],[-113.78702,46.17897],[-113.78739,46.17846],[-113.78784,46.178],[-113.78868,46.17766],[-113.78894,46.17749],[-113.78912,46.17733],[-113.78958,46.17618],[-113.78967,46.17592],[-113.79024,46.17552],[-113.79089,46.17547],[-113.79141,46.17522],[-113.79171,46.17473],[-113.79137,46.17406],[-113.79032,46.17234],[-113.79018,46.17204],[-113.79013,46.17154],[-113.79013,46.1714],[-113.79013,46.17125],[-113.7903,46.17076],[-113.79105,46.16951],[-113.79214,46.16864],[-113.79229,46.16835],[-113.79175,46.16786],[-113.79143,46.1677],[-113.79079,46.16695],[-113.79077,46.16655],[-113.79087,46.16569],[-113.79089,46.16553],[-113.79069,46.16482],[-113.79041,46.16323],[-113.79008,46.16275],[-113.79005,46.1623],[-113.7904,46.16151],[-113.79072,46.16114],[-113.79105,46.16056],[-113.79131,46.16032],[-113.79192,46.15967],[-113.79206,46.15946],[-113.79231,46.15856],[-113.79264,46.15743],[-113.79286,46.15705],[-113.79337,46.15625],[-113.79378,46.15573],[-113.79431,46.15482],[-113.79462,46.15425],[-113.79482,46.15386],[-113.79501,46.15353],[-113.79463,46.15142],[-113.79385,46.15046],[-113.7937,46.15023],[-113.7935,46.15002],[-113.79259,46.14962],[-113.79103,46.14878],[-113.79009,46.14817],[-113.78975,46.14803],[-113.78922,46.14786],[-113.78861,46.1475],[-113.78782,46.14707],[-113.7871,46.1467],[-113.78684,46.14645],[-113.78645,46.14587],[-113.78637,46.14574],[-113.7859,46.14525],[-113.78561,46.14505],[-113.78522,46.14487],[-113.78433,46.14461],[-113.78374,46.1445],[-113.78202,46.1445],[-113.78116,46.1445],[-113.7807,46.14449],[-113.78036,46.14449],[-113.7801,46.14439],[-113.78002,46.14424],[-113.78002,46.14419],[-113.78001,46.14402],[-113.78004,46.14386],[-113.7802,46.14334],[-113.78031,46.14274],[-113.78059,46.14204],[-113.78063,46.1419],[-113.78066,46.14165],[-113.78064,46.14139],[-113.78059,46.14128],[-113.78011,46.14073],[-113.77931,46.14016],[-113.77891,46.13994],[-113.77812,46.13959],[-113.77787,46.13944],[-113.77768,46.1393],[-113.77758,46.13885],[-113.77774,46.13829],[-113.7778,46.13806],[-113.77822,46.13729],[-113.77841,46.13656],[-113.77816,46.1361],[-113.77781,46.13568],[-113.77771,46.13555],[-113.77765,46.13548],[-113.7776,46.13489],[-113.77738,46.1344],[-113.77612,46.13375],[-113.77569,46.13373],[-113.77464,46.13363],[-113.77325,46.1336],[-113.77248,46.13348],[-113.77103,46.13293],[-113.77067,46.1327],[-113.77018,46.13232],[-113.76875,46.13093],[-113.76799,46.13004],[-113.76744,46.12908],[-113.76728,46.1288],[-113.76591,46.12624],[-113.76548,46.12535],[-113.7654,46.12511],[-113.76538,46.12499],[-113.76526,46.12457],[-113.76506,46.12367],[-113.76439,46.12239],[-113.76423,46.12216],[-113.76232,46.12087],[-113.76171,46.12042],[-113.76114,46.12003],[-113.76006,46.11946],[-113.75823,46.11822],[-113.75808,46.11807],[-113.7577,46.11752],[-113.75758,46.11718],[-113.75754,46.11699],[-113.75746,46.11659],[-113.75689,46.11553],[-113.75598,46.11461],[-113.75538,46.11416],[-113.75431,46.11336],[-113.75392,46.11312],[-113.75332,46.11252],[-113.75323,46.11231],[-113.75317,46.11201],[-113.75322,46.11174],[-113.75393,46.11014],[-113.75436,46.10799],[-113.75439,46.10777],[-113.75435,46.10744],[-113.75432,46.10712],[-113.75436,46.10668],[-113.75455,46.1062],[-113.75486,46.10568],[-113.75495,46.10547],[-113.755,46.1054],[-113.75532,46.10506],[-113.75557,46.10477],[-113.75581,46.1045],[-113.75652,46.10395],[-113.75698,46.10375],[-113.75777,46.10348],[-113.75865,46.1033],[-113.75979,46.10318],[-113.76157,46.10314],[-113.76231,46.10303],[-113.76292,46.1029],[-113.76406,46.10264],[-113.76457,46.1025],[-113.76488,46.10241],[-113.76584,46.10202],[-113.76637,46.10176],[-113.76701,46.10155],[-113.76796,46.09982],[-113.76818,46.09905],[-113.76828,46.09809],[-113.76826,46.09737],[-113.76845,46.09633],[-113.7689,46.09513],[-113.76909,46.09452],[-113.77078,46.09066],[-113.77104,46.0903],[-113.77123,46.09002],[-113.77162,46.08928],[-113.77171,46.08901],[-113.77189,46.088],[-113.77183,46.08749],[-113.77154,46.08663],[-113.77118,46.08629],[-113.77119,46.08611],[-113.77256,46.08505],[-113.77325,46.08413],[-113.77372,46.08322],[-113.77422,46.08289],[-113.77529,46.08257],[-113.77597,46.08219],[-113.77632,46.08199],[-113.77688,46.08178],[-113.77787,46.08132],[-113.77851,46.08103],[-113.77971,46.08008],[-113.78004,46.07922],[-113.7803,46.07897],[-113.78116,46.07839],[-113.78431,46.0767],[-113.78697,46.0748],[-113.78745,46.07444],[-113.788,46.07377],[-113.78779,46.07295],[-113.78773,46.07275],[-113.78748,46.0724],[-113.78671,46.07146],[-113.7865,46.07116],[-113.7861,46.07009],[-113.78674,46.068],[-113.78768,46.06763],[-113.78781,46.06761],[-113.78903,46.0672],[-113.78924,46.06693],[-113.78953,46.06616],[-113.79069,46.06468],[-113.79264,46.06364],[-113.79298,46.06339],[-113.79298,46.06327],[-113.79262,46.06228],[-113.79265,46.06203],[-113.79263,46.06191],[-113.7926,46.06165],[-113.79229,46.06033],[-113.7922,46.0595],[-113.79217,46.059],[-113.7924,46.05834],[-113.79327,46.0565],[-113.79332,46.05643],[-113.79428,46.05542],[-113.79446,46.05491],[-113.79521,46.05415],[-113.79689,46.05302],[-113.79801,46.05208],[-113.79901,46.05135],[-113.80077,46.05058],[-113.80104,46.05039],[-113.80189,46.04999],[-113.80258,46.0498],[-113.80293,46.0496],[-113.8035,46.04904],[-113.80355,46.04847],[-113.80207,46.04607],[-113.80187,46.04546],[-113.80173,46.04473],[-113.80163,46.04439],[-113.80166,46.04396],[-113.80173,46.04343],[-113.80196,46.04245],[-113.80203,46.04225],[-113.80222,46.0417],[-113.80269,46.04107],[-113.80342,46.03993],[-113.80368,46.03906],[-113.80378,46.03863],[-113.80385,46.0382],[-113.80368,46.03768],[-113.80313,46.03718],[-113.80214,46.03662],[-113.80167,46.03637],[-113.8009,46.03584],[-113.80024,46.03553],[-113.7991,46.03549],[-113.79849,46.0355],[-113.7983,46.03549],[-113.79758,46.0353],[-113.7966,46.03502],[-113.79583,46.03492],[-113.79457,46.03502],[-113.79403,46.03509],[-113.79201,46.03533],[-113.79129,46.03528],[-113.79007,46.03502],[-113.78818,46.03453],[-113.78759,46.03432],[-113.78564,46.03344],[-113.78427,46.03251],[-113.78347,46.03227],[-113.78183,46.03197],[-113.77983,46.03176],[-113.77886,46.03172],[-113.77802,46.0318],[-113.77761,46.0318],[-113.77645,46.03143],[-113.7759,46.03134],[-113.77477,46.03094],[-113.77255,46.02979],[-113.7725,46.02976],[-113.77208,46.02936],[-113.77156,46.02901],[-113.77035,46.02839],[-113.76902,46.0278],[-113.76851,46.02813],[-113.76801,46.02831],[-113.76741,46.02844],[-113.7671,46.02852],[-113.76621,46.02902],[-113.76534,46.02935],[-113.76383,46.02974],[-113.76283,46.02987],[-113.76269,46.02988],[-113.76131,46.03001],[-113.76054,46.03012],[-113.76031,46.03037],[-113.76066,46.03073],[-113.76084,46.03135],[-113.76084,46.03136],[-113.76064,46.03209],[-113.76021,46.03273],[-113.75999,46.0331],[-113.75971,46.03447],[-113.75959,46.03496],[-113.75949,46.03562],[-113.75935,46.03601],[-113.75906,46.03637],[-113.75884,46.03663],[-113.7587,46.03691],[-113.75848,46.0374],[-113.75819,46.03791],[-113.75784,46.03809],[-113.75765,46.03815],[-113.75705,46.03857],[-113.75674,46.03888],[-113.75623,46.03955],[-113.75579,46.04036],[-113.75571,46.04069],[-113.75614,46.04156],[-113.75617,46.04167],[-113.75613,46.04177],[-113.75592,46.04205],[-113.75572,46.0426],[-113.75574,46.04315],[-113.75572,46.04326],[-113.75564,46.04378],[-113.75552,46.04416],[-113.75471,46.04538],[-113.7543,46.0458],[-113.75375,46.04632],[-113.75283,46.04703],[-113.752,46.04743],[-113.75098,46.04787],[-113.75002,46.04802],[-113.74914,46.04824],[-113.74884,46.04826],[-113.74828,46.04832],[-113.74773,46.04831],[-113.74711,46.04825],[-113.74659,46.04834],[-113.74628,46.04846],[-113.74565,46.04868],[-113.74415,46.04845],[-113.74387,46.04824],[-113.74328,46.04788],[-113.74224,46.04747],[-113.74157,46.04726],[-113.74099,46.04687],[-113.74018,46.04639],[-113.73936,46.04568],[-113.73881,46.04475],[-113.7381,46.04411],[-113.73746,46.04361],[-113.73704,46.0432],[-113.73687,46.04293],[-113.73623,46.04227],[-113.73612,46.04215],[-113.73538,46.0413],[-113.73518,46.04101],[-113.7351,46.04084],[-113.73488,46.04043],[-113.73452,46.04007],[-113.73407,46.03976],[-113.73401,46.03972],[-113.73372,46.03929],[-113.7332,46.03894],[-113.73286,46.03876],[-113.73173,46.03837],[-113.73115,46.03852],[-113.73089,46.03861],[-113.72965,46.03866],[-113.729,46.03864],[-113.7288,46.03865],[-113.72837,46.03861],[-113.72762,46.03854],[-113.7271,46.03857],[-113.72646,46.03855],[-113.72533,46.03859],[-113.72414,46.0386],[-113.72208,46.03876],[-113.72052,46.03895],[-113.71805,46.03915],[-113.71669,46.03901],[-113.71607,46.03897],[-113.7156,46.03891],[-113.71443,46.03872],[-113.71385,46.03863],[-113.71286,46.03861],[-113.71179,46.03886],[-113.71133,46.03904],[-113.71124,46.03907],[-113.71087,46.03913],[-113.70991,46.03922],[-113.70605,46.03882],[-113.7048,46.03849],[-113.70381,46.03826],[-113.70339,46.03818],[-113.7026,46.03805],[-113.70159,46.03802],[-113.70033,46.03779],[-113.70029,46.03778],[-113.69906,46.03752],[-113.69682,46.03727],[-113.69521,46.03741],[-113.69454,46.03743],[-113.69371,46.0373],[-113.69338,46.03712],[-113.69288,46.03663],[-113.69212,46.03601],[-113.69095,46.03575],[-113.69003,46.03569],[-113.68917,46.03564],[-113.68823,46.03552],[-113.68767,46.03541],[-113.68725,46.03524],[-113.68679,46.03472],[-113.6874,46.03415],[-113.68778,46.03367],[-113.68795,46.03279],[-113.68801,46.03259],[-113.6883,46.03192],[-113.68831,46.03179],[-113.68829,46.03159],[-113.68827,46.0314],[-113.68827,46.03138],[-113.68829,46.03118],[-113.6884,46.03096],[-113.68889,46.03031],[-113.68927,46.02999],[-113.68997,46.02931],[-113.69001,46.02925],[-113.69033,46.02834],[-113.69032,46.02814],[-113.69035,46.02801],[-113.69071,46.02665],[-113.69077,46.02631],[-113.69082,46.02595],[-113.69066,46.02562],[-113.69017,46.0254],[-113.68984,46.02528],[-113.68974,46.02525],[-113.689,46.02504],[-113.68835,46.02481],[-113.68804,46.02461],[-113.68768,46.02429],[-113.68725,46.02393],[-113.68686,46.02366],[-113.68545,46.0232],[-113.68479,46.02312],[-113.68342,46.02307],[-113.68243,46.02302],[-113.68202,46.02304],[-113.68125,46.02305],[-113.68015,46.02304],[-113.68005,46.02305],[-113.67962,46.0231],[-113.67944,46.02308],[-113.67799,46.02249],[-113.67736,46.02264],[-113.67546,46.02337],[-113.67489,46.02352],[-113.67431,46.02361],[-113.67369,46.02365],[-113.67247,46.02353],[-113.67201,46.02343],[-113.67183,46.02339],[-113.67137,46.02319],[-113.67117,46.02284],[-113.67139,46.02232],[-113.67192,46.02141],[-113.67229,46.02104],[-113.6725,46.02075],[-113.67263,46.02059],[-113.67291,46.02026],[-113.67352,46.01948],[-113.67431,46.01859],[-113.67444,46.01838],[-113.67499,46.01786],[-113.67515,46.01773],[-113.67575,46.01682],[-113.67584,46.01666],[-113.67611,46.01616],[-113.67639,46.01552],[-113.6764,46.01523],[-113.67633,46.01508],[-113.67593,46.01497],[-113.67533,46.01479],[-113.67437,46.01428],[-113.6741,46.01411],[-113.67355,46.01375],[-113.67342,46.01366],[-113.6727,46.01312],[-113.67188,46.01241],[-113.67151,46.01187],[-113.67135,46.0112],[-113.67134,46.01074],[-113.67214,46.00952],[-113.67224,46.0094],[-113.67241,46.00907],[-113.67317,46.00713],[-113.67298,46.00693],[-113.67282,46.00674],[-113.67188,46.00577],[-113.67132,46.00523],[-113.67006,46.00388],[-113.66951,46.00337],[-113.66908,46.00308],[-113.66827,46.00214],[-113.66806,46.00175],[-113.66784,46.00124],[-113.66768,46.00073],[-113.66773,46.00051],[-113.66775,46.00036],[-113.66773,46.0003],[-113.66768,46.00016],[-113.66769,45.99992],[-113.66771,45.99852],[-113.66771,45.99847],[-113.66771,45.99846],[-113.66774,45.99838],[-113.6682,45.99737],[-113.66848,45.99678],[-113.66873,45.99652],[-113.66916,45.99616],[-113.67013,45.99554],[-113.6702,45.99547],[-113.67038,45.99491],[-113.66981,45.99331],[-113.66916,45.99281],[-113.66849,45.99235],[-113.66708,45.99128],[-113.66692,45.99111],[-113.66615,45.99011],[-113.66538,45.98813],[-113.66526,45.98795],[-113.66494,45.98766],[-113.66408,45.98665],[-113.66404,45.98646],[-113.66402,45.98636],[-113.66402,45.98631],[-113.66406,45.98609],[-113.66416,45.98557],[-113.66426,45.98532],[-113.66431,45.9852],[-113.66427,45.98434],[-113.66412,45.98306],[-113.66402,45.98242],[-113.66402,45.9819],[-113.66411,45.98125],[-113.66371,45.98042],[-113.66284,45.97956],[-113.66238,45.97916],[-113.66152,45.97835],[-113.66062,45.97781],[-113.66002,45.97764],[-113.65891,45.97729],[-113.65832,45.97708],[-113.65724,45.97647],[-113.65701,45.9762],[-113.65661,45.9754],[-113.65607,45.97472],[-113.65577,45.97431],[-113.65548,45.97371],[-113.65516,45.97315],[-113.6546,45.97249],[-113.65355,45.97124],[-113.65305,45.97064],[-113.65272,45.97017],[-113.65241,45.96996],[-113.65197,45.9697],[-113.65173,45.96953],[-113.65136,45.9689],[-113.65115,45.96807],[-113.64959,45.96595],[-113.64954,45.9659],[-113.64919,45.96562],[-113.64869,45.96525],[-113.64826,45.96501],[-113.64585,45.96416],[-113.64534,45.96394],[-113.64433,45.96344],[-113.64376,45.96335],[-113.64311,45.96386],[-113.64282,45.96414],[-113.64136,45.96495],[-113.64091,45.96496],[-113.63911,45.96571],[-113.63825,45.96586],[-113.63783,45.96587],[-113.63676,45.96593],[-113.63569,45.9661],[-113.63456,45.96603],[-113.63379,45.96589],[-113.63274,45.96573],[-113.63159,45.96577],[-113.6303,45.96589],[-113.62992,45.96592],[-113.62938,45.9666],[-113.62898,45.96747],[-113.62858,45.96802],[-113.62724,45.96911],[-113.62689,45.96936],[-113.62671,45.9695],[-113.62626,45.96975],[-113.62611,45.9698],[-113.62601,45.96981],[-113.62591,45.96981],[-113.62562,45.96978],[-113.62544,45.96976],[-113.62399,45.9697],[-113.62309,45.96969],[-113.62266,45.96968],[-113.62226,45.96966],[-113.6213,45.9696],[-113.62028,45.96954],[-113.61909,45.96971],[-113.61803,45.9701],[-113.6172,45.97039],[-113.61699,45.9704],[-113.61526,45.96993],[-113.61506,45.96973],[-113.61498,45.96961],[-113.61492,45.96947],[-113.61478,45.96906],[-113.61475,45.96894],[-113.61457,45.96845],[-113.61447,45.96822],[-113.61421,45.96791],[-113.61359,45.96696],[-113.6135,45.96676],[-113.61339,45.96651],[-113.61331,45.96628],[-113.61331,45.96617],[-113.61331,45.96597],[-113.61335,45.96584],[-113.61342,45.96553],[-113.61344,45.96532],[-113.6136,45.96453],[-113.61358,45.96442],[-113.61348,45.96414],[-113.61333,45.96379],[-113.61312,45.96343],[-113.61291,45.96298],[-113.61276,45.96257],[-113.61275,45.96241],[-113.61277,45.96222],[-113.61279,45.96213],[-113.6128,45.96209],[-113.61287,45.96198],[-113.61322,45.96145],[-113.61337,45.96106],[-113.61351,45.96022],[-113.61354,45.95976],[-113.61344,45.9594],[-113.61333,45.95901],[-113.61322,45.95875],[-113.61322,45.95872],[-113.61319,45.95862],[-113.61319,45.95859],[-113.61318,45.95853],[-113.61319,45.95844],[-113.61332,45.95793],[-113.61332,45.95787],[-113.61333,45.95785],[-113.61329,45.95773],[-113.61323,45.95753],[-113.61313,45.95733],[-113.61277,45.95666],[-113.61223,45.95601],[-113.61159,45.9555],[-113.61112,45.95511],[-113.61104,45.95504],[-113.61035,45.9541],[-113.61029,45.95398],[-113.60986,45.95307],[-113.60968,45.95272],[-113.60951,45.95213],[-113.60946,45.95196],[-113.6094,45.95145],[-113.60939,45.95141],[-113.60917,45.95051],[-113.60902,45.95003],[-113.60899,45.94995],[-113.6088,45.94978],[-113.6085,45.94956],[-113.60734,45.94884],[-113.60681,45.9486],[-113.60654,45.94847],[-113.60606,45.94823],[-113.60592,45.9482],[-113.60558,45.94815],[-113.6047,45.94842],[-113.60417,45.94855],[-113.60356,45.94866],[-113.60328,45.94869],[-113.60295,45.94874],[-113.60272,45.94881],[-113.60146,45.94943],[-113.60106,45.94956],[-113.60072,45.94967],[-113.60034,45.94986],[-113.59991,45.94996],[-113.59976,45.94998],[-113.59968,45.94999],[-113.59915,45.95001],[-113.59859,45.94997],[-113.59833,45.94992],[-113.59736,45.94987],[-113.59674,45.94989],[-113.59626,45.94991],[-113.59587,45.9499],[-113.59545,45.94984],[-113.59527,45.94981],[-113.59381,45.9493],[-113.5932,45.94918],[-113.5929,45.94901],[-113.59255,45.94878],[-113.59159,45.94803],[-113.59127,45.94778],[-113.59125,45.94776],[-113.59122,45.94773],[-113.59105,45.94755],[-113.59044,45.94704],[-113.58961,45.94667],[-113.58942,45.94661],[-113.58908,45.94657],[-113.58895,45.94656],[-113.58865,45.94659],[-113.58837,45.94661],[-113.58819,45.94665],[-113.58779,45.94677],[-113.58715,45.94695],[-113.58659,45.94708],[-113.58585,45.94721],[-113.58581,45.94722],[-113.58504,45.9474],[-113.58465,45.94731],[-113.58413,45.94713],[-113.58384,45.94702],[-113.58374,45.94696],[-113.58338,45.94655],[-113.58289,45.9463],[-113.58258,45.94614],[-113.58171,45.94563],[-113.58067,45.94502],[-113.57947,45.94411],[-113.57945,45.94407],[-113.57941,45.94367],[-113.57941,45.94334],[-113.57961,45.94194],[-113.57995,45.94089],[-113.58007,45.9405],[-113.58009,45.94042],[-113.58012,45.94033],[-113.58019,45.93986],[-113.58005,45.9394],[-113.57984,45.93907],[-113.57951,45.93879],[-113.57887,45.93864],[-113.57834,45.93858],[-113.5779,45.93858],[-113.57694,45.93872],[-113.57559,45.93884],[-113.57549,45.93886],[-113.57426,45.93918],[-113.57373,45.93938],[-113.57356,45.93947],[-113.57295,45.93975],[-113.57262,45.93996],[-113.57171,45.94058],[-113.57057,45.94102],[-113.57025,45.94122],[-113.56983,45.94134],[-113.56779,45.94164],[-113.5673,45.94164],[-113.56701,45.94164],[-113.56595,45.9417],[-113.56565,45.94167],[-113.56486,45.94175],[-113.56471,45.94176],[-113.56346,45.94193],[-113.563,45.94248],[-113.56294,45.94259],[-113.56175,45.94315],[-113.56119,45.94343],[-113.56004,45.9439],[-113.55996,45.94392],[-113.55944,45.94408],[-113.55879,45.94443],[-113.55851,45.94458],[-113.5581,45.94482],[-113.55752,45.94519],[-113.55674,45.94565],[-113.5561,45.94599],[-113.55596,45.94608],[-113.55569,45.94631],[-113.55538,45.94659],[-113.55487,45.94696],[-113.55476,45.94704],[-113.55448,45.94723],[-113.55398,45.94721],[-113.55366,45.94711],[-113.54987,45.94642],[-113.54967,45.94641],[-113.54935,45.94644],[-113.5493,45.94645],[-113.54898,45.94651],[-113.54844,45.94664],[-113.54741,45.9467],[-113.54645,45.94652],[-113.54613,45.94644],[-113.54531,45.94626],[-113.54467,45.94625],[-113.54447,45.94623],[-113.54427,45.94623],[-113.54381,45.94621],[-113.54371,45.94618],[-113.54352,45.94604],[-113.54318,45.94581],[-113.54217,45.94533],[-113.54118,45.9451],[-113.53916,45.94482],[-113.53896,45.94484],[-113.53862,45.94486],[-113.53847,45.94478],[-113.5383,45.94466],[-113.53795,45.94448],[-113.53769,45.94443],[-113.53731,45.94444],[-113.53699,45.94448],[-113.53636,45.94456],[-113.53574,45.94469],[-113.53453,45.94493],[-113.53336,45.94511],[-113.53281,45.94515],[-113.53007,45.94522],[-113.5296,45.94525],[-113.52877,45.94521],[-113.5284,45.9452],[-113.52638,45.94508],[-113.52602,45.94487],[-113.52593,45.94469],[-113.52563,45.94436],[-113.52532,45.94394],[-113.52508,45.94344],[-113.52472,45.94292],[-113.52454,45.94268],[-113.52417,45.94237],[-113.52397,45.94223],[-113.52358,45.94215],[-113.52333,45.94208],[-113.52316,45.94199],[-113.52287,45.9418],[-113.52237,45.94145],[-113.52211,45.94127],[-113.52191,45.94118],[-113.52156,45.94106],[-113.52085,45.94088],[-113.52064,45.94089],[-113.51975,45.94101],[-113.51939,45.941],[-113.51846,45.94075],[-113.51814,45.94058],[-113.51769,45.94034],[-113.51691,45.9397],[-113.51637,45.93917],[-113.51618,45.93897],[-113.5158,45.93822],[-113.5154,45.93646],[-113.51544,45.93625],[-113.51579,45.93563],[-113.51797,45.9339],[-113.5183,45.93374],[-113.51881,45.93338],[-113.52003,45.93197],[-113.52105,45.93165],[-113.52214,45.93109],[-113.52325,45.93035],[-113.52425,45.92843],[-113.52476,45.92754],[-113.52513,45.92706],[-113.52532,45.92688],[-113.52585,45.92659],[-113.52638,45.92626],[-113.5274,45.92547],[-113.52792,45.92432],[-113.52867,45.9234],[-113.52867,45.92339],[-113.52868,45.92318],[-113.52869,45.92302],[-113.52863,45.92254],[-113.52864,45.9223],[-113.5286,45.92197],[-113.52862,45.92187],[-113.52864,45.92161],[-113.5286,45.92143],[-113.52855,45.92125],[-113.52854,45.92104],[-113.52872,45.92027],[-113.52878,45.92016],[-113.52882,45.92009],[-113.52894,45.9199],[-113.52958,45.91923],[-113.53034,45.91868],[-113.53067,45.91856],[-113.53128,45.91822],[-113.53175,45.91734],[-113.53183,45.91712],[-113.53204,45.91636],[-113.53246,45.91555],[-113.5326,45.91532],[-113.53287,45.91498],[-113.53375,45.91416],[-113.53397,45.91406],[-113.53494,45.91355],[-113.53506,45.91333],[-113.53509,45.91289],[-113.53509,45.91226],[-113.53511,45.91152],[-113.5351,45.91145],[-113.53503,45.91109],[-113.53496,45.91063],[-113.53495,45.91055],[-113.53495,45.91037],[-113.53494,45.9101],[-113.53497,45.90984],[-113.535,45.90899],[-113.53502,45.90869],[-113.53496,45.9085],[-113.53492,45.90811],[-113.53493,45.90782],[-113.53504,45.90677],[-113.53503,45.90668],[-113.53504,45.90636],[-113.53512,45.90603],[-113.5356,45.90483],[-113.536,45.90419],[-113.53602,45.90416],[-113.53664,45.90332],[-113.53703,45.90226],[-113.53709,45.90188],[-113.53715,45.90169],[-113.53725,45.90141],[-113.53728,45.90114],[-113.53731,45.90063],[-113.53731,45.9006],[-113.53731,45.89991],[-113.53731,45.89978],[-113.53714,45.89912],[-113.5371,45.899],[-113.53704,45.89869],[-113.53702,45.89852],[-113.53722,45.8979],[-113.53723,45.89777],[-113.53721,45.89762],[-113.53695,45.8972],[-113.53672,45.8967],[-113.53685,45.89628],[-113.53686,45.89618],[-113.53683,45.89609],[-113.53651,45.89565],[-113.53643,45.89552],[-113.53652,45.89522],[-113.53663,45.89509],[-113.5367,45.89499],[-113.53679,45.89464],[-113.53675,45.89413],[-113.53642,45.89382],[-113.53471,45.89332],[-113.53393,45.89308],[-113.53358,45.89298],[-113.5332,45.89281],[-113.53278,45.89257],[-113.53232,45.89214],[-113.53229,45.89206],[-113.53221,45.89172],[-113.53215,45.89142],[-113.53208,45.89104],[-113.53206,45.89077],[-113.53205,45.89064],[-113.53207,45.89029],[-113.53208,45.88989],[-113.53208,45.88981],[-113.53217,45.88939],[-113.53221,45.88912],[-113.53222,45.88885],[-113.53224,45.88876],[-113.53231,45.8885],[-113.53232,45.88828],[-113.53234,45.888],[-113.53242,45.88775],[-113.53267,45.88682],[-113.53289,45.88625],[-113.53294,45.88612],[-113.53317,45.88526],[-113.53311,45.88465],[-113.53302,45.88426],[-113.53257,45.88358],[-113.5324,45.88344],[-113.53222,45.88335],[-113.53151,45.88304],[-113.53084,45.88257],[-113.53077,45.88251],[-113.5306,45.88237],[-113.53044,45.88227],[-113.52974,45.88199],[-113.52941,45.8819],[-113.52861,45.88116],[-113.52865,45.88108],[-113.52875,45.88099],[-113.5303,45.88026],[-113.53166,45.87931],[-113.53224,45.87876],[-113.53232,45.87857],[-113.53243,45.87837],[-113.53273,45.87826],[-113.53295,45.87818],[-113.53393,45.87801],[-113.53453,45.87792],[-113.53542,45.87784],[-113.53593,45.87781],[-113.5365,45.87777],[-113.53862,45.87731],[-113.53901,45.87719],[-113.53967,45.87694],[-113.54008,45.8768],[-113.54015,45.87681],[-113.54045,45.87689],[-113.54148,45.87706],[-113.54216,45.87695],[-113.54382,45.87667],[-113.54429,45.87668],[-113.54535,45.8765],[-113.5476,45.87602],[-113.54798,45.87584],[-113.54995,45.87536],[-113.55118,45.87532],[-113.55519,45.87574],[-113.55545,45.87575],[-113.556,45.87581],[-113.55672,45.87591],[-113.55759,45.87603],[-113.55799,45.87611],[-113.55823,45.87618],[-113.55914,45.87626],[-113.55956,45.87617],[-113.55988,45.87598],[-113.56059,45.87568],[-113.56168,45.87515],[-113.56238,45.87443],[-113.56368,45.8736],[-113.56431,45.87322],[-113.5645,45.87307],[-113.56505,45.87283],[-113.56633,45.87231],[-113.56837,45.87192],[-113.56854,45.87196],[-113.56922,45.87239],[-113.56942,45.87258],[-113.57002,45.8729],[-113.57051,45.87304],[-113.5707,45.87308],[-113.57186,45.87298],[-113.57221,45.87255],[-113.57244,45.87228],[-113.57281,45.87193],[-113.57329,45.87171],[-113.57425,45.87191],[-113.57445,45.87198],[-113.57527,45.87216],[-113.57561,45.87224],[-113.57595,45.87234],[-113.57671,45.87256],[-113.57727,45.87268],[-113.57872,45.87302],[-113.57896,45.87304],[-113.57933,45.87289],[-113.57966,45.8726],[-113.57998,45.87247],[-113.58127,45.87152],[-113.58464,45.86857],[-113.58519,45.86812],[-113.58633,45.86723],[-113.58689,45.86668],[-113.58808,45.86497],[-113.58848,45.86461],[-113.58919,45.86433],[-113.59056,45.86393],[-113.59096,45.86365],[-113.59112,45.8634],[-113.59143,45.86271],[-113.5914,45.86238],[-113.59144,45.86215],[-113.59166,45.86152],[-113.59193,45.86068],[-113.59194,45.86046],[-113.59192,45.86027],[-113.59186,45.85987],[-113.59159,45.8594],[-113.59159,45.85924],[-113.59172,45.85898],[-113.59199,45.85866],[-113.59407,45.85729],[-113.5942,45.85715],[-113.59473,45.85555],[-113.59478,45.85517],[-113.59477,45.85469],[-113.59464,45.85418],[-113.59435,45.85368],[-113.59321,45.85251],[-113.59299,45.85215],[-113.59218,45.85048],[-113.59344,45.85055],[-113.59378,45.85064],[-113.5949,45.85072],[-113.59544,45.85077],[-113.59748,45.85063],[-113.59832,45.8503],[-113.59905,45.85004],[-113.59981,45.85006],[-113.59986,45.85007],[-113.60104,45.85049],[-113.60149,45.85069],[-113.6023,45.851],[-113.60344,45.85147],[-113.60422,45.85162],[-113.60497,45.85156],[-113.60743,45.85114],[-113.60926,45.85093],[-113.61017,45.85065],[-113.61095,45.85045],[-113.61125,45.85027],[-113.61153,45.8501],[-113.61276,45.8492],[-113.61456,45.84786],[-113.6155,45.84715],[-113.61616,45.84648],[-113.61662,45.84606],[-113.61681,45.84591],[-113.61717,45.84572],[-113.61989,45.84346],[-113.62003,45.84327],[-113.62067,45.84287],[-113.62072,45.84283],[-113.62119,45.84234],[-113.62466,45.84079],[-113.62521,45.84061],[-113.62591,45.84028],[-113.62688,45.83999],[-113.62742,45.84004],[-113.62789,45.84022],[-113.6326,45.8411],[-113.633,45.84101],[-113.6346,45.84051],[-113.63523,45.84038],[-113.63778,45.84049],[-113.63877,45.84057],[-113.63985,45.84049],[-113.64169,45.84017],[-113.64403,45.83933],[-113.6456,45.83855],[-113.6469,45.83837],[-113.64772,45.83853],[-113.64816,45.83866],[-113.64861,45.83875],[-113.65085,45.83963],[-113.6517,45.83994],[-113.65445,45.84039],[-113.65514,45.84025],[-113.65774,45.83787],[-113.65794,45.83771],[-113.66275,45.83596],[-113.66369,45.83595],[-113.66454,45.83591],[-113.66601,45.83571],[-113.66719,45.83532],[-113.66756,45.83527],[-113.66789,45.83538],[-113.66802,45.8355],[-113.66812,45.8356],[-113.66851,45.83598],[-113.66884,45.83624],[-113.66896,45.83631],[-113.6692,45.83645],[-113.66937,45.83661],[-113.6702,45.83764],[-113.67044,45.83806],[-113.67405,45.84066],[-113.67463,45.84073],[-113.67468,45.84073],[-113.67564,45.8406],[-113.67771,45.83971],[-113.67813,45.83957],[-113.67886,45.83945],[-113.68001,45.83933],[-113.6828,45.83874],[-113.68441,45.83863],[-113.68531,45.8386],[-113.68597,45.83864],[-113.68679,45.83881],[-113.68876,45.83971],[-113.68941,45.83997],[-113.68981,45.8401],[-113.69399,45.8422],[-113.69425,45.8424],[-113.69452,45.8426],[-113.69477,45.84271],[-113.69495,45.84278],[-113.69566,45.84298],[-113.69637,45.84319],[-113.69738,45.8435],[-113.69782,45.84356],[-113.69801,45.84357],[-113.69863,45.8435],[-113.69871,45.84348],[-113.69995,45.84336],[-113.70154,45.84315],[-113.70158,45.84313],[-113.7033,45.84057],[-113.70344,45.84041],[-113.70396,45.83959],[-113.70511,45.83866],[-113.70715,45.83809],[-113.70728,45.83809],[-113.71174,45.8385],[-113.71214,45.83846],[-113.71289,45.83805],[-113.71277,45.83744],[-113.71277,45.83706],[-113.71276,45.83693],[-113.7127,45.83599],[-113.71293,45.83506],[-113.71367,45.8334],[-113.71373,45.83332],[-113.71397,45.83301],[-113.71415,45.8325],[-113.71415,45.83235],[-113.71424,45.83216],[-113.71456,45.83176],[-113.71478,45.83137],[-113.71489,45.83118],[-113.71496,45.83104],[-113.71545,45.83065],[-113.71554,45.83059],[-113.71989,45.82918],[-113.7205,45.82907],[-113.7208,45.82902],[-113.72141,45.8291],[-113.72192,45.82929],[-113.72237,45.82932],[-113.72306,45.82933],[-113.72358,45.82924],[-113.7239,45.82911],[-113.72471,45.82848],[-113.72556,45.8277],[-113.72622,45.82717],[-113.72819,45.8262],[-113.72834,45.82609],[-113.72872,45.82595],[-113.72891,45.82588],[-113.7292,45.82571],[-113.72936,45.82555],[-113.72941,45.82542],[-113.72921,45.82486],[-113.72905,45.8245],[-113.72896,45.82412],[-113.72897,45.82371],[-113.72898,45.8236],[-113.72906,45.82295],[-113.72907,45.82265],[-113.72909,45.82246],[-113.72907,45.82227],[-113.72913,45.82198],[-113.72922,45.82171],[-113.72939,45.82069],[-113.72937,45.82025],[-113.72936,45.82018],[-113.72936,45.82003],[-113.72961,45.81925],[-113.72971,45.81912],[-113.73054,45.81867],[-113.73079,45.81857],[-113.73134,45.8184],[-113.73273,45.8187],[-113.73326,45.81767],[-113.73356,45.81724],[-113.73383,45.81698],[-113.73421,45.81667],[-113.7345,45.81654],[-113.73459,45.8165],[-113.73577,45.81614],[-113.73748,45.8162],[-113.73824,45.81629],[-113.73858,45.81628],[-113.7387,45.81627],[-113.73896,45.81617],[-113.739,45.81614],[-113.73922,45.81593],[-113.74028,45.81549],[-113.74075,45.81539],[-113.74133,45.81534],[-113.74215,45.8153],[-113.74286,45.81533],[-113.74385,45.81518],[-113.74396,45.81512],[-113.74422,45.81452],[-113.74453,45.81341],[-113.74473,45.81292],[-113.74494,45.8126],[-113.7454,45.812],[-113.74632,45.81117],[-113.74649,45.81106],[-113.74692,45.81078],[-113.7482,45.8096],[-113.74941,45.80788],[-113.74995,45.80749],[-113.75081,45.8069],[-113.75125,45.80667],[-113.75164,45.80647],[-113.75188,45.80635],[-113.75248,45.80603],[-113.75325,45.80572],[-113.754,45.80528],[-113.75481,45.80473],[-113.75554,45.8043],[-113.75587,45.80403],[-113.7566,45.80348],[-113.75719,45.80318],[-113.75732,45.80311],[-113.75804,45.80232],[-113.75839,45.80207],[-113.75911,45.80168],[-113.75962,45.80146],[-113.76052,45.80118],[-113.76086,45.8011],[-113.76258,45.80116],[-113.76369,45.80216],[-113.76384,45.80249],[-113.76459,45.80233],[-113.76508,45.80193],[-113.76708,45.80092],[-113.76748,45.80076],[-113.76787,45.80065],[-113.7689,45.80051],[-113.7704,45.8008],[-113.77066,45.80086],[-113.77134,45.79986],[-113.77134,45.79952],[-113.77171,45.79819],[-113.77182,45.79783],[-113.77231,45.79729],[-113.77233,45.79728],[-113.77302,45.79658],[-113.77423,45.79501],[-113.77489,45.7942],[-113.776,45.79335],[-113.77878,45.79192],[-113.78071,45.79168],[-113.78115,45.79165],[-113.7822,45.79159],[-113.78261,45.79158],[-113.78266,45.79158],[-113.78374,45.79151],[-113.78554,45.79148],[-113.78722,45.79161],[-113.78784,45.79168],[-113.78929,45.79184],[-113.79012,45.79193],[-113.79179,45.79222],[-113.79201,45.79213],[-113.79238,45.79007],[-113.79244,45.78965],[-113.7927,45.78907],[-113.793,45.78877],[-113.79335,45.78839],[-113.79368,45.7878],[-113.793,45.78692],[-113.79214,45.78623],[-113.79173,45.7858],[-113.79164,45.78562],[-113.79165,45.78531],[-113.79223,45.78376],[-113.79224,45.78347],[-113.79164,45.78227],[-113.79107,45.7817],[-113.78844,45.78055],[-113.78767,45.78026],[-113.7875,45.78011],[-113.78733,45.77946],[-113.7872,45.77885],[-113.78713,45.77859],[-113.78724,45.77844],[-113.789,45.77763],[-113.79219,45.77612],[-113.7928,45.77556],[-113.79709,45.77341],[-113.79832,45.77322],[-113.8001,45.7728],[-113.80044,45.77263],[-113.80154,45.77113],[-113.80172,45.77088],[-113.80189,45.77022],[-113.80192,45.76992],[-113.80178,45.76903],[-113.80174,45.76838],[-113.80175,45.76817],[-113.80211,45.76756],[-113.8038,45.76581],[-113.80444,45.76435],[-113.80425,45.76333],[-113.80608,45.76232],[-113.80728,45.76186],[-113.80847,45.76123],[-113.80986,45.76046],[-113.81062,45.75987],[-113.81096,45.75904],[-113.81098,45.75884],[-113.811,45.75837],[-113.81103,45.75803],[-113.81106,45.75784],[-113.81131,45.7576],[-113.81184,45.75738],[-113.81405,45.75618],[-113.81447,45.75598],[-113.81516,45.75554],[-113.81639,45.75498],[-113.81701,45.75494],[-113.82137,45.75455],[-113.82713,45.75337],[-113.82761,45.75291],[-113.82935,45.75103],[-113.83025,45.75072],[-113.83175,45.75078],[-113.83457,45.75094],[-113.83491,45.75097],[-113.83754,45.75177],[-113.83856,45.75211],[-113.83914,45.7521],[-113.84037,45.75179],[-113.84081,45.75172],[-113.84205,45.75157],[-113.84672,45.75203],[-113.84787,45.75218],[-113.84881,45.75238],[-113.84932,45.75267],[-113.84941,45.75285],[-113.84941,45.75295],[-113.84938,45.75325],[-113.84923,45.75386],[-113.84899,45.75452],[-113.84824,45.75711],[-113.84826,45.75725],[-113.84842,45.75762],[-113.84891,45.75819],[-113.84919,45.75842],[-113.85027,45.75987],[-113.85083,45.7616],[-113.85163,45.76357],[-113.85193,45.76416],[-113.85232,45.76464],[-113.85282,45.76508],[-113.85311,45.76543],[-113.85343,45.76621],[-113.85342,45.76644],[-113.85348,45.76721],[-113.85395,45.76853],[-113.85457,45.77031],[-113.85458,45.77032],[-113.8546,45.77038],[-113.85463,45.7709],[-113.85468,45.7713],[-113.85477,45.7726],[-113.85479,45.77269],[-113.85598,45.77477],[-113.85676,45.77557],[-113.85801,45.7759],[-113.85842,45.77597],[-113.8597,45.77665],[-113.86004,45.77707],[-113.86068,45.77768],[-113.86105,45.77794],[-113.86218,45.77885],[-113.86487,45.77955],[-113.86525,45.77965],[-113.86604,45.77993],[-113.86632,45.78007],[-113.86755,45.78076],[-113.86794,45.78098],[-113.86876,45.78137],[-113.86946,45.78157],[-113.87007,45.78163],[-113.87044,45.78143],[-113.87113,45.78001],[-113.87187,45.77911],[-113.87295,45.77815],[-113.87389,45.77748],[-113.87523,45.77637],[-113.87556,45.77609],[-113.87592,45.77584],[-113.876,45.7758],[-113.87628,45.77567],[-113.87661,45.77546],[-113.87812,45.77486],[-113.87858,45.77474],[-113.87982,45.77456],[-113.88227,45.77427],[-113.88258,45.77421],[-113.88562,45.77279],[-113.88626,45.77245],[-113.88645,45.77233],[-113.88701,45.77206],[-113.88733,45.77187],[-113.88775,45.77153],[-113.88798,45.77132],[-113.88859,45.77081],[-113.88876,45.7707],[-113.88908,45.77055],[-113.88927,45.77049],[-113.892,45.77031],[-113.89318,45.77023],[-113.89481,45.77019],[-113.89644,45.77012],[-113.89656,45.76995],[-113.89595,45.76865],[-113.89594,45.76834],[-113.89594,45.76833],[-113.89614,45.76792],[-113.89639,45.76768],[-113.89681,45.76722],[-113.89698,45.7669],[-113.89731,45.76617],[-113.8977,45.76549],[-113.89825,45.76431],[-113.89844,45.764],[-113.89875,45.76359],[-113.89886,45.76345],[-113.89915,45.76316],[-113.89935,45.763],[-113.90021,45.76231],[-113.90071,45.76191],[-113.90125,45.76147],[-113.90188,45.76077],[-113.90262,45.75997],[-113.90312,45.75939],[-113.90322,45.75926],[-113.90338,45.75909],[-113.90357,45.7589],[-113.9038,45.75835],[-113.90399,45.75789],[-113.90421,45.75738],[-113.90493,45.7566],[-113.90638,45.75512],[-113.90664,45.75488],[-113.90746,45.75427],[-113.90752,45.75422],[-113.90785,45.7539],[-113.9092,45.75323],[-113.90944,45.75308],[-113.90992,45.75274],[-113.91069,45.75219],[-113.91096,45.75203],[-113.91163,45.7516],[-113.91188,45.75133],[-113.91194,45.75126],[-113.91197,45.75118],[-113.91194,45.75096],[-113.91194,45.75093],[-113.91184,45.75052],[-113.91178,45.75028],[-113.91242,45.74945],[-113.91278,45.74905],[-113.91296,45.74884],[-113.91311,45.74813],[-113.91316,45.74797],[-113.91494,45.74698],[-113.91534,45.74683],[-113.916,45.7465],[-113.91616,45.74634],[-113.91627,45.74613],[-113.91626,45.74599],[-113.91614,45.74569],[-113.9149,45.74448],[-113.91387,45.74396],[-113.91288,45.7435],[-113.91243,45.74324],[-113.91103,45.74265],[-113.91016,45.74213],[-113.90954,45.74106],[-113.90918,45.73936],[-113.90917,45.73887],[-113.90907,45.73849],[-113.90862,45.738],[-113.90834,45.7376],[-113.90803,45.73698],[-113.90756,45.73636],[-113.90712,45.73594],[-113.90703,45.73581],[-113.90683,45.73506],[-113.9069,45.73482],[-113.90705,45.73457],[-113.90729,45.73388],[-113.90731,45.73359],[-113.90698,45.73293],[-113.90494,45.73175],[-113.90448,45.73136],[-113.90438,45.73119],[-113.90436,45.73099],[-113.90464,45.73066],[-113.90509,45.73047],[-113.90621,45.73021],[-113.90689,45.72998],[-113.90746,45.72962],[-113.90762,45.72947],[-113.90799,45.72903],[-113.90832,45.72844],[-113.90847,45.72819],[-113.90923,45.72718],[-113.90935,45.72667],[-113.90577,45.72455],[-113.90509,45.72376],[-113.90456,45.7231],[-113.90383,45.72229],[-113.90334,45.72188],[-113.90305,45.72158],[-113.90304,45.72147],[-113.90352,45.72114],[-113.90499,45.72034],[-113.90516,45.72011],[-113.9055,45.71944],[-113.90613,45.71847],[-113.9081,45.71651],[-113.90912,45.71569],[-113.9101,45.71465],[-113.9103,45.71441],[-113.91112,45.71274],[-113.91118,45.71219],[-113.91134,45.71072],[-113.91083,45.7101],[-113.91061,45.71008],[-113.90895,45.71031],[-113.90708,45.70966],[-113.90643,45.70825],[-113.90623,45.70757],[-113.90615,45.70682],[-113.90618,45.70629],[-113.90635,45.70474],[-113.90666,45.70392],[-113.90691,45.70359],[-113.90754,45.70292],[-113.90788,45.70251],[-113.9082,45.70201],[-113.90854,45.7011],[-113.90867,45.70088],[-113.90908,45.70037],[-113.91017,45.69953],[-113.91217,45.69886],[-113.91256,45.69892],[-113.91328,45.69914],[-113.91353,45.69925],[-113.91487,45.70033],[-113.91641,45.70129],[-113.91756,45.70163],[-113.91899,45.70201],[-113.92072,45.70309],[-113.92133,45.70364],[-113.92166,45.70382],[-113.92215,45.70396],[-113.92476,45.7029],[-113.92507,45.70268],[-113.92528,45.70245],[-113.92556,45.70205],[-113.9256,45.702],[-113.92568,45.70191],[-113.9262,45.70132],[-113.9293,45.69994],[-113.93,45.69979],[-113.93216,45.69935],[-113.93362,45.69889],[-113.93464,45.69843],[-113.93466,45.69843],[-113.9353,45.69816],[-113.9363,45.69781],[-113.93636,45.69779],[-113.9368,45.6976],[-113.9376,45.69701],[-113.93791,45.69645],[-113.93809,45.69578],[-113.94562,45.69369],[-113.94835,45.69362],[-113.95234,45.69137],[-113.95775,45.69014],[-113.96364,45.68986],[-113.96797,45.69124],[-113.96888,45.69493],[-113.97174,45.70083],[-113.97388,45.70289],[-113.98006,45.70239],[-113.98609,45.70427],[-113.98847,45.70611],[-113.99414,45.70276],[-113.99354,45.70144],[-113.99762,45.69668],[-114.00201,45.69627],[-114.00535,45.69416],[-114.0113,45.6939],[-114.01585,45.69584],[-114.01917,45.69263],[-114.0169,45.68874],[-114.01634,45.68609],[-114.01444,45.68373],[-114.01914,45.6821],[-114.02296,45.67857],[-114.02831,45.67524],[-114.02386,45.67064],[-114.01921,45.66971],[-114.01742,45.66603],[-114.01546,45.66389],[-114.01545,45.66028],[-114.0137,45.65829],[-114.01531,45.65273],[-114.01803,45.64917],[-114.02149,45.648],[-114.02761,45.64787],[-114.03214,45.64857],[-114.03402,45.648],[-114.0427,45.64103],[-114.04548,45.63665],[-114.05267,45.63241],[-114.05834,45.6318],[-114.06701,45.62806],[-114.06847,45.62567],[-114.07249,45.6215],[-114.07215,45.61827],[-114.07374,45.615],[-114.08175,45.61113],[-114.08265,45.60761],[-114.08303,45.59942],[-114.08226,45.5967],[-114.08591,45.59166],[-114.09,45.59139],[-114.09438,45.58937],[-114.09789,45.58676],[-114.10668,45.58528],[-114.10917,45.58586],[-114.11984,45.58429],[-114.121,45.58476],[-114.1253,45.58127],[-114.12641,45.57912],[-114.12937,45.57746],[-114.13205,45.5728],[-114.12901,45.56969],[-114.12918,45.56566],[-114.13252,45.56335],[-114.13459,45.56044],[-114.13531,45.55759],[-114.13703,45.55699],[-114.15041,45.55797],[-114.15409,45.55267],[-114.15893,45.55302],[-114.16545,45.55231],[-114.16902,45.5507],[-114.17395,45.55022],[-114.18028,45.55127],[-114.18709,45.54488],[-114.18767,45.54277],[-114.18998,45.5412],[-114.19058,45.53868],[-114.19302,45.53661],[-114.20034,45.53644],[-114.20255,45.53549],[-114.20561,45.5361],[-114.20782,45.53905],[-114.21172,45.53958],[-114.21792,45.54192],[-114.22174,45.54273],[-114.22686,45.54604],[-114.22987,45.54645],[-114.24006,45.54645],[-114.24694,45.54545],[-114.25,45.54288],[-114.25162,45.53715],[-114.24873,45.5343],[-114.24971,45.52954],[-114.24782,45.52579],[-114.24931,45.52338],[-114.24933,45.52042],[-114.25355,45.51498],[-114.25851,45.5117],[-114.25932,45.50538],[-114.26039,45.50354],[-114.26021,45.49931],[-114.26167,45.49472],[-114.26487,45.49201],[-114.27029,45.49078],[-114.2699,45.48457],[-114.27556,45.48305],[-114.27697,45.48144],[-114.28067,45.47974],[-114.28298,45.48013],[-114.28799,45.47911],[-114.29348,45.47986],[-114.29916,45.47693],[-114.30042,45.47413],[-114.30238,45.47242],[-114.30892,45.46941],[-114.31281,45.46988],[-114.31537,45.46912],[-114.31874,45.46615],[-114.32437,45.46589],[-114.32971,45.46202],[-114.3295,45.46026],[-114.33427,45.45907],[-114.33697,45.4605],[-114.34419,45.45968],[-114.34566,45.46066],[-114.35047,45.46621],[-114.35123,45.47071],[-114.35922,45.47307],[-114.36113,45.47521],[-114.36021,45.47726],[-114.3612,45.4805],[-114.36456,45.48361],[-114.36507,45.48978],[-114.36823,45.49237],[-114.37297,45.49327],[-114.38354,45.49904],[-114.38871,45.50296],[-114.39242,45.50249],[-114.39386,45.50343],[-114.39943,45.50448],[-114.40358,45.5063],[-114.41474,45.50929],[-114.42398,45.50958],[-114.4267,45.51209],[-114.42696,45.51477],[-114.42946,45.51748],[-114.42879,45.52092],[-114.43065,45.52343],[-114.43058,45.52951],[-114.43785,45.53146],[-114.43994,45.53698],[-114.44435,45.53876],[-114.4489,45.53904],[-114.45027,45.54223],[-114.45514,45.54416],[-114.45969,45.54347],[-114.46364,45.54519],[-114.46334,45.54761],[-114.46153,45.55068],[-114.46276,45.55324],[-114.45596,45.562],[-114.46565,45.56065],[-114.47195,45.56522],[-114.4738,45.56346],[-114.48248,45.56095],[-114.48552,45.56168],[-114.49132,45.55743],[-114.49808,45.55546],[-114.50318,45.55913],[-114.50659,45.55926],[-114.51578,45.56628],[-114.51719,45.56829],[-114.52116,45.56835],[-114.52612,45.57078],[-114.52934,45.5699],[-114.53145,45.5667],[-114.53752,45.56429],[-114.5421,45.56389],[-114.5502,45.56015],[-114.55287,45.55707],[-114.5572,45.55792],[-114.56044,45.55932],[-114.56479,45.55784],[-114.56549,45.5626],[-114.56269,45.56492],[-114.55918,45.56549],[-114.55696,45.56958],[-114.55678,45.57293],[-114.55296,45.5766],[-114.55414,45.5812],[-114.5585,45.58446],[-114.55645,45.58727],[-114.55388,45.58842],[-114.55418,45.59113],[-114.54927,45.59534],[-114.54765,45.59968],[-114.54202,45.60202],[-114.53806,45.60614],[-114.54227,45.61201],[-114.54469,45.61698],[-114.55331,45.61887],[-114.55467,45.6219],[-114.55825,45.62512],[-114.5583,45.62739],[-114.56323,45.63167],[-114.56399,45.63762],[-114.56067,45.64024],[-114.55172,45.64241],[-114.54544,45.64299],[-114.54192,45.64213],[-114.53968,45.64608],[-114.54131,45.64859],[-114.5395,45.65057],[-114.53307,45.65106],[-114.52932,45.65246],[-114.52273,45.6493],[-114.51505,45.65312],[-114.51362,45.65538],[-114.50756,45.65796],[-114.50636,45.66183],[-114.49967,45.66851],[-114.50228,45.67394],[-114.50146,45.67737],[-114.49903,45.67887],[-114.50086,45.68227],[-114.50541,45.68258],[-114.50778,45.68358],[-114.51384,45.6838],[-114.515,45.68503],[-114.51191,45.68668],[-114.50916,45.68945],[-114.50593,45.69059],[-114.50139,45.6937],[-114.50074,45.69656],[-114.49657,45.69943],[-114.4952,45.70419],[-114.49747,45.70821],[-114.49756,45.71093],[-114.50242,45.71639],[-114.50418,45.72181],[-114.50695,45.72362],[-114.51206,45.7255],[-114.51537,45.72745],[-114.51899,45.72658],[-114.52666,45.72763],[-114.52856,45.73145],[-114.5338,45.73611],[-114.53573,45.73915],[-114.54785,45.74326],[-114.54587,45.74648],[-114.54732,45.75189],[-114.54616,45.75607],[-114.54408,45.75763],[-114.54451,45.75918],[-114.55125,45.76391],[-114.55752,45.76429],[-114.55923,45.76559],[-114.56147,45.76928],[-114.56635,45.77274],[-114.56359,45.77617],[-114.56278,45.77936],[-114.55701,45.78347],[-114.55562,45.78654],[-114.54649,45.78977],[-114.54443,45.79003],[-114.54497,45.7979],[-114.54142,45.79923],[-114.53864,45.80225],[-114.53713,45.8053],[-114.53103,45.80987],[-114.53016,45.81313],[-114.53261,45.81564],[-114.53102,45.8189],[-114.52614,45.82045],[-114.5256,45.82167],[-114.52156,45.82408],[-114.51538,45.82626],[-114.51293,45.82972],[-114.51645,45.83214],[-114.51724,45.83575],[-114.51512,45.8405],[-114.51193,45.84206],[-114.50966,45.84534],[-114.5036,45.846],[-114.50035,45.84999],[-114.49861,45.85071],[-114.49468,45.84967],[-114.48534,45.8516],[-114.48143,45.84902],[-114.47539,45.84656],[-114.47198,45.84777],[-114.47033,45.85146],[-114.46542,45.85196],[-114.46155,45.85513],[-114.45759,45.85464],[-114.45311,45.85609],[-114.44568,45.86164],[-114.43772,45.86261],[-114.43625,45.86128],[-114.43024,45.85954],[-114.4262,45.85771],[-114.42406,45.85581],[-114.42059,45.85518],[-114.41877,45.8538],[-114.40977,45.85204],[-114.40749,45.8591],[-114.40616,45.8608],[-114.40654,45.86425],[-114.40477,45.86676],[-114.40592,45.8704],[-114.40392,45.87188],[-114.39907,45.87075],[-114.3956,45.87167],[-114.39527,45.87431],[-114.39285,45.87704],[-114.39252,45.87924],[-114.38985,45.88035],[-114.38787,45.88393],[-114.38728,45.88906],[-114.38863,45.89208],[-114.3927,45.89215],[-114.39489,45.89748],[-114.39514,45.90143],[-114.40122,45.90226],[-114.40455,45.90375],[-114.40855,45.90687],[-114.41356,45.91163],[-114.41616,45.91843],[-114.41486,45.92213],[-114.41903,45.92624],[-114.42246,45.92763],[-114.42608,45.93185],[-114.4314,45.93604],[-114.43152,45.93789],[-114.42606,45.94081],[-114.4249,45.94398],[-114.42092,45.94488],[-114.41898,45.94738],[-114.41496,45.94839],[-114.41117,45.95311],[-114.40692,45.95425],[-114.40252,45.95794],[-114.40197,45.96365],[-114.40378,45.96723],[-114.40613,45.96998],[-114.40921,45.97141],[-114.4116,45.97439],[-114.41175,45.97787],[-114.41736,45.98064],[-114.42134,45.98141],[-114.42421,45.98438],[-114.42885,45.98656],[-114.43533,45.98781],[-114.43979,45.98801],[-114.44293,45.9873],[-114.4485,45.9876],[-114.45006,45.98954],[-114.45364,45.991],[-114.45783,45.99748],[-114.4637,45.99759],[-114.47152,45.99318],[-114.47525,45.99202],[-114.47999,45.9929],[-114.48482,45.99631],[-114.48756,46.00162],[-114.48777,46.00418],[-114.48489,46.00823],[-114.48309,46.00813],[-114.47365,46.01279],[-114.47301,46.01445],[-114.47637,46.02306],[-114.48054,46.03044],[-114.48615,46.02994],[-114.48931,46.02787],[-114.49685,46.02787],[-114.50442,46.02942],[-114.5075,46.03148],[-114.5056,46.03446],[-114.50646,46.03867],[-114.50406,46.04124],[-114.49751,46.04235],[-114.49759,46.04372],[-114.4949,46.04594],[-114.49288,46.05019],[-114.49343,46.05247],[-114.48345,46.05517],[-114.47914,46.05572],[-114.47517,46.05799],[-114.47345,46.0607],[-114.4687,46.06235],[-114.46699,46.06578],[-114.47206,46.06916],[-114.4709,46.07503],[-114.47233,46.07678],[-114.46736,46.07713],[-114.46188,46.07854],[-114.46197,46.08294],[-114.46004,46.0867],[-114.46064,46.09047],[-114.45971,46.09276],[-114.46104,46.09849],[-114.46709,46.10375],[-114.47088,46.10561],[-114.47283,46.10858],[-114.47438,46.1131],[-114.48088,46.11313],[-114.48402,46.11368],[-114.4887,46.11312],[-114.49081,46.11404],[-114.49536,46.11768],[-114.4987,46.11885],[-114.50499,46.11839],[-114.51107,46.12059],[-114.51326,46.1226],[-114.518,46.12332],[-114.52104,46.12515],[-114.52131,46.12651],[-114.51862,46.13125],[-114.5176,46.13571],[-114.52002,46.13579],[-114.52727,46.14545],[-114.52627,46.14757],[-114.52168,46.1508],[-114.51485,46.15348],[-114.51539,46.15606],[-114.51464,46.16031],[-114.51556,46.1619],[-114.51556,46.16647],[-114.51224,46.16699],[-114.50813,46.16481],[-114.50239,46.16516],[-114.49945,46.16686],[-114.49438,46.16798],[-114.48917,46.16755],[-114.48561,46.16562],[-114.48307,46.16324],[-114.47957,46.16132],[-114.47548,46.16058],[-114.46831,46.16535],[-114.46425,46.16573],[-114.46303,46.16799],[-114.45762,46.17014],[-114.45291,46.16857],[-114.44534,46.16786],[-114.44408,46.16977],[-114.44585,46.17393],[-114.44483,46.18143],[-114.44541,46.18361],[-114.44506,46.1904],[-114.44391,46.19299],[-114.44446,46.19936],[-114.44331,46.20305],[-114.44739,46.207],[-114.45033,46.21097],[-114.45178,46.21526],[-114.44952,46.21611],[-114.44563,46.21969],[-114.44733,46.22462],[-114.44775,46.2305],[-114.45,46.23723],[-114.45209,46.24129],[-114.45415,46.24145],[-114.45855,46.24406],[-114.46654,46.24709],[-114.46822,46.24905],[-114.46483,46.25224],[-114.46754,46.25609],[-114.47077,46.26558],[-114.46983,46.2682],[-114.46669,46.27219],[-114.46385,46.27322],[-114.45366,46.27095],[-114.44398,46.27278],[-114.43529,46.27669],[-114.42712,46.28388],[-114.42757,46.2856],[-114.42544,46.28785],[-114.42825,46.29114],[-114.43024,46.29901],[-114.43244,46.30191],[-114.43338,46.30556],[-114.43138,46.30805],[-114.4316,46.31053],[-114.42991,46.31364],[-114.42735,46.31585],[-114.42484,46.32117],[-114.42252,46.32405],[-114.42193,46.33009],[-114.41721,46.33232],[-114.41392,46.33574],[-114.41469,46.33953],[-114.41363,46.34671],[-114.41163,46.35397],[-114.412,46.35844],[-114.41016,46.3655],[-114.41232,46.36752],[-114.416,46.3734],[-114.41946,46.38027],[-114.42051,46.38397],[-114.42243,46.38707],[-114.41646,46.39213],[-114.41576,46.39337],[-114.41008,46.39626],[-114.40991,46.39901],[-114.40832,46.40084],[-114.40184,46.40148],[-114.39985,46.40271],[-114.39978,46.40464],[-114.39351,46.40921],[-114.38742,46.40987],[-114.38486,46.41131],[-114.38367,46.41846],[-114.3848,46.42763],[-114.38289,46.43226],[-114.37923,46.43485],[-114.3686,46.43662],[-114.36837,46.43799],[-114.37091,46.43975],[-114.37196,46.44254],[-114.37595,46.44276],[-114.3788,46.44453],[-114.38366,46.44615],[-114.38445,46.44804],[-114.38164,46.45315],[-114.38116,46.45702],[-114.37939,46.46018],[-114.38198,46.46264],[-114.38314,46.46626],[-114.38587,46.46735],[-114.39452,46.46942],[-114.39558,46.47303],[-114.4011,46.47858],[-114.40144,46.48633],[-114.4009,46.48858],[-114.40315,46.49263],[-114.40326,46.4984],[-114.40221,46.50071],[-114.39941,46.50226],[-114.39616,46.50208],[-114.39418,46.50349],[-114.38801,46.5038],[-114.38381,46.50509],[-114.3753,46.50169],[-114.36953,46.5037],[-114.36802,46.5051],[-114.35834,46.50521],[-114.35242,46.50749],[-114.3484,46.51017],[-114.34699,46.5153],[-114.3429,46.51805],[-114.34194,46.51962],[-114.34308,46.52271],[-114.34765,46.52641],[-114.34922,46.52991],[-114.34861,46.53374],[-114.34584,46.53655],[-114.34417,46.54211],[-114.34515,46.5434],[-114.3452,46.54813],[-114.34789,46.55147],[-114.34286,46.55499],[-114.33938,46.56173],[-114.33834,46.56572],[-114.33508,46.56804],[-114.33112,46.57262],[-114.32972,46.57565],[-114.32524,46.57543],[-114.32018,46.57788],[-114.31731,46.5778],[-114.3148,46.58025],[-114.31721,46.58579],[-114.31748,46.58837],[-114.31531,46.5911],[-114.31221,46.59125],[-114.30873,46.59307],[-114.30455,46.59414],[-114.3025,46.59625],[-114.29347,46.59709],[-114.29143,46.59869],[-114.28741,46.60001],[-114.28454,46.59995],[-114.28029,46.60116],[-114.28116,46.60288],[-114.28022,46.60571],[-114.28248,46.60869],[-114.28325,46.61198],[-114.28158,46.61535],[-114.27988,46.6219],[-114.27612,46.62347],[-114.27252,46.62606],[-114.26996,46.6302],[-114.27163,46.63256],[-114.27207,46.63633],[-114.27136,46.63864],[-114.26562,46.6423],[-114.26182,46.64828],[-114.25592,46.64982],[-114.2541,46.65447],[-114.24785,46.65463],[-114.24652,46.66004],[-114.24846,46.66712],[-114.24718,46.67018],[-114.24486,46.6723],[-114.24346,46.67923],[-114.23951,46.68171],[-114.23686,46.68209],[-114.23332,46.68732],[-114.2305,46.68948],[-114.22635,46.69123],[-114.22383,46.6895],[-114.21766,46.68783],[-114.21129,46.69153],[-114.20882,46.69203],[-114.20307,46.69016],[-114.19932,46.69179],[-114.19002,46.68868],[-114.18766,46.68857],[-114.17865,46.68617],[-114.17451,46.68556],[-114.17104,46.68619],[-114.17067,46.68628],[-114.16592,46.69021],[-114.16482,46.69345],[-114.16545,46.69722],[-114.16234,46.70184],[-114.15516,46.70698],[-114.15281,46.70663],[-114.13731,46.70983],[-114.13013,46.71425],[-114.13009,46.69715],[-114.12988,46.68992],[-114.1404,46.68997],[-114.14022,46.6754],[-114.13501,46.67542],[-114.13519,46.66818],[-114.12476,46.66819],[-114.12484,46.66459],[-114.13527,46.66457],[-114.13536,46.66096],[-114.14059,46.66094],[-114.14131,46.64643],[-114.13606,46.64643],[-114.13634,46.63908],[-114.14142,46.63909],[-114.14153,46.63179],[-114.1312,46.63184],[-114.13102,46.61726],[-114.12577,46.61729],[-114.12562,46.61005],[-114.13084,46.61003],[-114.13077,46.6064],[-114.12555,46.60642],[-114.12546,46.59914],[-114.12024,46.59916],[-114.12011,46.58469],[-114.13064,46.58459],[-114.13064,46.5738],[-114.14113,46.57373],[-114.14138,46.55926],[-114.1519,46.55925],[-114.15182,46.55199],[-114.15707,46.55198],[-114.15704,46.54836],[-114.15178,46.54837],[-114.15169,46.54117],[-114.1622,46.54109],[-114.16213,46.53747],[-114.15164,46.53759],[-114.15159,46.53402],[-114.16206,46.53384],[-114.16198,46.53022],[-114.15676,46.53033],[-114.15672,46.52669],[-114.16195,46.52659],[-114.16187,46.51933],[-114.1671,46.51926],[-114.16707,46.51565],[-114.17256,46.5156],[-114.17215,46.48671],[-114.17719,46.48671],[-114.17718,46.48311],[-114.17204,46.4831],[-114.1719,46.47586],[-114.17714,46.47586],[-114.17707,46.46862],[-114.18236,46.46861],[-114.18239,46.46499],[-114.18774,46.46498],[-114.18782,46.4613],[-114.19796,46.46123],[-114.19888,46.45751],[-114.19871,46.43576],[-114.20885,46.43584],[-114.20881,46.42856],[-114.2343,46.42867],[-114.23428,46.42505],[-114.22907,46.42506],[-114.22902,46.41052],[-114.2342,46.4105],[-114.23418,46.39966],[-114.24078,46.39972],[-114.24091,46.39451],[-114.24682,46.39494],[-114.25059,46.39394],[-114.25074,46.3923],[-114.24062,46.39159],[-114.24154,46.38972],[-114.24456,46.39022],[-114.2447,46.38772],[-114.24186,46.38724],[-114.24211,46.38522],[-114.251,46.38524],[-114.25057,46.35634],[-114.26109,46.35633],[-114.26106,46.3491],[-114.25579,46.3491],[-114.25574,46.34187],[-114.25047,46.34187],[-114.25046,46.33826],[-114.23457,46.33826],[-114.23436,46.33103],[-114.22914,46.33102],[-114.22877,46.31288],[-114.21851,46.31284],[-114.21846,46.30186],[-114.22892,46.30167],[-114.22898,46.29818],[-114.23943,46.29817],[-114.23942,46.26231],[-114.2391,46.24037],[-114.22863,46.24039],[-114.22797,46.22598],[-114.22791,46.21506],[-114.22274,46.21506],[-114.22273,46.21144],[-114.22788,46.21144],[-114.22789,46.20419],[-114.22274,46.20419],[-114.22274,46.19694],[-114.2176,46.19692],[-114.21752,46.18249],[-114.22271,46.18249],[-114.22264,46.16434],[-114.21745,46.16436],[-114.21745,46.16798],[-114.20703,46.16794],[-114.2069,46.15336],[-114.20702,46.13891],[-114.21367,46.1389],[-114.2136,46.13163],[-114.22279,46.13162],[-114.22268,46.1262],[-114.22776,46.12621],[-114.22791,46.11717],[-114.23312,46.11718],[-114.23315,46.11358],[-114.23842,46.1136],[-114.2384,46.11002],[-114.24361,46.11005],[-114.24363,46.10265],[-114.23317,46.10263],[-114.23318,46.10999],[-114.22275,46.10993],[-114.22251,46.08795],[-114.20152,46.08799],[-114.2014,46.08072],[-114.20406,46.0807],[-114.21092,46.07704],[-114.20135,46.07708],[-114.20126,46.0698],[-114.21475,46.06949],[-114.21985,46.06797],[-114.22215,46.06795],[-114.22167,46.03689],[-114.23208,46.03688],[-114.23205,46.02962],[-114.24247,46.0296],[-114.24244,46.02231],[-114.23197,46.02239],[-114.23205,46.02962]],[[-114.21406,46.14268],[-114.21575,46.13996],[-114.21197,46.13902],[-114.21242,46.14278],[-114.21406,46.14268]],[[-114.26018,45.81056],[-114.25614,45.81056],[-114.25613,45.81417],[-114.25776,45.81417],[-114.26018,45.81056]],[[-114.21547,46.14382],[-114.21051,46.14409],[-114.21051,46.14618],[-114.21748,46.14618],[-114.21547,46.14382]],[[-114.20901,45.89573],[-114.20898,45.89214],[-114.19862,45.8921],[-114.19864,45.89914],[-114.20384,45.89923],[-114.20382,45.89567],[-114.20901,45.89573]],[[-114.23309,46.19334],[-114.2383,46.19334],[-114.23829,46.18972],[-114.22273,46.18971],[-114.22273,46.19333],[-114.23309,46.19334]],[[-114.1622,46.57912],[-114.16214,46.57361],[-114.15163,46.57366],[-114.15174,46.58077],[-114.16222,46.58079],[-114.1622,46.57912]],[[-114.29022,45.72459],[-114.27987,45.72457],[-114.27983,45.73177],[-114.29018,45.7318],[-114.29022,45.72459]],[[-114.3178,45.79282],[-114.30735,45.79272],[-114.30748,45.8002],[-114.31789,45.80021],[-114.3178,45.79282],[-114.33849,45.79297],[-114.33849,45.78932],[-114.34369,45.78934],[-114.34366,45.78568],[-114.31771,45.78559],[-114.3178,45.79282]],[[-114.27971,45.76049],[-114.26958,45.76043],[-114.26936,45.771],[-114.25909,45.77088],[-114.25888,45.78516],[-114.26925,45.78522],[-114.26934,45.77454],[-114.27451,45.77457],[-114.27453,45.77102],[-114.27969,45.77104],[-114.27971,45.76049]],[[-114.32684,45.59374],[-114.31152,45.59374],[-114.31156,45.59739],[-114.30591,45.5974],[-114.30602,45.60102],[-114.30076,45.60103],[-114.30076,45.61573],[-114.29866,45.61907],[-114.30202,45.62218],[-114.31105,45.62273],[-114.31107,45.61189],[-114.3115,45.60464],[-114.32179,45.60463],[-114.32174,45.59737],[-114.32683,45.59736],[-114.32684,45.59374]],[[-114.30964,45.67608],[-114.30592,45.67473],[-114.30591,45.6774],[-114.2955,45.67747],[-114.29544,45.68482],[-114.29021,45.68483],[-114.29025,45.68847],[-114.29546,45.68846],[-114.29548,45.69173],[-114.29444,45.69769],[-114.29031,45.69937],[-114.2903,45.70223],[-114.28828,45.70297],[-114.27998,45.70296],[-114.27992,45.71737],[-114.29026,45.71738],[-114.29029,45.70657],[-114.29549,45.70658],[-114.2955,45.70298],[-114.3007,45.70298],[-114.30175,45.69937],[-114.31111,45.69529],[-114.31111,45.68843],[-114.30589,45.68844],[-114.3059,45.69485],[-114.3007,45.69573],[-114.30068,45.69008],[-114.30408,45.68479],[-114.30959,45.67885],[-114.30964,45.67608]],[[-114.31103,45.64081],[-114.3059,45.64081],[-114.3059,45.63358],[-114.30076,45.63358],[-114.30076,45.62274],[-114.29562,45.62274],[-114.29562,45.61912],[-114.29047,45.61912],[-114.29048,45.62635],[-114.29562,45.62635],[-114.29564,45.64443],[-114.2905,45.64443],[-114.29039,45.67021],[-114.30075,45.67014],[-114.30073,45.67379],[-114.31111,45.67371],[-114.31111,45.67006],[-114.32163,45.67011],[-114.32171,45.65556],[-114.31104,45.65556],[-114.31104,45.64805],[-114.3059,45.64805],[-114.3059,45.64443],[-114.31103,45.64443],[-114.31103,45.64081]],[[-114.23498,45.84256],[-114.21949,45.84241],[-114.2195,45.85335],[-114.21435,45.85331],[-114.2144,45.86417],[-114.20928,45.86415],[-114.20925,45.86053],[-114.20411,45.8605],[-114.20415,45.86412],[-114.19907,45.86411],[-114.19902,45.85687],[-114.19396,45.85686],[-114.19402,45.878],[-114.18826,45.87799],[-114.18835,45.89217],[-114.18324,45.8922],[-114.18328,45.89577],[-114.17815,45.89582],[-114.17813,45.89223],[-114.17294,45.89223],[-114.17299,45.89942],[-114.18846,45.89927],[-114.18855,45.90622],[-114.1936,45.9062],[-114.19346,45.88866],[-114.19859,45.88866],[-114.19856,45.88522],[-114.20372,45.88519],[-114.20367,45.88159],[-114.214,45.88154],[-114.21395,45.87795],[-114.21961,45.87791],[-114.21955,45.8642],[-114.22469,45.86422],[-114.22466,45.85705],[-114.23496,45.85712],[-114.23498,45.84256],[-114.24014,45.84261],[-114.24011,45.8354],[-114.24527,45.83543],[-114.24581,45.82856],[-114.24582,45.81055],[-114.25098,45.81056],[-114.25099,45.80695],[-114.26133,45.80695],[-114.2654,45.80435],[-114.27087,45.80323],[-114.27086,45.80696],[-114.28667,45.80696],[-114.29709,45.80742],[-114.29714,45.80018],[-114.28668,45.80017],[-114.28667,45.79964],[-114.26565,45.79973],[-114.26567,45.78881],[-114.25622,45.7888],[-114.25619,45.79974],[-114.23549,45.7997],[-114.23548,45.81052],[-114.24065,45.81054],[-114.24064,45.81415],[-114.23547,45.81413],[-114.23547,45.82135],[-114.24064,45.82136],[-114.24049,45.82495],[-114.23546,45.82494],[-114.23494,45.83176],[-114.23029,45.83178],[-114.23028,45.82817],[-114.22514,45.82818],[-114.22514,45.83541],[-114.23029,45.83538],[-114.2303,45.83895],[-114.23497,45.83896],[-114.23498,45.84256]]],[[[-114.02994,46.15362],[-114.05595,46.1536],[-114.05596,46.15724],[-114.05074,46.15724],[-114.05078,46.16814],[-114.03512,46.16815],[-114.0351,46.16088],[-114.02986,46.16088],[-114.02994,46.15362]]],[[[-114.08209,46.14271],[-114.08203,46.15359],[-114.07163,46.15358],[-114.07162,46.14271],[-114.08209,46.14271]]],[[[-113.99836,46.26231],[-113.99838,46.25868],[-114.00362,46.25868],[-114.0036,46.26231],[-114.00885,46.26231],[-114.00882,46.26957],[-114.00357,46.26956],[-114.00359,46.26594],[-113.99834,46.26593],[-113.99836,46.26231]]],[[[-114.07541,45.91228],[-114.07544,45.90865],[-114.08076,45.90865],[-114.08077,45.91591],[-114.07537,45.91591],[-114.07541,45.91228]]],[[[-114.23479,46.35273],[-114.24002,46.35272],[-114.24004,46.35634],[-114.2296,46.35636],[-114.22955,46.35274],[-114.23479,46.35273]]],[[[-113.94127,46.64672],[-113.94645,46.64666],[-113.94639,46.65021],[-113.93601,46.65032],[-113.93612,46.64677],[-113.94127,46.64672]]],[[[-113.98757,46.29415],[-113.9876,46.29134],[-113.99286,46.29134],[-113.99283,46.29497],[-113.98757,46.29415]]],[[[-114.07228,46.58462],[-114.07225,46.58099],[-114.07755,46.58099],[-114.07758,46.58463],[-114.07228,46.58462]]],[[[-114.10903,46.6646],[-114.10907,46.66098],[-114.1144,46.66098],[-114.11433,46.6646],[-114.10903,46.6646]]],[[[-114.11989,46.65731],[-114.12511,46.65727],[-114.12492,46.66098],[-114.11972,46.66099],[-114.11989,46.65731]]],[[[-114.05083,46.17904],[-114.05085,46.18268],[-114.04562,46.18272],[-114.0456,46.17907],[-114.05083,46.17904]]],[[[-113.92686,46.41446],[-113.9321,46.41444],[-113.93213,46.41808],[-113.92689,46.41811],[-113.92686,46.41446]]],[[[-114.10671,45.89788],[-114.10151,45.89779],[-114.10151,45.89416],[-114.1067,45.89424],[-114.10671,45.89788]]],[[[-114.01434,46.16812],[-114.01434,46.16449],[-114.01956,46.1645],[-114.01956,46.16813],[-114.01434,46.16812]]],[[[-114.08209,46.14271],[-114.08206,46.13908],[-114.08731,46.13908],[-114.08729,46.14271],[-114.08209,46.14271]]],[[[-113.92186,46.45447],[-113.92713,46.45445],[-113.92715,46.45807],[-113.92188,46.45808],[-113.92186,46.45447]]],[[[-113.95674,46.6899],[-113.95674,46.68627],[-113.962,46.68628],[-113.96201,46.6899],[-113.95674,46.6899]]],[[[-114.11509,46.46494],[-114.11503,46.46131],[-114.12026,46.46132],[-114.12032,46.46495],[-114.11509,46.46494]]],[[[-113.98976,46.45415],[-113.99499,46.45415],[-113.99502,46.45777],[-113.98978,46.45778],[-113.98976,46.45415]]],[[[-114.03039,46.67538],[-114.03038,46.67177],[-114.03564,46.67178],[-114.03565,46.67539],[-114.03039,46.67538]]],[[[-113.9988,46.6754],[-113.9988,46.67178],[-114.00405,46.67178],[-114.00405,46.6754],[-113.9988,46.6754]]],[[[-113.92727,46.48336],[-113.93249,46.48331],[-113.93247,46.48692],[-113.92723,46.487],[-113.92727,46.48336]]],[[[-114.06529,45.88702],[-114.06013,45.88703],[-114.06011,45.88341],[-114.06528,45.8834],[-114.06529,45.88702]]],[[[-114.08076,45.89061],[-114.08593,45.8906],[-114.08591,45.89422],[-114.08076,45.89423],[-114.08076,45.89061]]],[[[-113.91178,46.46896],[-113.91698,46.46895],[-113.9171,46.47257],[-113.91193,46.47258],[-113.91178,46.46896]]],[[[-114.06643,46.20792],[-114.06643,46.21147],[-114.06126,46.21147],[-114.06125,46.20798],[-114.06643,46.20792]]],[[[-113.91468,46.6215],[-113.91948,46.61894],[-113.91963,46.62151],[-113.91468,46.6215]]]]},"properties":{"MA_ID":155,"MANAME":"Bitterroot National Forest","MANAGER":"Bitterroot National Forest","MA_TYPE":"FFSNF","INSTTYPE":"Federal","INST":"US Forest Service","UNITTYPE":"National Forest","ACRES":1664452.10513,"DataSource":"USFS","SourceDate":"2018-05-29T00:00:00.000Z","URL":"https://www.fs.usda.gov/bitterroot","EditDate":"2018-06-01T00:00:00.000Z","SourceName":"Bitterroot National Forest","GAP_Sts":"3","GAPCdSrc":"GAP - Default","GAPCdDt":"2024","Mang_Name":"USFS","Des_Tp":"NF","Own_Name":"USFS","ChangeNote":"","Shape_Leng":1134497.57908,"Shape_Area":6730165663.78}},
{"type":"Feature","geometry":{"type":"MultiPolygon","coordinates":[[[[-114.15373,48.4361],[-114.15378,48.42525],[-114.15923,48.42525],[-114.15918,48.43248],[-114.16462,48.43247],[-114.1647,48.42161],[-114.15926,48.42161],[-114.15927,48.41798],[-114.15383,48.41799],[-114.15384,48.41437],[-114.16474,48.41433],[-114.16468,48.41072],[-114.17554,48.41078],[-114.17547,48.40715],[-114.17004,48.40713],[-114.17016,48.39983],[-114.18654,48.39987],[-114.18658,48.39616],[-114.20289,48.39608],[-114.20281,48.40343],[-114.19191,48.40347],[-114.19196,48.4144],[-114.19742,48.41439],[-114.19739,48.42165],[-114.20833,48.42155],[-114.20829,48.42518],[-114.20283,48.42523],[-114.20278,48.43066],[-114.20004,48.4325],[-114.21366,48.43235],[-114.2137,48.42873],[-114.21903,48.42867],[-114.21905,48.47207],[-114.26262,48.47208],[-114.26267,48.45766],[-114.27893,48.45772],[-114.27883,48.45413],[-114.28425,48.45415],[-114.28435,48.45774],[-114.30614,48.45778],[-114.30631,48.47584],[-114.31178,48.47582],[-114.31175,48.47943],[-114.3172,48.47941],[-114.31708,48.48654],[-114.35216,48.48683],[-114.36285,48.48662],[-114.39549,48.48667],[-114.39549,48.51203],[-114.40093,48.51204],[-114.40094,48.51566],[-114.42818,48.51568],[-114.42823,48.53742],[-114.43911,48.53742],[-114.43912,48.55912],[-114.45001,48.55914],[-114.45003,48.57344],[-114.42622,48.57345],[-114.42623,48.58069],[-114.43168,48.58069],[-114.43168,48.58431],[-114.43713,48.5843],[-114.43713,48.58792],[-114.44257,48.58791],[-114.44258,48.59153],[-114.44803,48.59152],[-114.44806,48.60963],[-114.45351,48.60962],[-114.45352,48.61324],[-114.45896,48.61324],[-114.45897,48.61686],[-114.49711,48.61686],[-114.49711,48.63134],[-114.48079,48.63136],[-114.48079,48.63499],[-114.48625,48.63498],[-114.48626,48.63861],[-114.49172,48.6386],[-114.49172,48.64222],[-114.49711,48.64222],[-114.49711,48.64584],[-114.50256,48.64585],[-114.50256,48.6531],[-114.50802,48.6531],[-114.50802,48.65672],[-114.51348,48.65671],[-114.51348,48.66038],[-114.52441,48.66041],[-114.5244,48.66403],[-114.52987,48.66405],[-114.52985,48.67493],[-114.55719,48.67502],[-114.55719,48.68952],[-114.56812,48.68955],[-114.56816,48.70402],[-114.57361,48.70402],[-114.5737,48.72567],[-114.56823,48.72566],[-114.56825,48.73287],[-114.62775,48.73292],[-114.62775,48.74557],[-114.64956,48.74557],[-114.64956,48.7745],[-114.67141,48.77455],[-114.67144,48.78899],[-114.67284,48.78899],[-114.67305,48.79425],[-114.67172,48.79936],[-114.6817,48.79716],[-114.68616,48.79881],[-114.689,48.80076],[-114.69809,48.80082],[-114.70414,48.80284],[-114.70986,48.80283],[-114.71514,48.80162],[-114.71766,48.8028],[-114.72368,48.80711],[-114.72944,48.80746],[-114.73257,48.80962],[-114.73118,48.81244],[-114.73076,48.81666],[-114.72722,48.81911],[-114.72753,48.82142],[-114.72561,48.82641],[-114.72685,48.82823],[-114.7228,48.83161],[-114.71435,48.83202],[-114.71025,48.83284],[-114.70798,48.83237],[-114.70531,48.83571],[-114.70532,48.83836],[-114.69156,48.84221],[-114.69186,48.84667],[-114.69342,48.85009],[-114.69086,48.85143],[-114.68934,48.85557],[-114.689,48.86008],[-114.68947,48.86402],[-114.692,48.86633],[-114.69192,48.87012],[-114.69472,48.87549],[-114.70145,48.87979],[-114.70347,48.88289],[-114.70657,48.88471],[-114.70931,48.88759],[-114.71099,48.89068],[-114.70772,48.89535],[-114.7054,48.89742],[-114.70526,48.89992],[-114.70341,48.90358],[-114.70385,48.91002],[-114.70708,48.91863],[-114.70703,48.92268],[-114.70883,48.92965],[-114.71443,48.9304],[-114.71813,48.93187],[-114.71709,48.93556],[-114.71863,48.93933],[-114.71616,48.94176],[-114.71234,48.94372],[-114.70895,48.94654],[-114.70815,48.9489],[-114.70459,48.95189],[-114.69723,48.9536],[-114.69758,48.95589],[-114.6936,48.95826],[-114.69134,48.96453],[-114.68681,48.96591],[-114.68474,48.97283],[-114.68673,48.97352],[-114.68994,48.97644],[-114.69246,48.97674],[-114.69668,48.97973],[-114.69971,48.98009],[-114.71733,48.97954],[-114.72494,48.97987],[-114.72865,48.98191],[-114.73498,48.98301],[-114.73536,48.9865],[-114.73923,48.99052],[-114.73604,48.99516],[-114.73311,48.9977],[-114.72693,49.00051],[-114.62121,49.00082],[-114.47549,49.00108],[-114.47103,48.99821],[-114.46637,48.99432],[-114.4658,48.99199],[-114.46275,48.98915],[-114.45277,48.98701],[-114.45182,48.98589],[-114.45363,48.98231],[-114.44288,48.97235],[-114.43659,48.96934],[-114.43542,48.96655],[-114.43102,48.96239],[-114.42647,48.96235],[-114.42445,48.95987],[-114.42759,48.95935],[-114.42811,48.95784],[-114.42399,48.95356],[-114.4219,48.95273],[-114.41479,48.95293],[-114.41309,48.95211],[-114.40854,48.94477],[-114.41038,48.94211],[-114.40759,48.94081],[-114.40291,48.94138],[-114.39739,48.93948],[-114.39456,48.9366],[-114.3944,48.9343],[-114.39212,48.92938],[-114.38622,48.92687],[-114.38566,48.92535],[-114.38778,48.92188],[-114.38613,48.91823],[-114.38431,48.91754],[-114.37716,48.91721],[-114.37568,48.91514],[-114.38193,48.91329],[-114.384,48.91179],[-114.38173,48.90903],[-114.37598,48.90943],[-114.37513,48.90676],[-114.37853,48.90231],[-114.38162,48.89983],[-114.38175,48.8978],[-114.37924,48.8965],[-114.37287,48.8957],[-114.37053,48.89394],[-114.37153,48.89063],[-114.37076,48.88892],[-114.36614,48.88608],[-114.36624,48.88371],[-114.37598,48.88256],[-114.37774,48.88022],[-114.37437,48.87555],[-114.37132,48.87436],[-114.36648,48.87508],[-114.36226,48.87324],[-114.36066,48.87068],[-114.36126,48.8668],[-114.36452,48.86582],[-114.36521,48.86197],[-114.36734,48.85932],[-114.36684,48.85739],[-114.36426,48.85645],[-114.35591,48.85792],[-114.34848,48.85589],[-114.34777,48.85355],[-114.35108,48.85328],[-114.35299,48.85029],[-114.34785,48.84489],[-114.34547,48.83771],[-114.34288,48.83578],[-114.33785,48.83623],[-114.33579,48.8333],[-114.33788,48.82813],[-114.34119,48.82503],[-114.34123,48.82128],[-114.33758,48.81764],[-114.33181,48.81788],[-114.32933,48.81652],[-114.32766,48.80794],[-114.32587,48.80621],[-114.32167,48.80489],[-114.31944,48.80148],[-114.32069,48.79917],[-114.31788,48.79719],[-114.31458,48.7965],[-114.31082,48.79723],[-114.30721,48.79505],[-114.30866,48.79123],[-114.30527,48.7897],[-114.30278,48.7898],[-114.29841,48.79195],[-114.29249,48.78864],[-114.28954,48.78611],[-114.28841,48.78299],[-114.28155,48.78248],[-114.27996,48.7807],[-114.27881,48.77501],[-114.27867,48.77047],[-114.27703,48.76835],[-114.27769,48.76156],[-114.2758,48.75929],[-114.27163,48.75781],[-114.2704,48.75574],[-114.26803,48.75491],[-114.26348,48.75152],[-114.26163,48.74867],[-114.2639,48.74353],[-114.26474,48.73613],[-114.26212,48.73154],[-114.26193,48.72941],[-114.25544,48.72799],[-114.25429,48.72442],[-114.24895,48.71959],[-114.24531,48.71824],[-114.23843,48.71763],[-114.23208,48.71447],[-114.22309,48.71379],[-114.21632,48.71446],[-114.21238,48.71302],[-114.20925,48.71077],[-114.2077,48.70703],[-114.20757,48.70446],[-114.20607,48.70169],[-114.20716,48.69865],[-114.20679,48.69638],[-114.20828,48.69307],[-114.20699,48.69201],[-114.19469,48.69074],[-114.191,48.68928],[-114.18725,48.68674],[-114.18685,48.68386],[-114.19424,48.67907],[-114.19398,48.67707],[-114.19023,48.67488],[-114.188,48.66974],[-114.18057,48.66315],[-114.17406,48.65998],[-114.17281,48.65851],[-114.17336,48.65541],[-114.17188,48.6538],[-114.16661,48.65153],[-114.16269,48.64918],[-114.15399,48.64686],[-114.15289,48.64523],[-114.1568,48.64373],[-114.15935,48.64061],[-114.15851,48.63869],[-114.15476,48.63627],[-114.14823,48.63376],[-114.14243,48.63],[-114.14146,48.62546],[-114.13806,48.61933],[-114.14199,48.61832],[-114.14693,48.61919],[-114.1493,48.61803],[-114.1504,48.61571],[-114.15392,48.61177],[-114.15738,48.61062],[-114.16597,48.61071],[-114.17011,48.60981],[-114.17146,48.6071],[-114.17026,48.60561],[-114.16272,48.60368],[-114.16052,48.6014],[-114.16255,48.59789],[-114.16637,48.59613],[-114.16707,48.59469],[-114.16246,48.59354],[-114.15383,48.59318],[-114.15175,48.59144],[-114.15756,48.58601],[-114.15692,48.58079],[-114.15517,48.57934],[-114.15054,48.5778],[-114.14058,48.57728],[-114.13287,48.57336],[-114.12802,48.56942],[-114.12735,48.56277],[-114.12603,48.56049],[-114.12631,48.55707],[-114.12392,48.55436],[-114.12381,48.55218],[-114.12535,48.54854],[-114.12033,48.54572],[-114.11836,48.54164],[-114.11434,48.54117],[-114.11462,48.53739],[-114.11821,48.53632],[-114.1185,48.53423],[-114.11572,48.5323],[-114.11467,48.52892],[-114.12005,48.52783],[-114.12334,48.5255],[-114.12163,48.52278],[-114.12773,48.51668],[-114.13124,48.51431],[-114.13267,48.51128],[-114.13461,48.51032],[-114.13781,48.51083],[-114.13955,48.50943],[-114.13929,48.50728],[-114.13591,48.50595],[-114.13205,48.50714],[-114.12784,48.50705],[-114.1261,48.50478],[-114.12772,48.50345],[-114.12851,48.49938],[-114.12754,48.49643],[-114.12538,48.49455],[-114.12572,48.49106],[-114.12501,48.49025],[-114.12348,48.48936],[-114.12143,48.48884],[-114.11488,48.48978],[-114.10921,48.48943],[-114.10571,48.48642],[-114.09546,48.48274],[-114.09304,48.47937],[-114.09072,48.47298],[-114.0885,48.46991],[-114.08098,48.47177],[-114.07664,48.47107],[-114.06996,48.46873],[-114.06441,48.47122],[-114.05776,48.47329],[-114.05323,48.47784],[-114.05012,48.47963],[-114.04609,48.48041],[-114.04149,48.48411],[-114.03716,48.48583],[-114.02905,48.4872],[-114.02389,48.48654],[-114.02202,48.48826],[-114.02255,48.49013],[-114.01714,48.49334],[-114.01155,48.49602],[-114.00555,48.49752],[-114.00716,48.50105],[-114.00615,48.50732],[-114.00219,48.50855],[-113.99639,48.50768],[-113.99269,48.50529],[-113.99063,48.50105],[-113.98854,48.49849],[-113.98387,48.49813],[-113.97978,48.50022],[-113.97585,48.50056],[-113.96953,48.50004],[-113.9649,48.49903],[-113.96162,48.49927],[-113.95566,48.49608],[-113.95294,48.49534],[-113.94767,48.49792],[-113.94676,48.50146],[-113.94413,48.50256],[-113.93619,48.50187],[-113.93255,48.50277],[-113.92958,48.50195],[-113.92478,48.49857],[-113.92073,48.50018],[-113.91809,48.50017],[-113.91629,48.49602],[-113.90963,48.4934],[-113.90113,48.49479],[-113.894,48.49499],[-113.88963,48.49734],[-113.88684,48.49713],[-113.8851,48.49536],[-113.88154,48.49475],[-113.87659,48.4925],[-113.86938,48.49414],[-113.86273,48.49286],[-113.85768,48.49546],[-113.85581,48.49523],[-113.85238,48.49271],[-113.85016,48.48752],[-113.84834,48.48652],[-113.84431,48.48805],[-113.84021,48.48732],[-113.83552,48.48414],[-113.82211,48.4765],[-113.81822,48.47379],[-113.81605,48.47043],[-113.81391,48.46888],[-113.80988,48.46256],[-113.80532,48.45946],[-113.79999,48.4541],[-113.80176,48.44962],[-113.80028,48.44658],[-113.80231,48.44574],[-113.80345,48.44258],[-113.80133,48.44149],[-113.80075,48.4389],[-113.79718,48.4373],[-113.7956,48.43484],[-113.79662,48.43247],[-113.79456,48.42845],[-113.78717,48.42545],[-113.78303,48.42527],[-113.77778,48.42661],[-113.77633,48.42783],[-113.76309,48.42365],[-113.758,48.41895],[-113.75564,48.41785],[-113.74967,48.42049],[-113.73818,48.41983],[-113.73362,48.4206],[-113.73068,48.42015],[-113.72433,48.41622],[-113.72174,48.41593],[-113.71981,48.41229],[-113.71387,48.40856],[-113.7123,48.40513],[-113.7065,48.40265],[-113.70551,48.40048],[-113.70614,48.39817],[-113.70216,48.39483],[-113.70252,48.39222],[-113.69854,48.39282],[-113.69547,48.39051],[-113.69122,48.39226],[-113.6882,48.38974],[-113.68402,48.3898],[-113.68214,48.38855],[-113.6847,48.38538],[-113.68085,48.38242],[-113.67944,48.37755],[-113.68076,48.37494],[-113.67731,48.37485],[-113.67493,48.37941],[-113.6712,48.37853],[-113.66982,48.37629],[-113.6711,48.37108],[-113.66922,48.36971],[-113.66513,48.37083],[-113.66085,48.37068],[-113.65919,48.36954],[-113.65876,48.36506],[-113.65756,48.3645],[-113.6502,48.36448],[-113.64055,48.35854],[-113.64415,48.35529],[-113.64041,48.35357],[-113.643,48.35136],[-113.6417,48.34883],[-113.64111,48.34502],[-113.63874,48.34349],[-113.63814,48.34004],[-113.6407,48.33678],[-113.64054,48.33367],[-113.63567,48.32928],[-113.63406,48.32509],[-113.63042,48.32659],[-113.62643,48.32619],[-113.62603,48.32465],[-113.63037,48.3223],[-113.62625,48.321],[-113.62755,48.31875],[-113.62453,48.31664],[-113.61991,48.31576],[-113.61343,48.30869],[-113.60992,48.3067],[-113.60907,48.30447],[-113.61314,48.30198],[-113.61162,48.30038],[-113.60804,48.29976],[-113.60541,48.29771],[-113.60443,48.29431],[-113.59838,48.29359],[-113.59416,48.2887],[-113.59349,48.28655],[-113.59564,48.28391],[-113.59848,48.2822],[-113.60113,48.28267],[-113.60456,48.28138],[-113.60649,48.27929],[-113.60401,48.27597],[-113.60486,48.27232],[-113.60409,48.26825],[-113.60145,48.26624],[-113.59424,48.2643],[-113.58832,48.26551],[-113.58582,48.26527],[-113.5835,48.26162],[-113.5801,48.26022],[-113.57774,48.26082],[-113.57656,48.25663],[-113.57126,48.25466],[-113.57191,48.25028],[-113.57467,48.24596],[-113.57118,48.24585],[-113.5677,48.24385],[-113.57042,48.24073],[-113.5658,48.23652],[-113.56285,48.23536],[-113.54963,48.23372],[-113.54177,48.2348],[-113.53379,48.23709],[-113.53139,48.23828],[-113.52507,48.23942],[-113.52001,48.23927],[-113.51628,48.2408],[-113.50892,48.24286],[-113.50072,48.24229],[-113.49036,48.24326],[-113.48679,48.24537],[-113.47869,48.24825],[-113.47479,48.24903],[-113.47338,48.25254],[-113.46878,48.25794],[-113.46656,48.26129],[-113.46145,48.26171],[-113.45953,48.26268],[-113.4548,48.26716],[-113.45546,48.27017],[-113.45426,48.27222],[-113.44907,48.27504],[-113.44877,48.27756],[-113.45334,48.28097],[-113.45419,48.28239],[-113.45255,48.28438],[-113.44965,48.28455],[-113.43449,48.28067],[-113.42948,48.28128],[-113.42398,48.29082],[-113.42194,48.2929],[-113.42077,48.29614],[-113.41502,48.29773],[-113.40215,48.29521],[-113.3968,48.29487],[-113.38731,48.29778],[-113.3843,48.3009],[-113.38161,48.30212],[-113.37532,48.30187],[-113.36668,48.30351],[-113.36509,48.30478],[-113.36518,48.30963],[-113.36361,48.31312],[-113.35672,48.31812],[-113.34799,48.31127],[-113.34965,48.3097],[-113.34955,48.30593],[-113.3481,48.30317],[-113.34277,48.30198],[-113.34192,48.29906],[-113.33987,48.29953],[-113.33372,48.29812],[-113.33309,48.29643],[-113.32967,48.29536],[-113.32948,48.29232],[-113.32681,48.28907],[-113.32248,48.28779],[-113.31826,48.28811],[-113.31035,48.28704],[-113.30568,48.28571],[-113.29788,48.2843],[-113.29688,48.28158],[-113.29363,48.27724],[-113.293,48.27448],[-113.29002,48.27256],[-113.28845,48.26919],[-113.28939,48.26514],[-113.28109,48.26341],[-113.2757,48.25965],[-113.27066,48.2593],[-113.26836,48.26018],[-113.26492,48.2579],[-113.25872,48.25527],[-113.24993,48.25529],[-113.24773,48.2522],[-113.24342,48.24882],[-113.23683,48.24724],[-113.23641,48.24396],[-113.2344,48.23869],[-113.2279,48.23595],[-113.22595,48.23167],[-113.22894,48.22964],[-113.22876,48.22763],[-113.22588,48.22518],[-113.23176,48.22038],[-113.23694,48.21786],[-113.23575,48.21225],[-113.23772,48.2102],[-113.23467,48.20405],[-113.23552,48.20068],[-113.23477,48.19716],[-113.23289,48.19441],[-113.23464,48.19007],[-113.23113,48.18577],[-113.23074,48.18232],[-113.23428,48.18058],[-113.23562,48.17822],[-113.23491,48.1749],[-113.23088,48.17042],[-113.22705,48.17187],[-113.22417,48.17001],[-113.22041,48.17002],[-113.21818,48.1683],[-113.20892,48.16424],[-113.2066,48.16521],[-113.20209,48.16913],[-113.19605,48.16849],[-113.19222,48.17133],[-113.19245,48.17418],[-113.18522,48.17153],[-113.1821,48.17502],[-113.17781,48.17113],[-113.1702,48.16698],[-113.16635,48.16556],[-113.16465,48.16396],[-113.16489,48.16149],[-113.16159,48.15804],[-113.15329,48.15277],[-113.15224,48.15117],[-113.14621,48.15202],[-113.14187,48.15328],[-113.13808,48.1502],[-113.13649,48.15046],[-113.13094,48.14562],[-113.13185,48.14347],[-113.1311,48.13995],[-113.13316,48.13824],[-113.12956,48.13533],[-113.1245,48.13803],[-113.11561,48.13735],[-113.11227,48.13881],[-113.10562,48.13725],[-113.10022,48.13883],[-113.09662,48.13923],[-113.09367,48.13724],[-113.09048,48.13657],[-113.08536,48.14004],[-113.0802,48.14126],[-113.07615,48.14455],[-113.07327,48.14519],[-113.06846,48.14802],[-113.07059,48.15204],[-113.06322,48.14966],[-113.05798,48.14474],[-113.05316,48.14121],[-113.05611,48.13363],[-113.05446,48.13195],[-113.0538,48.12897],[-113.05559,48.12457],[-113.05196,48.12149],[-113.0492,48.12133],[-113.04664,48.12319],[-113.04126,48.12464],[-113.03988,48.12571],[-113.03965,48.12905],[-113.03383,48.13244],[-113.03003,48.13322],[-113.02612,48.1297],[-113.02073,48.1297],[-113.01692,48.13242],[-113.00967,48.1285],[-113.00364,48.13075],[-113.0009,48.13077],[-112.99522,48.12542],[-112.99122,48.12432],[-112.98485,48.12045],[-112.98328,48.11777],[-112.98531,48.1165],[-112.99313,48.11483],[-112.99066,48.10895],[-112.99101,48.10761],[-112.99599,48.10611],[-112.99431,48.09869],[-112.99183,48.09662],[-112.98739,48.09504],[-112.98243,48.09052],[-112.97892,48.08855],[-112.98274,48.08633],[-112.97971,48.08371],[-112.97814,48.08025],[-112.97886,48.07843],[-112.98152,48.07732],[-112.98192,48.07408],[-112.9773,48.07306],[-112.97572,48.07358],[-112.97069,48.07279],[-112.96833,48.07452],[-112.96338,48.07464],[-112.95958,48.06968],[-112.9558,48.06798],[-112.95188,48.06507],[-112.94592,48.06337],[-112.94258,48.06363],[-112.93776,48.06094],[-112.93641,48.05738],[-112.93726,48.05545],[-112.94559,48.05306],[-112.95092,48.04954],[-112.95187,48.0458],[-112.95183,48.04067],[-112.94966,48.03695],[-112.94954,48.0326],[-112.94611,48.03091],[-112.94094,48.03377],[-112.93544,48.03503],[-112.93193,48.03313],[-112.92698,48.03167],[-112.92161,48.03225],[-112.91628,48.02871],[-112.9077,48.02971],[-112.90631,48.02695],[-112.90059,48.02114],[-112.89643,48.01869],[-112.8955,48.0166],[-112.89513,48.01011],[-112.89185,48.00364],[-112.88779,47.99202],[-112.88522,47.98773],[-112.88496,47.98565],[-112.87931,47.97876],[-112.87858,47.97573],[-112.88772,47.975],[-112.89219,47.97633],[-112.89799,47.97219],[-112.89929,47.96998],[-112.90061,47.96443],[-112.90298,47.96256],[-112.90563,47.96245],[-112.90663,47.96053],[-112.90633,47.95671],[-112.90898,47.95303],[-112.90787,47.95093],[-112.91064,47.9492],[-112.91217,47.94658],[-112.91917,47.94632],[-112.92253,47.94557],[-112.93114,47.94529],[-112.93297,47.94442],[-112.93746,47.94441],[-112.94238,47.94682],[-112.94705,47.94697],[-112.95109,47.94475],[-112.95468,47.94768],[-112.95815,47.95147],[-112.96567,47.95192],[-112.96963,47.95408],[-112.982,47.95521],[-112.98719,47.95225],[-112.98714,47.95049],[-112.99036,47.94973],[-112.99713,47.94594],[-112.99839,47.94399],[-113.00317,47.94439],[-113.00883,47.94341],[-113.01387,47.94142],[-113.01538,47.93722],[-113.01815,47.9353],[-113.02141,47.93093],[-113.02149,47.92733],[-113.03313,47.92576],[-113.04304,47.92569],[-113.04498,47.92694],[-113.05725,47.92515],[-113.0633,47.92507],[-113.06651,47.92625],[-113.06986,47.92301],[-113.08026,47.9208],[-113.08662,47.91814],[-113.08722,47.91561],[-113.08675,47.91029],[-113.09122,47.90924],[-113.09341,47.90756],[-113.09091,47.90094],[-113.09251,47.89627],[-113.09051,47.89295],[-113.08873,47.89207],[-113.08289,47.8932],[-113.0743,47.89075],[-113.06902,47.88695],[-113.06295,47.88536],[-113.06386,47.88403],[-113.06521,47.87678],[-113.05801,47.87065],[-113.05885,47.86961],[-113.06033,47.8618],[-113.05958,47.8596],[-113.06078,47.85769],[-113.05789,47.85416],[-113.05867,47.8513],[-113.05898,47.84462],[-113.05826,47.84251],[-113.06263,47.84093],[-113.06647,47.83802],[-113.06593,47.83422],[-113.06927,47.82937],[-113.06688,47.82562],[-113.06247,47.82223],[-113.06229,47.81757],[-113.06406,47.81334],[-113.06017,47.80772],[-113.06292,47.80644],[-113.06597,47.8025],[-113.06685,47.79919],[-113.0653,47.79658],[-113.066,47.79506],[-113.06153,47.78789],[-113.06603,47.78316],[-113.06755,47.78029],[-113.06658,47.77618],[-113.07163,47.77362],[-113.07766,47.77367],[-113.08283,47.77077],[-113.08447,47.76837],[-113.08151,47.76329],[-113.08322,47.76191],[-113.08102,47.75588],[-113.08109,47.74994],[-113.09003,47.74591],[-113.09403,47.74352],[-113.0977,47.74443],[-113.10489,47.74305],[-113.10979,47.74353],[-113.11224,47.7427],[-113.1213,47.74138],[-113.12798,47.74385],[-113.13206,47.74359],[-113.13821,47.74586],[-113.14235,47.74416],[-113.14637,47.7402],[-113.14934,47.73589],[-113.15393,47.73367],[-113.15527,47.7321],[-113.16399,47.73009],[-113.16556,47.72801],[-113.16583,47.72118],[-113.16452,47.71486],[-113.16021,47.70871],[-113.15784,47.69601],[-113.15596,47.69308],[-113.15219,47.68902],[-113.14944,47.68729],[-113.14867,47.68269],[-113.1462,47.67624],[-113.1436,47.67324],[-113.14083,47.67143],[-113.14082,47.66877],[-113.13567,47.66354],[-113.12863,47.66107],[-113.12918,47.65695],[-113.12827,47.64649],[-113.12999,47.64497],[-113.13031,47.64171],[-113.13276,47.63919],[-113.13755,47.63843],[-113.13876,47.63931],[-113.14471,47.63714],[-113.1451,47.63008],[-113.14357,47.62536],[-113.13851,47.62377],[-113.13575,47.62046],[-113.139,47.61786],[-113.14125,47.61421],[-113.14599,47.60817],[-113.14736,47.60232],[-113.14442,47.59551],[-113.14176,47.59277],[-113.13619,47.58973],[-113.13089,47.58765],[-113.13051,47.58469],[-113.12748,47.57994],[-113.12701,47.57591],[-113.11955,47.57297],[-113.11774,47.57027],[-113.11862,47.56688],[-113.11809,47.56405],[-113.11966,47.56009],[-113.12387,47.55837],[-113.12454,47.55236],[-113.12401,47.54735],[-113.12258,47.545],[-113.1259,47.54146],[-113.12454,47.5378],[-113.12381,47.53152],[-113.12175,47.52433],[-113.11831,47.52063],[-113.12143,47.51865],[-113.12309,47.516],[-113.11646,47.50834],[-113.11685,47.50559],[-113.11482,47.50107],[-113.11854,47.49836],[-113.11509,47.49381],[-113.11554,47.49154],[-113.11377,47.49009],[-113.10748,47.48845],[-113.10365,47.48454],[-113.10126,47.48475],[-113.09563,47.4829],[-113.09147,47.48048],[-113.08811,47.48184],[-113.08763,47.48398],[-113.08195,47.48435],[-113.08072,47.48549],[-113.06882,47.48207],[-113.06193,47.48304],[-113.06008,47.48587],[-113.05918,47.48985],[-113.05642,47.49148],[-113.05155,47.49012],[-113.04196,47.4905],[-113.03902,47.49405],[-113.03118,47.4938],[-113.02792,47.49061],[-113.02054,47.48921],[-113.01818,47.48614],[-113.01261,47.47632],[-113.01289,47.47172],[-113.01399,47.46627],[-113.0104,47.46508],[-113.00369,47.46507],[-112.99972,47.46157],[-113.00165,47.45921],[-113.00171,47.45606],[-112.99976,47.45519],[-112.99489,47.45035],[-112.99171,47.44895],[-112.99486,47.44605],[-112.99513,47.4419],[-112.99035,47.43931],[-112.98028,47.42943],[-112.97979,47.42239],[-112.97559,47.41996],[-112.97215,47.41972],[-112.96378,47.41779],[-112.96066,47.41406],[-112.96126,47.4128],[-112.95735,47.41],[-112.95531,47.40969],[-112.9514,47.40618],[-112.94717,47.40603],[-112.94627,47.40385],[-112.94692,47.40079],[-112.94675,47.39469],[-112.94248,47.39306],[-112.93652,47.38856],[-112.93079,47.38942],[-112.92459,47.38759],[-112.91952,47.38149],[-112.91923,47.37983],[-112.92121,47.37707],[-112.9204,47.37397],[-112.91861,47.37286],[-112.91977,47.36839],[-112.92165,47.36657],[-112.92338,47.36155],[-112.92598,47.36031],[-112.92601,47.35751],[-112.92757,47.35304],[-112.93342,47.34573],[-112.93223,47.3433],[-112.93511,47.33972],[-112.94367,47.33526],[-112.94567,47.33179],[-112.95071,47.32987],[-112.95332,47.3281],[-112.95484,47.3257],[-112.96202,47.3241],[-112.9647,47.31987],[-112.96821,47.31704],[-112.97027,47.31312],[-112.975,47.3096],[-112.97711,47.306],[-112.98212,47.30599],[-112.9838,47.3045],[-112.98936,47.30476],[-112.99163,47.30608],[-112.9952,47.3066],[-112.99755,47.30572],[-113.00006,47.30207],[-113.00089,47.29696],[-113.00385,47.29353],[-113.00665,47.29183],[-113.00451,47.28687],[-113.00534,47.28084],[-113.00928,47.27436],[-113.01209,47.27151],[-113.02364,47.26329],[-113.0308,47.26375],[-113.03718,47.26532],[-113.04192,47.26511],[-113.04595,47.2672],[-113.0529,47.26379],[-113.0625,47.26575],[-113.0666,47.265],[-113.07196,47.26191],[-113.07441,47.25914],[-113.0808,47.25513],[-113.08594,47.25267],[-113.0937,47.2483],[-113.09764,47.24499],[-113.10211,47.24595],[-113.10342,47.24956],[-113.1076,47.25053],[-113.11777,47.24875],[-113.12171,47.2507],[-113.12336,47.25052],[-113.12776,47.25311],[-113.1279,47.25493],[-113.12073,47.2604],[-113.1189,47.26518],[-113.11612,47.26714],[-113.11834,47.26821],[-113.12154,47.27337],[-113.11957,47.27738],[-113.12567,47.28004],[-113.13102,47.28171],[-113.12964,47.28494],[-113.12759,47.28634],[-113.12716,47.28948],[-113.12987,47.293],[-113.13007,47.29581],[-113.13367,47.29959],[-113.13625,47.30473],[-113.14214,47.3078],[-113.14479,47.31229],[-113.15222,47.3178],[-113.15794,47.31829],[-113.16338,47.32107],[-113.1703,47.32115],[-113.17192,47.31797],[-113.17698,47.31909],[-113.17958,47.31851],[-113.18537,47.31292],[-113.19396,47.31313],[-113.20079,47.3125],[-113.20382,47.30828],[-113.20536,47.30451],[-113.20846,47.3],[-113.21351,47.30115],[-113.21487,47.30399],[-113.22249,47.30879],[-113.2289,47.30933],[-113.23149,47.31146],[-113.23688,47.30815],[-113.23934,47.30878],[-113.24392,47.30803],[-113.24564,47.30669],[-113.24853,47.30696],[-113.24944,47.30324],[-113.25563,47.30195],[-113.25725,47.29768],[-113.25219,47.29112],[-113.25303,47.28849],[-113.252,47.28612],[-113.25308,47.28344],[-113.25201,47.279],[-113.25318,47.27324],[-113.25238,47.26996],[-113.25002,47.26711],[-113.2509,47.26335],[-113.25037,47.25957],[-113.25031,47.25939],[-113.25027,47.25924],[-113.25135,47.255],[-113.25439,47.25238],[-113.25939,47.25143],[-113.26104,47.24811],[-113.26082,47.24798],[-113.26067,47.24789],[-113.26064,47.24715],[-113.26082,47.24702],[-113.26088,47.24698],[-113.26445,47.2415],[-113.2668,47.23305],[-113.26854,47.23162],[-113.27511,47.23114],[-113.27861,47.22859],[-113.2838,47.23046],[-113.28747,47.23107],[-113.29212,47.23405],[-113.29266,47.23449],[-113.29289,47.23468],[-113.29517,47.23757],[-113.29971,47.23548],[-113.30515,47.23625],[-113.31089,47.23965],[-113.31287,47.24234],[-113.32154,47.24214],[-113.32262,47.23825],[-113.32638,47.23479],[-113.32922,47.23428],[-113.33602,47.23608],[-113.33733,47.23701],[-113.34098,47.23641],[-113.34942,47.24315],[-113.35168,47.24294],[-113.35625,47.24949],[-113.36022,47.24758],[-113.36712,47.24975],[-113.37038,47.25201],[-113.37099,47.25667],[-113.36902,47.25956],[-113.37108,47.26247],[-113.37592,47.26405],[-113.37879,47.26365],[-113.38078,47.26542],[-113.38817,47.2644],[-113.39077,47.26552],[-113.39188,47.26746],[-113.39613,47.27102],[-113.39777,47.27589],[-113.39744,47.27765],[-113.39969,47.28265],[-113.40306,47.28607],[-113.40373,47.28902],[-113.40814,47.28902],[-113.41026,47.28702],[-113.4144,47.28624],[-113.41678,47.28703],[-113.41636,47.28961],[-113.4187,47.29439],[-113.42102,47.296],[-113.4263,47.29581],[-113.4299,47.29833],[-113.43554,47.29916],[-113.43438,47.30321],[-113.43195,47.30562],[-113.43075,47.30963],[-113.42677,47.3116],[-113.42807,47.31464],[-113.4278,47.31727],[-113.42524,47.32267],[-113.42717,47.32433],[-113.42847,47.32971],[-113.42712,47.33139],[-113.42836,47.33663],[-113.43,47.33826],[-113.43003,47.34542],[-113.4325,47.3469],[-113.4325,47.34849],[-113.43784,47.34744],[-113.43989,47.34787],[-113.44128,47.34538],[-113.44764,47.34414],[-113.45255,47.34489],[-113.45676,47.34701],[-113.46039,47.34553],[-113.46873,47.34675],[-113.47345,47.34602],[-113.47913,47.34741],[-113.48229,47.34931],[-113.48652,47.35328],[-113.4877,47.35644],[-113.49095,47.35808],[-113.4933,47.36066],[-113.49671,47.36676],[-113.50415,47.37007],[-113.50537,47.37412],[-113.5071,47.37701],[-113.50655,47.37975],[-113.51018,47.38454],[-113.51142,47.39116],[-113.51284,47.39368],[-113.51298,47.39805],[-113.52102,47.40315],[-113.51976,47.4083],[-113.52324,47.41172],[-113.52993,47.41494],[-113.53195,47.41757],[-113.53278,47.42123],[-113.53623,47.42546],[-113.54119,47.42213],[-113.54553,47.42018],[-113.55163,47.41861],[-113.55429,47.41711],[-113.55906,47.41256],[-113.56574,47.4107],[-113.56772,47.4094],[-113.57227,47.40974],[-113.57385,47.40848],[-113.57799,47.40763],[-113.57804,47.40443],[-113.57658,47.39688],[-113.57514,47.39436],[-113.58278,47.39494],[-113.59143,47.39355],[-113.5942,47.39393],[-113.59513,47.39734],[-113.60169,47.40108],[-113.6065,47.4009],[-113.60971,47.40167],[-113.60954,47.3982],[-113.60717,47.39341],[-113.60503,47.38674],[-113.60693,47.38371],[-113.61327,47.38381],[-113.61595,47.38211],[-113.6208,47.38311],[-113.62276,47.38548],[-113.62663,47.38541],[-113.62782,47.38777],[-113.63704,47.38767],[-113.64107,47.38923],[-113.64566,47.38941],[-113.64881,47.38773],[-113.64222,47.37993],[-113.64682,47.37711],[-113.65406,47.37809],[-113.66238,47.38007],[-113.6665,47.38172],[-113.67085,47.38156],[-113.67363,47.37954],[-113.67115,47.37464],[-113.67315,47.37418],[-113.67287,47.36845],[-113.68024,47.3704],[-113.68125,47.36982],[-113.67958,47.36616],[-113.67736,47.36455],[-113.68059,47.36119],[-113.68098,47.35601],[-113.67973,47.35381],[-113.67291,47.35235],[-113.66612,47.3495],[-113.66181,47.34461],[-113.6637,47.34102],[-113.66218,47.3391],[-113.66745,47.33768],[-113.6657,47.33452],[-113.66393,47.33339],[-113.66534,47.3276],[-113.67109,47.32648],[-113.67714,47.32614],[-113.67995,47.32333],[-113.68391,47.32222],[-113.68619,47.32007],[-113.69134,47.31996],[-113.69715,47.31909],[-113.6991,47.31985],[-113.70511,47.318],[-113.71074,47.31996],[-113.71534,47.31978],[-113.71902,47.31677],[-113.72236,47.31536],[-113.72443,47.31177],[-113.72795,47.31018],[-113.73182,47.30998],[-113.73512,47.30824],[-113.73722,47.30401],[-113.73884,47.30371],[-113.74111,47.29945],[-113.74092,47.29764],[-113.74364,47.29528],[-113.74908,47.29284],[-113.75179,47.28991],[-113.75398,47.28936],[-113.75774,47.28625],[-113.75865,47.28391],[-113.76269,47.28359],[-113.76692,47.28233],[-113.76902,47.28399],[-113.77414,47.285],[-113.77707,47.28844],[-113.78051,47.28616],[-113.78303,47.28336],[-113.78637,47.28269],[-113.7924,47.27713],[-113.79511,47.27617],[-113.80235,47.27501],[-113.80653,47.27361],[-113.81214,47.27423],[-113.8171,47.27225],[-113.82017,47.27203],[-113.82262,47.27426],[-113.83024,47.2742],[-113.83532,47.2715],[-113.83906,47.27222],[-113.843,47.27187],[-113.8452,47.27364],[-113.84611,47.27728],[-113.84914,47.27886],[-113.85259,47.27914],[-113.85222,47.28162],[-113.85547,47.28501],[-113.86107,47.28618],[-113.86487,47.28886],[-113.87107,47.28825],[-113.87306,47.29006],[-113.87438,47.29432],[-113.87335,47.29881],[-113.87625,47.30125],[-113.87768,47.30445],[-113.88443,47.30827],[-113.88713,47.30729],[-113.89383,47.30882],[-113.89773,47.30915],[-113.90062,47.31125],[-113.90081,47.3131],[-113.8964,47.31376],[-113.89283,47.31647],[-113.89095,47.31641],[-113.88663,47.31863],[-113.88766,47.32089],[-113.88617,47.32501],[-113.88708,47.32873],[-113.88557,47.33378],[-113.88351,47.33478],[-113.88204,47.33788],[-113.8848,47.34108],[-113.88575,47.34579],[-113.88939,47.35555],[-113.89319,47.3593],[-113.88723,47.36007],[-113.88743,47.36581],[-113.88623,47.36919],[-113.8825,47.36906],[-113.87783,47.36993],[-113.87574,47.37118],[-113.87516,47.37634],[-113.87385,47.37992],[-113.87069,47.38498],[-113.87117,47.39211],[-113.87396,47.39324],[-113.87615,47.39572],[-113.87885,47.40091],[-113.88226,47.40269],[-113.88588,47.40687],[-113.88695,47.41121],[-113.8909,47.41555],[-113.89093,47.42012],[-113.88925,47.42343],[-113.89062,47.43155],[-113.89405,47.43263],[-113.89574,47.43527],[-113.89664,47.43935],[-113.89963,47.44074],[-113.90385,47.44768],[-113.91358,47.44956],[-113.91957,47.45367],[-113.92605,47.45479],[-113.93241,47.45757],[-113.93094,47.46001],[-113.93077,47.46419],[-113.92873,47.46584],[-113.93278,47.46694],[-113.93953,47.47146],[-113.94376,47.47168],[-113.94842,47.47352],[-113.95119,47.47597],[-113.94836,47.47862],[-113.94281,47.47971],[-113.94068,47.48414],[-113.93854,47.48503],[-113.93944,47.4878],[-113.94227,47.49073],[-113.94203,47.49316],[-113.93947,47.4937],[-113.93581,47.49636],[-113.93502,47.49824],[-113.93081,47.50026],[-113.9269,47.49822],[-113.92074,47.49883],[-113.9143,47.50087],[-113.91438,47.50399],[-113.91259,47.50588],[-113.91177,47.51097],[-113.90973,47.51263],[-113.90982,47.51453],[-113.91509,47.5156],[-113.92576,47.51958],[-113.92658,47.52188],[-113.92521,47.52549],[-113.92187,47.52821],[-113.92372,47.5311],[-113.92264,47.53399],[-113.92316,47.53611],[-113.92945,47.53955],[-113.928,47.54291],[-113.92219,47.54491],[-113.92259,47.54818],[-113.91949,47.54943],[-113.92104,47.55797],[-113.92442,47.56064],[-113.92413,47.56529],[-113.92629,47.56754],[-113.92989,47.57371],[-113.93218,47.57659],[-113.93107,47.58071],[-113.92911,47.58249],[-113.9285,47.58594],[-113.93026,47.59005],[-113.92798,47.59358],[-113.93032,47.59848],[-113.93435,47.5994],[-113.93696,47.59781],[-113.94419,47.59648],[-113.9488,47.59915],[-113.94924,47.60168],[-113.95419,47.6027],[-113.96067,47.60518],[-113.96248,47.60733],[-113.96105,47.61259],[-113.96163,47.61625],[-113.96075,47.61764],[-113.96208,47.62088],[-113.96472,47.62281],[-113.96464,47.62481],[-113.96735,47.62623],[-113.96635,47.628],[-113.96598,47.63611],[-113.96356,47.63978],[-113.96653,47.64236],[-113.96472,47.64404],[-113.96577,47.64638],[-113.96542,47.64912],[-113.96649,47.65346],[-113.965,47.65888],[-113.96554,47.66149],[-113.96055,47.66536],[-113.95951,47.66687],[-113.96707,47.67331],[-113.96715,47.67545],[-113.96361,47.67904],[-113.96134,47.67947],[-113.95853,47.68437],[-113.95238,47.68714],[-113.95139,47.69102],[-113.95219,47.69464],[-113.95107,47.69794],[-113.95206,47.70126],[-113.95101,47.70231],[-113.95628,47.70547],[-113.96028,47.70524],[-113.96468,47.70696],[-113.96689,47.71291],[-113.96609,47.71595],[-113.97049,47.71853],[-113.97048,47.7217],[-113.96852,47.72467],[-113.96905,47.72809],[-113.96732,47.72948],[-113.96596,47.73466],[-113.96466,47.73443],[-113.95743,47.73702],[-113.95479,47.74476],[-113.9548,47.74983],[-113.9577,47.75279],[-113.95569,47.75495],[-113.95085,47.75438],[-113.92517,47.75585],[-113.92519,47.74511],[-113.90372,47.74509],[-113.90365,47.73059],[-113.92513,47.7306],[-113.92506,47.71605],[-113.94644,47.71597],[-113.94648,47.7306],[-113.95719,47.73061],[-113.95717,47.71595],[-113.94644,47.71597],[-113.94639,47.70169],[-113.92494,47.70161],[-113.92506,47.71605],[-113.90359,47.71608],[-113.90365,47.73059],[-113.88226,47.73062],[-113.88221,47.71611],[-113.86081,47.71609],[-113.86075,47.70155],[-113.8394,47.70154],[-113.83941,47.71603],[-113.81801,47.71603],[-113.8179,47.70153],[-113.79643,47.70152],[-113.79651,47.71602],[-113.77502,47.716],[-113.77499,47.70153],[-113.75354,47.70153],[-113.75356,47.716],[-113.73213,47.71598],[-113.73209,47.70152],[-113.71064,47.7015],[-113.7107,47.71599],[-113.73213,47.71598],[-113.73216,47.73045],[-113.75358,47.73047],[-113.75359,47.74495],[-113.7751,47.74496],[-113.77508,47.75942],[-113.75356,47.75943],[-113.75356,47.77392],[-113.77509,47.77389],[-113.77519,47.78845],[-113.76981,47.78846],[-113.76976,47.78113],[-113.75363,47.78116],[-113.75369,47.78847],[-113.71078,47.78847],[-113.71086,47.87762],[-113.75373,47.87765],[-113.75374,47.86447],[-113.76446,47.86447],[-113.76445,47.86809],[-113.75909,47.86809],[-113.75909,47.8717],[-113.79666,47.87168],[-113.7967,47.84638],[-113.83931,47.84629],[-113.83932,47.8417],[-113.83665,47.84172],[-113.83667,47.83903],[-113.83398,47.83906],[-113.83396,47.83544],[-113.83936,47.83543],[-113.83939,47.83182],[-113.8557,47.83174],[-113.89867,47.83193],[-113.89871,47.8175],[-113.90944,47.81756],[-113.90952,47.80305],[-113.89877,47.80302],[-113.89881,47.78849],[-113.88238,47.78847],[-113.88242,47.77398],[-113.90387,47.77399],[-113.90378,47.75955],[-113.92315,47.75955],[-113.92343,47.7606],[-113.92149,47.76737],[-113.92359,47.77145],[-113.92624,47.77499],[-113.93021,47.77816],[-113.93147,47.78297],[-113.93015,47.78553],[-113.92498,47.78892],[-113.92586,47.79164],[-113.92231,47.79463],[-113.92192,47.79761],[-113.92342,47.80092],[-113.9215,47.80776],[-113.92568,47.81106],[-113.92469,47.81413],[-113.92687,47.81764],[-113.9275,47.82031],[-113.92685,47.83004],[-113.92815,47.83329],[-113.93032,47.8357],[-113.93751,47.83767],[-113.94695,47.83655],[-113.95101,47.83657],[-113.94981,47.84073],[-113.9533,47.84232],[-113.95331,47.84649],[-113.95449,47.84828],[-113.95098,47.84949],[-113.94851,47.85277],[-113.95157,47.85378],[-113.9489,47.85588],[-113.9476,47.85875],[-113.94867,47.8618],[-113.94577,47.86582],[-113.94577,47.8681],[-113.9437,47.87164],[-113.93487,47.87005],[-113.92669,47.87085],[-113.92344,47.88376],[-113.92427,47.88451],[-113.97229,47.88458],[-114.0047,47.8847],[-114.03698,47.8847],[-114.03734,47.88676],[-114.03359,47.89117],[-114.03345,47.89765],[-114.03272,47.90055],[-114.03366,47.90575],[-114.03291,47.90901],[-114.03434,47.91485],[-114.03407,47.92102],[-114.03323,47.92288],[-114.03175,47.93344],[-114.0332,47.94159],[-114.0324,47.94835],[-114.03288,47.95177],[-114.03616,47.95729],[-114.0389,47.96459],[-114.02925,47.96441],[-114.02895,47.9722],[-114.02861,48.00836],[-114.05031,48.00847],[-114.05014,48.03025],[-114.0499,48.03734],[-114.02832,48.03735],[-114.0175,48.03716],[-114.01762,48.02623],[-114.01221,48.02623],[-114.01227,48.0226],[-114.00687,48.02259],[-114.00707,48.01191],[-114.00164,48.01185],[-114.00172,48.00827],[-113.98538,48.00786],[-113.9854,47.99351],[-113.96369,47.99354],[-113.96369,47.99715],[-113.95844,47.9972],[-113.95848,47.99365],[-113.9464,47.99392],[-113.94218,47.99359],[-113.92916,47.9934],[-113.89964,47.99338],[-113.89964,48.00795],[-113.9102,48.00794],[-113.90998,48.02243],[-113.92076,48.02244],[-113.92088,48.04415],[-113.92119,48.05163],[-113.94225,48.05161],[-113.94258,48.06612],[-113.94256,48.08063],[-113.94285,48.09533],[-113.94281,48.10992],[-113.95287,48.10954],[-113.96454,48.10958],[-113.96494,48.1242],[-113.96494,48.1397],[-113.98653,48.13949],[-113.98642,48.16119],[-114.00819,48.16109],[-114.00816,48.17558],[-114.01884,48.1755],[-114.01882,48.18269],[-114.06208,48.18257],[-114.07236,48.1821],[-114.07229,48.21078],[-114.07257,48.22557],[-114.08879,48.22563],[-114.08874,48.24742],[-114.11047,48.24735],[-114.11041,48.26909],[-114.12126,48.26913],[-114.12116,48.28005],[-114.1266,48.28008],[-114.12656,48.28372],[-114.13199,48.28375],[-114.13192,48.2983],[-114.13241,48.32032],[-114.13209,48.32742],[-114.13219,48.35628],[-114.1319,48.37085],[-114.12105,48.37092],[-114.12114,48.38529],[-114.11095,48.38464],[-114.10117,48.38593],[-114.09653,48.38844],[-114.09315,48.38847],[-114.09314,48.39286],[-114.09899,48.39276],[-114.09902,48.38906],[-114.11567,48.38888],[-114.11567,48.39253],[-114.12113,48.39249],[-114.12114,48.40338],[-114.12659,48.40337],[-114.12661,48.40703],[-114.13206,48.40702],[-114.13205,48.41064],[-114.1212,48.41069],[-114.12117,48.40704],[-114.11578,48.40705],[-114.11576,48.41069],[-114.11033,48.41068],[-114.11038,48.40706],[-114.08355,48.4071],[-114.08358,48.41069],[-114.07279,48.41066],[-114.07282,48.41427],[-114.06197,48.41424],[-114.06195,48.42506],[-114.0673,48.42506],[-114.06726,48.42866],[-114.07816,48.42868],[-114.07818,48.42508],[-114.08856,48.42511],[-114.08856,48.4143],[-114.1108,48.4143],[-114.11071,48.41792],[-114.12663,48.41791],[-114.12664,48.41429],[-114.13751,48.4143],[-114.13749,48.41792],[-114.14295,48.41796],[-114.14276,48.44314],[-114.15332,48.4432],[-114.15333,48.45406],[-114.17505,48.45419],[-114.17501,48.45057],[-114.16968,48.45052],[-114.16974,48.44332],[-114.17531,48.44333],[-114.17545,48.43611],[-114.15373,48.4361]],[[-114.06202,48.40704],[-114.062,48.41064],[-114.06744,48.41065],[-114.06745,48.40703],[-114.06202,48.40704]],[[-114.14255,48.46479],[-114.14254,48.46118],[-114.13717,48.46114],[-114.13712,48.46842],[-114.13167,48.4684],[-114.13162,48.4721],[-114.14252,48.47209],[-114.14255,48.46479]],[[-114.19732,48.43252],[-114.19737,48.42528],[-114.18646,48.4253],[-114.18641,48.43254],[-114.19732,48.43252]],[[-114.1642,48.45773],[-114.15332,48.45768],[-114.15333,48.47215],[-114.16416,48.47218],[-114.1642,48.45773]],[[-114.07799,48.39989],[-114.06595,48.39985],[-114.06603,48.39285],[-114.05528,48.39283],[-114.05516,48.39986],[-114.05125,48.39986],[-114.05121,48.40346],[-114.07804,48.40348],[-114.07799,48.39989]],[[-114.19693,48.46491],[-114.18601,48.46495],[-114.18592,48.45779],[-114.17509,48.45781],[-114.17498,48.47219],[-114.19727,48.47226],[-114.19693,48.46491]],[[-114.08855,48.4287],[-114.08855,48.4323],[-114.07815,48.43227],[-114.07814,48.43587],[-114.0727,48.43585],[-114.07268,48.44302],[-114.06724,48.44664],[-114.05655,48.44676],[-114.05653,48.45035],[-114.07267,48.45029],[-114.07265,48.45394],[-114.07806,48.45396],[-114.07815,48.4684],[-114.09394,48.46835],[-114.09396,48.47197],[-114.11568,48.47204],[-114.11563,48.46839],[-114.09937,48.46834],[-114.09931,48.46474],[-114.09392,48.46475],[-114.09396,48.45752],[-114.08855,48.45752],[-114.08859,48.45031],[-114.0994,48.45033],[-114.09938,48.45393],[-114.10479,48.45392],[-114.10475,48.45751],[-114.11013,48.4575],[-114.11015,48.4611],[-114.11557,48.46114],[-114.11557,48.46474],[-114.13181,48.4647],[-114.13189,48.4503],[-114.1211,48.45039],[-114.12116,48.43956],[-114.11574,48.43956],[-114.11573,48.44316],[-114.08855,48.44311],[-114.08855,48.43591],[-114.09945,48.43593],[-114.09949,48.42875],[-114.08855,48.4287]]],[[[-114.76415,48.19711],[-114.7681,48.20111],[-114.77229,48.20359],[-114.78089,48.21098],[-114.78595,48.21266],[-114.79989,48.21198],[-114.80662,48.21047],[-114.81544,48.21303],[-114.82418,48.21768],[-114.82584,48.22139],[-114.83071,48.22536],[-114.83097,48.22837],[-114.8275,48.23447],[-114.8222,48.24085],[-114.82245,48.24317],[-114.82688,48.24566],[-114.83086,48.24996],[-114.82866,48.25351],[-114.82741,48.25761],[-114.82795,48.25898],[-114.83275,48.26287],[-114.83196,48.26483],[-114.83376,48.27003],[-114.83193,48.27205],[-114.82684,48.27337],[-114.82214,48.27562],[-114.81734,48.27951],[-114.81547,48.28373],[-114.8137,48.28557],[-114.81392,48.28962],[-114.81506,48.29232],[-114.82175,48.28983],[-114.82534,48.2878],[-114.8283,48.28724],[-114.83326,48.28764],[-114.83885,48.29224],[-114.84864,48.29513],[-114.85228,48.29956],[-114.85611,48.30222],[-114.85671,48.30483],[-114.8613,48.31002],[-114.86499,48.31843],[-114.88362,48.32534],[-114.88641,48.32863],[-114.89148,48.32963],[-114.89449,48.33116],[-114.89933,48.33526],[-114.90398,48.33753],[-114.91622,48.33988],[-114.92203,48.3432],[-114.92442,48.34667],[-114.9126,48.3545],[-114.91054,48.35692],[-114.90896,48.36323],[-114.90707,48.36484],[-114.90344,48.36574],[-114.90027,48.36798],[-114.89208,48.36537],[-114.88742,48.36522],[-114.87855,48.36242],[-114.87598,48.36718],[-114.86954,48.36686],[-114.86553,48.36865],[-114.86493,48.37267],[-114.86244,48.37496],[-114.85663,48.37875],[-114.85239,48.37992],[-114.84953,48.38478],[-114.84885,48.38776],[-114.84635,48.3906],[-114.84455,48.39589],[-114.8422,48.39856],[-114.84076,48.40407],[-114.8421,48.408],[-114.84654,48.41124],[-114.84822,48.4137],[-114.8552,48.41565],[-114.85968,48.42008],[-114.86611,48.42392],[-114.86785,48.42266],[-114.87118,48.4229],[-114.87548,48.42684],[-114.8879,48.43618],[-114.89015,48.43616],[-114.89352,48.43424],[-114.90062,48.43881],[-114.90269,48.44256],[-114.90332,48.44589],[-114.90872,48.44624],[-114.91198,48.44828],[-114.91501,48.45165],[-114.91495,48.4557],[-114.9081,48.45951],[-114.90204,48.4602],[-114.89741,48.46278],[-114.89917,48.47555],[-114.90342,48.4805],[-114.90905,48.48414],[-114.9094,48.48651],[-114.90395,48.49084],[-114.90373,48.49336],[-114.90833,48.49612],[-114.90855,48.4987],[-114.90256,48.50053],[-114.89053,48.50079],[-114.88477,48.49779],[-114.86835,48.49834],[-114.86238,48.49741],[-114.85905,48.49996],[-114.85802,48.50297],[-114.86041,48.50602],[-114.85851,48.50955],[-114.85617,48.51031],[-114.84837,48.51717],[-114.84264,48.51555],[-114.83553,48.51461],[-114.83155,48.51495],[-114.82941,48.51795],[-114.81778,48.51737],[-114.81085,48.51868],[-114.80466,48.51826],[-114.80087,48.51929],[-114.7966,48.52242],[-114.79381,48.52246],[-114.79163,48.52488],[-114.79003,48.52829],[-114.79,48.53157],[-114.7884,48.53404],[-114.78463,48.53467],[-114.77618,48.53702],[-114.77502,48.53843],[-114.77653,48.54361],[-114.76478,48.54654],[-114.7633,48.5486],[-114.76234,48.55363],[-114.76001,48.55374],[-114.75638,48.55228],[-114.75355,48.55366],[-114.75201,48.55572],[-114.74912,48.55578],[-114.74601,48.56029],[-114.74346,48.56002],[-114.74454,48.5636],[-114.74453,48.56823],[-114.7398,48.56855],[-114.73668,48.5702],[-114.73699,48.57329],[-114.74046,48.57661],[-114.73934,48.58134],[-114.73747,48.58445],[-114.73361,48.58524],[-114.73062,48.58724],[-114.7291,48.58987],[-114.731,48.5932],[-114.73741,48.59677],[-114.74005,48.59695],[-114.74428,48.60135],[-114.74445,48.6029],[-114.74098,48.60652],[-114.73519,48.6098],[-114.73483,48.61263],[-114.73973,48.61685],[-114.69334,48.61694],[-114.69327,48.6279],[-114.6886,48.62701],[-114.68788,48.62474],[-114.68374,48.62497],[-114.68237,48.62304],[-114.67879,48.62254],[-114.67226,48.61852],[-114.67021,48.61782],[-114.66357,48.61771],[-114.65732,48.61596],[-114.65744,48.61325],[-114.65204,48.61317],[-114.6521,48.61137],[-114.65532,48.61142],[-114.65642,48.60881],[-114.65494,48.60392],[-114.6513,48.60308],[-114.64722,48.59965],[-114.64787,48.59523],[-114.64199,48.59534],[-114.6392,48.59468],[-114.63171,48.59017],[-114.6312,48.58792],[-114.64966,48.588],[-114.64993,48.57355],[-114.62277,48.57339],[-114.59014,48.57342],[-114.5904,48.53743],[-114.59038,48.51572],[-114.59054,48.50124],[-114.61226,48.50131],[-114.61239,48.48675],[-114.63429,48.48672],[-114.63435,48.47234],[-114.6234,48.47233],[-114.62346,48.46152],[-114.6289,48.46153],[-114.62886,48.46508],[-114.63431,48.46508],[-114.63428,48.44344],[-114.61253,48.44348],[-114.61252,48.42903],[-114.58614,48.42889],[-114.5862,48.43977],[-114.59083,48.4398],[-114.59084,48.44341],[-114.58078,48.44337],[-114.58079,48.4542],[-114.59083,48.45426],[-114.59084,48.45065],[-114.59624,48.45067],[-114.59623,48.44705],[-114.60161,48.44707],[-114.60164,48.45069],[-114.61258,48.45071],[-114.61261,48.45795],[-114.58624,48.45784],[-114.58622,48.46146],[-114.58077,48.46144],[-114.58073,48.46506],[-114.59079,48.4651],[-114.59057,48.48677],[-114.53702,48.48673],[-114.53705,48.48311],[-114.54795,48.48308],[-114.54797,48.47947],[-114.53708,48.4795],[-114.53709,48.47582],[-114.53164,48.47583],[-114.53165,48.47215],[-114.52074,48.4722],[-114.52069,48.45775],[-114.51522,48.45784],[-114.51511,48.45051],[-114.50967,48.45055],[-114.50955,48.44339],[-114.52581,48.44338],[-114.53711,48.44314],[-114.55907,48.44315],[-114.55907,48.43597],[-114.5482,48.43587],[-114.54826,48.42865],[-114.52551,48.42885],[-114.50402,48.4288],[-114.50399,48.42518],[-114.49645,48.42517],[-114.49336,48.42153],[-114.50396,48.42155],[-114.50383,48.39986],[-114.48479,48.39989],[-114.48495,48.40349],[-114.48765,48.40349],[-114.49307,48.40705],[-114.4932,48.41418],[-114.48231,48.41428],[-114.48227,48.41069],[-114.47685,48.4107],[-114.47682,48.4071],[-114.47138,48.40708],[-114.47121,48.39984],[-114.46035,48.39977],[-114.46058,48.38522],[-114.4605,48.34901],[-114.46073,48.31272],[-114.52416,48.31276],[-114.52419,48.30542],[-114.54563,48.30544],[-114.54572,48.30905],[-114.56742,48.30908],[-114.56713,48.30547],[-114.56735,48.29104],[-114.5565,48.29103],[-114.55652,48.28381],[-114.54565,48.28379],[-114.54568,48.26934],[-114.55653,48.26937],[-114.55652,48.25496],[-114.56737,48.25495],[-114.56724,48.22959],[-114.55646,48.22961],[-114.55636,48.23322],[-114.55097,48.23323],[-114.55109,48.22599],[-114.51323,48.22598],[-114.50278,48.22588],[-114.46047,48.22585],[-114.4602,48.21753],[-114.46041,48.21053],[-114.46006,48.18185],[-114.50262,48.18181],[-114.50256,48.13845],[-114.4919,48.13845],[-114.49192,48.12084],[-114.51329,48.121],[-114.55626,48.12093],[-114.58861,48.12112],[-114.62037,48.12091],[-114.62037,48.12125],[-114.66372,48.12134],[-114.66374,48.13856],[-114.68523,48.13847],[-114.68529,48.14576],[-114.69746,48.14592],[-114.69726,48.16816],[-114.71909,48.16816],[-114.71895,48.18262],[-114.74074,48.18264],[-114.74064,48.19712],[-114.76415,48.19711]],[[-114.57796,48.23325],[-114.57804,48.22965],[-114.58884,48.22969],[-114.58892,48.22607],[-114.57273,48.22602],[-114.57256,48.23322],[-114.57796,48.23325]],[[-114.57533,48.46141],[-114.5644,48.46136],[-114.56438,48.46498],[-114.55889,48.46496],[-114.55889,48.46858],[-114.57528,48.46866],[-114.57533,48.46141]],[[-114.58077,48.43974],[-114.58076,48.43246],[-114.57534,48.43245],[-114.57532,48.42881],[-114.55906,48.42879],[-114.55906,48.43238],[-114.56449,48.43241],[-114.56447,48.45048],[-114.55899,48.45043],[-114.55892,48.4577],[-114.56994,48.45776],[-114.56996,48.45053],[-114.57536,48.45056],[-114.57538,48.4397],[-114.58077,48.43974]]],[[[-114.32012,48.08844],[-114.32002,48.08133],[-114.30937,48.08134],[-114.30944,48.06688],[-114.28798,48.06696],[-114.28806,48.04897],[-114.30026,48.04908],[-114.30016,48.03462],[-114.27873,48.03463],[-114.27866,48.0202],[-114.27889,48.0129],[-114.27895,47.99123],[-114.25718,47.99119],[-114.25711,47.97683],[-114.2356,47.97679],[-114.23518,47.92614],[-114.23507,47.90443],[-114.27772,47.90429],[-114.27772,47.90466],[-114.29924,47.90463],[-114.29931,47.92605],[-114.29955,47.94789],[-114.29915,47.96232],[-114.31508,47.96228],[-114.3152,47.95866],[-114.32054,47.9586],[-114.32041,47.96222],[-114.36405,47.962],[-114.36402,47.95855],[-114.36941,47.95857],[-114.36941,47.962],[-114.4069,47.96203],[-114.40702,47.94776],[-114.4284,47.94776],[-114.47151,47.94759],[-114.4921,47.94761],[-114.49219,47.96199],[-114.55674,47.96206],[-114.55672,47.97658],[-114.62042,47.9765],[-114.6205,48.04886],[-114.59927,48.04877],[-114.59911,48.07786],[-114.53525,48.07753],[-114.51374,48.07754],[-114.51347,48.04862],[-114.51379,48.0342],[-114.49208,48.03426],[-114.49202,48.04874],[-114.4613,48.04871],[-114.42901,48.04885],[-114.40667,48.04874],[-114.40672,48.06326],[-114.36421,48.06331],[-114.36423,48.08103],[-114.33097,48.081],[-114.33112,48.08832],[-114.32012,48.08844]]],[[[-113.87728,47.80294],[-113.85582,47.80287],[-113.8559,47.78842],[-113.83952,47.78839],[-113.83951,47.77389],[-113.86098,47.77399],[-113.86094,47.78843],[-113.87733,47.78846],[-113.87728,47.80294]]],[[[-114.32012,48.08844],[-114.32023,48.09564],[-114.33116,48.09555],[-114.33105,48.09916],[-114.32562,48.09921],[-114.32552,48.10283],[-114.30932,48.103],[-114.30918,48.0958],[-114.29304,48.09578],[-114.29307,48.08858],[-114.28802,48.08858],[-114.28799,48.08499],[-114.29837,48.08497],[-114.29839,48.08857],[-114.32012,48.08844]]],[[[-113.83946,47.73054],[-113.83951,47.745],[-113.81805,47.74495],[-113.818,47.7305],[-113.82607,47.73055],[-113.82606,47.72509],[-113.83143,47.7251],[-113.83412,47.72692],[-113.83413,47.73055],[-113.83946,47.73054]]],[[[-114.67139,48.65888],[-114.67141,48.67339],[-114.64954,48.67342],[-114.64953,48.65888],[-114.67139,48.65888]]],[[[-113.81807,47.77392],[-113.81811,47.78843],[-113.79665,47.78845],[-113.79655,47.77389],[-113.81807,47.77392]]],[[[-113.81805,47.74495],[-113.81807,47.75945],[-113.79654,47.75942],[-113.79653,47.74495],[-113.81805,47.74495]]],[[[-113.75375,47.81743],[-113.75378,47.83191],[-113.73226,47.83187],[-113.73223,47.81739],[-113.75375,47.81743]]],[[[-113.81801,47.71603],[-113.818,47.7305],[-113.79653,47.73049],[-113.79651,47.71602],[-113.81801,47.71603]]],[[[-113.89877,47.80302],[-113.89871,47.8175],[-113.87719,47.81741],[-113.87728,47.80294],[-113.89877,47.80302]]],[[[-113.77502,47.716],[-113.77504,47.73049],[-113.75358,47.73047],[-113.75356,47.716],[-113.77502,47.716]]],[[[-113.86081,47.71609],[-113.86088,47.73057],[-113.83946,47.73054],[-113.83941,47.71603],[-113.86081,47.71609]]],[[[-113.79653,47.73049],[-113.79653,47.74495],[-113.7751,47.74496],[-113.77504,47.73049],[-113.79653,47.73049]]],[[[-113.79654,47.75942],[-113.79655,47.77389],[-113.77509,47.77389],[-113.77508,47.75942],[-113.79654,47.75942]]],[[[-113.83951,47.75944],[-113.83951,47.77389],[-113.81807,47.77392],[-113.81807,47.75945],[-113.83951,47.75944]]],[[[-113.86093,47.74506],[-113.86096,47.75952],[-113.83951,47.75944],[-113.83951,47.745],[-113.86093,47.74506]]],[[[-113.88226,47.73062],[-113.88232,47.74508],[-113.86093,47.74506],[-113.86088,47.73057],[-113.88226,47.73062]]],[[[-113.88237,47.75954],[-113.88242,47.77398],[-113.86098,47.77399],[-113.86096,47.75952],[-113.88237,47.75954]]],[[[-113.83952,47.78839],[-113.8395,47.80285],[-113.81808,47.8029],[-113.81811,47.78843],[-113.83952,47.78839]]],[[[-113.90372,47.74509],[-113.90378,47.75955],[-113.88237,47.75954],[-113.88232,47.74508],[-113.90372,47.74509]]],[[[-114.38514,48.1068],[-114.38508,48.12069],[-114.37471,48.1208],[-114.37481,48.11348],[-114.36945,48.11345],[-114.36948,48.11009],[-114.35776,48.10993],[-114.35779,48.10271],[-114.36412,48.1027],[-114.36411,48.1067],[-114.38514,48.1068]]],[[[-114.45524,48.41064],[-114.45525,48.4179],[-114.4498,48.41788],[-114.44976,48.42151],[-114.44433,48.42154],[-114.44437,48.40705],[-114.43351,48.40708],[-114.43352,48.41072],[-114.42807,48.41072],[-114.42804,48.40345],[-114.4497,48.40338],[-114.44981,48.41063],[-114.45524,48.41064]]],[[[-113.85582,47.80287],[-113.85578,47.81731],[-113.85042,47.81732],[-113.85044,47.81009],[-113.83948,47.81009],[-113.8395,47.80285],[-113.85582,47.80287]]],[[[-114.2788,48.04188],[-114.27881,48.04909],[-114.25724,48.04904],[-114.25724,48.04177],[-114.2788,48.04188]]],[[[-114.21354,48.26199],[-114.2135,48.25836],[-114.21902,48.25845],[-114.21901,48.25531],[-114.2221,48.25472],[-114.22212,48.26257],[-114.21902,48.26117],[-114.21892,48.28006],[-114.21354,48.28002],[-114.21354,48.26199]]],[[[-114.72299,47.99104],[-114.72284,48.00191],[-114.71719,48.00194],[-114.71705,48.0056],[-114.71188,48.00552],[-114.71204,47.99828],[-114.71733,47.99827],[-114.71755,47.99105],[-114.72299,47.99104]]],[[[-114.51357,47.94756],[-114.52433,47.94751],[-114.52442,47.95478],[-114.51904,47.95479],[-114.51908,47.95842],[-114.5137,47.95842],[-114.51357,47.94756]]],[[[-114.35768,48.47586],[-114.35226,48.47591],[-114.3522,48.46502],[-114.35753,48.46503],[-114.35763,48.46862],[-114.36843,48.46858],[-114.36849,48.47216],[-114.35773,48.4722],[-114.35768,48.47586]]],[[[-114.51357,47.94756],[-114.50284,47.94757],[-114.50274,47.94036],[-114.51355,47.94034],[-114.51357,47.94756]]],[[[-113.87719,47.81741],[-113.87716,47.82463],[-113.86645,47.82458],[-113.86648,47.81736],[-113.87719,47.81741]]],[[[-113.79921,47.83184],[-113.7992,47.8409],[-113.7938,47.8409],[-113.79379,47.83184],[-113.79921,47.83184]]],[[[-114.09917,48.10291],[-114.09927,48.11165],[-114.09397,48.11201],[-114.0937,48.10292],[-114.09917,48.10291]]],[[[-114.36399,47.95119],[-114.36399,47.95476],[-114.35279,47.95488],[-114.3529,47.9513],[-114.36399,47.95119]]],[[[-113.79665,47.78845],[-113.79665,47.79569],[-113.79128,47.79569],[-113.79128,47.78845],[-113.79665,47.78845]]],[[[-114.43353,48.41437],[-114.4335,48.42156],[-114.42811,48.42156],[-114.42809,48.41438],[-114.43353,48.41437]]],[[[-114.2082,48.30903],[-114.20819,48.30541],[-114.21364,48.30547],[-114.21365,48.31246],[-114.2082,48.31249],[-114.2082,48.30903]]],[[[-114.42808,47.88592],[-114.42808,47.88998],[-114.42269,47.88998],[-114.42269,47.88588],[-114.42808,47.88592]]],[[[-114.34129,48.45411],[-114.34135,48.45773],[-114.33588,48.45765],[-114.33584,48.45403],[-114.34129,48.45411]]],[[[-114.62583,48.0887],[-114.62582,48.09232],[-114.62039,48.09231],[-114.62041,48.08869],[-114.62583,48.0887]]],[[[-114.35768,48.47586],[-114.36309,48.47582],[-114.363,48.47948],[-114.35762,48.47953],[-114.35768,48.47586]]],[[[-114.38514,48.1068],[-114.38516,48.10317],[-114.39056,48.10317],[-114.39055,48.10679],[-114.38514,48.1068]]],[[[-114.68521,48.05967],[-114.6852,48.06329],[-114.67981,48.0633],[-114.67982,48.05968],[-114.68521,48.05967]]],[[[-113.81811,47.83364],[-113.81811,47.83726],[-113.81275,47.83727],[-113.81275,47.83364],[-113.81811,47.83364]]],[[[-114.64744,48.01627],[-114.64744,48.01989],[-114.64205,48.01989],[-114.64205,48.01627],[-114.64744,48.01627]]],[[[-114.64743,48.00543],[-114.64743,48.00904],[-114.64205,48.00904],[-114.64205,48.00543],[-114.64743,48.00543]]],[[[-114.65819,48.00544],[-114.6582,48.00905],[-114.65282,48.00905],[-114.65281,48.00543],[-114.65819,48.00544]]],[[[-114.2554,48.1753],[-114.25539,48.17168],[-114.26077,48.17166],[-114.2608,48.17528],[-114.2554,48.1753]]],[[[-114.42277,47.90444],[-114.42277,47.90806],[-114.41744,47.90806],[-114.41744,47.90444],[-114.42277,47.90444]]],[[[-114.61537,48.09933],[-114.61538,48.1029],[-114.60999,48.10294],[-114.60997,48.09937],[-114.61537,48.09933]]],[[[-114.15373,48.4361],[-114.15366,48.43965],[-114.14823,48.43962],[-114.14828,48.43606],[-114.15373,48.4361]]],[[[-114.74984,48.10321],[-114.74985,48.10682],[-114.74483,48.10682],[-114.74481,48.10321],[-114.74984,48.10321]]],[[[-114.12477,48.49022],[-114.12546,48.49112],[-114.12445,48.49334],[-114.12116,48.49363],[-114.12113,48.4893],[-114.12354,48.48959],[-114.12477,48.49022]]],[[[-114.19681,48.15334],[-114.19681,48.15694],[-114.1907,48.15332],[-114.19681,48.15334]]],[[[-114.14756,48.04124],[-114.13987,48.04124],[-114.14214,48.03932],[-114.14756,48.04124]]],[[[-114.12675,48.05211],[-114.12146,48.05211],[-114.12407,48.04926],[-114.12675,48.05211]]]]},"properties":{"MA_ID":135,"MANAME":"Flathead National Forest","MANAGER":"Flathead National Forest","MA_TYPE":"FFSNF","INSTTYPE":"Federal","INST":"US Forest Service","UNITTYPE":"National Forest","ACRES":2651692.98831,"DataSource":"USFS","SourceDate":"2019-02-01T00:00:00.000Z","URL":"https://www.fs.usda.gov/flathead","EditDate":"2019-02-25T00:00:00.000Z","SourceName":"Flathead National Forest","GAP_Sts":"3","GAPCdSrc":"GAP - Default","GAPCdDt":"2024","Mang_Name":"Forest Service","Des_Tp":"National Forest","Own_Name":"Forest Service","ChangeNote":"","Shape_Leng":1734235.24178,"Shape_Area":10721952318}},
{"type":"Feature","geometry":{"type":"MultiPolygon","coordinates":[[[[-113.09383,46.17047],[-113.09383,46.16866],[-113.09121,46.16773],[-113.09252,46.16503],[-113.11999,46.16498],[-113.14075,46.1647],[-113.15999,46.16482],[-113.16006,46.15754],[-113.15682,46.15468],[-113.14339,46.15752],[-113.11998,46.15757],[-113.11993,46.13605],[-113.11013,46.13605],[-113.11007,46.11875],[-113.08923,46.11883],[-113.08914,46.08987],[-113.15003,46.08977],[-113.15005,46.04634],[-113.06577,46.04644],[-113.06576,46.00296],[-113.06603,45.98117],[-113.09719,45.98123],[-113.09719,45.97402],[-113.11789,45.97404],[-113.11792,45.96684],[-113.12313,45.96687],[-113.12314,45.96325],[-113.12835,45.96327],[-113.12834,45.95971],[-113.15001,45.95965],[-113.15004,45.9452],[-113.16037,45.94513],[-113.16056,45.90892],[-113.2124,45.90885],[-113.2337,45.90853],[-113.24441,45.90863],[-113.24441,45.9015],[-113.27562,45.90152],[-113.27555,45.88699],[-113.31628,45.88701],[-113.31628,45.87257],[-113.33668,45.87265],[-113.33657,45.85795],[-113.35717,45.85795],[-113.35719,45.84242],[-113.36761,45.84237],[-113.37815,45.84264],[-113.37815,45.82831],[-113.3995,45.82828],[-113.39952,45.81407],[-113.42022,45.81421],[-113.48247,45.81412],[-113.48239,45.79954],[-113.50312,45.79943],[-113.50318,45.78491],[-113.53366,45.78484],[-113.53373,45.77618],[-113.56477,45.77621],[-113.56478,45.76897],[-113.57512,45.769],[-113.5751,45.76175],[-113.58548,45.76174],[-113.58549,45.75452],[-113.64744,45.75452],[-113.64745,45.74367],[-113.64228,45.74368],[-113.64228,45.74006],[-113.63711,45.74007],[-113.63716,45.72195],[-113.63199,45.72195],[-113.63201,45.71831],[-113.62683,45.71831],[-113.62684,45.71468],[-113.62167,45.71468],[-113.62168,45.71105],[-113.61652,45.71105],[-113.61651,45.69654],[-113.63718,45.69656],[-113.63696,45.66744],[-113.64214,45.66742],[-113.64215,45.65657],[-113.65509,45.65654],[-113.65509,45.65292],[-113.66026,45.65291],[-113.66024,45.64204],[-113.67832,45.64198],[-113.67831,45.59457],[-113.6782,45.56555],[-113.67822,45.53655],[-113.65748,45.53653],[-113.65747,45.52204],[-113.63686,45.52199],[-113.63643,45.46224],[-113.6153,45.46226],[-113.61529,45.44774],[-113.59473,45.44776],[-113.59467,45.43318],[-113.59516,45.43318],[-113.59492,45.40458],[-113.57435,45.40458],[-113.57423,45.39008],[-113.55365,45.39005],[-113.55345,45.36109],[-113.51212,45.36102],[-113.51211,45.34653],[-113.51985,45.34654],[-113.51983,45.33501],[-113.49929,45.33508],[-113.49926,45.30616],[-113.47937,45.30618],[-113.47937,45.32068],[-113.45884,45.32066],[-113.45883,45.29165],[-113.47939,45.29165],[-113.4794,45.27714],[-113.45884,45.27713],[-113.45878,45.2626],[-113.43793,45.26261],[-113.43788,45.25478],[-113.41741,45.25478],[-113.41735,45.24755],[-113.3866,45.24753],[-113.38656,45.23306],[-113.37633,45.23306],[-113.37617,45.20496],[-113.29616,45.20496],[-113.29639,45.24885],[-113.25523,45.24873],[-113.2553,45.26224],[-113.25498,45.32192],[-113.23413,45.32192],[-113.23414,45.32917],[-113.21364,45.32912],[-113.21357,45.30742],[-113.17237,45.30765],[-113.17231,45.27849],[-113.17161,45.27849],[-113.17162,45.26369],[-113.16138,45.26385],[-113.16146,45.23785],[-113.15144,45.23784],[-113.15146,45.23422],[-113.16146,45.23423],[-113.16159,45.19077],[-113.17185,45.19077],[-113.17193,45.17628],[-113.17248,45.16171],[-113.18251,45.16174],[-113.18252,45.14763],[-113.19276,45.14765],[-113.19284,45.13298],[-113.21346,45.13302],[-113.21336,45.1039],[-113.23413,45.10389],[-113.25442,45.10369],[-113.2749,45.10369],[-113.27488,45.09645],[-113.28512,45.09644],[-113.28511,45.08905],[-113.29532,45.08901],[-113.29512,45.07447],[-113.31558,45.07449],[-113.31548,45.05972],[-113.32569,45.05968],[-113.32545,45.0452],[-113.33554,45.04516],[-113.33549,45.02701],[-113.31517,45.02708],[-113.31515,45.0198],[-113.3355,45.01975],[-113.3355,45.01565],[-113.35589,45.01561],[-113.35606,45.04459],[-113.41645,45.04452],[-113.41621,45.00102],[-113.43655,45.00102],[-113.43661,44.96473],[-113.44606,44.96473],[-113.44958,44.9702],[-113.44531,44.97231],[-113.44483,44.97377],[-113.44613,44.98223],[-113.44709,44.98506],[-113.44513,44.99138],[-113.44552,44.99573],[-113.44675,44.99871],[-113.44269,45.00251],[-113.43858,45.00554],[-113.43873,45.0096],[-113.44178,45.0126],[-113.44626,45.01871],[-113.44868,45.02002],[-113.44782,45.02803],[-113.4463,45.03004],[-113.44629,45.03389],[-113.44933,45.0349],[-113.455,45.03851],[-113.45578,45.04029],[-113.44983,45.0455],[-113.45101,45.04851],[-113.4506,45.05367],[-113.45204,45.05918],[-113.45593,45.06256],[-113.45976,45.06466],[-113.46178,45.06472],[-113.46626,45.06258],[-113.47634,45.06185],[-113.48502,45.06346],[-113.48636,45.06519],[-113.48621,45.06899],[-113.48882,45.07132],[-113.48707,45.07377],[-113.48784,45.07534],[-113.49359,45.07965],[-113.49645,45.08106],[-113.50152,45.081],[-113.50605,45.08333],[-113.51419,45.08488],[-113.51968,45.089],[-113.52273,45.09198],[-113.52111,45.09398],[-113.5128,45.09874],[-113.50876,45.10515],[-113.50597,45.10803],[-113.50649,45.11082],[-113.51026,45.11548],[-113.51252,45.11681],[-113.52012,45.11501],[-113.53034,45.11624],[-113.53452,45.11476],[-113.53694,45.11237],[-113.5439,45.11223],[-113.54966,45.11288],[-113.55371,45.11837],[-113.55785,45.11939],[-113.5661,45.12416],[-113.569,45.12411],[-113.57665,45.13112],[-113.57448,45.13549],[-113.56704,45.14312],[-113.56537,45.14685],[-113.56571,45.14972],[-113.56998,45.14817],[-113.58035,45.14847],[-113.58242,45.15012],[-113.58325,45.15369],[-113.58735,45.15447],[-113.59071,45.15592],[-113.59047,45.16105],[-113.59388,45.16505],[-113.59414,45.16954],[-113.58947,45.17686],[-113.59223,45.18139],[-113.59199,45.18475],[-113.59544,45.18528],[-113.59938,45.19032],[-113.59969,45.19216],[-113.60286,45.19185],[-113.60536,45.1927],[-113.60901,45.19571],[-113.60974,45.19738],[-113.61449,45.19807],[-113.61792,45.20243],[-113.62056,45.20348],[-113.62424,45.20635],[-113.63032,45.20898],[-113.63166,45.21061],[-113.63542,45.21147],[-113.63704,45.21294],[-113.6369,45.21673],[-113.64211,45.22045],[-113.64724,45.22567],[-113.6478,45.2298],[-113.64941,45.2344],[-113.65214,45.23596],[-113.65518,45.23982],[-113.66141,45.24367],[-113.66346,45.24376],[-113.66702,45.24703],[-113.6701,45.24739],[-113.6719,45.24876],[-113.67956,45.24974],[-113.68,45.25088],[-113.68456,45.25312],[-113.68664,45.25741],[-113.6929,45.26417],[-113.69075,45.26803],[-113.6919,45.27236],[-113.68926,45.27327],[-113.68348,45.27296],[-113.67913,45.27577],[-113.6804,45.27906],[-113.68696,45.28575],[-113.69436,45.28916],[-113.70057,45.29252],[-113.70249,45.29472],[-113.70375,45.29918],[-113.71003,45.30102],[-113.71294,45.30411],[-113.71583,45.31139],[-113.71878,45.31407],[-113.71862,45.31691],[-113.72101,45.31699],[-113.72387,45.31961],[-113.72854,45.31998],[-113.7316,45.32368],[-113.73534,45.32502],[-113.73812,45.32853],[-113.73987,45.33645],[-113.73867,45.33884],[-113.74025,45.34554],[-113.73475,45.34817],[-113.73484,45.35157],[-113.73351,45.35376],[-113.72887,45.35607],[-113.73125,45.35771],[-113.73355,45.36426],[-113.7366,45.36525],[-113.73866,45.36746],[-113.73289,45.37307],[-113.73439,45.37657],[-113.73379,45.38281],[-113.73245,45.38515],[-113.73267,45.38877],[-113.73437,45.39233],[-113.74349,45.39631],[-113.74779,45.40045],[-113.74922,45.40295],[-113.75279,45.40279],[-113.75851,45.40562],[-113.76179,45.40658],[-113.76748,45.40623],[-113.77382,45.40649],[-113.77586,45.40783],[-113.77557,45.41191],[-113.77716,45.41657],[-113.77274,45.41977],[-113.76636,45.42127],[-113.76143,45.42421],[-113.75973,45.42711],[-113.76404,45.43056],[-113.76679,45.43152],[-113.77367,45.43178],[-113.77672,45.43468],[-113.77455,45.44198],[-113.77443,45.44651],[-113.7753,45.44776],[-113.78354,45.45198],[-113.78422,45.45501],[-113.77972,45.4589],[-113.77618,45.46111],[-113.77427,45.46558],[-113.77622,45.47091],[-113.76755,45.47418],[-113.76381,45.4781],[-113.75993,45.48066],[-113.76006,45.48623],[-113.76325,45.49095],[-113.76478,45.49921],[-113.76565,45.50106],[-113.76853,45.50273],[-113.77095,45.50777],[-113.76937,45.51039],[-113.77267,45.51426],[-113.77049,45.51687],[-113.76601,45.52053],[-113.76981,45.52196],[-113.77867,45.52329],[-113.78173,45.52202],[-113.78986,45.52253],[-113.79301,45.52207],[-113.79689,45.52352],[-113.80483,45.52256],[-113.80959,45.51988],[-113.81656,45.521],[-113.81949,45.52301],[-113.82402,45.52142],[-113.83302,45.52058],[-113.83423,45.52309],[-113.83171,45.52562],[-113.82997,45.53092],[-113.82736,45.5336],[-113.82944,45.53709],[-113.82637,45.54113],[-113.82603,45.5437],[-113.82137,45.54732],[-113.81943,45.55157],[-113.81888,45.55588],[-113.81745,45.55688],[-113.81747,45.56092],[-113.81875,45.56367],[-113.82147,45.56595],[-113.81746,45.56752],[-113.81475,45.56991],[-113.81193,45.57401],[-113.80696,45.57812],[-113.79928,45.58141],[-113.79701,45.58148],[-113.79839,45.58644],[-113.80369,45.59261],[-113.80545,45.59634],[-113.80643,45.60163],[-113.81103,45.60575],[-113.8182,45.60787],[-113.82332,45.61245],[-113.82873,45.6127],[-113.83415,45.61012],[-113.83888,45.61069],[-113.84301,45.61239],[-113.84703,45.61628],[-113.84845,45.61999],[-113.85255,45.62098],[-113.85453,45.62229],[-113.85833,45.62153],[-113.86213,45.62381],[-113.86543,45.62238],[-113.87002,45.6223],[-113.87356,45.62018],[-113.88025,45.61848],[-113.88266,45.61895],[-113.88786,45.61747],[-113.893,45.62042],[-113.89798,45.62186],[-113.90276,45.62145],[-113.905,45.62284],[-113.9045,45.62468],[-113.89952,45.62858],[-113.90122,45.63003],[-113.90239,45.63755],[-113.89521,45.64367],[-113.89742,45.64682],[-113.90063,45.64762],[-113.90338,45.65113],[-113.90724,45.65322],[-113.91162,45.65331],[-113.91431,45.65643],[-113.91986,45.65812],[-113.92092,45.66081],[-113.92054,45.66397],[-113.92313,45.6655],[-113.92359,45.66757],[-113.92853,45.66953],[-113.93135,45.6734],[-113.93045,45.67489],[-113.93083,45.67823],[-113.93287,45.67937],[-113.93436,45.6826],[-113.93282,45.68707],[-113.93556,45.68904],[-113.93396,45.69212],[-113.93526,45.69434],[-113.93809,45.69578],[-113.93791,45.69645],[-113.9376,45.69701],[-113.9368,45.6976],[-113.93636,45.69779],[-113.9363,45.69781],[-113.9353,45.69816],[-113.93466,45.69843],[-113.93464,45.69843],[-113.93362,45.69889],[-113.93216,45.69935],[-113.93,45.69979],[-113.9293,45.69994],[-113.9262,45.70132],[-113.92568,45.70191],[-113.9256,45.702],[-113.92556,45.70205],[-113.92528,45.70245],[-113.92507,45.70268],[-113.92476,45.7029],[-113.92215,45.70396],[-113.92166,45.70382],[-113.92133,45.70364],[-113.92072,45.70309],[-113.91899,45.70201],[-113.91756,45.70163],[-113.91641,45.70129],[-113.91487,45.70033],[-113.91353,45.69925],[-113.91328,45.69914],[-113.91256,45.69892],[-113.91217,45.69886],[-113.91017,45.69953],[-113.90908,45.70037],[-113.90867,45.70088],[-113.90854,45.7011],[-113.9082,45.70201],[-113.90788,45.70251],[-113.90754,45.70292],[-113.90691,45.70359],[-113.90666,45.70392],[-113.90635,45.70474],[-113.90618,45.70629],[-113.90615,45.70682],[-113.90623,45.70757],[-113.90643,45.70825],[-113.90708,45.70966],[-113.90895,45.71031],[-113.91061,45.71008],[-113.91083,45.7101],[-113.91134,45.71072],[-113.91118,45.71219],[-113.91112,45.71274],[-113.9103,45.71441],[-113.9101,45.71465],[-113.90912,45.71569],[-113.9081,45.71651],[-113.90613,45.71847],[-113.9055,45.71944],[-113.90516,45.72011],[-113.90499,45.72034],[-113.90352,45.72114],[-113.90304,45.72147],[-113.90305,45.72158],[-113.90334,45.72188],[-113.90383,45.72229],[-113.90456,45.7231],[-113.90509,45.72376],[-113.90577,45.72455],[-113.90935,45.72667],[-113.90923,45.72718],[-113.90847,45.72819],[-113.90832,45.72844],[-113.90799,45.72903],[-113.90762,45.72947],[-113.90746,45.72962],[-113.90689,45.72998],[-113.90621,45.73021],[-113.90509,45.73047],[-113.90464,45.73066],[-113.90436,45.73099],[-113.90438,45.73119],[-113.90448,45.73136],[-113.90494,45.73175],[-113.90698,45.73293],[-113.90731,45.73359],[-113.90729,45.73388],[-113.90705,45.73457],[-113.9069,45.73482],[-113.90683,45.73506],[-113.90703,45.73581],[-113.90712,45.73594],[-113.90756,45.73636],[-113.90803,45.73698],[-113.90834,45.7376],[-113.90862,45.738],[-113.90907,45.73849],[-113.90917,45.73887],[-113.90918,45.73936],[-113.90954,45.74106],[-113.91016,45.74213],[-113.91103,45.74265],[-113.91243,45.74324],[-113.91288,45.7435],[-113.91387,45.74396],[-113.9149,45.74448],[-113.91614,45.74569],[-113.91626,45.74599],[-113.91627,45.74613],[-113.91616,45.74634],[-113.916,45.7465],[-113.91534,45.74683],[-113.91494,45.74698],[-113.91316,45.74797],[-113.91311,45.74813],[-113.91296,45.74884],[-113.91278,45.74905],[-113.91242,45.74945],[-113.91178,45.75028],[-113.91184,45.75052],[-113.91194,45.75093],[-113.91194,45.75096],[-113.91197,45.75118],[-113.91194,45.75126],[-113.91188,45.75133],[-113.91163,45.7516],[-113.91096,45.75203],[-113.91069,45.75219],[-113.90992,45.75274],[-113.90944,45.75308],[-113.9092,45.75323],[-113.90785,45.7539],[-113.90752,45.75422],[-113.90746,45.75427],[-113.90664,45.75488],[-113.90638,45.75512],[-113.90493,45.7566],[-113.90421,45.75738],[-113.90399,45.75789],[-113.9038,45.75835],[-113.90357,45.7589],[-113.90338,45.75909],[-113.90322,45.75926],[-113.90312,45.75939],[-113.90262,45.75997],[-113.90188,45.76077],[-113.90125,45.76147],[-113.90071,45.76191],[-113.90021,45.76231],[-113.89935,45.763],[-113.89915,45.76316],[-113.89886,45.76345],[-113.89875,45.76359],[-113.89844,45.764],[-113.89825,45.76431],[-113.8977,45.76549],[-113.89731,45.76617],[-113.89698,45.7669],[-113.89681,45.76722],[-113.89639,45.76768],[-113.89614,45.76792],[-113.89594,45.76833],[-113.89594,45.76834],[-113.89595,45.76865],[-113.89656,45.76995],[-113.89644,45.77012],[-113.89481,45.77019],[-113.89318,45.77023],[-113.892,45.77031],[-113.88927,45.77049],[-113.88908,45.77055],[-113.88876,45.7707],[-113.88859,45.77081],[-113.88798,45.77132],[-113.88775,45.77153],[-113.88733,45.77187],[-113.88701,45.77206],[-113.88645,45.77233],[-113.88626,45.77245],[-113.88562,45.77279],[-113.88258,45.77421],[-113.88227,45.77427],[-113.87982,45.77456],[-113.87858,45.77474],[-113.87812,45.77486],[-113.87661,45.77546],[-113.87628,45.77567],[-113.876,45.7758],[-113.87592,45.77584],[-113.87556,45.77609],[-113.87523,45.77637],[-113.87389,45.77748],[-113.87295,45.77815],[-113.87187,45.77911],[-113.87113,45.78001],[-113.87044,45.78143],[-113.87007,45.78163],[-113.86946,45.78157],[-113.86876,45.78137],[-113.86794,45.78098],[-113.86755,45.78076],[-113.86632,45.78007],[-113.86604,45.77993],[-113.86525,45.77965],[-113.86487,45.77955],[-113.86218,45.77885],[-113.86105,45.77794],[-113.86068,45.77768],[-113.86004,45.77707],[-113.8597,45.77665],[-113.85842,45.77597],[-113.85801,45.7759],[-113.85676,45.77557],[-113.85598,45.77477],[-113.85479,45.77269],[-113.85477,45.7726],[-113.85468,45.7713],[-113.85463,45.7709],[-113.8546,45.77038],[-113.85458,45.77032],[-113.85457,45.77031],[-113.85395,45.76853],[-113.85348,45.76721],[-113.85342,45.76644],[-113.85343,45.76621],[-113.85311,45.76543],[-113.85282,45.76508],[-113.85232,45.76464],[-113.85193,45.76416],[-113.85163,45.76357],[-113.85083,45.7616],[-113.85027,45.75987],[-113.84919,45.75842],[-113.84891,45.75819],[-113.84842,45.75762],[-113.84826,45.75725],[-113.84824,45.75711],[-113.84899,45.75452],[-113.84923,45.75386],[-113.84938,45.75325],[-113.84941,45.75295],[-113.84941,45.75285],[-113.84932,45.75267],[-113.84881,45.75238],[-113.84787,45.75218],[-113.84672,45.75203],[-113.84205,45.75157],[-113.84081,45.75172],[-113.84037,45.75179],[-113.83914,45.7521],[-113.83856,45.75211],[-113.83754,45.75177],[-113.83491,45.75097],[-113.83457,45.75094],[-113.83175,45.75078],[-113.83025,45.75072],[-113.82935,45.75103],[-113.82761,45.75291],[-113.82713,45.75337],[-113.82137,45.75455],[-113.81701,45.75494],[-113.81639,45.75498],[-113.81516,45.75554],[-113.81447,45.75598],[-113.81405,45.75618],[-113.81184,45.75738],[-113.81131,45.7576],[-113.81106,45.75784],[-113.81103,45.75803],[-113.811,45.75837],[-113.81098,45.75884],[-113.81096,45.75904],[-113.81062,45.75987],[-113.80986,45.76046],[-113.80847,45.76123],[-113.80728,45.76186],[-113.80608,45.76232],[-113.80425,45.76333],[-113.80444,45.76435],[-113.8038,45.76581],[-113.80211,45.76756],[-113.80175,45.76817],[-113.80174,45.76838],[-113.80178,45.76903],[-113.80192,45.76992],[-113.80189,45.77022],[-113.80172,45.77088],[-113.80154,45.77113],[-113.80044,45.77263],[-113.8001,45.7728],[-113.79832,45.77322],[-113.79709,45.77341],[-113.7928,45.77556],[-113.79219,45.77612],[-113.789,45.77763],[-113.78724,45.77844],[-113.78713,45.77859],[-113.7872,45.77885],[-113.78733,45.77946],[-113.7875,45.78011],[-113.78767,45.78026],[-113.78844,45.78055],[-113.79107,45.7817],[-113.79164,45.78227],[-113.79224,45.78347],[-113.79223,45.78376],[-113.79165,45.78531],[-113.79164,45.78562],[-113.79173,45.7858],[-113.79214,45.78623],[-113.793,45.78692],[-113.79368,45.7878],[-113.79335,45.78839],[-113.793,45.78877],[-113.7927,45.78907],[-113.79244,45.78965],[-113.79238,45.79007],[-113.79201,45.79213],[-113.79179,45.79222],[-113.79012,45.79193],[-113.78929,45.79184],[-113.78784,45.79168],[-113.78722,45.79161],[-113.78554,45.79148],[-113.78374,45.79151],[-113.78266,45.79158],[-113.78261,45.79158],[-113.7822,45.79159],[-113.78115,45.79165],[-113.78071,45.79168],[-113.77878,45.79192],[-113.776,45.79335],[-113.77489,45.7942],[-113.77423,45.79501],[-113.77302,45.79658],[-113.77233,45.79728],[-113.77231,45.79729],[-113.77182,45.79783],[-113.77171,45.79819],[-113.77134,45.79952],[-113.77134,45.79986],[-113.77066,45.80086],[-113.7704,45.8008],[-113.7689,45.80051],[-113.76787,45.80065],[-113.76748,45.80076],[-113.76708,45.80092],[-113.76508,45.80193],[-113.76459,45.80233],[-113.76384,45.80249],[-113.76369,45.80216],[-113.76258,45.80116],[-113.76086,45.8011],[-113.76052,45.80118],[-113.75962,45.80146],[-113.75911,45.80168],[-113.75839,45.80207],[-113.75804,45.80232],[-113.75732,45.80311],[-113.75719,45.80318],[-113.7566,45.80348],[-113.75587,45.80403],[-113.75554,45.8043],[-113.75481,45.80473],[-113.754,45.80528],[-113.75325,45.80572],[-113.75248,45.80603],[-113.75188,45.80635],[-113.75164,45.80647],[-113.75125,45.80667],[-113.75081,45.8069],[-113.74995,45.80749],[-113.74941,45.80788],[-113.7482,45.8096],[-113.74692,45.81078],[-113.74649,45.81106],[-113.74632,45.81117],[-113.7454,45.812],[-113.74494,45.8126],[-113.74473,45.81292],[-113.74453,45.81341],[-113.74422,45.81452],[-113.74396,45.81512],[-113.74385,45.81518],[-113.74286,45.81533],[-113.74215,45.8153],[-113.74133,45.81534],[-113.74075,45.81539],[-113.74028,45.81549],[-113.73922,45.81593],[-113.739,45.81614],[-113.73896,45.81617],[-113.7387,45.81627],[-113.73858,45.81628],[-113.73824,45.81629],[-113.73748,45.8162],[-113.73577,45.81614],[-113.73459,45.8165],[-113.7345,45.81654],[-113.73421,45.81667],[-113.73383,45.81698],[-113.73356,45.81724],[-113.73326,45.81767],[-113.73273,45.8187],[-113.73134,45.8184],[-113.73079,45.81857],[-113.73054,45.81867],[-113.72971,45.81912],[-113.72961,45.81925],[-113.72936,45.82003],[-113.72936,45.82018],[-113.72937,45.82025],[-113.72939,45.82069],[-113.72922,45.82171],[-113.72913,45.82198],[-113.72907,45.82227],[-113.72909,45.82246],[-113.72907,45.82265],[-113.72906,45.82295],[-113.72898,45.8236],[-113.72897,45.82371],[-113.72896,45.82412],[-113.72905,45.8245],[-113.72921,45.82486],[-113.72941,45.82542],[-113.72936,45.82555],[-113.7292,45.82571],[-113.72891,45.82588],[-113.72872,45.82595],[-113.72834,45.82609],[-113.72819,45.8262],[-113.72622,45.82717],[-113.72556,45.8277],[-113.72471,45.82848],[-113.7239,45.82911],[-113.72358,45.82924],[-113.72306,45.82933],[-113.72237,45.82932],[-113.72192,45.82929],[-113.72141,45.8291],[-113.7208,45.82902],[-113.7205,45.82907],[-113.71989,45.82918],[-113.71554,45.83059],[-113.71545,45.83065],[-113.71496,45.83104],[-113.71489,45.83118],[-113.71478,45.83137],[-113.71456,45.83176],[-113.71424,45.83216],[-113.71415,45.83235],[-113.71415,45.8325],[-113.71397,45.83301],[-113.71373,45.83332],[-113.71367,45.8334],[-113.71293,45.83506],[-113.7127,45.83599],[-113.71276,45.83693],[-113.71277,45.83706],[-113.71277,45.83744],[-113.71289,45.83805],[-113.71214,45.83846],[-113.71174,45.8385],[-113.70728,45.83809],[-113.70715,45.83809],[-113.70511,45.83866],[-113.70396,45.83959],[-113.70344,45.84041],[-113.7033,45.84057],[-113.70158,45.84313],[-113.70154,45.84315],[-113.69995,45.84336],[-113.69871,45.84348],[-113.69863,45.8435],[-113.69801,45.84357],[-113.69782,45.84356],[-113.69738,45.8435],[-113.69637,45.84319],[-113.69566,45.84298],[-113.69495,45.84278],[-113.69477,45.84271],[-113.69452,45.8426],[-113.69425,45.8424],[-113.69399,45.8422],[-113.68981,45.8401],[-113.68941,45.83997],[-113.68876,45.83971],[-113.68679,45.83881],[-113.68597,45.83864],[-113.68531,45.8386],[-113.68441,45.83863],[-113.6828,45.83874],[-113.68001,45.83933],[-113.67886,45.83945],[-113.67813,45.83957],[-113.67771,45.83971],[-113.67564,45.8406],[-113.67468,45.84073],[-113.67463,45.84073],[-113.67405,45.84066],[-113.67044,45.83806],[-113.6702,45.83764],[-113.66937,45.83661],[-113.6692,45.83645],[-113.66896,45.83631],[-113.66884,45.83624],[-113.66851,45.83598],[-113.66812,45.8356],[-113.66802,45.8355],[-113.66789,45.83538],[-113.66756,45.83527],[-113.66719,45.83532],[-113.66601,45.83571],[-113.66454,45.83591],[-113.66369,45.83595],[-113.66275,45.83596],[-113.65794,45.83771],[-113.65774,45.83787],[-113.65514,45.84025],[-113.65445,45.84039],[-113.6517,45.83994],[-113.65085,45.83963],[-113.64861,45.83875],[-113.64816,45.83866],[-113.64772,45.83853],[-113.6469,45.83837],[-113.6456,45.83855],[-113.64403,45.83933],[-113.64169,45.84017],[-113.63985,45.84049],[-113.63877,45.84057],[-113.63778,45.84049],[-113.63523,45.84038],[-113.6346,45.84051],[-113.633,45.84101],[-113.6326,45.8411],[-113.62789,45.84022],[-113.62742,45.84004],[-113.62688,45.83999],[-113.62591,45.84028],[-113.62521,45.84061],[-113.62466,45.84079],[-113.62119,45.84234],[-113.62072,45.84283],[-113.62067,45.84287],[-113.62003,45.84327],[-113.61989,45.84346],[-113.61717,45.84572],[-113.61681,45.84591],[-113.61662,45.84606],[-113.61616,45.84648],[-113.6155,45.84715],[-113.61456,45.84786],[-113.61276,45.8492],[-113.61153,45.8501],[-113.61125,45.85027],[-113.61095,45.85045],[-113.61017,45.85065],[-113.60926,45.85093],[-113.60743,45.85114],[-113.60497,45.85156],[-113.60422,45.85162],[-113.60344,45.85147],[-113.6023,45.851],[-113.60149,45.85069],[-113.60104,45.85049],[-113.59986,45.85007],[-113.59981,45.85006],[-113.59905,45.85004],[-113.59832,45.8503],[-113.59748,45.85063],[-113.59544,45.85077],[-113.5949,45.85072],[-113.59378,45.85064],[-113.59344,45.85055],[-113.59218,45.85048],[-113.59299,45.85215],[-113.59321,45.85251],[-113.59435,45.85368],[-113.59464,45.85418],[-113.59477,45.85469],[-113.59478,45.85517],[-113.59473,45.85555],[-113.5942,45.85715],[-113.59407,45.85729],[-113.59199,45.85866],[-113.59172,45.85898],[-113.59159,45.85924],[-113.59159,45.8594],[-113.59186,45.85987],[-113.59192,45.86027],[-113.59194,45.86046],[-113.59193,45.86068],[-113.59166,45.86152],[-113.59144,45.86215],[-113.5914,45.86238],[-113.59143,45.86271],[-113.59112,45.8634],[-113.59096,45.86365],[-113.59056,45.86393],[-113.58919,45.86433],[-113.58848,45.86461],[-113.58808,45.86497],[-113.58689,45.86668],[-113.58633,45.86723],[-113.58519,45.86812],[-113.58464,45.86857],[-113.58127,45.87152],[-113.57998,45.87247],[-113.57966,45.8726],[-113.57933,45.87289],[-113.57896,45.87304],[-113.57872,45.87302],[-113.57727,45.87268],[-113.57671,45.87256],[-113.57595,45.87234],[-113.57561,45.87224],[-113.57527,45.87216],[-113.57445,45.87198],[-113.57425,45.87191],[-113.57329,45.87171],[-113.57281,45.87193],[-113.57244,45.87228],[-113.57221,45.87255],[-113.57186,45.87298],[-113.5707,45.87308],[-113.57051,45.87304],[-113.57002,45.8729],[-113.56942,45.87258],[-113.56922,45.87239],[-113.56854,45.87196],[-113.56837,45.87192],[-113.56633,45.87231],[-113.56505,45.87283],[-113.5645,45.87307],[-113.56431,45.87322],[-113.56368,45.8736],[-113.56238,45.87443],[-113.56168,45.87515],[-113.56059,45.87568],[-113.55988,45.87598],[-113.55956,45.87617],[-113.55914,45.87626],[-113.55823,45.87618],[-113.55799,45.87611],[-113.55759,45.87603],[-113.55672,45.87591],[-113.556,45.87581],[-113.55545,45.87575],[-113.55519,45.87574],[-113.55118,45.87532],[-113.54995,45.87536],[-113.54798,45.87584],[-113.5476,45.87602],[-113.54535,45.8765],[-113.54429,45.87668],[-113.54382,45.87667],[-113.54216,45.87695],[-113.54148,45.87706],[-113.54045,45.87689],[-113.54015,45.87681],[-113.54008,45.8768],[-113.53967,45.87694],[-113.53901,45.87719],[-113.53862,45.87731],[-113.5365,45.87777],[-113.53593,45.87781],[-113.53542,45.87784],[-113.53453,45.87792],[-113.53393,45.87801],[-113.53295,45.87818],[-113.53273,45.87826],[-113.53243,45.87837],[-113.53232,45.87857],[-113.53224,45.87876],[-113.53166,45.87931],[-113.5303,45.88026],[-113.52875,45.88099],[-113.52865,45.88108],[-113.52861,45.88116],[-113.52941,45.8819],[-113.52974,45.88199],[-113.53044,45.88227],[-113.5306,45.88237],[-113.53077,45.88251],[-113.53084,45.88257],[-113.53151,45.88304],[-113.53222,45.88335],[-113.5324,45.88344],[-113.53257,45.88358],[-113.53302,45.88426],[-113.53311,45.88465],[-113.53317,45.88526],[-113.53294,45.88612],[-113.53289,45.88625],[-113.53267,45.88682],[-113.53242,45.88775],[-113.53234,45.888],[-113.53232,45.88828],[-113.53231,45.8885],[-113.53224,45.88876],[-113.53222,45.88885],[-113.53221,45.88912],[-113.53217,45.88939],[-113.53208,45.88981],[-113.53208,45.88989],[-113.53207,45.89029],[-113.53205,45.89064],[-113.53206,45.89077],[-113.53208,45.89104],[-113.53215,45.89142],[-113.53221,45.89172],[-113.53229,45.89206],[-113.53232,45.89214],[-113.53278,45.89257],[-113.5332,45.89281],[-113.53358,45.89298],[-113.53393,45.89308],[-113.53471,45.89332],[-113.53642,45.89382],[-113.53675,45.89413],[-113.53679,45.89464],[-113.5367,45.89499],[-113.53663,45.89509],[-113.53652,45.89522],[-113.53643,45.89552],[-113.53651,45.89565],[-113.53683,45.89609],[-113.53686,45.89618],[-113.53685,45.89628],[-113.53672,45.8967],[-113.53695,45.8972],[-113.53721,45.89762],[-113.53723,45.89777],[-113.53722,45.8979],[-113.53702,45.89852],[-113.53704,45.89869],[-113.5371,45.899],[-113.53714,45.89912],[-113.53731,45.89978],[-113.53731,45.89991],[-113.53731,45.9006],[-113.53731,45.90063],[-113.53728,45.90114],[-113.53725,45.90141],[-113.53715,45.90169],[-113.53709,45.90188],[-113.53703,45.90226],[-113.53664,45.90332],[-113.53602,45.90416],[-113.536,45.90419],[-113.5356,45.90483],[-113.53512,45.90603],[-113.53504,45.90636],[-113.53503,45.90668],[-113.53504,45.90677],[-113.53493,45.90782],[-113.53492,45.90811],[-113.53496,45.9085],[-113.53502,45.90869],[-113.535,45.90899],[-113.53497,45.90984],[-113.53494,45.9101],[-113.53495,45.91037],[-113.53495,45.91055],[-113.53496,45.91063],[-113.53503,45.91109],[-113.5351,45.91145],[-113.53511,45.91152],[-113.53509,45.91226],[-113.53509,45.91289],[-113.53506,45.91333],[-113.53494,45.91355],[-113.53397,45.91406],[-113.53375,45.91416],[-113.53287,45.91498],[-113.5326,45.91532],[-113.53246,45.91555],[-113.53204,45.91636],[-113.53183,45.91712],[-113.53175,45.91734],[-113.53128,45.91822],[-113.53067,45.91856],[-113.53034,45.91868],[-113.52958,45.91923],[-113.52894,45.9199],[-113.52882,45.92009],[-113.52878,45.92016],[-113.52872,45.92027],[-113.52854,45.92104],[-113.52855,45.92125],[-113.5286,45.92143],[-113.52864,45.92161],[-113.52862,45.92187],[-113.5286,45.92197],[-113.52864,45.9223],[-113.52863,45.92254],[-113.52869,45.92302],[-113.52868,45.92318],[-113.52867,45.92339],[-113.52867,45.9234],[-113.52792,45.92432],[-113.5274,45.92547],[-113.52638,45.92626],[-113.52585,45.92659],[-113.52532,45.92688],[-113.52513,45.92706],[-113.52476,45.92754],[-113.52425,45.92843],[-113.52325,45.93035],[-113.52214,45.93109],[-113.52105,45.93165],[-113.52003,45.93197],[-113.51881,45.93338],[-113.5183,45.93374],[-113.51797,45.9339],[-113.51579,45.93563],[-113.51544,45.93625],[-113.5154,45.93646],[-113.5158,45.93822],[-113.51618,45.93897],[-113.51637,45.93917],[-113.51691,45.9397],[-113.51769,45.94034],[-113.51814,45.94058],[-113.51846,45.94075],[-113.51939,45.941],[-113.51975,45.94101],[-113.52064,45.94089],[-113.52085,45.94088],[-113.52156,45.94106],[-113.52191,45.94118],[-113.52211,45.94127],[-113.52237,45.94145],[-113.52287,45.9418],[-113.52316,45.94199],[-113.52333,45.94208],[-113.52358,45.94215],[-113.52397,45.94223],[-113.52417,45.94237],[-113.52454,45.94268],[-113.52472,45.94292],[-113.52508,45.94344],[-113.52532,45.94394],[-113.52563,45.94436],[-113.52593,45.94469],[-113.52602,45.94487],[-113.52638,45.94508],[-113.5284,45.9452],[-113.52877,45.94521],[-113.5296,45.94525],[-113.53007,45.94522],[-113.53281,45.94515],[-113.53336,45.94511],[-113.53453,45.94493],[-113.53574,45.94469],[-113.53636,45.94456],[-113.53699,45.94448],[-113.53731,45.94444],[-113.53769,45.94443],[-113.53795,45.94448],[-113.5383,45.94466],[-113.53847,45.94478],[-113.53862,45.94486],[-113.53896,45.94484],[-113.53916,45.94482],[-113.54118,45.9451],[-113.54217,45.94533],[-113.54318,45.94581],[-113.54352,45.94604],[-113.54371,45.94618],[-113.54381,45.94621],[-113.54427,45.94623],[-113.54447,45.94623],[-113.54467,45.94625],[-113.54531,45.94626],[-113.54613,45.94644],[-113.54645,45.94652],[-113.54741,45.9467],[-113.54844,45.94664],[-113.54898,45.94651],[-113.5493,45.94645],[-113.54935,45.94644],[-113.54967,45.94641],[-113.54987,45.94642],[-113.55366,45.94711],[-113.55398,45.94721],[-113.55448,45.94723],[-113.55476,45.94704],[-113.55487,45.94696],[-113.55538,45.94659],[-113.55569,45.94631],[-113.55596,45.94608],[-113.5561,45.94599],[-113.55674,45.94565],[-113.55752,45.94519],[-113.5581,45.94482],[-113.55851,45.94458],[-113.55879,45.94443],[-113.55944,45.94408],[-113.55996,45.94392],[-113.56004,45.9439],[-113.56119,45.94343],[-113.56175,45.94315],[-113.56294,45.94259],[-113.563,45.94248],[-113.56346,45.94193],[-113.56471,45.94176],[-113.56486,45.94175],[-113.56565,45.94167],[-113.56595,45.9417],[-113.56701,45.94164],[-113.5673,45.94164],[-113.56779,45.94164],[-113.56983,45.94134],[-113.57025,45.94122],[-113.57057,45.94102],[-113.57171,45.94058],[-113.57262,45.93996],[-113.57295,45.93975],[-113.57356,45.93947],[-113.57373,45.93938],[-113.57426,45.93918],[-113.57549,45.93886],[-113.57559,45.93884],[-113.57694,45.93872],[-113.5779,45.93858],[-113.57834,45.93858],[-113.57887,45.93864],[-113.57951,45.93879],[-113.57984,45.93907],[-113.58005,45.9394],[-113.58019,45.93986],[-113.58012,45.94033],[-113.58009,45.94042],[-113.58007,45.9405],[-113.57995,45.94089],[-113.57961,45.94194],[-113.57941,45.94334],[-113.57941,45.94367],[-113.57945,45.94407],[-113.57947,45.94411],[-113.58067,45.94502],[-113.58171,45.94563],[-113.58258,45.94614],[-113.58289,45.9463],[-113.58338,45.94655],[-113.58374,45.94696],[-113.58384,45.94702],[-113.58413,45.94713],[-113.58465,45.94731],[-113.58504,45.9474],[-113.58581,45.94722],[-113.58585,45.94721],[-113.58659,45.94708],[-113.58715,45.94695],[-113.58779,45.94677],[-113.58819,45.94665],[-113.58837,45.94661],[-113.58865,45.94659],[-113.58895,45.94656],[-113.58908,45.94657],[-113.58942,45.94661],[-113.58961,45.94667],[-113.59044,45.94704],[-113.59105,45.94755],[-113.59122,45.94773],[-113.59125,45.94776],[-113.59127,45.94778],[-113.59159,45.94803],[-113.59255,45.94878],[-113.5929,45.94901],[-113.5932,45.94918],[-113.59381,45.9493],[-113.59527,45.94981],[-113.59545,45.94984],[-113.59587,45.9499],[-113.59626,45.94991],[-113.59674,45.94989],[-113.59736,45.94987],[-113.59833,45.94992],[-113.59859,45.94997],[-113.59915,45.95001],[-113.59968,45.94999],[-113.59976,45.94998],[-113.59991,45.94996],[-113.60034,45.94986],[-113.60072,45.94967],[-113.60106,45.94956],[-113.60146,45.94943],[-113.60272,45.94881],[-113.60295,45.94874],[-113.60328,45.94869],[-113.60356,45.94866],[-113.60417,45.94855],[-113.6047,45.94842],[-113.60558,45.94815],[-113.60592,45.9482],[-113.60606,45.94823],[-113.60654,45.94847],[-113.60681,45.9486],[-113.60734,45.94884],[-113.6085,45.94956],[-113.6088,45.94978],[-113.60899,45.94995],[-113.60902,45.95003],[-113.60917,45.95051],[-113.60939,45.95141],[-113.6094,45.95145],[-113.60946,45.95196],[-113.60951,45.95213],[-113.60968,45.95272],[-113.60986,45.95307],[-113.61029,45.95398],[-113.61035,45.9541],[-113.61104,45.95504],[-113.61112,45.95511],[-113.61159,45.9555],[-113.61223,45.95601],[-113.61277,45.95666],[-113.61313,45.95733],[-113.61323,45.95753],[-113.61329,45.95773],[-113.61333,45.95785],[-113.61332,45.95787],[-113.61332,45.95793],[-113.61319,45.95844],[-113.61318,45.95853],[-113.61319,45.95859],[-113.61319,45.95862],[-113.61322,45.95872],[-113.61322,45.95875],[-113.61333,45.95901],[-113.61344,45.9594],[-113.61354,45.95976],[-113.61351,45.96022],[-113.61337,45.96106],[-113.61322,45.96145],[-113.61287,45.96198],[-113.6128,45.96209],[-113.61279,45.96213],[-113.61277,45.96222],[-113.61275,45.96241],[-113.61276,45.96257],[-113.61291,45.96298],[-113.61312,45.96343],[-113.61333,45.96379],[-113.61348,45.96414],[-113.61358,45.96442],[-113.6136,45.96453],[-113.61344,45.96532],[-113.61342,45.96553],[-113.61335,45.96584],[-113.61331,45.96597],[-113.61331,45.96617],[-113.61331,45.96628],[-113.61339,45.96651],[-113.6135,45.96676],[-113.61359,45.96696],[-113.61421,45.96791],[-113.61447,45.96822],[-113.61457,45.96845],[-113.61475,45.96894],[-113.61478,45.96906],[-113.61492,45.96947],[-113.61498,45.96961],[-113.61506,45.96973],[-113.61526,45.96993],[-113.61699,45.9704],[-113.6172,45.97039],[-113.61803,45.9701],[-113.61909,45.96971],[-113.62028,45.96954],[-113.6213,45.9696],[-113.62226,45.96966],[-113.62266,45.96968],[-113.62309,45.96969],[-113.62399,45.9697],[-113.62544,45.96976],[-113.62562,45.96978],[-113.62591,45.96981],[-113.62601,45.96981],[-113.62611,45.9698],[-113.62626,45.96975],[-113.62671,45.9695],[-113.62689,45.96936],[-113.62724,45.96911],[-113.62858,45.96802],[-113.62898,45.96747],[-113.62938,45.9666],[-113.62992,45.96592],[-113.6303,45.96589],[-113.63159,45.96577],[-113.63274,45.96573],[-113.63379,45.96589],[-113.63456,45.96603],[-113.63569,45.9661],[-113.63676,45.96593],[-113.63783,45.96587],[-113.63825,45.96586],[-113.63911,45.96571],[-113.64091,45.96496],[-113.64136,45.96495],[-113.64282,45.96414],[-113.64311,45.96386],[-113.64376,45.96335],[-113.64433,45.96344],[-113.64534,45.96394],[-113.64585,45.96416],[-113.64826,45.96501],[-113.64869,45.96525],[-113.64919,45.96562],[-113.64954,45.9659],[-113.64959,45.96595],[-113.65115,45.96807],[-113.65136,45.9689],[-113.65173,45.96953],[-113.65197,45.9697],[-113.65241,45.96996],[-113.65272,45.97017],[-113.65305,45.97064],[-113.65355,45.97124],[-113.6546,45.97249],[-113.65516,45.97315],[-113.65548,45.97371],[-113.65577,45.97431],[-113.65607,45.97472],[-113.65661,45.9754],[-113.65701,45.9762],[-113.65724,45.97647],[-113.65832,45.97708],[-113.65891,45.97729],[-113.66002,45.97764],[-113.66062,45.97781],[-113.66152,45.97835],[-113.66238,45.97916],[-113.66284,45.97956],[-113.66371,45.98042],[-113.66411,45.98125],[-113.66402,45.9819],[-113.66402,45.98242],[-113.66412,45.98306],[-113.66427,45.98434],[-113.66431,45.9852],[-113.66426,45.98532],[-113.66416,45.98557],[-113.66406,45.98609],[-113.66402,45.98631],[-113.66402,45.98636],[-113.66404,45.98646],[-113.66408,45.98665],[-113.66494,45.98766],[-113.66526,45.98795],[-113.66538,45.98813],[-113.66615,45.99011],[-113.66692,45.99111],[-113.66708,45.99128],[-113.66849,45.99235],[-113.66916,45.99281],[-113.66981,45.99331],[-113.67038,45.99491],[-113.6702,45.99547],[-113.67013,45.99554],[-113.66916,45.99616],[-113.66873,45.99652],[-113.66848,45.99678],[-113.6682,45.99737],[-113.66774,45.99838],[-113.66771,45.99846],[-113.66771,45.99847],[-113.66771,45.99852],[-113.66769,45.99992],[-113.66768,46.00016],[-113.66773,46.0003],[-113.66775,46.00036],[-113.66773,46.00051],[-113.66768,46.00073],[-113.66784,46.00124],[-113.66806,46.00175],[-113.66827,46.00214],[-113.66908,46.00308],[-113.66951,46.00337],[-113.67006,46.00388],[-113.67132,46.00523],[-113.67188,46.00577],[-113.67282,46.00674],[-113.67298,46.00693],[-113.67317,46.00713],[-113.67241,46.00907],[-113.67224,46.0094],[-113.67214,46.00952],[-113.67134,46.01074],[-113.67135,46.0112],[-113.67151,46.01187],[-113.67188,46.01241],[-113.6727,46.01312],[-113.67342,46.01366],[-113.67355,46.01375],[-113.6741,46.01411],[-113.67437,46.01428],[-113.67533,46.01479],[-113.67593,46.01497],[-113.67633,46.01508],[-113.6764,46.01523],[-113.67639,46.01552],[-113.67611,46.01616],[-113.67584,46.01666],[-113.67575,46.01682],[-113.67515,46.01773],[-113.67499,46.01786],[-113.67444,46.01838],[-113.67431,46.01859],[-113.67352,46.01948],[-113.67291,46.02026],[-113.67263,46.02059],[-113.6725,46.02075],[-113.67229,46.02104],[-113.67192,46.02141],[-113.67139,46.02232],[-113.67117,46.02284],[-113.67137,46.02319],[-113.67183,46.02339],[-113.67201,46.02343],[-113.67247,46.02353],[-113.67369,46.02365],[-113.67431,46.02361],[-113.67489,46.02352],[-113.67546,46.02337],[-113.67736,46.02264],[-113.67799,46.02249],[-113.67944,46.02308],[-113.67962,46.0231],[-113.68005,46.02305],[-113.68015,46.02304],[-113.68125,46.02305],[-113.68202,46.02304],[-113.68243,46.02302],[-113.68342,46.02307],[-113.68479,46.02312],[-113.68545,46.0232],[-113.68686,46.02366],[-113.68725,46.02393],[-113.68768,46.02429],[-113.68804,46.02461],[-113.68835,46.02481],[-113.689,46.02504],[-113.68974,46.02525],[-113.68984,46.02528],[-113.69017,46.0254],[-113.69066,46.02562],[-113.69082,46.02595],[-113.69077,46.02631],[-113.69071,46.02665],[-113.69035,46.02801],[-113.69032,46.02814],[-113.69033,46.02834],[-113.69001,46.02925],[-113.68997,46.02931],[-113.68927,46.02999],[-113.68889,46.03031],[-113.6884,46.03096],[-113.68829,46.03118],[-113.68827,46.03138],[-113.68827,46.0314],[-113.68829,46.03159],[-113.68831,46.03179],[-113.6883,46.03192],[-113.68801,46.03259],[-113.68795,46.03279],[-113.68778,46.03367],[-113.6874,46.03415],[-113.68679,46.03472],[-113.68725,46.03524],[-113.68767,46.03541],[-113.68823,46.03552],[-113.68917,46.03564],[-113.69003,46.03569],[-113.69095,46.03575],[-113.69212,46.03601],[-113.69288,46.03663],[-113.69338,46.03712],[-113.69371,46.0373],[-113.69454,46.03743],[-113.69521,46.03741],[-113.69682,46.03727],[-113.69906,46.03752],[-113.70029,46.03778],[-113.70033,46.03779],[-113.70159,46.03802],[-113.7026,46.03805],[-113.70339,46.03818],[-113.70381,46.03826],[-113.7048,46.03849],[-113.70605,46.03882],[-113.70991,46.03922],[-113.71087,46.03913],[-113.71124,46.03907],[-113.71133,46.03904],[-113.71179,46.03886],[-113.71286,46.03861],[-113.71385,46.03863],[-113.71443,46.03872],[-113.7156,46.03891],[-113.71607,46.03897],[-113.71669,46.03901],[-113.71805,46.03915],[-113.72052,46.03895],[-113.72208,46.03876],[-113.72414,46.0386],[-113.72533,46.03859],[-113.72646,46.03855],[-113.7271,46.03857],[-113.72762,46.03854],[-113.72837,46.03861],[-113.7288,46.03865],[-113.729,46.03864],[-113.72965,46.03866],[-113.73089,46.03861],[-113.73115,46.03852],[-113.73173,46.03837],[-113.73286,46.03876],[-113.7332,46.03894],[-113.73372,46.03929],[-113.73401,46.03972],[-113.73407,46.03976],[-113.73452,46.04007],[-113.73488,46.04043],[-113.7351,46.04084],[-113.73518,46.04101],[-113.73538,46.0413],[-113.73612,46.04215],[-113.73623,46.04227],[-113.73687,46.04293],[-113.73704,46.0432],[-113.73746,46.04361],[-113.7381,46.04411],[-113.73881,46.04475],[-113.73936,46.04568],[-113.74018,46.04639],[-113.74099,46.04687],[-113.74157,46.04726],[-113.74224,46.04747],[-113.74328,46.04788],[-113.74387,46.04824],[-113.74415,46.04845],[-113.74565,46.04868],[-113.74628,46.04846],[-113.74659,46.04834],[-113.74711,46.04825],[-113.74773,46.04831],[-113.74828,46.04832],[-113.74884,46.04826],[-113.74914,46.04824],[-113.75002,46.04802],[-113.75098,46.04787],[-113.752,46.04743],[-113.75283,46.04703],[-113.75375,46.04632],[-113.7543,46.0458],[-113.75471,46.04538],[-113.75552,46.04416],[-113.75564,46.04378],[-113.75572,46.04326],[-113.75574,46.04315],[-113.75572,46.0426],[-113.75592,46.04205],[-113.75613,46.04177],[-113.75617,46.04167],[-113.75614,46.04156],[-113.75571,46.04069],[-113.75579,46.04036],[-113.75623,46.03955],[-113.75674,46.03888],[-113.75705,46.03857],[-113.75765,46.03815],[-113.75784,46.03809],[-113.75819,46.03791],[-113.75848,46.0374],[-113.7587,46.03691],[-113.75884,46.03663],[-113.75906,46.03637],[-113.75935,46.03601],[-113.75949,46.03562],[-113.75959,46.03496],[-113.75971,46.03447],[-113.75999,46.0331],[-113.76021,46.03273],[-113.76064,46.03209],[-113.76084,46.03136],[-113.76084,46.03135],[-113.76066,46.03073],[-113.76031,46.03037],[-113.76054,46.03012],[-113.76131,46.03001],[-113.76269,46.02988],[-113.76283,46.02987],[-113.76383,46.02974],[-113.76534,46.02935],[-113.76621,46.02902],[-113.7671,46.02852],[-113.76741,46.02844],[-113.76801,46.02831],[-113.76851,46.02813],[-113.76902,46.0278],[-113.77035,46.02839],[-113.77156,46.02901],[-113.77208,46.02936],[-113.7725,46.02976],[-113.77255,46.02979],[-113.77477,46.03094],[-113.7759,46.03134],[-113.77645,46.03143],[-113.77761,46.0318],[-113.77802,46.0318],[-113.77886,46.03172],[-113.77983,46.03176],[-113.78183,46.03197],[-113.78347,46.03227],[-113.78427,46.03251],[-113.78564,46.03344],[-113.78759,46.03432],[-113.78818,46.03453],[-113.79007,46.03502],[-113.79129,46.03528],[-113.79201,46.03533],[-113.79403,46.03509],[-113.79457,46.03502],[-113.79583,46.03492],[-113.7966,46.03502],[-113.79758,46.0353],[-113.7983,46.03549],[-113.79849,46.0355],[-113.7991,46.03549],[-113.80024,46.03553],[-113.8009,46.03584],[-113.80167,46.03637],[-113.80214,46.03662],[-113.80313,46.03718],[-113.80368,46.03768],[-113.80385,46.0382],[-113.80378,46.03863],[-113.80368,46.03906],[-113.80342,46.03993],[-113.80269,46.04107],[-113.80222,46.0417],[-113.80203,46.04225],[-113.80196,46.04245],[-113.80173,46.04343],[-113.80166,46.04396],[-113.80163,46.04439],[-113.80173,46.04473],[-113.80187,46.04546],[-113.80207,46.04607],[-113.80355,46.04847],[-113.8035,46.04904],[-113.80293,46.0496],[-113.80258,46.0498],[-113.80189,46.04999],[-113.80104,46.05039],[-113.80077,46.05058],[-113.79901,46.05135],[-113.79801,46.05208],[-113.79689,46.05302],[-113.79521,46.05415],[-113.79446,46.05491],[-113.79428,46.05542],[-113.79332,46.05643],[-113.79327,46.0565],[-113.7924,46.05834],[-113.79217,46.059],[-113.7922,46.0595],[-113.79229,46.06033],[-113.7926,46.06165],[-113.79263,46.06191],[-113.79265,46.06203],[-113.79262,46.06228],[-113.79298,46.06327],[-113.79298,46.06339],[-113.79264,46.06364],[-113.79069,46.06468],[-113.78953,46.06616],[-113.78924,46.06693],[-113.78903,46.0672],[-113.78781,46.06761],[-113.78768,46.06763],[-113.78674,46.068],[-113.7861,46.07009],[-113.7865,46.07116],[-113.78671,46.07146],[-113.78748,46.0724],[-113.78773,46.07275],[-113.78779,46.07295],[-113.788,46.07377],[-113.78745,46.07444],[-113.78697,46.0748],[-113.78431,46.0767],[-113.78116,46.07839],[-113.7803,46.07897],[-113.78004,46.07922],[-113.77971,46.08008],[-113.77851,46.08103],[-113.77787,46.08132],[-113.77688,46.08178],[-113.77632,46.08199],[-113.77597,46.08219],[-113.77529,46.08257],[-113.77422,46.08289],[-113.77372,46.08322],[-113.77325,46.08413],[-113.77256,46.08505],[-113.77119,46.08611],[-113.77118,46.08629],[-113.77154,46.08663],[-113.77183,46.08749],[-113.77189,46.088],[-113.77171,46.08901],[-113.77162,46.08928],[-113.77123,46.09002],[-113.77104,46.0903],[-113.77078,46.09066],[-113.76909,46.09452],[-113.7689,46.09513],[-113.76845,46.09633],[-113.76826,46.09737],[-113.76828,46.09809],[-113.76818,46.09905],[-113.76796,46.09982],[-113.76701,46.10155],[-113.76637,46.10176],[-113.76584,46.10202],[-113.76488,46.10241],[-113.76457,46.1025],[-113.76406,46.10264],[-113.76292,46.1029],[-113.76231,46.10303],[-113.76157,46.10314],[-113.75979,46.10318],[-113.75865,46.1033],[-113.75777,46.10348],[-113.75698,46.10375],[-113.75652,46.10395],[-113.75581,46.1045],[-113.75557,46.10477],[-113.75532,46.10506],[-113.755,46.1054],[-113.75495,46.10547],[-113.75486,46.10568],[-113.75455,46.1062],[-113.75436,46.10668],[-113.75432,46.10712],[-113.75435,46.10744],[-113.75439,46.10777],[-113.75436,46.10799],[-113.75393,46.11014],[-113.75322,46.11174],[-113.75317,46.11201],[-113.75323,46.11231],[-113.75332,46.11252],[-113.75392,46.11312],[-113.75431,46.11336],[-113.75538,46.11416],[-113.75598,46.11461],[-113.75689,46.11553],[-113.75746,46.11659],[-113.75754,46.11699],[-113.75758,46.11718],[-113.7577,46.11752],[-113.75808,46.11807],[-113.75823,46.11822],[-113.76006,46.11946],[-113.76114,46.12003],[-113.76171,46.12042],[-113.76232,46.12087],[-113.76423,46.12216],[-113.76439,46.12239],[-113.76506,46.12367],[-113.76526,46.12457],[-113.76538,46.12499],[-113.7654,46.12511],[-113.76548,46.12535],[-113.76591,46.12624],[-113.76728,46.1288],[-113.76744,46.12908],[-113.76799,46.13004],[-113.76875,46.13093],[-113.77018,46.13232],[-113.77067,46.1327],[-113.77103,46.13293],[-113.77248,46.13348],[-113.77325,46.1336],[-113.77464,46.13363],[-113.77569,46.13373],[-113.77612,46.13375],[-113.77738,46.1344],[-113.7776,46.13489],[-113.77765,46.13548],[-113.77771,46.13555],[-113.77781,46.13568],[-113.77816,46.1361],[-113.77841,46.13656],[-113.77822,46.13729],[-113.7778,46.13806],[-113.77774,46.13829],[-113.77758,46.13885],[-113.77768,46.1393],[-113.77787,46.13944],[-113.77812,46.13959],[-113.77891,46.13994],[-113.77931,46.14016],[-113.78011,46.14073],[-113.78059,46.14128],[-113.78064,46.14139],[-113.78066,46.14165],[-113.78063,46.1419],[-113.78059,46.14204],[-113.78031,46.14274],[-113.7802,46.14334],[-113.78004,46.14386],[-113.78001,46.14402],[-113.78002,46.14419],[-113.78002,46.14424],[-113.7801,46.14439],[-113.78036,46.14449],[-113.7807,46.14449],[-113.78116,46.1445],[-113.78202,46.1445],[-113.78374,46.1445],[-113.78433,46.14461],[-113.78522,46.14487],[-113.78561,46.14505],[-113.7859,46.14525],[-113.78637,46.14574],[-113.78645,46.14587],[-113.78684,46.14645],[-113.7871,46.1467],[-113.78782,46.14707],[-113.78861,46.1475],[-113.78922,46.14786],[-113.78975,46.14803],[-113.79009,46.14817],[-113.79103,46.14878],[-113.79259,46.14962],[-113.7935,46.15002],[-113.7937,46.15023],[-113.79385,46.15046],[-113.79463,46.15142],[-113.79501,46.15353],[-113.79482,46.15386],[-113.79462,46.15425],[-113.79431,46.15482],[-113.79378,46.15573],[-113.79337,46.15625],[-113.79286,46.15705],[-113.79264,46.15743],[-113.79231,46.15856],[-113.79206,46.15946],[-113.79192,46.15967],[-113.79131,46.16032],[-113.79105,46.16056],[-113.79072,46.16114],[-113.7904,46.16151],[-113.79005,46.1623],[-113.79008,46.16275],[-113.79041,46.16323],[-113.79069,46.16482],[-113.79089,46.16553],[-113.79087,46.16569],[-113.79077,46.16655],[-113.79079,46.16695],[-113.79143,46.1677],[-113.79175,46.16786],[-113.79229,46.16835],[-113.79214,46.16864],[-113.79105,46.16951],[-113.7903,46.17076],[-113.79013,46.17125],[-113.79013,46.1714],[-113.79013,46.17154],[-113.79018,46.17204],[-113.79032,46.17234],[-113.79137,46.17406],[-113.79171,46.17473],[-113.79141,46.17522],[-113.79089,46.17547],[-113.79024,46.17552],[-113.78967,46.17592],[-113.78958,46.17618],[-113.78912,46.17733],[-113.78894,46.17749],[-113.78868,46.17766],[-113.78784,46.178],[-113.78739,46.17846],[-113.78702,46.17897],[-113.78694,46.17908],[-113.78578,46.17976],[-113.78563,46.17981],[-113.78522,46.1801],[-113.78501,46.18033],[-113.78476,46.18091],[-113.78485,46.18112],[-113.78529,46.18138],[-113.78578,46.18141],[-113.787,46.18133],[-113.78898,46.18104],[-113.78941,46.18124],[-113.78952,46.18141],[-113.7895,46.18186],[-113.78958,46.18212],[-113.78998,46.1825],[-113.79091,46.18279],[-113.79181,46.18287],[-113.79246,46.18304],[-113.79319,46.18328],[-113.79511,46.18477],[-113.79543,46.18482],[-113.79765,46.18514],[-113.79848,46.18567],[-113.79941,46.18615],[-113.79972,46.18638],[-113.80009,46.18693],[-113.80029,46.18774],[-113.80037,46.18807],[-113.80085,46.18885],[-113.80129,46.18942],[-113.80124,46.18966],[-113.80101,46.18986],[-113.80091,46.19003],[-113.80099,46.19039],[-113.80172,46.19104],[-113.80244,46.19136],[-113.80262,46.19138],[-113.80314,46.19124],[-113.80371,46.19105],[-113.80408,46.19105],[-113.80471,46.19099],[-113.80616,46.19174],[-113.8065,46.19242],[-113.80766,46.19216],[-113.80816,46.19174],[-113.80918,46.1907],[-113.81008,46.19023],[-113.81013,46.19021],[-113.81102,46.1899],[-113.81139,46.1898],[-113.81196,46.18961],[-113.81271,46.18955],[-113.81351,46.18965],[-113.81613,46.19043],[-113.81635,46.19051],[-113.81778,46.19101],[-113.81805,46.19122],[-113.818,46.19147],[-113.81799,46.1917],[-113.81867,46.19254],[-113.81916,46.19298],[-113.81947,46.19344],[-113.8198,46.19412],[-113.81983,46.1944],[-113.81981,46.19476],[-113.81966,46.1954],[-113.81986,46.1964],[-113.81991,46.19649],[-113.82114,46.19842],[-113.82132,46.1994],[-113.82136,46.19991],[-113.82143,46.20016],[-113.82179,46.20061],[-113.82336,46.20177],[-113.82379,46.20233],[-113.82385,46.20248],[-113.8239,46.20278],[-113.82391,46.20314],[-113.82376,46.20413],[-113.82318,46.2057],[-113.82314,46.20591],[-113.82308,46.20647],[-113.82308,46.20703],[-113.82304,46.20742],[-113.82301,46.2076],[-113.82299,46.20779],[-113.82299,46.20792],[-113.82298,46.20826],[-113.82296,46.20846],[-113.82296,46.20867],[-113.82272,46.20925],[-113.82239,46.20996],[-113.8215,46.21171],[-113.82092,46.21273],[-113.82062,46.21302],[-113.81703,46.21575],[-113.81593,46.2162],[-113.815,46.21629],[-113.81365,46.21653],[-113.81256,46.21698],[-113.8119,46.21718],[-113.81102,46.21737],[-113.81056,46.2175],[-113.80936,46.21785],[-113.80879,46.21802],[-113.80713,46.21837],[-113.80561,46.21859],[-113.80296,46.21915],[-113.80165,46.21916],[-113.80063,46.21901],[-113.79996,46.21913],[-113.79991,46.21918],[-113.7993,46.21967],[-113.79841,46.22013],[-113.79808,46.22036],[-113.79772,46.2209],[-113.7977,46.22093],[-113.79751,46.22133],[-113.79528,46.2222],[-113.79442,46.22238],[-113.79367,46.22247],[-113.79227,46.22275],[-113.79187,46.22289],[-113.79115,46.22311],[-113.79074,46.22316],[-113.78876,46.22358],[-113.78665,46.22441],[-113.78588,46.22466],[-113.78578,46.22471],[-113.78562,46.22481],[-113.7852,46.22497],[-113.7845,46.22517],[-113.78315,46.22568],[-113.78253,46.22601],[-113.78225,46.22612],[-113.78078,46.22665],[-113.7781,46.22727],[-113.77658,46.22754],[-113.77558,46.22785],[-113.77515,46.2282],[-113.77492,46.22953],[-113.77505,46.23032],[-113.77529,46.2313],[-113.77604,46.23233],[-113.77698,46.23435],[-113.77776,46.23531],[-113.77801,46.23575],[-113.77815,46.2362],[-113.77823,46.23676],[-113.77821,46.23686],[-113.77816,46.23727],[-113.77808,46.2377],[-113.77796,46.23797],[-113.77771,46.23836],[-113.77648,46.23962],[-113.77545,46.24065],[-113.77533,46.24085],[-113.77526,46.24138],[-113.77529,46.24173],[-113.77521,46.24249],[-113.77502,46.24292],[-113.7748,46.24334],[-113.77477,46.24359],[-113.77464,46.24381],[-113.77447,46.24412],[-113.77437,46.24442],[-113.77393,46.24493],[-113.77326,46.24523],[-113.77299,46.24533],[-113.77246,46.24543],[-113.76891,46.24554],[-113.76539,46.24561],[-113.76499,46.24563],[-113.76472,46.24567],[-113.7637,46.24614],[-113.7635,46.24651],[-113.76352,46.24676],[-113.76353,46.24686],[-113.76353,46.2469],[-113.76336,46.24805],[-113.763,46.24894],[-113.76279,46.24957],[-113.76267,46.24992],[-113.76192,46.2511],[-113.76173,46.25147],[-113.76155,46.25241],[-113.76155,46.25386],[-113.76159,46.25466],[-113.76179,46.25584],[-113.76173,46.25679],[-113.76138,46.25729],[-113.76037,46.25797],[-113.75962,46.25888],[-113.75909,46.25932],[-113.75737,46.26025],[-113.75606,46.2614],[-113.75489,46.26271],[-113.75449,46.2629],[-113.75284,46.26361],[-113.74849,46.26522],[-113.7482,46.2655],[-113.74841,46.26797],[-113.74879,46.26912],[-113.74969,46.27079],[-113.75008,46.27156],[-113.75048,46.27209],[-113.75061,46.27219],[-113.75066,46.27222],[-113.75093,46.27235],[-113.7519,46.27335],[-113.75428,46.2745],[-113.75639,46.27547],[-113.75652,46.2755],[-113.75693,46.27564],[-113.75825,46.27552],[-113.75883,46.27547],[-113.75949,46.27558],[-113.76033,46.27578],[-113.76125,46.2761],[-113.76144,46.27618],[-113.76223,46.27654],[-113.76433,46.27707],[-113.76523,46.27718],[-113.76678,46.27741],[-113.76755,46.27769],[-113.76874,46.27829],[-113.76949,46.27876],[-113.77045,46.27934],[-113.77084,46.27958],[-113.771,46.27963],[-113.77107,46.27965],[-113.7717,46.27973],[-113.77284,46.27978],[-113.77323,46.27985],[-113.77354,46.27996],[-113.77427,46.28028],[-113.77476,46.28056],[-113.77528,46.28088],[-113.77598,46.28141],[-113.7771,46.28201],[-113.77823,46.28229],[-113.7785,46.28232],[-113.77865,46.28234],[-113.77886,46.28247],[-113.77912,46.28302],[-113.77922,46.28323],[-113.7793,46.28334],[-113.77986,46.28382],[-113.7809,46.28421],[-113.78146,46.28426],[-113.78239,46.28435],[-113.7829,46.28448],[-113.78406,46.28483],[-113.7842,46.28495],[-113.78426,46.28502],[-113.78435,46.28521],[-113.7844,46.28557],[-113.78502,46.28682],[-113.78527,46.28721],[-113.78537,46.28736],[-113.78547,46.28752],[-113.78567,46.28783],[-113.78578,46.28805],[-113.78579,46.28808],[-113.78578,46.28841],[-113.78578,46.28852],[-113.78576,46.2889],[-113.78563,46.28975],[-113.7853,46.29026],[-113.7846,46.29114],[-113.78429,46.29159],[-113.78398,46.29377],[-113.78382,46.29435],[-113.78407,46.29475],[-113.78416,46.29485],[-113.78461,46.29518],[-113.78521,46.29606],[-113.78525,46.29647],[-113.78517,46.29673],[-113.78458,46.29737],[-113.78384,46.29849],[-113.78354,46.29883],[-113.7834,46.29898],[-113.78299,46.2993],[-113.78276,46.29962],[-113.78213,46.30009],[-113.78193,46.30027],[-113.78177,46.30044],[-113.78143,46.3009],[-113.78119,46.30131],[-113.78116,46.30148],[-113.78126,46.30168],[-113.78156,46.30193],[-113.7822,46.30253],[-113.7826,46.30313],[-113.78254,46.30355],[-113.78239,46.30439],[-113.78234,46.30464],[-113.78181,46.30545],[-113.78163,46.30562],[-113.78106,46.30604],[-113.78073,46.30631],[-113.77611,46.30522],[-113.7696,46.30581],[-113.76709,46.3066],[-113.75784,46.31112],[-113.75045,46.31269],[-113.74818,46.31508],[-113.73768,46.31515],[-113.73217,46.31975],[-113.73369,46.32174],[-113.73241,46.32378],[-113.72845,46.32369],[-113.724,46.32532],[-113.71816,46.32873],[-113.71393,46.3338],[-113.70768,46.33542],[-113.70763,46.33747],[-113.70348,46.34312],[-113.70186,46.34696],[-113.698,46.35026],[-113.69194,46.35178],[-113.6909,46.35532],[-113.68421,46.35672],[-113.68078,46.35511],[-113.67634,46.35544],[-113.66303,46.35263],[-113.65979,46.3531],[-113.65245,46.3527],[-113.64746,46.35476],[-113.64528,46.35636],[-113.64054,46.35821],[-113.64067,46.3525],[-113.57784,46.35249],[-113.57775,46.32344],[-113.5359,46.3235],[-113.53601,46.30901],[-113.53584,46.25151],[-113.55658,46.25144],[-113.55657,46.22249],[-113.55633,46.16443],[-113.53552,46.16439],[-113.53546,46.14984],[-113.51473,46.14985],[-113.5147,46.13528],[-113.48342,46.13531],[-113.48343,46.14256],[-113.41044,46.14256],[-113.41042,46.1353],[-113.38915,46.13538],[-113.38921,46.14988],[-113.36854,46.1499],[-113.36862,46.16451],[-113.38951,46.16444],[-113.3896,46.17895],[-113.3687,46.17905],[-113.3688,46.20806],[-113.34781,46.20814],[-113.34786,46.22263],[-113.32682,46.22274],[-113.32677,46.2517],[-113.30618,46.25173],[-113.30626,46.26617],[-113.28507,46.26615],[-113.28517,46.28065],[-113.28492,46.28787],[-113.2853,46.30956],[-113.2957,46.3095],[-113.29572,46.32398],[-113.29165,46.32398],[-113.29112,46.32157],[-113.2921,46.31615],[-113.29494,46.31254],[-113.29031,46.31175],[-113.28799,46.31241],[-113.27989,46.31049],[-113.27978,46.3095],[-113.26412,46.30952],[-113.26424,46.39607],[-113.26491,46.39607],[-113.26478,46.42502],[-113.24398,46.42506],[-113.244,46.43959],[-113.22308,46.43959],[-113.22313,46.45337],[-113.22364,46.45337],[-113.22373,46.48349],[-113.16498,46.48345],[-113.16465,46.49058],[-113.16483,46.5127],[-113.12235,46.5128],[-113.12233,46.52748],[-113.10112,46.52768],[-113.10146,46.54218],[-113.04885,46.54191],[-113.0284,46.54202],[-112.99716,46.54182],[-112.99684,46.53439],[-112.99683,46.51272],[-112.97588,46.51269],[-112.97587,46.49805],[-112.95492,46.49803],[-112.95486,46.48368],[-112.91064,46.48362],[-112.91078,46.45454],[-112.89042,46.45456],[-112.89057,46.42565],[-112.89077,46.35298],[-112.89063,46.33856],[-112.89074,46.30983],[-112.91127,46.30978],[-112.91173,46.2519],[-112.91203,46.22321],[-112.93281,46.22323],[-112.93283,46.20865],[-112.95367,46.20871],[-112.95371,46.19423],[-112.97456,46.19428],[-112.97447,46.17972],[-112.95381,46.17964],[-112.95401,46.16504],[-112.97366,46.16505],[-112.97383,46.15051],[-112.98957,46.15054],[-112.98952,46.15781],[-112.98428,46.1578],[-112.98421,46.16508],[-113.00523,46.16512],[-113.00526,46.17977],[-113.01579,46.17979],[-113.01577,46.17612],[-113.02602,46.17605],[-113.026,46.17972],[-113.04704,46.17945],[-113.04703,46.17662],[-113.05378,46.17939],[-113.05596,46.17925],[-113.05223,46.17483],[-113.04702,46.17288],[-113.04697,46.16501],[-113.05218,46.16499],[-113.05219,46.16859],[-113.06388,46.16864],[-113.06388,46.17039],[-113.0691,46.17039],[-113.0691,46.16864],[-113.086,46.16861],[-113.08339,46.1695],[-113.0834,46.17219],[-113.08863,46.17224],[-113.08869,46.17953],[-113.09903,46.17958],[-113.09904,46.17233],[-113.09644,46.1723],[-113.09383,46.17047]],[[-113.11299,46.17711],[-113.11167,46.17576],[-113.10862,46.17828],[-113.11101,46.17888],[-113.11299,46.17711]]],[[[-112.9421,45.78941],[-112.9378,45.78941],[-112.93846,45.78577],[-112.93843,45.77232],[-112.89703,45.77233],[-112.89699,45.75784],[-112.83527,45.75775],[-112.83523,45.74329],[-112.77346,45.74331],[-112.77367,45.69259],[-112.7537,45.6926],[-112.75366,45.68536],[-112.7328,45.68539],[-112.7327,45.6563],[-112.81552,45.65644],[-112.81551,45.62003],[-112.80519,45.62004],[-112.80522,45.61275],[-112.80007,45.61275],[-112.80003,45.60518],[-112.77401,45.60514],[-112.77422,45.5255],[-112.7744,45.47967],[-112.77446,45.43622],[-112.77461,45.39268],[-112.79509,45.39263],[-112.79508,45.34919],[-112.78371,45.34919],[-112.78372,45.33338],[-112.79389,45.33339],[-112.7939,45.31165],[-112.80416,45.31164],[-112.80419,45.30462],[-112.82505,45.30434],[-112.82502,45.31887],[-112.84539,45.31896],[-112.88548,45.31894],[-112.88545,45.28997],[-112.947,45.29],[-112.94695,45.26107],[-112.9264,45.26109],[-112.9266,45.23149],[-112.9676,45.23147],[-112.96742,45.26108],[-112.96751,45.28999],[-112.98794,45.28997],[-112.98803,45.31895],[-113.00842,45.31893],[-113.00843,45.32217],[-113.02881,45.32225],[-113.09024,45.32215],[-113.09019,45.33662],[-113.06955,45.33668],[-113.06962,45.35551],[-113.07972,45.35544],[-113.07999,45.38443],[-113.07991,45.39871],[-113.07934,45.4204],[-113.07888,45.42763],[-113.08005,45.43509],[-113.12124,45.43515],[-113.12119,45.42076],[-113.14142,45.42084],[-113.14149,45.39919],[-113.15179,45.39917],[-113.15181,45.39193],[-113.16214,45.3919],[-113.16209,45.37744],[-113.18265,45.37748],[-113.18261,45.34857],[-113.21367,45.34857],[-113.21366,45.34359],[-113.23415,45.34365],[-113.23415,45.3485],[-113.26482,45.34849],[-113.2648,45.40648],[-113.28528,45.40647],[-113.28526,45.39199],[-113.30588,45.39199],[-113.30596,45.34852],[-113.32655,45.34852],[-113.32649,45.392],[-113.36778,45.39194],[-113.36787,45.43566],[-113.38871,45.43573],[-113.38679,45.50767],[-113.38678,45.55163],[-113.38666,45.59474],[-113.36678,45.59476],[-113.36682,45.62472],[-113.38663,45.62476],[-113.38653,45.63962],[-113.38667,45.66824],[-113.36683,45.66824],[-113.36683,45.69824],[-113.36655,45.71275],[-113.35621,45.71276],[-113.35614,45.72724],[-113.34578,45.72724],[-113.3455,45.77066],[-113.32475,45.77072],[-113.32476,45.78516],[-113.27469,45.78547],[-113.27451,45.81427],[-113.25408,45.81451],[-113.2541,45.82899],[-113.23331,45.82903],[-113.23343,45.84353],[-113.21263,45.84356],[-113.21281,45.8726],[-113.15028,45.87281],[-113.09872,45.87288],[-113.09867,45.86553],[-113.08831,45.86557],[-113.08817,45.82934],[-113.0674,45.82932],[-113.06734,45.8148],[-113.02583,45.81479],[-113.02566,45.78573],[-113.0203,45.78575],[-113.02033,45.74347],[-112.99013,45.7434],[-112.99016,45.75788],[-112.97983,45.75785],[-112.97993,45.78582],[-112.94558,45.78578],[-112.94555,45.78942],[-112.9421,45.78941]]],[[[-112.58614,46.07989],[-112.58609,46.08709],[-112.5809,46.08718],[-112.58084,46.09079],[-112.58602,46.09072],[-112.58609,46.08709],[-112.59647,46.08707],[-112.59641,46.0907],[-112.61205,46.0908],[-112.61175,46.10531],[-112.64804,46.10544],[-112.65174,46.10519],[-112.67327,46.10522],[-112.67328,46.11967],[-112.6941,46.11967],[-112.69409,46.13569],[-112.70331,46.1357],[-112.70317,46.15023],[-112.73289,46.15027],[-112.7329,46.15165],[-112.72381,46.15264],[-112.72374,46.15925],[-112.73299,46.15821],[-112.733,46.15986],[-112.72886,46.16056],[-112.72894,46.1622],[-112.72302,46.16243],[-112.72294,46.16079],[-112.71538,46.16091],[-112.71536,46.15926],[-112.70315,46.1593],[-112.70318,46.1792],[-112.6927,46.17915],[-112.6931,46.19384],[-112.68274,46.19388],[-112.68264,46.208],[-112.70346,46.20805],[-112.70334,46.22238],[-112.66169,46.22224],[-112.66155,46.26585],[-112.64022,46.26562],[-112.58277,46.26578],[-112.58281,46.26941],[-112.5776,46.26942],[-112.57764,46.27305],[-112.58285,46.27305],[-112.58289,46.27668],[-112.57768,46.27668],[-112.57804,46.29494],[-112.61938,46.29499],[-112.61958,46.30234],[-112.61938,46.3387],[-112.60366,46.33869],[-112.60353,46.34596],[-112.59806,46.34596],[-112.59808,46.38964],[-112.59768,46.41127],[-112.55576,46.41133],[-112.55576,46.41105],[-112.53481,46.41106],[-112.53481,46.41398],[-112.53085,46.418],[-112.52714,46.42],[-112.52268,46.41987],[-112.52138,46.41621],[-112.51698,46.41624],[-112.51405,46.41441],[-112.51263,46.40689],[-112.5087,46.40634],[-112.50677,46.40501],[-112.5061,46.40091],[-112.49901,46.39716],[-112.49481,46.39197],[-112.49602,46.38591],[-112.49525,46.38459],[-112.49001,46.38127],[-112.4911,46.37637],[-112.4935,46.37301],[-112.49897,46.37206],[-112.49969,46.37065],[-112.50406,46.36748],[-112.50124,46.36514],[-112.50166,46.3634],[-112.49952,46.36113],[-112.49978,46.35796],[-112.49397,46.35367],[-112.49381,46.35178],[-112.49928,46.34649],[-112.49817,46.34237],[-112.4907,46.34234],[-112.48622,46.34012],[-112.47209,46.34079],[-112.46899,46.33438],[-112.46443,46.32894],[-112.45992,46.3298],[-112.45389,46.32906],[-112.44957,46.33452],[-112.45085,46.33743],[-112.45097,46.34179],[-112.45216,46.34409],[-112.45152,46.34939],[-112.45017,46.35141],[-112.4466,46.35188],[-112.43633,46.35098],[-112.43303,46.3546],[-112.42606,46.3585],[-112.42851,46.3648],[-112.42618,46.36892],[-112.41464,46.37179],[-112.4173,46.37446],[-112.41715,46.37727],[-112.41371,46.3785],[-112.40802,46.38148],[-112.40392,46.38637],[-112.39979,46.38701],[-112.39317,46.38436],[-112.38599,46.38335],[-112.38266,46.38474],[-112.37334,46.38711],[-112.36455,46.38503],[-112.35918,46.385],[-112.35599,46.38413],[-112.34894,46.38589],[-112.34435,46.39178],[-112.34423,46.39511],[-112.34042,46.39731],[-112.33735,46.40097],[-112.3361,46.4046],[-112.32761,46.40854],[-112.32414,46.41147],[-112.31816,46.41481],[-112.31252,46.41857],[-112.31083,46.4211],[-112.30795,46.42272],[-112.30525,46.42239],[-112.30351,46.42025],[-112.29824,46.42103],[-112.29582,46.42203],[-112.28594,46.42059],[-112.28507,46.4184],[-112.28127,46.41941],[-112.27721,46.41952],[-112.27057,46.41535],[-112.26691,46.41572],[-112.26516,46.41734],[-112.26007,46.41996],[-112.25435,46.4214],[-112.25085,46.42358],[-112.24758,46.42244],[-112.24377,46.4223],[-112.23887,46.42455],[-112.23529,46.42383],[-112.23278,46.42169],[-112.22863,46.42079],[-112.22299,46.42199],[-112.21782,46.42063],[-112.21535,46.41844],[-112.2157,46.41621],[-112.2139,46.41325],[-112.21481,46.41126],[-112.20928,46.40897],[-112.21019,46.40123],[-112.20747,46.40066],[-112.20041,46.39708],[-112.20032,46.39305],[-112.20313,46.39005],[-112.20108,46.38482],[-112.19572,46.38545],[-112.18702,46.3844],[-112.18262,46.38288],[-112.1832,46.38164],[-112.1809,46.3785],[-112.1784,46.37658],[-112.17144,46.37573],[-112.1721,46.37191],[-112.17395,46.37094],[-112.17374,46.36776],[-112.17789,46.36575],[-112.17691,46.36108],[-112.17466,46.35508],[-112.17486,46.3527],[-112.17661,46.35016],[-112.18169,46.34601],[-112.18266,46.34438],[-112.18379,46.33888],[-112.18348,46.33684],[-112.18762,46.33408],[-112.19098,46.32884],[-112.18717,46.32695],[-112.18185,46.32571],[-112.18033,46.3264],[-112.17422,46.3255],[-112.16974,46.32404],[-112.16506,46.32401],[-112.16158,46.32281],[-112.20322,46.32284],[-112.21346,46.32329],[-112.22394,46.32328],[-112.22406,46.2944],[-112.24508,46.29451],[-112.24513,46.27987],[-112.26613,46.27999],[-112.26649,46.26545],[-112.22342,46.26541],[-112.22424,46.25104],[-112.18291,46.25077],[-112.18345,46.23633],[-112.16251,46.23638],[-112.16277,46.20759],[-112.14191,46.20756],[-112.14194,46.19334],[-112.08991,46.19289],[-112.07967,46.19269],[-112.07964,46.17893],[-112.0587,46.17888],[-112.05869,46.17822],[-112.04825,46.17819],[-112.0483,46.16441],[-112.03814,46.16441],[-112.0381,46.16371],[-112.028,46.16412],[-112.02768,46.14983],[-112.0173,46.15017],[-112.01714,46.13561],[-112.02433,46.13556],[-112.02438,46.12329],[-112.01396,46.1233],[-112.01391,46.10861],[-111.99277,46.10866],[-111.99277,46.09343],[-111.9918,46.09343],[-111.99182,46.05002],[-111.99193,46.02046],[-111.99169,46.00592],[-111.9915,45.97683],[-111.99183,45.96233],[-111.99179,45.94726],[-112.01324,45.94695],[-112.03622,45.94692],[-112.03624,45.94748],[-112.05699,45.94747],[-112.05743,45.96219],[-112.05745,45.99126],[-112.07775,45.99126],[-112.07764,46.01319],[-112.07726,46.04255],[-112.07725,46.06473],[-112.09828,46.06485],[-112.09825,46.09417],[-112.09774,46.13557],[-112.13995,46.13541],[-112.14024,46.12332],[-112.14023,46.10892],[-112.14046,46.09416],[-112.14039,46.07952],[-112.16121,46.07943],[-112.16145,46.06492],[-112.16106,46.05045],[-112.1612,46.02821],[-112.14035,46.02807],[-112.14053,46.02071],[-112.16118,46.02083],[-112.16099,46.00573],[-112.14033,46.00574],[-112.14047,45.99118],[-112.16095,45.99115],[-112.16096,45.99076],[-112.20237,45.99065],[-112.20237,45.96167],[-112.20091,45.96167],[-112.20115,45.94688],[-112.24262,45.94687],[-112.24265,45.96164],[-112.26342,45.96161],[-112.26332,45.9469],[-112.28466,45.94691],[-112.28466,45.94627],[-112.32618,45.94633],[-112.32609,45.91736],[-112.32581,45.87393],[-112.36723,45.87401],[-112.36711,45.85479],[-112.35675,45.85479],[-112.35668,45.84392],[-112.36705,45.84393],[-112.36696,45.82945],[-112.38767,45.82948],[-112.38742,45.78605],[-112.38151,45.78604],[-112.38153,45.75763],[-112.38123,45.74307],[-112.38048,45.72842],[-112.38044,45.71391],[-112.40186,45.71387],[-112.40184,45.68433],[-112.38036,45.68441],[-112.38025,45.641],[-112.41208,45.64092],[-112.41211,45.64816],[-112.42243,45.64818],[-112.42246,45.65542],[-112.44316,45.65543],[-112.4432,45.66989],[-112.46381,45.66988],[-112.4639,45.69869],[-112.48458,45.69878],[-112.4846,45.70576],[-112.50526,45.70577],[-112.50528,45.72745],[-112.51562,45.72746],[-112.51562,45.73469],[-112.52569,45.73469],[-112.52569,45.73533],[-112.54643,45.73534],[-112.54643,45.7281],[-112.5671,45.72803],[-112.56689,45.7064],[-112.58745,45.70641],[-112.5876,45.72806],[-112.60833,45.72807],[-112.60842,45.75705],[-112.5671,45.757],[-112.56712,45.78596],[-112.63324,45.78615],[-112.63335,45.80068],[-112.6334,45.85893],[-112.63335,45.87336],[-112.63271,45.87336],[-112.63285,45.91681],[-112.6172,45.91679],[-112.6172,45.92041],[-112.61199,45.92041],[-112.61198,45.91678],[-112.59118,45.91674],[-112.59111,45.902],[-112.55322,45.90202],[-112.54983,45.8994],[-112.55299,45.8984],[-112.5599,45.89837],[-112.55991,45.8874],[-112.56512,45.8874],[-112.5664,45.88394],[-112.57033,45.88397],[-112.57033,45.88034],[-112.58072,45.88038],[-112.58071,45.87309],[-112.52872,45.8729],[-112.52866,45.88759],[-112.49825,45.88738],[-112.49824,45.90209],[-112.50264,45.90206],[-112.50269,45.90929],[-112.49745,45.90932],[-112.4974,45.90208],[-112.45514,45.90192],[-112.45699,45.9039],[-112.45475,45.90526],[-112.45307,45.90191],[-112.45105,45.9019],[-112.45275,45.90714],[-112.44626,45.90805],[-112.44647,45.93489],[-112.4557,45.93492],[-112.45551,45.93664],[-112.44958,45.93707],[-112.4498,45.93871],[-112.45564,45.93828],[-112.45562,45.93993],[-112.44776,45.94229],[-112.44809,45.94393],[-112.4532,45.94217],[-112.46084,45.94223],[-112.46026,45.94857],[-112.4661,45.94803],[-112.4661,45.94983],[-112.4602,45.94983],[-112.4602,45.95354],[-112.46126,45.95663],[-112.45735,45.95736],[-112.45088,45.94942],[-112.44888,45.9503],[-112.45302,45.95511],[-112.45085,45.95575],[-112.4538,45.95931],[-112.45031,45.96034],[-112.4514,45.9618],[-112.45682,45.96019],[-112.45906,45.96403],[-112.45723,45.96448],[-112.45139,45.96389],[-112.44534,45.9644],[-112.44534,45.96604],[-112.45102,45.96551],[-112.45584,45.966],[-112.45699,45.96847],[-112.4573,45.97252],[-112.46235,45.97229],[-112.46283,45.97521],[-112.4647,45.97748],[-112.45156,45.9799],[-112.45289,45.983],[-112.46521,45.98134],[-112.46867,45.98199],[-112.4696,45.98455],[-112.46827,45.98718],[-112.45743,45.98892],[-112.45593,45.98448],[-112.45094,45.98528],[-112.45126,45.98823],[-112.44832,45.98853],[-112.44736,45.9852],[-112.44207,45.98702],[-112.44155,45.98522],[-112.42033,45.99227],[-112.42135,45.99579],[-112.43724,45.99042],[-112.43749,45.9913],[-112.43237,45.99369],[-112.4218,45.99733],[-112.42258,46.00002],[-112.4279,45.9983],[-112.42757,45.99718],[-112.43285,45.99536],[-112.43797,45.99297],[-112.43905,45.99673],[-112.43808,45.99837],[-112.44342,45.99843],[-112.44344,46.00007],[-112.43856,46.00002],[-112.43285,46.00109],[-112.43193,46.00263],[-112.4318,46.00725],[-112.42696,46.00715],[-112.42542,46.00827],[-112.42105,46.00692],[-112.40926,46.00742],[-112.40975,46.00911],[-112.4055,46.01103],[-112.41047,46.01493],[-112.41061,46.01914],[-112.40731,46.02374],[-112.4075,46.02505],[-112.40418,46.02618],[-112.40418,46.02791],[-112.41306,46.0247],[-112.41472,46.02633],[-112.42083,46.0265],[-112.42665,46.02596],[-112.43204,46.02438],[-112.43401,46.02682],[-112.43372,46.02956],[-112.42961,46.03157],[-112.42376,46.03209],[-112.42501,46.03363],[-112.43018,46.03317],[-112.44012,46.03332],[-112.43259,46.03495],[-112.4267,46.03488],[-112.42761,46.0376],[-112.43352,46.03773],[-112.43434,46.03839],[-112.44522,46.03632],[-112.44772,46.03474],[-112.45159,46.03366],[-112.45279,46.03571],[-112.44761,46.03734],[-112.44857,46.03878],[-112.43697,46.0391],[-112.4361,46.04034],[-112.43602,46.04759],[-112.42515,46.04758],[-112.42519,46.06206],[-112.40435,46.06203],[-112.40447,46.11976],[-112.38955,46.11975],[-112.38956,46.12695],[-112.39477,46.12696],[-112.39477,46.13058],[-112.38957,46.13056],[-112.38957,46.13558],[-112.36922,46.13555],[-112.36886,46.1789],[-112.41082,46.17905],[-112.41086,46.13561],[-112.42561,46.1356],[-112.42561,46.11998],[-112.42994,46.11997],[-112.42996,46.1236],[-112.43516,46.12359],[-112.43515,46.11997],[-112.44036,46.11996],[-112.44039,46.13083],[-112.4456,46.13082],[-112.44557,46.11996],[-112.44036,46.11996],[-112.44035,46.11634],[-112.43515,46.11634],[-112.43515,46.10998],[-112.44035,46.10998],[-112.44077,46.099],[-112.44555,46.09901],[-112.44555,46.09096],[-112.45104,46.09099],[-112.45103,46.08931],[-112.45953,46.09087],[-112.46866,46.09102],[-112.46969,46.08811],[-112.46436,46.08637],[-112.46514,46.085],[-112.47037,46.08691],[-112.47297,46.08232],[-112.47793,46.08085],[-112.47957,46.07795],[-112.4912,46.07776],[-112.49197,46.07659],[-112.49806,46.07746],[-112.50281,46.07952],[-112.50056,46.08294],[-112.50647,46.08311],[-112.51018,46.0777],[-112.51507,46.0774],[-112.51286,46.07462],[-112.5104,46.07453],[-112.51195,46.07096],[-112.51754,46.06987],[-112.51704,46.0732],[-112.51471,46.07316],[-112.51844,46.07955],[-112.52067,46.07937],[-112.51928,46.07583],[-112.52218,46.07347],[-112.52595,46.07258],[-112.52433,46.07865],[-112.5302,46.08386],[-112.53466,46.08114],[-112.53239,46.07859],[-112.53545,46.07649],[-112.53915,46.07656],[-112.53924,46.08017],[-112.54432,46.08019],[-112.54425,46.07307],[-112.55406,46.072],[-112.55173,46.06896],[-112.54766,46.06831],[-112.55263,46.06626],[-112.55136,46.06483],[-112.56289,46.06326],[-112.56182,46.06194],[-112.55717,46.06223],[-112.55077,46.06333],[-112.54542,46.06551],[-112.54714,46.06767],[-112.54164,46.06807],[-112.54006,46.06986],[-112.5392,46.06199],[-112.5316,46.06178],[-112.52655,46.05974],[-112.53623,46.06005],[-112.53661,46.05687],[-112.54193,46.05754],[-112.54031,46.05918],[-112.54016,46.06247],[-112.54594,46.06245],[-112.54597,46.06062],[-112.55186,46.06136],[-112.56366,46.0615],[-112.56523,46.05823],[-112.57041,46.05858],[-112.57046,46.0548],[-112.57566,46.05476],[-112.57568,46.05116],[-112.56269,46.05118],[-112.56452,46.04824],[-112.56429,46.04659],[-112.57088,46.04461],[-112.57465,46.04423],[-112.57285,46.04002],[-112.5861,46.03662],[-112.58608,46.04019],[-112.58089,46.04026],[-112.58087,46.04741],[-112.59124,46.04727],[-112.61196,46.04733],[-112.61198,46.05464],[-112.6069,46.05462],[-112.60684,46.05104],[-112.58605,46.051],[-112.58607,46.05452],[-112.60162,46.05456],[-112.60172,46.06175],[-112.59643,46.06174],[-112.5966,46.07259],[-112.59131,46.07263],[-112.59128,46.069],[-112.5809,46.06917],[-112.58093,46.07272],[-112.57577,46.0728],[-112.57583,46.07636],[-112.56531,46.07654],[-112.5653,46.08015],[-112.56006,46.08025],[-112.56007,46.08374],[-112.54954,46.08379],[-112.54959,46.09093],[-112.56028,46.09091],[-112.56017,46.08739],[-112.5654,46.08733],[-112.56539,46.08374],[-112.5704,46.08371],[-112.5704,46.08009],[-112.58614,46.07989]],[[-112.428,46.04034],[-112.43381,46.0405],[-112.43417,46.03883],[-112.42827,46.03912],[-112.428,46.04034]],[[-112.41456,46.02643],[-112.41269,46.02623],[-112.41169,46.02905],[-112.4174,46.03004],[-112.41853,46.02686],[-112.41456,46.02643]],[[-112.57033,45.88854],[-112.56039,45.89291],[-112.56154,45.89435],[-112.57125,45.8897],[-112.57033,45.88854]],[[-112.527,46.09069],[-112.52678,46.08904],[-112.52178,46.08886],[-112.52181,46.08754],[-112.51496,46.08861],[-112.51528,46.09097],[-112.527,46.09069]],[[-112.51501,46.09097],[-112.50532,46.08743],[-112.50093,46.0898],[-112.5015,46.091],[-112.51501,46.09097]],[[-112.43488,46.04034],[-112.42963,46.04156],[-112.42787,46.041],[-112.42801,46.03976],[-112.42508,46.04007],[-112.42514,46.04623],[-112.43124,46.04576],[-112.42987,46.04304],[-112.4351,46.04177],[-112.43488,46.04034]],[[-112.58072,45.88765],[-112.57812,45.88582],[-112.57809,45.90019],[-112.58068,45.90019],[-112.58072,45.88765]]],[[[-111.79665,45.13083],[-111.78129,45.13081],[-111.78124,45.08739],[-111.76043,45.08735],[-111.76038,45.07179],[-111.7399,45.07181],[-111.73989,45.05733],[-111.72968,45.05733],[-111.72958,45.02834],[-111.699,45.02835],[-111.69895,45.01384],[-111.68876,45.01384],[-111.68877,45.00656],[-111.67855,45.00656],[-111.67886,44.93378],[-111.65842,44.93376],[-111.65848,44.91205],[-111.62773,44.91194],[-111.60452,44.91199],[-111.60298,44.90868],[-111.59621,44.9022],[-111.59193,44.89938],[-111.58974,44.89236],[-111.58811,44.8909],[-111.58126,44.88863],[-111.57496,44.886],[-111.57507,44.88092],[-111.56904,44.87875],[-111.56833,44.87502],[-111.56455,44.86938],[-111.55753,44.8653],[-111.55755,44.83928],[-111.56775,44.83929],[-111.56779,44.81743],[-111.56273,44.81744],[-111.56271,44.8138],[-111.55768,44.81382],[-111.55771,44.81019],[-111.55259,44.81018],[-111.5526,44.78844],[-111.53734,44.78848],[-111.53732,44.76656],[-111.518,44.76652],[-111.51801,44.75205],[-111.48751,44.75209],[-111.48752,44.73761],[-111.47736,44.73763],[-111.47738,44.70784],[-111.47971,44.70677],[-111.48536,44.70782],[-111.48905,44.70535],[-111.48992,44.70084],[-111.48716,44.69615],[-111.48379,44.69447],[-111.4827,44.69241],[-111.48338,44.68937],[-111.4857,44.68735],[-111.47764,44.68256],[-111.4739,44.68153],[-111.46857,44.67872],[-111.47161,44.67502],[-111.47659,44.67387],[-111.47521,44.66561],[-111.47566,44.66373],[-111.47864,44.66184],[-111.47763,44.66023],[-111.48266,44.65551],[-111.48772,44.65353],[-111.48816,44.65097],[-111.49147,44.64774],[-111.4915,44.64379],[-111.49528,44.64432],[-111.49859,44.64678],[-111.50162,44.64751],[-111.50393,44.64476],[-111.50815,44.64554],[-111.51038,44.64446],[-111.5164,44.64401],[-111.51648,44.64085],[-111.51192,44.6391],[-111.50906,44.63309],[-111.50346,44.6294],[-111.5025,44.6265],[-111.50798,44.62505],[-111.51639,44.61922],[-111.51863,44.61632],[-111.52262,44.61408],[-111.52149,44.61016],[-111.52561,44.60473],[-111.52159,44.60303],[-111.52079,44.60143],[-111.52448,44.59767],[-111.52378,44.59264],[-111.52209,44.58975],[-111.51944,44.58854],[-111.51892,44.5833],[-111.51757,44.58189],[-111.50624,44.57611],[-111.50133,44.57245],[-111.50271,44.56868],[-111.50716,44.56843],[-111.51003,44.56524],[-111.5083,44.56268],[-111.50214,44.56097],[-111.4921,44.5608],[-111.48609,44.55767],[-111.48063,44.55569],[-111.4782,44.55342],[-111.4757,44.55472],[-111.47552,44.5563],[-111.46958,44.55764],[-111.46809,44.55502],[-111.46916,44.55214],[-111.46698,44.54702],[-111.46761,44.54435],[-111.46381,44.54113],[-111.46971,44.54014],[-111.47583,44.5409],[-111.47975,44.54211],[-111.48418,44.54092],[-111.48565,44.54166],[-111.49347,44.54064],[-111.49965,44.54202],[-111.50103,44.54018],[-111.50783,44.53627],[-111.51228,44.53591],[-111.51638,44.53783],[-111.51807,44.54093],[-111.51845,44.54356],[-111.5236,44.54786],[-111.53806,44.55097],[-111.53806,44.59187],[-111.53795,44.64972],[-111.53738,44.65735],[-111.5678,44.65737],[-111.56781,44.66461],[-111.61888,44.66461],[-111.61887,44.65024],[-111.65905,44.65027],[-111.65872,44.67948],[-111.63944,44.67948],[-111.63885,44.67909],[-111.63893,44.70807],[-111.65849,44.70807],[-111.65841,44.73757],[-111.699,44.73759],[-111.77004,44.73771],[-111.84208,44.73777],[-111.90304,44.73781],[-111.90304,44.73868],[-112.02529,44.73872],[-112.02529,44.74004],[-112.09662,44.74005],[-112.20777,44.73988],[-112.26878,44.73985],[-112.26926,44.82686],[-112.20783,44.82682],[-112.19765,44.82673],[-112.14676,44.82673],[-112.14679,44.85506],[-112.14673,44.91256],[-112.13963,44.91255],[-112.13966,44.93425],[-112.10909,44.93421],[-112.10911,44.94144],[-112.09894,44.94143],[-112.09897,44.95591],[-112.08879,44.95589],[-112.08883,44.98483],[-112.06845,44.98482],[-112.06846,44.99821],[-112.0449,44.9982],[-112.04491,45.02713],[-112.02449,45.02716],[-112.02451,45.05872],[-112.02467,45.07338],[-112.02587,45.08783],[-112.02627,45.10226],[-112.02649,45.17383],[-112.02652,45.20282],[-111.9439,45.20283],[-111.94392,45.18835],[-111.90307,45.18838],[-111.90304,45.17386],[-111.8018,45.17421],[-111.80177,45.13083],[-111.79665,45.13083]]],[[[-112.15329,45.52401],[-112.15326,45.53125],[-112.17377,45.53131],[-112.17378,45.53853],[-112.19441,45.53869],[-112.21544,45.53868],[-112.21545,45.56761],[-112.1944,45.56767],[-112.19426,45.61204],[-112.17316,45.61205],[-112.17324,45.64135],[-112.17292,45.65582],[-112.15209,45.65582],[-112.15215,45.66995],[-112.1315,45.66992],[-112.1316,45.69948],[-112.13145,45.74294],[-112.11082,45.74295],[-112.11076,45.75815],[-112.11029,45.75815],[-112.1102,45.77195],[-112.02781,45.77213],[-112.02781,45.77106],[-111.98827,45.77105],[-111.98819,45.74206],[-111.98852,45.74206],[-111.98819,45.71314],[-111.94678,45.71317],[-111.94679,45.72765],[-111.92621,45.72769],[-111.9262,45.71321],[-111.93649,45.71319],[-111.93648,45.69872],[-111.96747,45.69866],[-111.96722,45.64096],[-111.90535,45.64091],[-111.90512,45.62642],[-111.90513,45.61231],[-111.8447,45.61227],[-111.84477,45.59681],[-111.84455,45.52444],[-111.84496,45.51701],[-111.84476,45.48053],[-111.84472,45.45152],[-111.84481,45.43664],[-111.84523,45.43663],[-111.84526,45.40734],[-111.86586,45.40746],[-111.90193,45.40736],[-111.94728,45.40733],[-111.98843,45.40777],[-112.02977,45.4079],[-112.02973,45.43699],[-112.09145,45.43691],[-112.09156,45.46583],[-112.09156,45.49481],[-112.11218,45.49484],[-112.11224,45.52403],[-112.15329,45.52401]]],[[[-113.20362,44.88458],[-113.18323,44.88456],[-113.18325,44.89905],[-113.12219,44.899],[-113.12219,44.8995],[-113.10074,44.89946],[-113.10067,44.8705],[-113.08043,44.87046],[-113.07994,44.8489],[-113.0797,44.82711],[-113.06931,44.82709],[-113.0693,44.8127],[-113.05911,44.81271],[-113.05906,44.74765],[-113.06921,44.74766],[-113.06919,44.74043],[-113.07934,44.74045],[-113.07923,44.71067],[-113.06906,44.71066],[-113.06903,44.70342],[-113.05887,44.70341],[-113.05884,44.69618],[-113.04868,44.69617],[-113.04861,44.68169],[-113.03846,44.68168],[-113.03832,44.65995],[-113.02816,44.65995],[-113.02813,44.65271],[-113.01798,44.6527],[-113.01798,44.58032],[-112.99772,44.58033],[-112.99781,44.53688],[-112.9777,44.53686],[-112.97768,44.52237],[-112.95745,44.52239],[-112.95739,44.49343],[-112.93717,44.49343],[-112.93716,44.47896],[-112.89676,44.47896],[-112.89679,44.50792],[-112.85637,44.50789],[-112.79562,44.50793],[-112.79565,44.53688],[-112.77543,44.53688],[-112.77547,44.58033],[-112.77561,44.62376],[-112.77561,44.65304],[-112.6844,44.65294],[-112.68438,44.63838],[-112.66425,44.63839],[-112.66429,44.62394],[-112.67441,44.62392],[-112.67441,44.61667],[-112.69476,44.61664],[-112.69467,44.58043],[-112.6541,44.58047],[-112.65408,44.55152],[-112.63385,44.55154],[-112.57284,44.55131],[-112.57283,44.56579],[-112.5122,44.56561],[-112.51223,44.5367],[-112.47157,44.5368],[-112.47157,44.52232],[-112.45135,44.52234],[-112.45132,44.50786],[-112.39076,44.50788],[-112.39077,44.45066],[-112.39885,44.45318],[-112.40121,44.4558],[-112.40804,44.4575],[-112.41295,44.45547],[-112.41601,44.45303],[-112.42133,44.45374],[-112.42276,44.45464],[-112.4299,44.45349],[-112.43408,44.45435],[-112.43465,44.45634],[-112.43354,44.45984],[-112.43519,44.4618],[-112.44225,44.46528],[-112.4433,44.46671],[-112.44778,44.46797],[-112.44935,44.46711],[-112.45524,44.46627],[-112.45592,44.47176],[-112.46032,44.47514],[-112.46437,44.47494],[-112.46947,44.47834],[-112.47349,44.47938],[-112.47565,44.4784],[-112.4801,44.47465],[-112.48365,44.47435],[-112.48503,44.47087],[-112.49146,44.47029],[-112.49701,44.46646],[-112.50039,44.46277],[-112.51129,44.46638],[-112.51233,44.47333],[-112.51389,44.47512],[-112.52333,44.47639],[-112.52781,44.47654],[-112.53156,44.47832],[-112.5355,44.47833],[-112.53907,44.48236],[-112.54308,44.48399],[-112.54774,44.48313],[-112.54943,44.48469],[-112.5546,44.48416],[-112.55967,44.48266],[-112.56908,44.48274],[-112.57755,44.48014],[-112.5819,44.48207],[-112.58532,44.4812],[-112.58686,44.48254],[-112.59265,44.48542],[-112.59499,44.48751],[-112.60137,44.4906],[-112.60416,44.4905],[-112.61714,44.4876],[-112.62072,44.48607],[-112.62475,44.48308],[-112.62904,44.48282],[-112.62962,44.48827],[-112.63103,44.49006],[-112.63388,44.49104],[-112.63675,44.49028],[-112.64099,44.49035],[-112.64807,44.48826],[-112.6563,44.48702],[-112.66087,44.48595],[-112.66458,44.48646],[-112.66812,44.48952],[-112.67198,44.49137],[-112.67532,44.49202],[-112.68352,44.49251],[-112.6864,44.49376],[-112.68876,44.49837],[-112.69236,44.49999],[-112.698,44.49987],[-112.70853,44.50323],[-112.7149,44.50342],[-112.72007,44.50424],[-112.73356,44.49994],[-112.73747,44.49327],[-112.74036,44.48997],[-112.74398,44.48821],[-112.74976,44.49014],[-112.75437,44.48853],[-112.76036,44.4881],[-112.76361,44.4873],[-112.77022,44.48402],[-112.77215,44.48361],[-112.78044,44.48472],[-112.78019,44.48223],[-112.78561,44.47899],[-112.7874,44.47461],[-112.79099,44.47177],[-112.79262,44.46956],[-112.7982,44.46605],[-112.79688,44.46435],[-112.79767,44.4614],[-112.80291,44.45693],[-112.80581,44.456],[-112.8077,44.45313],[-112.81139,44.45491],[-112.81516,44.453],[-112.81769,44.44777],[-112.82114,44.44497],[-112.82465,44.44468],[-112.82697,44.44313],[-112.82841,44.44033],[-112.8283,44.43493],[-112.8269,44.43208],[-112.8338,44.42887],[-112.83639,44.42612],[-112.83971,44.42402],[-112.83544,44.42173],[-112.83194,44.41678],[-112.82405,44.40964],[-112.82176,44.40705],[-112.82216,44.405],[-112.81999,44.40019],[-112.8156,44.39985],[-112.81378,44.3969],[-112.81506,44.3944],[-112.81266,44.39281],[-112.81207,44.38758],[-112.81411,44.38383],[-112.81336,44.37839],[-112.81781,44.37288],[-112.82111,44.37022],[-112.82933,44.36571],[-112.83469,44.3638],[-112.83789,44.36194],[-112.84037,44.36197],[-112.8463,44.35793],[-112.85548,44.36016],[-112.85917,44.36417],[-112.86156,44.36784],[-112.8639,44.3698],[-112.86913,44.37066],[-112.87298,44.37215],[-112.87329,44.37485],[-112.87571,44.37723],[-112.88158,44.37926],[-112.88165,44.38539],[-112.88342,44.38893],[-112.8837,44.39327],[-112.88546,44.39668],[-112.88346,44.40001],[-112.88426,44.40201],[-112.88804,44.40346],[-112.88955,44.40597],[-112.89302,44.40437],[-112.89642,44.40081],[-112.90165,44.39885],[-112.91041,44.40186],[-112.9136,44.40228],[-112.91744,44.40489],[-112.91858,44.40913],[-112.92099,44.41086],[-112.92512,44.41042],[-112.93192,44.41355],[-112.93781,44.41232],[-112.93958,44.4125],[-112.9499,44.41667],[-112.95152,44.41824],[-112.9531,44.42313],[-112.95583,44.42389],[-112.96078,44.424],[-112.96305,44.42326],[-112.96625,44.42559],[-112.97152,44.42757],[-112.97849,44.43355],[-112.9804,44.43374],[-112.98448,44.4388],[-112.9889,44.44328],[-112.99463,44.44693],[-113.00198,44.44986],[-113.00593,44.45524],[-113.00597,44.45804],[-113.00768,44.46065],[-113.00878,44.46586],[-113.00604,44.47084],[-113.01044,44.4746],[-113.01433,44.47936],[-113.01978,44.48351],[-113.02303,44.48836],[-113.02674,44.49569],[-113.02211,44.50013],[-113.01684,44.50412],[-113.01551,44.50701],[-113.01508,44.51145],[-113.01591,44.51601],[-113.00552,44.51985],[-113.00653,44.52578],[-113.00845,44.52746],[-113.0109,44.52737],[-113.0157,44.52942],[-113.0227,44.53482],[-113.02433,44.53724],[-113.03014,44.53693],[-113.03475,44.53801],[-113.03868,44.53973],[-113.04422,44.54337],[-113.0471,44.54629],[-113.04777,44.54828],[-113.04677,44.5536],[-113.0451,44.55599],[-113.03855,44.55899],[-113.03632,44.56205],[-113.03898,44.56694],[-113.04523,44.56857],[-113.04587,44.56955],[-113.05948,44.57531],[-113.06132,44.57668],[-113.06734,44.57931],[-113.0668,44.58126],[-113.0623,44.58592],[-113.06575,44.58805],[-113.06804,44.5906],[-113.07388,44.59393],[-113.07697,44.59471],[-113.08051,44.59722],[-113.08824,44.59965],[-113.08496,44.60216],[-113.08261,44.60539],[-113.07703,44.6097],[-113.0747,44.61393],[-113.07189,44.61587],[-113.06624,44.6177],[-113.05735,44.61838],[-113.05196,44.62317],[-113.04977,44.62892],[-113.04944,44.63267],[-113.05176,44.6371],[-113.06559,44.64925],[-113.06404,44.65274],[-113.06815,44.65822],[-113.06972,44.66924],[-113.06711,44.67422],[-113.06798,44.67904],[-113.07707,44.68085],[-113.08205,44.68398],[-113.07957,44.68765],[-113.08211,44.69166],[-113.08838,44.69403],[-113.09334,44.6952],[-113.09597,44.69658],[-113.09783,44.69887],[-113.09702,44.70147],[-113.10158,44.70664],[-113.10118,44.70924],[-113.10174,44.71505],[-113.10045,44.71844],[-113.10227,44.72581],[-113.10147,44.72896],[-113.10581,44.73123],[-113.11245,44.73344],[-113.11509,44.73237],[-113.1174,44.73343],[-113.11636,44.73566],[-113.11647,44.74005],[-113.11862,44.74205],[-113.12077,44.74664],[-113.12584,44.74973],[-113.12941,44.74956],[-113.13475,44.75276],[-113.13552,44.75671],[-113.13773,44.75987],[-113.13573,44.76259],[-113.13132,44.7648],[-113.1325,44.76905],[-113.13119,44.77239],[-113.13286,44.7737],[-113.14191,44.777],[-113.14584,44.7766],[-113.15013,44.77926],[-113.15397,44.77955],[-113.15778,44.78091],[-113.16016,44.78084],[-113.16338,44.77879],[-113.16687,44.7805],[-113.17275,44.78454],[-113.17957,44.78725],[-113.18203,44.79151],[-113.18765,44.79706],[-113.18935,44.7994],[-113.19462,44.80222],[-113.19712,44.80232],[-113.20368,44.80408],[-113.20939,44.80915],[-113.21547,44.81022],[-113.22259,44.8108],[-113.2314,44.81421],[-113.23833,44.81396],[-113.24008,44.81711],[-113.24348,44.8197],[-113.24348,44.82664],[-113.18318,44.82665],[-113.18321,44.84113],[-113.19338,44.84113],[-113.19338,44.8701],[-113.20359,44.8701],[-113.20362,44.88458]]],[[[-111.40392,45.30283],[-111.40437,45.30281],[-111.40973,45.30299],[-111.41387,45.302],[-111.41728,45.29911],[-111.42296,45.29797],[-111.42964,45.29495],[-111.43396,45.29185],[-111.43496,45.28848],[-111.43394,45.28582],[-111.43712,45.2835],[-111.44597,45.2836],[-111.44881,45.28176],[-111.45068,45.27821],[-111.45089,45.27811],[-111.45519,45.2754],[-111.46562,45.27179],[-111.46842,45.26809],[-111.47037,45.26765],[-111.47359,45.2628],[-111.4762,45.26077],[-111.48111,45.25922],[-111.48606,45.25356],[-111.48799,45.25271],[-111.49599,45.24688],[-111.50425,45.24538],[-111.50786,45.24205],[-111.5087,45.23909],[-111.50457,45.23437],[-111.50619,45.22999],[-111.50192,45.22667],[-111.49914,45.22695],[-111.49467,45.2249],[-111.49068,45.22608],[-111.48443,45.22577],[-111.48014,45.22409],[-111.48017,45.22223],[-111.47805,45.21995],[-111.47997,45.21342],[-111.47998,45.21095],[-111.48265,45.20587],[-111.48259,45.20271],[-111.47964,45.19766],[-111.47815,45.19403],[-111.47304,45.19085],[-111.46436,45.18789],[-111.45242,45.18508],[-111.44695,45.18709],[-111.44283,45.18432],[-111.43705,45.18443],[-111.43434,45.18336],[-111.41926,45.18068],[-111.40821,45.17739],[-111.40379,45.17754],[-111.39788,45.17478],[-111.3992,45.17107],[-111.40178,45.16928],[-111.40029,45.16691],[-111.4016,45.16329],[-111.39411,45.16049],[-111.38944,45.15755],[-111.3893,45.15532],[-111.38763,45.15308],[-111.38137,45.14742],[-111.37595,45.14339],[-111.37192,45.13866],[-111.36955,45.13369],[-111.37123,45.13206],[-111.37129,45.12977],[-111.37565,45.12975],[-111.3756,45.12554],[-111.38287,45.12283],[-111.38236,45.12054],[-111.37909,45.11693],[-111.38529,45.11257],[-111.38178,45.11076],[-111.38206,45.10818],[-111.38012,45.10508],[-111.38409,45.10202],[-111.38525,45.09696],[-111.38996,45.09604],[-111.40288,45.09844],[-111.40417,45.09975],[-111.41052,45.10066],[-111.41887,45.09705],[-111.42165,45.09701],[-111.42862,45.09264],[-111.42547,45.08262],[-111.42381,45.07435],[-111.42647,45.07211],[-111.42523,45.06996],[-111.42777,45.06673],[-111.42819,45.06487],[-111.43132,45.06378],[-111.42871,45.05971],[-111.42553,45.05751],[-111.42906,45.05619],[-111.43646,45.05718],[-111.4409,45.05604],[-111.44443,45.05591],[-111.44883,45.05365],[-111.45176,45.05304],[-111.45431,45.05078],[-111.4566,45.04739],[-111.45889,45.04603],[-111.45859,45.0416],[-111.45913,45.03699],[-111.46279,45.03688],[-111.46632,45.03826],[-111.47213,45.0394],[-111.47975,45.03859],[-111.48009,45.03724],[-111.47814,45.03178],[-111.48083,45.02564],[-111.48344,45.02227],[-111.48294,45.02053],[-111.48859,45.01796],[-111.48689,45.01509],[-111.4877,45.01243],[-111.48199,45.00961],[-111.4806,45.00809],[-111.47451,45.00649],[-111.46971,45.00393],[-111.46658,45.00008],[-111.46417,44.99858],[-111.46377,44.99472],[-111.46219,44.99281],[-111.45692,44.99117],[-111.45777,44.98822],[-111.45565,44.98174],[-111.45134,44.97503],[-111.45136,44.97221],[-111.45751,44.9687],[-111.46341,44.96421],[-111.46637,44.96052],[-111.46695,44.95659],[-111.46476,44.95079],[-111.46621,44.94769],[-111.46434,44.94294],[-111.46311,44.93762],[-111.46031,44.93318],[-111.46105,44.93062],[-111.45775,44.92949],[-111.45755,44.92495],[-111.45928,44.92334],[-111.46027,44.91821],[-111.45925,44.91677],[-111.46062,44.91173],[-111.45744,44.91003],[-111.45206,44.9047],[-111.45477,44.90029],[-111.45449,44.89758],[-111.45579,44.89484],[-111.45441,44.89012],[-111.45261,44.88884],[-111.45216,44.88607],[-111.44901,44.88334],[-111.45031,44.88082],[-111.4547,44.87883],[-111.45466,44.87754],[-111.45841,44.87367],[-111.45556,44.86919],[-111.45638,44.86735],[-111.46217,44.8643],[-111.45766,44.86244],[-111.45525,44.86248],[-111.4527,44.85813],[-111.44615,44.8539],[-111.44782,44.84932],[-111.445,44.84605],[-111.44458,44.84237],[-111.4474,44.8386],[-111.44991,44.83764],[-111.45204,44.83538],[-111.45705,44.83192],[-111.47742,44.83195],[-111.48004,44.83103],[-111.47997,44.83558],[-111.48183,44.83558],[-111.48188,44.83148],[-111.48761,44.83298],[-111.48761,44.83559],[-111.48251,44.83558],[-111.48251,44.84283],[-111.47741,44.84282],[-111.4774,44.84645],[-111.4876,44.84647],[-111.48759,44.85372],[-111.49779,44.85373],[-111.49779,44.85735],[-111.50799,44.85736],[-111.508,44.86824],[-111.51751,44.86825],[-111.51751,44.89723],[-111.56772,44.89723],[-111.56773,44.91187],[-111.53543,44.91182],[-111.53528,44.94103],[-111.53527,44.97024],[-111.55582,44.97025],[-111.55574,44.98478],[-111.53521,44.98482],[-111.53518,44.99958],[-111.55565,44.99957],[-111.55575,45.01403],[-111.57618,45.01408],[-111.57624,45.043],[-111.55583,45.04296],[-111.55589,45.07193],[-111.55579,45.1012],[-111.57618,45.10126],[-111.57615,45.14466],[-111.55577,45.14468],[-111.5558,45.17408],[-111.55599,45.18861],[-111.57644,45.18865],[-111.57637,45.21771],[-111.59612,45.21774],[-111.596,45.23224],[-111.59666,45.23224],[-111.59659,45.24675],[-111.61667,45.24677],[-111.61698,45.26175],[-111.61698,45.29086],[-111.59644,45.29081],[-111.59643,45.30539],[-111.58617,45.30539],[-111.58634,45.37899],[-111.58624,45.40798],[-111.59739,45.40798],[-111.59745,45.42219],[-111.61817,45.42231],[-111.61918,45.45162],[-111.61932,45.47997],[-111.61833,45.4807],[-111.6092,45.48284],[-111.60386,45.48358],[-111.60023,45.48876],[-111.59376,45.4918],[-111.58919,45.49123],[-111.58723,45.49181],[-111.58292,45.49524],[-111.58104,45.49075],[-111.5802,45.48644],[-111.581,45.48296],[-111.57538,45.47869],[-111.57305,45.47491],[-111.57326,45.47037],[-111.57683,45.46655],[-111.57979,45.46484],[-111.58263,45.46476],[-111.58514,45.46275],[-111.58537,45.45717],[-111.58809,45.45582],[-111.58444,45.4519],[-111.58121,45.45199],[-111.57875,45.45068],[-111.57428,45.44989],[-111.57113,45.44804],[-111.57082,45.44421],[-111.56577,45.44388],[-111.5627,45.43779],[-111.56453,45.43249],[-111.5647,45.4299],[-111.56084,45.42425],[-111.55558,45.42231],[-111.54874,45.42247],[-111.54549,45.42075],[-111.53804,45.42109],[-111.53524,45.41982],[-111.52803,45.41536],[-111.52404,45.41201],[-111.52116,45.40768],[-111.51918,45.40603],[-111.51328,45.40339],[-111.50708,45.39886],[-111.50523,45.39595],[-111.49879,45.39456],[-111.49285,45.39434],[-111.48862,45.39291],[-111.48816,45.39049],[-111.48401,45.38546],[-111.4784,45.38539],[-111.47247,45.38449],[-111.46819,45.38526],[-111.46469,45.38398],[-111.45747,45.38366],[-111.45482,45.38111],[-111.4559,45.37693],[-111.45357,45.3751],[-111.44314,45.37196],[-111.44311,45.37013],[-111.44013,45.36789],[-111.4387,45.36469],[-111.434,45.36057],[-111.42789,45.35747],[-111.42579,45.35431],[-111.42129,45.35338],[-111.41512,45.35465],[-111.41109,45.35215],[-111.40681,45.35302],[-111.40585,45.34786],[-111.40395,45.34295],[-111.39943,45.33885],[-111.39788,45.33203],[-111.39737,45.32693],[-111.39537,45.32144],[-111.39654,45.31413],[-111.39238,45.30842],[-111.39235,45.30716],[-111.39541,45.30411],[-111.40392,45.30283]]],[[[-113.39945,46.68739],[-113.37536,46.68734],[-113.35579,46.6876],[-113.35573,46.67293],[-113.37532,46.6729],[-113.37529,46.65842],[-113.37588,46.65842],[-113.37574,46.62931],[-113.39682,46.62925],[-113.39668,46.61478],[-113.41765,46.61472],[-113.41749,46.58496],[-113.4172,46.55602],[-113.40641,46.55605],[-113.40646,46.54159],[-113.39596,46.54162],[-113.39603,46.49818],[-113.41722,46.49823],[-113.41701,46.48372],[-113.35403,46.4837],[-113.31227,46.48355],[-113.24475,46.48353],[-113.24472,46.45412],[-113.26493,46.4541],[-113.26484,46.4396],[-113.30602,46.43947],[-113.30603,46.41047],[-113.3269,46.41043],[-113.32689,46.39624],[-113.34764,46.3961],[-113.34777,46.38184],[-113.38986,46.38173],[-113.39005,46.36728],[-113.41074,46.36689],[-113.41077,46.3813],[-113.4318,46.3813],[-113.43175,46.3959],[-113.47365,46.39583],[-113.47356,46.41761],[-113.47369,46.43937],[-113.47356,46.45385],[-113.49464,46.45377],[-113.49453,46.46825],[-113.49468,46.48347],[-113.51572,46.48353],[-113.51565,46.46111],[-113.51587,46.44668],[-113.51558,46.41032],[-113.51563,46.39581],[-113.53623,46.3959],[-113.53605,46.38134],[-113.57781,46.38144],[-113.57783,46.39584],[-113.62101,46.39586],[-113.61869,46.39928],[-113.62009,46.40297],[-113.62173,46.40394],[-113.62415,46.40987],[-113.62232,46.41363],[-113.61699,46.41449],[-113.60805,46.41868],[-113.60476,46.42331],[-113.59645,46.42563],[-113.59467,46.42826],[-113.59228,46.4299],[-113.59043,46.43497],[-113.58816,46.43673],[-113.58112,46.44515],[-113.57436,46.4489],[-113.56991,46.45322],[-113.5699,46.45627],[-113.56848,46.45997],[-113.56351,46.46353],[-113.56705,46.4676],[-113.5673,46.46934],[-113.56295,46.47257],[-113.56004,46.47617],[-113.55993,46.48165],[-113.56117,46.48566],[-113.55672,46.49159],[-113.5572,46.49619],[-113.5539,46.50091],[-113.56325,46.5108],[-113.56436,46.51322],[-113.56319,46.51562],[-113.56488,46.52197],[-113.56451,46.52322],[-113.55809,46.5289],[-113.55988,46.53046],[-113.56564,46.53116],[-113.56526,46.53529],[-113.5677,46.54066],[-113.56298,46.54591],[-113.56661,46.54861],[-113.57174,46.55073],[-113.57164,46.55193],[-113.56617,46.55529],[-113.56847,46.5587],[-113.5682,46.56092],[-113.57302,46.56332],[-113.57265,46.56614],[-113.57064,46.5694],[-113.57484,46.5703],[-113.57851,46.57625],[-113.57931,46.58078],[-113.57788,46.58472],[-113.57468,46.58562],[-113.56795,46.58468],[-113.56434,46.58509],[-113.55698,46.58869],[-113.55247,46.59698],[-113.54747,46.59886],[-113.54441,46.60111],[-113.54284,46.60405],[-113.53415,46.60679],[-113.53092,46.6069],[-113.52518,46.61025],[-113.51974,46.61074],[-113.51697,46.61246],[-113.50835,46.62089],[-113.50554,46.62456],[-113.50093,46.62402],[-113.49652,46.6223],[-113.49459,46.62343],[-113.48924,46.62459],[-113.48528,46.62699],[-113.48301,46.62655],[-113.47788,46.6275],[-113.47269,46.63278],[-113.47197,46.63882],[-113.46696,46.64166],[-113.4671,46.64456],[-113.46527,46.64664],[-113.461,46.64869],[-113.45833,46.65465],[-113.45509,46.65889],[-113.45424,46.66122],[-113.44868,46.66328],[-113.43671,46.66407],[-113.43028,46.66191],[-113.42302,46.66434],[-113.41799,46.66719],[-113.41328,46.66848],[-113.41163,46.67077],[-113.40719,46.67482],[-113.40594,46.67803],[-113.40885,46.68143],[-113.40414,46.68419],[-113.40141,46.68498],[-113.39945,46.68739]]],[[[-112.80631,45.99061],[-112.77783,45.99073],[-112.77784,45.98999],[-112.7584,45.99001],[-112.75836,45.97625],[-112.75729,45.97553],[-112.73755,45.97552],[-112.73767,45.9614],[-112.70569,45.96103],[-112.70493,45.95524],[-112.71011,45.95524],[-112.70921,45.9479],[-112.71445,45.94786],[-112.71402,45.94417],[-112.71397,45.92974],[-112.71428,45.87155],[-112.73516,45.87179],[-112.73763,45.85876],[-112.7376,45.84428],[-112.75836,45.84426],[-112.7584,45.78634],[-112.7998,45.78646],[-112.86184,45.78641],[-112.86173,45.81536],[-112.90146,45.81535],[-112.90152,45.84389],[-112.95332,45.84391],[-112.97416,45.84399],[-113.02598,45.84381],[-113.02594,45.85839],[-113.04672,45.85837],[-113.04671,45.87301],[-113.04482,45.87301],[-113.04486,45.88746],[-113.06555,45.88743],[-113.06557,45.90189],[-113.08628,45.90191],[-113.08626,45.9161],[-113.08669,45.9161],[-113.0867,45.93055],[-113.06554,45.93056],[-113.0454,45.93083],[-113.04538,45.94155],[-113.04021,45.94158],[-113.04022,45.93797],[-113.03506,45.938],[-113.03503,45.9452],[-113.02406,45.94523],[-113.02405,45.94177],[-113.02136,45.94179],[-113.02132,45.93817],[-113.01616,45.93819],[-113.01613,45.93457],[-113.01095,45.9346],[-113.01093,45.93098],[-112.99537,45.93104],[-112.99536,45.92742],[-112.99017,45.92743],[-112.99015,45.9238],[-112.98497,45.92382],[-112.98494,45.91656],[-112.96413,45.91655],[-112.96417,45.9238],[-112.92263,45.92376],[-112.92278,45.94546],[-112.93317,45.94547],[-112.93318,45.95271],[-112.92281,45.9527],[-112.92283,45.95959],[-112.9332,45.95959],[-112.93317,45.97407],[-112.93834,45.97407],[-112.93831,45.98854],[-112.90217,45.98854],[-112.90219,45.99048],[-112.88182,45.99044],[-112.82996,45.9905],[-112.82991,45.99772],[-112.81951,45.99775],[-112.81953,45.99053],[-112.80631,45.99061]]],[[[-112.93781,44.83808],[-112.93782,44.8417],[-112.89711,44.8417],[-112.89713,44.85618],[-112.8357,44.85617],[-112.83573,44.81265],[-112.81548,44.81259],[-112.8155,44.76913],[-112.79519,44.76909],[-112.79517,44.75458],[-112.77481,44.75455],[-112.77481,44.74005],[-112.75449,44.73996],[-112.75465,44.68194],[-112.79523,44.68205],[-112.7952,44.71102],[-112.81542,44.71099],[-112.81538,44.72547],[-112.83568,44.7255],[-112.83573,44.7692],[-112.87673,44.76931],[-112.87674,44.75483],[-112.89704,44.75484],[-112.89703,44.74037],[-112.91731,44.74037],[-112.91738,44.72501],[-112.91726,44.69605],[-112.87665,44.69608],[-112.87654,44.65312],[-112.85678,44.65312],[-112.85672,44.62372],[-112.81616,44.62375],[-112.816,44.58032],[-112.87653,44.58027],[-112.87653,44.59475],[-112.89678,44.59475],[-112.89679,44.60922],[-112.91705,44.60923],[-112.91708,44.63819],[-112.93735,44.63821],[-112.93735,44.65266],[-112.97792,44.65269],[-112.97833,44.72512],[-113.0183,44.7251],[-113.0184,44.75485],[-112.99811,44.75482],[-112.99808,44.78379],[-112.97838,44.78378],[-112.97843,44.79826],[-112.9581,44.79829],[-112.95815,44.82722],[-112.9378,44.82723],[-112.93781,44.83808]]],[[[-111.97446,46.3225],[-111.97161,46.3261],[-111.96823,46.32568],[-111.96684,46.32699],[-111.9608,46.32778],[-111.95421,46.3258],[-111.94725,46.3261],[-111.94404,46.32692],[-111.9426,46.32911],[-111.93998,46.32936],[-111.93684,46.3282],[-111.93171,46.3237],[-111.92681,46.32135],[-111.92624,46.31457],[-111.92199,46.30945],[-111.92065,46.30701],[-111.91762,46.30489],[-111.91197,46.30388],[-111.90395,46.3017],[-111.90558,46.29977],[-111.90461,46.29461],[-111.89393,46.29544],[-111.88645,46.29397],[-111.87888,46.29421],[-111.87678,46.29038],[-111.87686,46.28298],[-111.87583,46.28027],[-111.87229,46.2794],[-111.8667,46.27993],[-111.86449,46.27909],[-111.86195,46.28002],[-111.85756,46.27991],[-111.85398,46.27613],[-111.84906,46.2736],[-111.849,46.22334],[-111.91191,46.22343],[-111.91191,46.22287],[-111.995,46.22148],[-112.00545,46.22149],[-112.03811,46.22106],[-112.03814,46.27858],[-112.03846,46.2927],[-112.03842,46.30803],[-111.97445,46.30802],[-111.97446,46.3225]]],[[[-113.45797,44.9523],[-113.45704,44.95231],[-113.45698,44.92856],[-113.4366,44.92855],[-113.43656,44.91407],[-113.36528,44.91403],[-113.36542,44.85557],[-113.325,44.85553],[-113.32496,44.79109],[-113.32805,44.7891],[-113.34076,44.78464],[-113.34604,44.78829],[-113.3541,44.79185],[-113.3547,44.79541],[-113.34634,44.79895],[-113.34618,44.80104],[-113.34838,44.80419],[-113.3518,44.81112],[-113.35711,44.8206],[-113.36446,44.82337],[-113.36793,44.82524],[-113.37548,44.83033],[-113.37691,44.83079],[-113.37691,44.83445],[-113.37988,44.83626],[-113.38512,44.8376],[-113.39132,44.8376],[-113.393,44.83688],[-113.39983,44.83863],[-113.40712,44.83976],[-113.40938,44.84072],[-113.41351,44.84044],[-113.42195,44.83761],[-113.42226,44.84216],[-113.42599,44.84797],[-113.42626,44.8501],[-113.42882,44.85465],[-113.4306,44.85533],[-113.43842,44.85536],[-113.44088,44.85691],[-113.44367,44.86176],[-113.45223,44.86365],[-113.45516,44.86549],[-113.45543,44.86945],[-113.45747,44.87593],[-113.46057,44.87863],[-113.46249,44.88183],[-113.46116,44.88676],[-113.46613,44.89051],[-113.47257,44.8921],[-113.4757,44.89454],[-113.47835,44.89534],[-113.47578,44.89829],[-113.47525,44.90206],[-113.47377,44.9048],[-113.47345,44.90791],[-113.47165,44.90981],[-113.47799,44.91238],[-113.47965,44.91528],[-113.48419,44.91997],[-113.48798,44.9204],[-113.49154,44.92454],[-113.49109,44.92699],[-113.49197,44.93043],[-113.49524,44.93185],[-113.49561,44.93674],[-113.49733,44.94069],[-113.49874,44.94203],[-113.49619,44.94769],[-113.4936,44.9485],[-113.48719,44.94677],[-113.48349,44.94775],[-113.48115,44.95022],[-113.47049,44.94786],[-113.46444,44.94828],[-113.46074,44.95221],[-113.45797,44.9523]]],[[[-112.47097,46.07793],[-112.46248,46.07569],[-112.46019,46.0761],[-112.45466,46.07459],[-112.4507,46.07289],[-112.45073,46.06204],[-112.45667,46.0608],[-112.45587,46.05926],[-112.4518,46.061],[-112.4518,46.05843],[-112.45594,46.05842],[-112.45597,46.05482],[-112.46344,46.05506],[-112.46481,46.05064],[-112.4612,46.05011],[-112.46122,46.04762],[-112.46668,46.04761],[-112.46665,46.04288],[-112.47401,46.04285],[-112.47571,46.04526],[-112.47458,46.04672],[-112.47038,46.04566],[-112.46714,46.04785],[-112.46123,46.04784],[-112.46123,46.04948],[-112.46503,46.04949],[-112.46524,46.05228],[-112.46758,46.05205],[-112.46739,46.04959],[-112.47455,46.05206],[-112.47218,46.0541],[-112.47426,46.05604],[-112.47135,46.05853],[-112.46965,46.06132],[-112.47528,46.06243],[-112.47646,46.06079],[-112.48135,46.0621],[-112.48074,46.06571],[-112.48562,46.06801],[-112.48447,46.06945],[-112.47982,46.06691],[-112.47744,46.06829],[-112.47541,46.07088],[-112.48072,46.07267],[-112.47667,46.07473],[-112.47556,46.07216],[-112.473,46.07115],[-112.46957,46.07154],[-112.46989,46.07428],[-112.46484,46.07455],[-112.46493,46.07619],[-112.47086,46.0766],[-112.47676,46.07638],[-112.47683,46.07761],[-112.47097,46.07793]],[[-112.46902,46.07288],[-112.46322,46.07218],[-112.46248,46.07372],[-112.46833,46.07434],[-112.46902,46.07288]],[[-112.45925,46.06354],[-112.45351,46.06257],[-112.45307,46.06418],[-112.46452,46.06622],[-112.46496,46.0646],[-112.45925,46.06354]]],[[[-112.14047,45.99118],[-112.13001,45.99126],[-112.12996,46.00587],[-112.11959,46.006],[-112.11957,45.99867],[-112.12478,45.99861],[-112.12487,45.97663],[-112.14065,45.97655],[-112.14047,45.99118]]],[[[-112.88176,46.05573],[-112.88178,46.06301],[-112.86109,46.063],[-112.86099,46.04843],[-112.88173,46.04846],[-112.88176,46.05573]]],[[[-112.95371,46.19423],[-112.9329,46.19413],[-112.93298,46.17958],[-112.9434,46.17961],[-112.94341,46.17779],[-112.94862,46.1778],[-112.94856,46.18328],[-112.95374,46.18331],[-112.95371,46.19423]]],[[[-112.93298,46.17958],[-112.91214,46.17951],[-112.91221,46.16494],[-112.92786,46.16497],[-112.92785,46.16679],[-112.93044,46.16862],[-112.93306,46.1668],[-112.93298,46.17958]]],[[[-112.91214,46.17951],[-112.91205,46.19413],[-112.90691,46.19412],[-112.9069,46.19046],[-112.90169,46.19045],[-112.90169,46.18679],[-112.89127,46.18676],[-112.89128,46.1831],[-112.89649,46.18312],[-112.89649,46.17946],[-112.91214,46.17951]]],[[[-112.14033,46.00574],[-112.14053,46.02071],[-112.13006,46.02073],[-112.12996,46.00587],[-112.14033,46.00574]]],[[[-112.84018,46.01943],[-112.84023,46.03379],[-112.82984,46.0338],[-112.82983,46.03018],[-112.83502,46.03017],[-112.83499,46.02297],[-112.81939,46.02306],[-112.8194,46.01953],[-112.84018,46.01943]]],[[[-112.13672,46.24485],[-112.13668,46.25063],[-112.12622,46.25058],[-112.12642,46.24732],[-112.13182,46.24562],[-112.12933,46.24289],[-112.1289,46.24302],[-112.12892,46.23978],[-112.14197,46.23982],[-112.14194,46.24343],[-112.1366,46.24318],[-112.13118,46.24486],[-112.1328,46.24606],[-112.13672,46.24485]],[[-112.13119,46.24339],[-112.1352,46.24094],[-112.13386,46.24013],[-112.12905,46.24253],[-112.13119,46.24339]]],[[[-112.63812,46.0004],[-112.63283,46.00039],[-112.63245,45.98227],[-112.6378,45.98223],[-112.63812,46.0004]]],[[[-112.52707,46.06666],[-112.52378,46.06575],[-112.5156,46.0645],[-112.50767,46.06023],[-112.51082,46.05875],[-112.51099,46.06148],[-112.52425,46.06397],[-112.5287,46.06238],[-112.52707,46.06666]]],[[[-112.75291,46.03365],[-112.73726,46.03366],[-112.73729,46.03002],[-112.75818,46.03002],[-112.75819,46.03365],[-112.75291,46.03365]]],[[[-112.91205,46.19413],[-112.92247,46.19413],[-112.92246,46.20139],[-112.91204,46.20138],[-112.91205,46.19413]]],[[[-112.55511,45.96639],[-112.54943,45.9659],[-112.54684,45.96434],[-112.5344,45.96426],[-112.53476,45.96128],[-112.53885,45.96184],[-112.55215,45.96246],[-112.55101,45.9639],[-112.5594,45.96519],[-112.55972,45.9669],[-112.55511,45.96639]]],[[[-113.38873,45.34847],[-113.38873,45.35937],[-113.38318,45.35937],[-113.38316,45.34846],[-113.38873,45.34847]]],[[[-112.86489,46.24108],[-112.85969,46.24109],[-112.8597,46.23747],[-112.8701,46.23744],[-112.87008,46.24468],[-112.86488,46.2447],[-112.86489,46.24108]]],[[[-112.45743,45.98892],[-112.45943,45.99237],[-112.45451,45.99357],[-112.44929,45.99346],[-112.44427,45.9947],[-112.44363,45.99245],[-112.44879,45.99014],[-112.45743,45.98892]]],[[[-112.55354,45.95739],[-112.55459,45.95673],[-112.565,45.95664],[-112.56494,45.96037],[-112.55839,45.96037],[-112.55166,45.95951],[-112.54833,45.9598],[-112.54812,45.9581],[-112.55354,45.95739],[-112.55394,45.95902],[-112.55977,45.95947],[-112.55937,45.95785],[-112.55354,45.95739]]],[[[-112.58614,46.07989],[-112.5861,46.07622],[-112.5966,46.07618],[-112.59654,46.07984],[-112.58614,46.07989]]],[[[-111.76149,45.30215],[-111.76149,45.3058],[-111.75115,45.30576],[-111.75116,45.30212],[-111.76149,45.30215]]],[[[-112.62422,46.00564],[-112.62767,46.00561],[-112.62766,46.01106],[-112.62247,46.01102],[-112.62249,46.00563],[-112.62422,46.00564]]],[[[-113.0573,46.16046],[-113.05213,46.16137],[-113.05207,46.15413],[-113.05286,46.15051],[-113.05726,46.15049],[-113.05244,46.16013],[-113.0573,46.16046]]],[[[-113.44914,45.61251],[-113.44807,45.61448],[-113.44528,45.61448],[-113.44537,45.6069],[-113.44922,45.6069],[-113.44914,45.61251]]],[[[-112.72007,46.07033],[-112.72007,46.07632],[-112.71488,46.07633],[-112.71487,46.07153],[-112.72007,46.07033]]],[[[-112.49886,46.06816],[-112.4991,46.06653],[-112.49323,46.06609],[-112.49299,46.06355],[-112.49849,46.06373],[-112.50088,46.0652],[-112.49886,46.06816]]],[[[-112.65276,46.01804],[-112.64332,46.01817],[-112.64327,46.0157],[-112.64674,46.01654],[-112.6523,46.01525],[-112.65276,46.01804]]],[[[-112.73571,46.10527],[-112.74025,46.10528],[-112.743,46.10848],[-112.73699,46.11067],[-112.73571,46.10527]]],[[[-112.58283,46.02743],[-112.58142,46.02465],[-112.58695,46.02442],[-112.58729,46.02718],[-112.58283,46.02743]]],[[[-112.74492,46.23717],[-112.74492,46.23899],[-112.73453,46.23893],[-112.73452,46.23711],[-112.74492,46.23717]]],[[[-112.74493,46.24263],[-112.74493,46.24445],[-112.73454,46.24439],[-112.73453,46.24257],[-112.74493,46.24263]]],[[[-112.81264,46.24469],[-112.81262,46.24831],[-112.80742,46.24831],[-112.80743,46.24469],[-112.81264,46.24469]]],[[[-112.60167,46.02226],[-112.60177,46.02525],[-112.59937,46.02838],[-112.59424,46.02804],[-112.59423,46.02667],[-112.60161,46.02489],[-112.60167,46.02226]]],[[[-112.59719,44.63818],[-112.59402,44.63776],[-112.59361,44.63464],[-112.59867,44.63466],[-112.59719,44.63818]]],[[[-112.59648,46.02962],[-112.60169,46.03008],[-112.601,46.03206],[-112.59652,46.0318],[-112.59648,46.02962]]],[[[-112.556,45.96991],[-112.54947,45.97213],[-112.54946,45.9699],[-112.556,45.96991]]],[[[-112.45758,45.96879],[-112.46783,45.96676],[-112.46946,45.96858],[-112.45782,45.96948],[-112.45758,45.96879]]],[[[-112.96515,46.1148],[-112.96512,46.12207],[-112.96253,46.12206],[-112.96515,46.1148]]],[[[-112.48227,46.05765],[-112.47694,46.05656],[-112.48019,46.054],[-112.48323,46.05476],[-112.48227,46.05765]]],[[[-112.65448,46.00543],[-112.65283,46.00607],[-112.6489,46.00523],[-112.64887,46.00358],[-112.65553,46.00364],[-112.65448,46.00543]]],[[[-112.52855,45.96691],[-112.53366,45.96745],[-112.53366,45.96956],[-112.52854,45.96982],[-112.52855,45.96691]]],[[[-112.46192,45.95863],[-112.4617,45.95659],[-112.46609,45.95445],[-112.46589,45.95822],[-112.46192,45.95863]]],[[[-112.53902,45.95299],[-112.53435,45.95325],[-112.53434,45.9516],[-112.53902,45.95299]]],[[[-112.6169,45.96044],[-112.61702,45.96044],[-112.61705,45.96394],[-112.61187,45.96389],[-112.61183,45.96255],[-112.61696,45.96139],[-112.6169,45.96044]]],[[[-112.42003,46.06748],[-112.42539,46.06749],[-112.42536,46.0693],[-112.42006,46.06929],[-112.42003,46.06748]]],[[[-112.37968,46.17594],[-112.38474,46.17536],[-112.38477,46.17766],[-112.37968,46.17594]]],[[[-112.43448,46.02201],[-112.428,46.02387],[-112.42801,46.0223],[-112.43448,46.02201]]]]},"properties":{"MA_ID":151,"MANAME":"Beaverhead-Deerlodge National Forest","MANAGER":"Beaverhead-Deerlodge National Forest","MA_TYPE":"FFSNF","INSTTYPE":"Federal","INST":"US Forest Service","UNITTYPE":"National Forest","ACRES":3614083.7794,"DataSource":"USFS","SourceDate":"2018-05-29T00:00:00.000Z","URL":"https://www.fs.usda.gov/bdnf","EditDate":"2018-06-01T00:00:00.000Z","SourceName":"Beaverhead-Deerlodge National Forest","GAP_Sts":"3","GAPCdSrc":"GAP - Default","GAPCdDt":"2024","Mang_Name":"Forest Service","Des_Tp":"National Forest","Own_Name":"Forest Service","ChangeNote":"","Shape_Leng":3575065.11791,"Shape_Area":14617805770.6}},
{"type":"Feature","geometry":{"type":"MultiPolygon","coordinates":[[[[-114.96875,47.21153],[-114.96855,47.19697],[-114.91101,47.19688],[-114.90357,47.19674],[-114.9036,47.1859],[-114.89293,47.18592],[-114.89291,47.1823],[-114.88136,47.1823],[-114.88137,47.16763],[-114.87076,47.16763],[-114.87078,47.16037],[-114.86023,47.16033],[-114.8602,47.15293],[-114.84963,47.15296],[-114.84952,47.13856],[-114.83015,47.1385],[-114.82914,47.13766],[-114.81784,47.13721],[-114.81785,47.13488],[-114.82839,47.13488],[-114.82841,47.13126],[-114.81785,47.13126],[-114.81791,47.12398],[-114.79776,47.12395],[-114.79811,47.102],[-114.79842,47.06564],[-114.77701,47.06559],[-114.77731,47.03639],[-114.77188,47.03638],[-114.77187,47.0437],[-114.76675,47.04369],[-114.76644,47.03637],[-114.75583,47.03638],[-114.75639,47.02198],[-114.74587,47.02196],[-114.74627,47.00728],[-114.75632,47.0073],[-114.7562,46.99287],[-114.73497,46.99265],[-114.73495,46.99622],[-114.72967,46.99623],[-114.72969,46.99265],[-114.65113,46.99254],[-114.65118,47.01057],[-114.63525,47.01055],[-114.63524,47.00693],[-114.62994,47.00692],[-114.62995,47.01417],[-114.62463,47.01416],[-114.62461,47.00691],[-114.61929,47.00689],[-114.6193,47.01052],[-114.61398,47.0105],[-114.61398,47.01413],[-114.60866,47.01411],[-114.60863,46.9925],[-114.56601,46.99231],[-114.5472,46.99229],[-114.54719,46.99953],[-114.55778,46.99954],[-114.55778,47.0017],[-114.54719,47.00315],[-114.54719,47.00786],[-114.5419,47.00917],[-114.5366,47.00917],[-114.53651,47.01265],[-114.52597,47.01272],[-114.526,47.00917],[-114.50424,47.00915],[-114.50424,47.00299],[-114.49404,47.00302],[-114.48713,46.999],[-114.48317,46.99916],[-114.48314,46.99218],[-114.45667,46.99211],[-114.45667,46.98849],[-114.46197,46.98851],[-114.46196,46.98129],[-114.45667,46.98127],[-114.45668,46.98488],[-114.45138,46.98486],[-114.45139,46.97763],[-114.44611,46.97761],[-114.44609,46.98484],[-114.43014,46.98483],[-114.43007,46.97758],[-114.39823,46.97761],[-114.39827,46.98124],[-114.40361,46.98124],[-114.40365,46.98485],[-114.39832,46.98486],[-114.39843,47.00896],[-114.36843,47.00895],[-114.36669,47.00947],[-114.36675,47.01244],[-114.36092,47.01244],[-114.35871,47.01691],[-114.35619,47.0196],[-114.35619,47.02319],[-114.35343,47.02319],[-114.35262,47.02603],[-114.35092,47.02717],[-114.35092,47.03046],[-114.34038,47.03047],[-114.3409,47.02561],[-114.33866,47.02319],[-114.3351,47.0232],[-114.3351,47.02072],[-114.33344,47.0196],[-114.31403,47.01962],[-114.31404,47.01295],[-114.30272,47.01206],[-114.29513,47.00956],[-114.28929,47.00818],[-114.2839,47.00806],[-114.2774,47.00711],[-114.27211,47.0052],[-114.27214,47.00834],[-114.26152,47.00833],[-114.26148,47.00108],[-114.2509,47.00107],[-114.25088,46.99642],[-114.24718,46.99727],[-114.24591,47.00267],[-114.24376,47.00433],[-114.23789,46.99992],[-114.23103,46.99288],[-114.23122,46.98871],[-114.23374,46.98554],[-114.23428,46.98132],[-114.22968,46.97574],[-114.22439,46.97574],[-114.22446,46.96234],[-114.22134,46.95961],[-114.21998,46.95369],[-114.21504,46.94836],[-114.21379,46.95038],[-114.20853,46.9504],[-114.20853,46.94677],[-114.21162,46.94529],[-114.21204,46.94115],[-114.21057,46.93794],[-114.21073,46.93186],[-114.20544,46.9266],[-114.19537,46.92223],[-114.19067,46.91714],[-114.18994,46.91187],[-114.18718,46.90946],[-114.1868,46.87746],[-114.16596,46.87781],[-114.14483,46.87781],[-114.14465,46.84143],[-114.10916,46.84146],[-114.10681,46.83799],[-114.08666,46.83791],[-114.08724,46.83427],[-114.08722,46.81995],[-114.11357,46.8201],[-114.1136,46.81647],[-114.10833,46.81648],[-114.10834,46.80925],[-114.10304,46.8092],[-114.10302,46.80558],[-114.12941,46.80561],[-114.1293,46.79113],[-114.1188,46.79113],[-114.11881,46.78387],[-114.10832,46.78387],[-114.10834,46.77663],[-114.12929,46.77662],[-114.1293,46.76208],[-114.15041,46.76209],[-114.15053,46.74756],[-114.16059,46.74757],[-114.16059,46.74047],[-114.15007,46.74047],[-114.15006,46.74338],[-114.14015,46.74439],[-114.14032,46.7409],[-114.12983,46.74091],[-114.13015,46.7337],[-114.13013,46.71425],[-114.13731,46.70983],[-114.15281,46.70663],[-114.15516,46.70698],[-114.16234,46.70184],[-114.16545,46.69722],[-114.16482,46.69345],[-114.16592,46.69021],[-114.17067,46.68628],[-114.17104,46.68619],[-114.17451,46.68556],[-114.17865,46.68617],[-114.18766,46.68857],[-114.19002,46.68868],[-114.19932,46.69179],[-114.20307,46.69016],[-114.20882,46.69203],[-114.21129,46.69153],[-114.21766,46.68783],[-114.22383,46.6895],[-114.22635,46.69123],[-114.2305,46.68948],[-114.23332,46.68732],[-114.23686,46.68209],[-114.23951,46.68171],[-114.24346,46.67923],[-114.24486,46.6723],[-114.24718,46.67018],[-114.24846,46.66712],[-114.24652,46.66004],[-114.24785,46.65463],[-114.2541,46.65447],[-114.25592,46.64982],[-114.26182,46.64828],[-114.26562,46.6423],[-114.27136,46.63864],[-114.27207,46.63633],[-114.27163,46.63256],[-114.26996,46.6302],[-114.27252,46.62606],[-114.27612,46.62347],[-114.27988,46.6219],[-114.28158,46.61535],[-114.28325,46.61198],[-114.28248,46.60869],[-114.28022,46.60571],[-114.28116,46.60288],[-114.28029,46.60116],[-114.28454,46.59995],[-114.28741,46.60001],[-114.29143,46.59869],[-114.29347,46.59709],[-114.3025,46.59625],[-114.30455,46.59414],[-114.30873,46.59307],[-114.31221,46.59125],[-114.31531,46.5911],[-114.31748,46.58837],[-114.31721,46.58579],[-114.3148,46.58025],[-114.31731,46.5778],[-114.32018,46.57788],[-114.32524,46.57543],[-114.32972,46.57565],[-114.32979,46.57722],[-114.33377,46.57905],[-114.33746,46.58347],[-114.33956,46.58713],[-114.34419,46.58996],[-114.34133,46.59227],[-114.33603,46.59371],[-114.33026,46.59947],[-114.32987,46.60424],[-114.32849,46.60458],[-114.32242,46.61108],[-114.32556,46.61435],[-114.32805,46.61974],[-114.32525,46.62137],[-114.32215,46.62553],[-114.32263,46.62853],[-114.32151,46.63083],[-114.32247,46.63298],[-114.32036,46.63864],[-114.32283,46.64216],[-114.32248,46.64457],[-114.32067,46.64697],[-114.32453,46.65342],[-114.32731,46.65464],[-114.33084,46.65924],[-114.33313,46.66094],[-114.33701,46.6623],[-114.34437,46.66202],[-114.34896,46.66255],[-114.35418,46.66444],[-114.35795,46.66891],[-114.371,46.66825],[-114.37323,46.66726],[-114.37849,46.66698],[-114.38365,46.66249],[-114.39043,46.66503],[-114.39422,46.66505],[-114.39879,46.66309],[-114.40395,46.65959],[-114.40845,46.66064],[-114.41168,46.65695],[-114.41693,46.65823],[-114.42441,46.66067],[-114.43079,46.65759],[-114.43839,46.65526],[-114.44031,46.65319],[-114.44891,46.64963],[-114.453,46.64937],[-114.45452,46.64492],[-114.4526,46.64176],[-114.45534,46.64028],[-114.46011,46.63608],[-114.46331,46.6347],[-114.46683,46.63183],[-114.47077,46.63235],[-114.4745,46.63172],[-114.48115,46.63191],[-114.48842,46.63356],[-114.49277,46.63632],[-114.4984,46.63801],[-114.50064,46.64114],[-114.51003,46.6392],[-114.51499,46.63946],[-114.52392,46.64061],[-114.52977,46.64317],[-114.53272,46.64593],[-114.53847,46.64762],[-114.54169,46.64994],[-114.54642,46.64502],[-114.54918,46.6444],[-114.55396,46.6448],[-114.55766,46.64402],[-114.56315,46.64084],[-114.56997,46.64336],[-114.5803,46.6346],[-114.58286,46.63336],[-114.58862,46.6351],[-114.5926,46.63304],[-114.59974,46.63629],[-114.60573,46.6359],[-114.61289,46.63839],[-114.61479,46.63971],[-114.61604,46.64396],[-114.61176,46.64732],[-114.61193,46.65081],[-114.61526,46.65256],[-114.6147,46.65528],[-114.62068,46.65788],[-114.63141,46.65948],[-114.63523,46.65924],[-114.63984,46.66537],[-114.63848,46.66743],[-114.63292,46.66972],[-114.63347,46.67235],[-114.63562,46.67296],[-114.64118,46.67246],[-114.64024,46.67531],[-114.64147,46.67946],[-114.63184,46.68394],[-114.62635,46.68796],[-114.6234,46.69106],[-114.62283,46.69434],[-114.62468,46.69605],[-114.62323,46.69895],[-114.62325,46.70252],[-114.62108,46.70581],[-114.62142,46.70787],[-114.62355,46.70896],[-114.62489,46.71224],[-114.63382,46.71578],[-114.63927,46.72178],[-114.6439,46.72258],[-114.64628,46.72662],[-114.64673,46.7308],[-114.651,46.73357],[-114.65886,46.73453],[-114.66143,46.73595],[-114.66457,46.73908],[-114.66687,46.73915],[-114.67297,46.73651],[-114.68104,46.73884],[-114.68682,46.73652],[-114.68911,46.73654],[-114.69715,46.74067],[-114.69913,46.74018],[-114.70072,46.73767],[-114.69998,46.73392],[-114.7027,46.73049],[-114.70872,46.72714],[-114.7078,46.72389],[-114.70994,46.7211],[-114.71067,46.71737],[-114.71297,46.7155],[-114.71682,46.71405],[-114.72342,46.71384],[-114.72702,46.71462],[-114.73036,46.71349],[-114.74015,46.71186],[-114.74208,46.71045],[-114.74167,46.70856],[-114.74364,46.70745],[-114.747,46.70362],[-114.74867,46.69848],[-114.75152,46.69734],[-114.76009,46.69659],[-114.76388,46.69767],[-114.76656,46.69688],[-114.76951,46.69991],[-114.76854,46.70473],[-114.77761,46.70659],[-114.78157,46.70677],[-114.78221,46.70806],[-114.78801,46.71202],[-114.78845,46.71406],[-114.78639,46.71642],[-114.78208,46.71949],[-114.78331,46.72263],[-114.78275,46.72635],[-114.77951,46.72884],[-114.77894,46.73111],[-114.77365,46.73178],[-114.76986,46.7351],[-114.76725,46.73875],[-114.76525,46.74525],[-114.76777,46.74684],[-114.768,46.74917],[-114.76582,46.75129],[-114.76722,46.75287],[-114.76685,46.75569],[-114.76516,46.75822],[-114.76837,46.76031],[-114.77358,46.76217],[-114.77391,46.76551],[-114.77886,46.76683],[-114.77942,46.7686],[-114.78366,46.7687],[-114.78615,46.77581],[-114.78628,46.78072],[-114.79334,46.77737],[-114.79873,46.77595],[-114.80091,46.77654],[-114.80964,46.78239],[-114.81888,46.78125],[-114.823,46.78269],[-114.82585,46.78208],[-114.83069,46.78371],[-114.83246,46.78719],[-114.83448,46.78885],[-114.83639,46.7923],[-114.84433,46.79408],[-114.84761,46.79584],[-114.85036,46.79909],[-114.85169,46.79885],[-114.85691,46.80165],[-114.8606,46.8057],[-114.86114,46.81169],[-114.86578,46.81453],[-114.87144,46.81269],[-114.88178,46.81086],[-114.88777,46.80901],[-114.89081,46.80294],[-114.89552,46.80196],[-114.89671,46.80467],[-114.89646,46.80746],[-114.89855,46.80934],[-114.8976,46.81261],[-114.89479,46.81718],[-114.89778,46.81991],[-114.89845,46.82235],[-114.90089,46.82326],[-114.90505,46.8224],[-114.90976,46.82429],[-114.91527,46.8254],[-114.91812,46.82719],[-114.92073,46.82708],[-114.92231,46.8286],[-114.92398,46.83252],[-114.92775,46.83365],[-114.92867,46.83641],[-114.92678,46.83896],[-114.92867,46.84363],[-114.92405,46.84786],[-114.92769,46.85223],[-114.92868,46.85477],[-114.93781,46.85699],[-114.94188,46.85659],[-114.94804,46.85964],[-114.94791,46.86164],[-114.94587,46.86378],[-114.94434,46.86802],[-114.94061,46.86823],[-114.93605,46.87341],[-114.93226,46.8758],[-114.93101,46.88194],[-114.93233,46.88763],[-114.93383,46.88849],[-114.93584,46.89281],[-114.93505,46.89497],[-114.93666,46.89715],[-114.93518,46.90155],[-114.93112,46.90395],[-114.92975,46.90662],[-114.92951,46.90966],[-114.92491,46.91092],[-114.92133,46.91287],[-114.92379,46.91708],[-114.92625,46.91947],[-114.92995,46.92001],[-114.93566,46.91984],[-114.94046,46.92381],[-114.94686,46.92589],[-114.95268,46.92665],[-114.96098,46.93053],[-114.95904,46.9339],[-114.96394,46.93679],[-114.96454,46.93807],[-114.97025,46.93874],[-114.97517,46.94172],[-114.98065,46.94751],[-114.98312,46.94928],[-114.98652,46.95014],[-114.98569,46.95394],[-114.98951,46.95598],[-114.99308,46.95928],[-114.99456,46.96274],[-114.99944,46.966],[-115.00094,46.96781],[-115.00136,46.9719],[-115.0056,46.97251],[-115.01173,46.97431],[-115.01651,46.97386],[-115.01993,46.97468],[-115.0286,46.97567],[-115.02968,46.97251],[-115.03528,46.97152],[-115.03734,46.97054],[-115.04214,46.97056],[-115.04797,46.96959],[-115.05188,46.97485],[-115.05033,46.97628],[-115.04996,46.98105],[-115.05636,46.9847],[-115.05727,46.98678],[-115.06114,46.99193],[-115.0676,46.99513],[-115.06596,46.99678],[-115.06521,47.00034],[-115.06822,47.00443],[-115.07282,47.01374],[-115.06934,47.0151],[-115.0697,47.0181],[-115.07222,47.02342],[-115.07168,47.02636],[-115.07598,47.02594],[-115.07997,47.02846],[-115.08115,47.03026],[-115.08057,47.03386],[-115.08186,47.03819],[-115.08725,47.04024],[-115.08841,47.04135],[-115.08733,47.04565],[-115.09801,47.04858],[-115.10117,47.04747],[-115.10606,47.04858],[-115.10774,47.05165],[-115.11226,47.05402],[-115.11765,47.0585],[-115.122,47.06333],[-115.12238,47.06579],[-115.12674,47.0661],[-115.13107,47.0689],[-115.13516,47.07589],[-115.13888,47.07871],[-115.14008,47.08396],[-115.14175,47.08609],[-115.14264,47.09201],[-115.14044,47.0969],[-115.14397,47.10175],[-115.14712,47.10324],[-115.15005,47.1018],[-115.15678,47.10291],[-115.16,47.1022],[-115.16271,47.10287],[-115.17011,47.10598],[-115.17324,47.10902],[-115.17287,47.11218],[-115.17828,47.11709],[-115.17935,47.12061],[-115.18289,47.12144],[-115.18657,47.12492],[-115.18613,47.12956],[-115.18991,47.13127],[-115.19431,47.13515],[-115.19823,47.13712],[-115.19904,47.13989],[-115.20171,47.13964],[-115.21253,47.142],[-115.21531,47.14383],[-115.2163,47.14581],[-115.2219,47.14899],[-115.22544,47.14875],[-115.2314,47.15029],[-115.23548,47.15074],[-115.24308,47.15073],[-115.24722,47.15406],[-115.24901,47.15915],[-115.25366,47.16149],[-115.25546,47.16369],[-115.25648,47.16817],[-115.25608,47.17473],[-115.25869,47.17923],[-115.26183,47.18163],[-115.26707,47.18131],[-115.27383,47.1827],[-115.27767,47.18216],[-115.28215,47.1834],[-115.2866,47.1835],[-115.29149,47.18708],[-115.29579,47.18694],[-115.29967,47.18776],[-115.30089,47.18946],[-115.30124,47.19335],[-115.2956,47.20609],[-115.2921,47.20923],[-115.2917,47.21111],[-115.29448,47.21553],[-115.29456,47.22014],[-115.29698,47.22215],[-115.2988,47.22551],[-115.30221,47.22602],[-115.30756,47.22981],[-115.31106,47.2297],[-115.31582,47.2328],[-115.31849,47.23635],[-115.32048,47.24219],[-115.32439,47.24565],[-115.31832,47.25207],[-115.31968,47.25651],[-115.32339,47.25656],[-115.33407,47.26007],[-115.34085,47.26285],[-115.34562,47.26061],[-115.35002,47.26051],[-115.35385,47.26215],[-115.35863,47.25961],[-115.36533,47.2614],[-115.37092,47.26518],[-115.37612,47.26461],[-115.38493,47.26779],[-115.38943,47.26593],[-115.39796,47.26495],[-115.40439,47.26518],[-115.40884,47.26403],[-115.41297,47.26541],[-115.41511,47.26865],[-115.41782,47.26939],[-115.42163,47.2729],[-115.42048,47.27747],[-115.42636,47.28034],[-115.43236,47.27973],[-115.43663,47.28033],[-115.43753,47.27903],[-115.4444,47.27709],[-115.4492,47.27846],[-115.45392,47.27742],[-115.45728,47.27837],[-115.45711,47.2816],[-115.46088,47.2852],[-115.46582,47.28748],[-115.47126,47.2846],[-115.4762,47.28431],[-115.47871,47.28243],[-115.48231,47.28147],[-115.48449,47.28274],[-115.48909,47.28848],[-115.49204,47.28972],[-115.49615,47.28929],[-115.50562,47.29136],[-115.5099,47.29347],[-115.51419,47.29641],[-115.52333,47.29866],[-115.52838,47.29933],[-115.52826,47.30921],[-115.53129,47.3111],[-115.53314,47.31472],[-115.53732,47.3184],[-115.54093,47.32473],[-115.53879,47.32892],[-115.54107,47.32941],[-115.55022,47.33381],[-115.55064,47.33545],[-115.54919,47.33895],[-115.54944,47.3448],[-115.54884,47.34696],[-115.5516,47.3511],[-115.55705,47.35388],[-115.55994,47.3523],[-115.56504,47.35236],[-115.57118,47.35567],[-115.57343,47.35539],[-115.57633,47.35696],[-115.57819,47.36085],[-115.57609,47.36568],[-115.57738,47.36725],[-115.58446,47.36878],[-115.58614,47.37014],[-115.5904,47.37006],[-115.59578,47.37172],[-115.5992,47.3743],[-115.60192,47.37749],[-115.60522,47.37815],[-115.60969,47.38071],[-115.61724,47.38254],[-115.62402,47.38145],[-115.62969,47.37946],[-115.63695,47.37966],[-115.64283,47.37744],[-115.64615,47.3812],[-115.64818,47.38243],[-115.64812,47.38473],[-115.6463,47.38777],[-115.64776,47.38843],[-115.64996,47.39233],[-115.65566,47.39436],[-115.65731,47.39683],[-115.65731,47.40021],[-115.66244,47.40278],[-115.66797,47.40129],[-115.67328,47.40248],[-115.67731,47.40227],[-115.67527,47.40938],[-115.68196,47.41089],[-115.68567,47.41118],[-115.69213,47.41534],[-115.69739,47.41544],[-115.69931,47.41673],[-115.70322,47.41556],[-115.71226,47.41544],[-115.7165,47.41836],[-115.71691,47.41995],[-115.72095,47.42148],[-115.72107,47.42579],[-115.73024,47.42491],[-115.73671,47.42546],[-115.73872,47.42637],[-115.74255,47.42365],[-115.75081,47.42211],[-115.7568,47.4225],[-115.75909,47.42504],[-115.75627,47.42952],[-115.75242,47.43215],[-115.75159,47.43619],[-115.74948,47.44006],[-115.74662,47.44231],[-115.74192,47.44241],[-115.73831,47.44374],[-115.73472,47.4441],[-115.72537,47.4476],[-115.71596,47.4529],[-115.71094,47.45339],[-115.70341,47.45247],[-115.69716,47.45322],[-115.69346,47.45486],[-115.69254,47.45662],[-115.68538,47.45731],[-115.68052,47.45619],[-115.67698,47.45338],[-115.67444,47.45325],[-115.67019,47.45454],[-115.66528,47.45367],[-115.65904,47.45476],[-115.65598,47.45457],[-115.65189,47.45602],[-115.64655,47.45671],[-115.64537,47.458],[-115.64,47.45976],[-115.63511,47.46699],[-115.63442,47.4705],[-115.63189,47.47292],[-115.63194,47.47563],[-115.62945,47.47962],[-115.63461,47.48162],[-115.63694,47.48064],[-115.64505,47.47959],[-115.64725,47.47801],[-115.66094,47.47787],[-115.66203,47.48314],[-115.66778,47.48879],[-115.67378,47.48639],[-115.6806,47.4857],[-115.68316,47.48398],[-115.68635,47.48508],[-115.68908,47.49845],[-115.69024,47.50094],[-115.69219,47.50174],[-115.69834,47.50219],[-115.70093,47.50591],[-115.70686,47.51229],[-115.70826,47.51502],[-115.7114,47.51677],[-115.71116,47.52334],[-115.70538,47.52562],[-115.70083,47.52571],[-115.6954,47.52771],[-115.6986,47.53165],[-115.70221,47.53423],[-115.70658,47.53512],[-115.71192,47.53266],[-115.72411,47.5339],[-115.73016,47.53564],[-115.73393,47.53898],[-115.73666,47.53983],[-115.74075,47.53829],[-115.74983,47.541],[-115.75415,47.54575],[-115.75567,47.5483],[-115.7545,47.55248],[-115.75227,47.55316],[-115.74428,47.559],[-115.74435,47.56013],[-115.74097,47.56342],[-115.73787,47.56456],[-115.73294,47.56854],[-115.73035,47.56959],[-115.72513,47.56993],[-115.72237,47.57174],[-115.72175,47.5758],[-115.72012,47.57658],[-115.71263,47.57766],[-115.70631,47.57749],[-115.70452,47.58124],[-115.70505,47.58464],[-115.70361,47.58595],[-115.69647,47.5889],[-115.69248,47.593],[-115.68776,47.5953],[-115.69115,47.59684],[-115.69326,47.59985],[-115.69283,47.60179],[-115.69712,47.60367],[-115.69848,47.607],[-115.69773,47.60855],[-115.69875,47.61197],[-115.69664,47.61423],[-115.69205,47.61713],[-115.68961,47.61684],[-115.68508,47.61792],[-115.68305,47.6169],[-115.67665,47.61684],[-115.6711,47.61874],[-115.66824,47.62051],[-115.66083,47.61698],[-115.65351,47.61755],[-115.65133,47.61956],[-115.64364,47.62942],[-115.63402,47.62963],[-115.63146,47.63093],[-115.62241,47.63035],[-115.61564,47.63104],[-115.61391,47.63225],[-115.60464,47.63435],[-115.60102,47.63435],[-115.59897,47.6323],[-115.59286,47.62971],[-115.58251,47.6286],[-115.57646,47.63037],[-115.57073,47.63146],[-115.56593,47.6348],[-115.56251,47.63483],[-115.55546,47.63372],[-115.54964,47.63426],[-115.5445,47.63341],[-115.53883,47.63606],[-115.53519,47.63674],[-115.53062,47.63391],[-115.5244,47.63275],[-115.52028,47.63386],[-115.51853,47.63639],[-115.5079,47.64243],[-115.50542,47.64568],[-115.50085,47.64686],[-115.49483,47.64721],[-115.49005,47.64672],[-115.48312,47.65064],[-115.48115,47.65004],[-115.47703,47.65186],[-115.46979,47.64922],[-115.46456,47.6482],[-115.46143,47.64871],[-115.46173,47.66542],[-115.46165,47.67271],[-115.44005,47.67271],[-115.44007,47.65815],[-115.41851,47.65818],[-115.41838,47.64363],[-115.40779,47.64369],[-115.40777,47.62192],[-115.40242,47.62193],[-115.40244,47.61465],[-115.39711,47.61467],[-115.3972,47.60017],[-115.39701,47.57127],[-115.37575,47.57125],[-115.37572,47.57847],[-115.36511,47.57839],[-115.36512,47.57134],[-115.34371,47.57153],[-115.33294,47.57143],[-115.33301,47.56387],[-115.32232,47.56386],[-115.32244,47.55694],[-115.31146,47.55659],[-115.29011,47.55666],[-115.2901,47.55704],[-115.24719,47.55729],[-115.24724,47.57174],[-115.24127,47.57176],[-115.24127,47.57523],[-115.23383,47.57502],[-115.22592,47.57574],[-115.21457,47.57483],[-115.21456,47.58275],[-115.20386,47.58277],[-115.20386,47.57191],[-115.18053,47.5719],[-115.17832,47.57104],[-115.17843,47.56906],[-115.17478,47.56959],[-115.17181,47.56788],[-115.17181,47.56468],[-115.16645,47.56469],[-115.16644,47.56107],[-115.16108,47.56107],[-115.16108,47.55745],[-115.15038,47.55748],[-115.15038,47.55025],[-115.13969,47.55028],[-115.1397,47.54302],[-115.11811,47.54306],[-115.09671,47.54292],[-115.09657,47.53216],[-115.09122,47.53215],[-115.09114,47.5286],[-115.05335,47.52851],[-115.05332,47.52107],[-115.03416,47.52132],[-115.01111,47.52134],[-115.00791,47.52335],[-115.00783,47.51412],[-115.00977,47.51412],[-115.00986,47.49577],[-114.99914,47.49572],[-114.99931,47.48476],[-114.98851,47.48476],[-114.98859,47.47017],[-115.01013,47.47017],[-115.01012,47.48477],[-115.03164,47.48475],[-115.05303,47.48456],[-115.05298,47.47027],[-115.07459,47.47033],[-115.07462,47.45574],[-115.05306,47.45582],[-115.05306,47.44854],[-115.01011,47.44844],[-115.01012,47.44121],[-114.98873,47.44118],[-114.98867,47.45565],[-114.96704,47.45562],[-114.96738,47.44126],[-114.96886,47.44126],[-114.96896,47.40998],[-114.95883,47.40995],[-114.95887,47.40637],[-114.96899,47.4064],[-114.96903,47.39925],[-114.94826,47.39918],[-114.94819,47.4135],[-114.92702,47.41347],[-114.92696,47.42787],[-114.90574,47.42795],[-114.90581,47.41342],[-114.88479,47.41336],[-114.88481,47.39896],[-114.86334,47.39891],[-114.86316,47.42056],[-114.85765,47.42054],[-114.85771,47.41329],[-114.83762,47.41327],[-114.83545,47.40935],[-114.83909,47.40743],[-114.83694,47.40626],[-114.83157,47.40511],[-114.82999,47.40237],[-114.82311,47.39715],[-114.82105,47.3949],[-114.81687,47.39254],[-114.81433,47.3898],[-114.80749,47.38424],[-114.80166,47.38265],[-114.79914,47.38073],[-114.79913,47.37703],[-114.80035,47.36282],[-114.80061,47.35577],[-114.78496,47.35571],[-114.78787,47.35138],[-114.78771,47.34849],[-114.779,47.34847],[-114.77904,47.34125],[-114.74716,47.34132],[-114.71482,47.34127],[-114.71481,47.34429],[-114.71211,47.34406],[-114.70744,47.3419],[-114.70467,47.33958],[-114.69907,47.3388],[-114.69532,47.3354],[-114.69527,47.33175],[-114.69377,47.32757],[-114.69519,47.32327],[-114.69407,47.32115],[-114.68906,47.31628],[-114.69565,47.30852],[-114.68921,47.29933],[-114.68975,47.29649],[-114.69389,47.28969],[-114.6943,47.28648],[-114.69073,47.28032],[-114.69029,47.27608],[-114.68684,47.27431],[-114.67628,47.27238],[-114.67236,47.27238],[-114.66132,47.26888],[-114.65355,47.2705],[-114.64972,47.26985],[-114.64585,47.26826],[-114.63714,47.26592],[-114.63172,47.26859],[-114.61627,47.26218],[-114.61013,47.26218],[-114.60586,47.26003],[-114.59788,47.25795],[-114.58746,47.25621],[-114.56908,47.25516],[-114.56377,47.25466],[-114.55945,47.25189],[-114.55027,47.25185],[-114.54487,47.23985],[-114.53155,47.24016],[-114.51909,47.23239],[-114.50863,47.22735],[-114.50137,47.22735],[-114.49326,47.21947],[-114.48441,47.21999],[-114.47456,47.21819],[-114.4681,47.21924],[-114.46585,47.21862],[-114.45532,47.2117],[-114.45532,47.20844],[-114.45369,47.20788],[-114.44728,47.2103],[-114.43672,47.21125],[-114.43366,47.20948],[-114.42405,47.21001],[-114.41884,47.2071],[-114.40354,47.19681],[-114.39464,47.19602],[-114.3868,47.19228],[-114.38168,47.18809],[-114.37719,47.18993],[-114.37547,47.18812],[-114.37039,47.18848],[-114.36147,47.18675],[-114.35328,47.19044],[-114.34596,47.17872],[-114.34596,47.16975],[-114.35234,47.16817],[-114.35326,47.16694],[-114.356,47.15794],[-114.35341,47.15598],[-114.34839,47.15693],[-114.3303,47.14583],[-114.32445,47.14583],[-114.32077,47.14372],[-114.31771,47.13928],[-114.30375,47.13713],[-114.30289,47.13463],[-114.29385,47.12955],[-114.29109,47.12846],[-114.29107,47.12556],[-114.28575,47.12553],[-114.28253,47.12426],[-114.27237,47.12298],[-114.26404,47.12091],[-114.26084,47.12153],[-114.25868,47.12047],[-114.25418,47.12041],[-114.24972,47.12402],[-114.24432,47.12638],[-114.24015,47.13101],[-114.23595,47.1343],[-114.22967,47.13369],[-114.22214,47.13168],[-114.21159,47.12816],[-114.20617,47.13262],[-114.19869,47.13787],[-114.1883,47.13873],[-114.1788,47.13846],[-114.17336,47.13901],[-114.16254,47.14478],[-114.15485,47.14737],[-114.15071,47.14574],[-114.14577,47.13963],[-114.13987,47.13838],[-114.14002,47.13568],[-114.13518,47.12938],[-114.13179,47.12353],[-114.12435,47.11847],[-114.12022,47.11647],[-114.1219,47.11329],[-114.12408,47.11345],[-114.12733,47.10937],[-114.12839,47.1009],[-114.12841,47.09489],[-114.12127,47.08552],[-114.12468,47.08077],[-114.1313,47.07712],[-114.13622,47.07311],[-114.14168,47.07154],[-114.13505,47.06886],[-114.13341,47.06606],[-114.12991,47.06318],[-114.124,47.06064],[-114.12242,47.05937],[-114.11846,47.05866],[-114.11114,47.05344],[-114.10576,47.05149],[-114.11341,47.0515],[-114.11339,47.04425],[-114.1187,47.04426],[-114.1187,47.04064],[-114.12401,47.04065],[-114.12401,47.03703],[-114.11338,47.03702],[-114.11336,47.02889],[-114.10806,47.02888],[-114.10805,47.02616],[-114.11336,47.02617],[-114.11335,47.02256],[-114.12395,47.02259],[-114.12396,47.0262],[-114.12928,47.02621],[-114.12929,47.02982],[-114.1346,47.02983],[-114.13459,47.02622],[-114.1399,47.02623],[-114.13989,47.02261],[-114.12395,47.02259],[-114.12405,47.00818],[-114.14524,47.00819],[-114.14523,47.0118],[-114.15584,47.01183],[-114.15584,47.00821],[-114.18229,47.00825],[-114.1823,47.00462],[-114.18722,47.00463],[-114.18722,47.00824],[-114.20848,47.00825],[-114.20851,47.02266],[-114.21882,47.02265],[-114.21882,47.02633],[-114.21367,47.02631],[-114.21368,47.03357],[-114.22908,47.03364],[-114.22906,47.03719],[-114.27211,47.03746],[-114.27221,47.04473],[-114.28285,47.04475],[-114.28293,47.052],[-114.29354,47.05199],[-114.29354,47.06612],[-114.31382,47.06611],[-114.31375,47.08108],[-114.37737,47.08112],[-114.3774,47.08475],[-114.39857,47.08482],[-114.39853,47.0812],[-114.39583,47.08119],[-114.3954,47.07865],[-114.3967,47.07526],[-114.39666,47.07211],[-114.39852,47.06671],[-114.41983,47.06665],[-114.41999,47.09574],[-114.43071,47.09574],[-114.43057,47.08849],[-114.44077,47.08852],[-114.44078,47.09574],[-114.46226,47.09602],[-114.46226,47.11054],[-114.47292,47.11056],[-114.4729,47.12509],[-114.48359,47.12516],[-114.48349,47.12931],[-114.47377,47.13488],[-114.46216,47.1348],[-114.46228,47.12507],[-114.45156,47.125],[-114.45136,47.13951],[-114.46192,47.13958],[-114.46439,47.13787],[-114.46878,47.13854],[-114.47223,47.13769],[-114.47393,47.13549],[-114.48347,47.12994],[-114.4834,47.13247],[-114.49398,47.13246],[-114.49383,47.13974],[-114.50461,47.13972],[-114.5046,47.14694],[-114.50988,47.14696],[-114.50988,47.14334],[-114.51515,47.14335],[-114.51515,47.14698],[-114.52571,47.14701],[-114.52569,47.15785],[-114.5212,47.15981],[-114.5167,47.16331],[-114.51299,47.16736],[-114.51222,47.16968],[-114.50417,47.17708],[-114.5109,47.17339],[-114.51383,47.17021],[-114.51447,47.16793],[-114.52209,47.16076],[-114.51993,47.16659],[-114.5208,47.16722],[-114.52564,47.15944],[-114.52534,47.16877],[-114.54659,47.16881],[-114.54658,47.18235],[-114.58664,47.18231],[-114.58663,47.16056],[-114.57594,47.16051],[-114.57595,47.15324],[-114.5706,47.15321],[-114.5706,47.15685],[-114.56525,47.15682],[-114.56525,47.15432],[-114.55723,47.15432],[-114.5572,47.14701],[-114.5362,47.14701],[-114.53621,47.13972],[-114.52649,47.13974],[-114.52569,47.13921],[-114.52566,47.12518],[-114.51516,47.12517],[-114.51516,47.11064],[-114.50473,47.11063],[-114.50469,47.09622],[-114.47825,47.09612],[-114.47822,47.08884],[-114.46759,47.08877],[-114.46759,47.08148],[-114.4623,47.08145],[-114.46237,47.06702],[-114.44084,47.06657],[-114.44095,47.05943],[-114.43571,47.05942],[-114.43568,47.05581],[-114.43039,47.05581],[-114.43037,47.05219],[-114.4198,47.05217],[-114.41977,47.0377],[-114.39848,47.03769],[-114.39848,47.0232],[-114.41975,47.02319],[-114.41971,47.01955],[-114.4144,47.01957],[-114.41435,47.01232],[-114.41964,47.01228],[-114.4196,47.00894],[-114.43019,47.00895],[-114.43019,47.00656],[-114.43548,47.00656],[-114.43549,47.00294],[-114.44081,47.00295],[-114.44082,47.00896],[-114.46201,47.00905],[-114.462,47.00297],[-114.46729,47.00299],[-114.4673,47.00661],[-114.47259,47.00662],[-114.4726,47.00909],[-114.48319,47.00912],[-114.4832,47.0125],[-114.49385,47.01253],[-114.49385,47.01616],[-114.48322,47.01611],[-114.48329,47.02335],[-114.48857,47.02339],[-114.48855,47.01976],[-114.49914,47.01982],[-114.49915,47.01618],[-114.50445,47.0162],[-114.5044,47.0235],[-114.5362,47.02361],[-114.5363,47.01993],[-114.54151,47.01994],[-114.54169,47.01624],[-114.54698,47.01623],[-114.54719,47.00918],[-114.56599,47.00918],[-114.56599,47.00679],[-114.58723,47.0068],[-114.5873,47.02135],[-114.67231,47.02142],[-114.71361,47.02158],[-114.71326,47.05096],[-114.71859,47.05097],[-114.71856,47.05464],[-114.71322,47.05462],[-114.7131,47.06561],[-114.73449,47.06561],[-114.73439,47.08017],[-114.75558,47.08021],[-114.7555,47.10566],[-114.76079,47.10567],[-114.76077,47.10932],[-114.76606,47.10932],[-114.76603,47.11297],[-114.76076,47.11297],[-114.76074,47.11662],[-114.76601,47.11662],[-114.76597,47.12391],[-114.77656,47.1239],[-114.77649,47.13845],[-114.7818,47.13845],[-114.78182,47.13482],[-114.78712,47.13482],[-114.78711,47.13846],[-114.79774,47.13846],[-114.79768,47.15298],[-114.8231,47.153],[-114.82311,47.15662],[-114.82837,47.15665],[-114.82839,47.16028],[-114.83368,47.16032],[-114.83371,47.16755],[-114.83899,47.16758],[-114.83899,47.18224],[-114.86084,47.18215],[-114.86092,47.19699],[-114.88752,47.19681],[-114.88753,47.20401],[-114.89286,47.20401],[-114.89288,47.19796],[-114.89827,47.19864],[-114.89826,47.20039],[-114.9036,47.20038],[-114.90363,47.20402],[-114.91452,47.20413],[-114.91467,47.2078],[-114.91983,47.20782],[-114.91992,47.21146],[-114.93978,47.21136],[-114.96875,47.21153],[-114.96879,47.22617],[-114.99002,47.22616],[-114.99003,47.24433],[-115.01123,47.24418],[-115.01124,47.24774],[-115.03232,47.24829],[-115.03234,47.24064],[-115.05369,47.24077],[-115.05366,47.25533],[-115.03233,47.25551],[-115.03233,47.27003],[-115.05374,47.26986],[-115.0538,47.2843],[-115.07224,47.28431],[-115.0731,47.29875],[-115.05256,47.29872],[-115.05251,47.3132],[-115.07369,47.31316],[-115.07374,47.32408],[-115.09433,47.32408],[-115.09411,47.31326],[-115.1154,47.31319],[-115.11507,47.2987],[-115.10423,47.29875],[-115.10421,47.29714],[-115.09933,47.29523],[-115.09304,47.2971],[-115.09162,47.29614],[-115.09276,47.28828],[-115.09083,47.28426],[-115.08795,47.28075],[-115.08418,47.27765],[-115.07103,47.27145],[-115.07008,47.26984],[-115.05374,47.26986],[-115.05373,47.2626],[-115.06319,47.26258],[-115.05872,47.25831],[-115.05928,47.25532],[-115.0562,47.24218],[-115.0534,47.23481],[-115.05335,47.22896],[-115.03767,47.2297],[-115.03766,47.22619],[-114.99002,47.22616],[-114.98991,47.21133],[-114.96875,47.21153]],[[-115.59845,47.41833],[-115.59602,47.41838],[-115.59556,47.42103],[-115.59798,47.42098],[-115.59845,47.41833]],[[-114.42526,47.12488],[-114.4226,47.12486],[-114.42258,47.1285],[-114.42523,47.1285],[-114.42526,47.12488]],[[-115.60425,47.41381],[-115.5919,47.41385],[-115.59619,47.41566],[-115.60195,47.41521],[-115.60425,47.41381]],[[-115.34875,47.35934],[-115.34872,47.3557],[-115.34379,47.35571],[-115.34383,47.35934],[-115.34875,47.35934]],[[-114.16646,47.02271],[-114.16646,47.01909],[-114.16115,47.01907],[-114.16115,47.02269],[-114.16646,47.02271]],[[-115.20001,47.29898],[-115.17866,47.29882],[-115.18175,47.30037],[-115.18601,47.30017],[-115.19319,47.30131],[-115.20001,47.29898]],[[-115.26933,47.33386],[-115.26395,47.33128],[-115.26395,47.33851],[-115.2693,47.33853],[-115.26933,47.33386]],[[-114.6299,46.99611],[-114.62988,46.9925],[-114.61924,46.99251],[-114.61926,46.99611],[-114.6299,46.99611]],[[-115.25338,47.32773],[-115.24795,47.32415],[-115.24796,47.32124],[-115.24263,47.32059],[-115.24252,47.32774],[-115.25338,47.32773]],[[-114.46187,47.16863],[-114.46184,47.16135],[-114.45128,47.16129],[-114.45126,47.16493],[-114.45656,47.16496],[-114.45655,47.1686],[-114.46187,47.16863]],[[-115.22114,47.31344],[-115.21071,47.31149],[-115.20641,47.30666],[-115.20001,47.301],[-115.19762,47.30066],[-115.19273,47.30163],[-115.18595,47.30044],[-115.18141,47.30066],[-115.17868,47.30242],[-115.2,47.3025],[-115.20099,47.30281],[-115.20833,47.30973],[-115.19999,47.30965],[-115.2,47.31329],[-115.21071,47.31337],[-115.21071,47.3121],[-115.22114,47.31344]],[[-115.60443,47.41434],[-115.60228,47.41569],[-115.59529,47.4162],[-115.59041,47.41385],[-115.58892,47.41588],[-115.585,47.41518],[-115.58161,47.41578],[-115.57281,47.41502],[-115.5675,47.4161],[-115.5675,47.41382],[-115.56215,47.4138],[-115.56216,47.41646],[-115.5675,47.41666],[-115.57305,47.41555],[-115.57995,47.41629],[-115.58698,47.41575],[-115.58891,47.41749],[-115.59964,47.41745],[-115.59961,47.42107],[-115.60438,47.42105],[-115.60443,47.41434]],[[-115.33324,47.35933],[-115.33322,47.35573],[-115.30113,47.3557],[-115.31723,47.35945],[-115.328,47.3642],[-115.328,47.35932],[-115.33324,47.35933]],[[-115.39169,47.37982],[-115.39165,47.37031],[-115.36487,47.37029],[-115.3649,47.37669],[-115.37342,47.37445],[-115.38113,47.37483],[-115.39169,47.37982]],[[-115.04193,47.29871],[-115.04176,47.28428],[-115.03108,47.28426],[-115.03131,47.2987],[-115.04193,47.29871]],[[-115.5084,47.40745],[-115.50376,47.40644],[-115.5022,47.40966],[-115.50815,47.41042],[-115.50874,47.42089],[-115.51407,47.4209],[-115.51407,47.42451],[-115.50876,47.42452],[-115.50877,47.42814],[-115.49809,47.42816],[-115.49806,47.44248],[-115.50875,47.44253],[-115.50876,47.43497],[-115.51252,47.43483],[-115.5125,47.43323],[-115.51727,47.43296],[-115.5194,47.43125],[-115.51941,47.41184],[-115.51406,47.41006],[-115.51468,47.40647],[-115.51406,47.40285],[-115.50378,47.4033],[-115.5074,47.40511],[-115.5084,47.40745]],[[-115.32797,47.37026],[-115.32794,47.37388],[-115.33324,47.37389],[-115.33318,47.38474],[-115.33847,47.38474],[-115.3385,47.39197],[-115.3332,47.39196],[-115.33322,47.39557],[-115.32792,47.39557],[-115.32788,47.38473],[-115.30669,47.38473],[-115.30675,47.39197],[-115.31738,47.39196],[-115.31747,47.39919],[-115.37034,47.39927],[-115.37029,47.38479],[-115.37564,47.38479],[-115.37563,47.38117],[-115.38098,47.38118],[-115.381,47.3848],[-115.39171,47.38481],[-115.39169,47.38019],[-115.38149,47.37555],[-115.37832,47.37483],[-115.37315,47.37508],[-115.36177,47.37795],[-115.35242,47.37752],[-115.34885,47.37595],[-115.34881,47.37027],[-115.34392,47.37029],[-115.34389,47.36663],[-115.34879,47.36663],[-115.34877,47.36299],[-115.33851,47.36295],[-115.33854,47.36663],[-115.33326,47.36668],[-115.32028,47.36089],[-115.31729,47.35983],[-115.29942,47.35569],[-115.29351,47.35307],[-115.2746,47.35311],[-115.2746,47.3557],[-115.26392,47.3557],[-115.26392,47.35934],[-115.26925,47.35934],[-115.26925,47.36297],[-115.26391,47.36298],[-115.2639,47.37025],[-115.27992,47.37024],[-115.27993,47.36297],[-115.3066,47.36292],[-115.30661,47.3702],[-115.32797,47.37026]],[[-114.40044,46.78515],[-114.40236,46.78367],[-114.40233,46.77641],[-114.38123,46.7764],[-114.38124,46.77277],[-114.3602,46.77269],[-114.35297,46.77048],[-114.35226,46.76887],[-114.34801,46.76794],[-114.34492,46.76629],[-114.33917,46.76541],[-114.3339,46.76541],[-114.33392,46.76179],[-114.32866,46.76179],[-114.32867,46.7602],[-114.3243,46.75989],[-114.32239,46.75817],[-114.31286,46.75816],[-114.31288,46.75454],[-114.3076,46.75453],[-114.30758,46.75815],[-114.29702,46.75813],[-114.29709,46.74728],[-114.21326,46.74723],[-114.21325,46.7327],[-114.20273,46.73269],[-114.20273,46.73631],[-114.19747,46.73631],[-114.19747,46.73269],[-114.18693,46.73269],[-114.18694,46.73993],[-114.17113,46.7399],[-114.17113,46.74351],[-114.18168,46.74352],[-114.18168,46.7472],[-114.19481,46.74719],[-114.19745,46.74901],[-114.19744,46.75099],[-114.20271,46.75299],[-114.20271,46.755],[-114.21193,46.7549],[-114.21294,46.75622],[-114.21973,46.75658],[-114.22329,46.7581],[-114.23432,46.75811],[-114.23432,46.76172],[-114.25544,46.76172],[-114.25544,46.77258],[-114.26657,46.775],[-114.26762,46.77354],[-114.2713,46.77262],[-114.27394,46.77443],[-114.27394,46.77624],[-114.29696,46.77621],[-114.29699,46.76187],[-114.32339,46.76179],[-114.32337,46.76541],[-114.32864,46.76541],[-114.32862,46.76904],[-114.33389,46.76904],[-114.33387,46.77266],[-114.33913,46.77266],[-114.33911,46.77628],[-114.36019,46.77631],[-114.36015,46.79079],[-114.40239,46.79093],[-114.40044,46.78515]]],[[[-114.10275,47.02253],[-114.09213,47.02249],[-114.09214,47.01887],[-114.09747,47.01889],[-114.09749,47.01521],[-114.08814,47.01302],[-114.08148,47.01234],[-114.08154,47.008],[-114.06669,47.00797],[-114.06454,47.00403],[-114.05841,47.00471],[-114.05545,47.00393],[-114.05297,47.0049],[-114.04776,47.00546],[-114.04409,47.00752],[-114.04032,47.00817],[-114.03382,47.01518],[-114.03071,47.0219],[-114.02913,47.02378],[-114.02206,47.02914],[-114.01939,47.03054],[-114.00908,47.0346],[-114.00567,47.03761],[-113.99676,47.03934],[-113.99213,47.03807],[-113.98802,47.03932],[-113.98634,47.04344],[-113.98251,47.04819],[-113.97971,47.04956],[-113.9795,47.05272],[-113.97483,47.05703],[-113.9673,47.05678],[-113.96301,47.05918],[-113.9581,47.0586],[-113.95337,47.06043],[-113.94905,47.0645],[-113.94919,47.07563],[-113.94955,47.0806],[-113.94537,47.0819],[-113.94204,47.08023],[-113.93754,47.08009],[-113.93589,47.08364],[-113.93587,47.08637],[-113.92508,47.08844],[-113.92297,47.09508],[-113.92315,47.09714],[-113.91811,47.09926],[-113.91505,47.10282],[-113.91414,47.10632],[-113.9077,47.10554],[-113.90373,47.10676],[-113.89922,47.10064],[-113.89421,47.09695],[-113.89025,47.09688],[-113.88256,47.09579],[-113.8812,47.09324],[-113.87569,47.09204],[-113.87381,47.08892],[-113.86994,47.08582],[-113.86615,47.084],[-113.86,47.08222],[-113.85773,47.08282],[-113.85623,47.0887],[-113.8492,47.09209],[-113.84545,47.09263],[-113.84269,47.08898],[-113.83915,47.08811],[-113.83177,47.08856],[-113.82696,47.09163],[-113.82101,47.09235],[-113.81578,47.09443],[-113.81075,47.09498],[-113.80408,47.09787],[-113.80161,47.09689],[-113.78859,47.09499],[-113.78506,47.09093],[-113.78109,47.09091],[-113.77804,47.09189],[-113.77363,47.08722],[-113.77059,47.08606],[-113.76578,47.08688],[-113.75933,47.08911],[-113.75948,47.08646],[-113.75648,47.08107],[-113.75355,47.07831],[-113.75073,47.07765],[-113.74861,47.07929],[-113.74534,47.07534],[-113.73717,47.07374],[-113.72666,47.0729],[-113.72377,47.07208],[-113.71758,47.0724],[-113.71378,47.0754],[-113.70922,47.07568],[-113.71122,47.07957],[-113.70989,47.08171],[-113.71399,47.0827],[-113.71871,47.08243],[-113.7292,47.08671],[-113.7234,47.09278],[-113.72351,47.09617],[-113.72256,47.09836],[-113.72766,47.10471],[-113.7281,47.10844],[-113.72618,47.11062],[-113.72601,47.11803],[-113.72162,47.11895],[-113.71729,47.11892],[-113.71599,47.11979],[-113.70974,47.1174],[-113.70588,47.11765],[-113.69857,47.11583],[-113.69374,47.11689],[-113.68978,47.1169],[-113.68281,47.11331],[-113.67616,47.11304],[-113.67539,47.11626],[-113.66909,47.11995],[-113.6665,47.12214],[-113.66592,47.12407],[-113.67082,47.12677],[-113.67268,47.13118],[-113.6758,47.13287],[-113.67659,47.13635],[-113.68073,47.13744],[-113.68273,47.13983],[-113.68695,47.14131],[-113.69019,47.14054],[-113.70059,47.14323],[-113.70435,47.14671],[-113.71083,47.14816],[-113.71323,47.15165],[-113.71342,47.15456],[-113.71662,47.15766],[-113.72009,47.16329],[-113.7274,47.16739],[-113.72599,47.17011],[-113.72651,47.1725],[-113.71909,47.17642],[-113.70393,47.18098],[-113.70156,47.18209],[-113.70007,47.18442],[-113.69722,47.18464],[-113.6972,47.18923],[-113.69913,47.19282],[-113.69776,47.19569],[-113.69822,47.20091],[-113.69601,47.20287],[-113.69422,47.20761],[-113.69997,47.20863],[-113.70213,47.21076],[-113.70666,47.21063],[-113.71285,47.21354],[-113.71948,47.21338],[-113.72485,47.21576],[-113.72563,47.21768],[-113.72916,47.22153],[-113.73344,47.22262],[-113.73726,47.22269],[-113.74104,47.2243],[-113.74327,47.22686],[-113.74195,47.22834],[-113.7418,47.23141],[-113.73875,47.23416],[-113.73492,47.23516],[-113.73449,47.23744],[-113.73045,47.24068],[-113.72635,47.24178],[-113.72976,47.2447],[-113.73004,47.24671],[-113.72749,47.24971],[-113.72859,47.25268],[-113.73049,47.26117],[-113.73538,47.26456],[-113.73653,47.26723],[-113.73235,47.27199],[-113.72897,47.27359],[-113.72924,47.28057],[-113.72805,47.28191],[-113.73494,47.28323],[-113.74096,47.28218],[-113.74525,47.28242],[-113.74995,47.2871],[-113.75179,47.28991],[-113.74908,47.29284],[-113.74364,47.29528],[-113.74092,47.29764],[-113.74111,47.29945],[-113.73884,47.30371],[-113.73722,47.30401],[-113.73512,47.30824],[-113.73182,47.30998],[-113.72795,47.31018],[-113.72443,47.31177],[-113.72236,47.31536],[-113.71902,47.31677],[-113.71534,47.31978],[-113.71074,47.31996],[-113.70511,47.318],[-113.6991,47.31985],[-113.69715,47.31909],[-113.69134,47.31996],[-113.68619,47.32007],[-113.68391,47.32222],[-113.67995,47.32333],[-113.67714,47.32614],[-113.67109,47.32648],[-113.66534,47.3276],[-113.66393,47.33339],[-113.6657,47.33452],[-113.66745,47.33768],[-113.66218,47.3391],[-113.6637,47.34102],[-113.66181,47.34461],[-113.66612,47.3495],[-113.67291,47.35235],[-113.67973,47.35381],[-113.68098,47.35601],[-113.68059,47.36119],[-113.67736,47.36455],[-113.67958,47.36616],[-113.68125,47.36982],[-113.68024,47.3704],[-113.67287,47.36845],[-113.67315,47.37418],[-113.67115,47.37464],[-113.67363,47.37954],[-113.67085,47.38156],[-113.6665,47.38172],[-113.66238,47.38007],[-113.65406,47.37809],[-113.64682,47.37711],[-113.64222,47.37993],[-113.64881,47.38773],[-113.64566,47.38941],[-113.64107,47.38923],[-113.63704,47.38767],[-113.62782,47.38777],[-113.62663,47.38541],[-113.62276,47.38548],[-113.6208,47.38311],[-113.61595,47.38211],[-113.61327,47.38381],[-113.60693,47.38371],[-113.60503,47.38674],[-113.60717,47.39341],[-113.60954,47.3982],[-113.60971,47.40167],[-113.6065,47.4009],[-113.60169,47.40108],[-113.59513,47.39734],[-113.5942,47.39393],[-113.59143,47.39355],[-113.58278,47.39494],[-113.57514,47.39436],[-113.57658,47.39688],[-113.57804,47.40443],[-113.57799,47.40763],[-113.57385,47.40848],[-113.57227,47.40974],[-113.56772,47.4094],[-113.56574,47.4107],[-113.55906,47.41256],[-113.55429,47.41711],[-113.55163,47.41861],[-113.54553,47.42018],[-113.54119,47.42213],[-113.53623,47.42546],[-113.53278,47.42123],[-113.53195,47.41757],[-113.52993,47.41494],[-113.52324,47.41172],[-113.51976,47.4083],[-113.52102,47.40315],[-113.51298,47.39805],[-113.51284,47.39368],[-113.51142,47.39116],[-113.51018,47.38454],[-113.50655,47.37975],[-113.5071,47.37701],[-113.50537,47.37412],[-113.50415,47.37007],[-113.49671,47.36676],[-113.4933,47.36066],[-113.49095,47.35808],[-113.4877,47.35644],[-113.48652,47.35328],[-113.48229,47.34931],[-113.47913,47.34741],[-113.47345,47.34602],[-113.46873,47.34675],[-113.46039,47.34553],[-113.45676,47.34701],[-113.45255,47.34489],[-113.44764,47.34414],[-113.44128,47.34538],[-113.43989,47.34787],[-113.43784,47.34744],[-113.4325,47.34849],[-113.4325,47.3469],[-113.43003,47.34542],[-113.43,47.33826],[-113.42836,47.33663],[-113.42712,47.33139],[-113.42847,47.32971],[-113.42717,47.32433],[-113.42524,47.32267],[-113.4278,47.31727],[-113.42807,47.31464],[-113.42677,47.3116],[-113.43075,47.30963],[-113.43195,47.30562],[-113.43438,47.30321],[-113.43554,47.29916],[-113.4299,47.29833],[-113.4263,47.29581],[-113.42102,47.296],[-113.4187,47.29439],[-113.41636,47.28961],[-113.41678,47.28703],[-113.4144,47.28624],[-113.41026,47.28702],[-113.40814,47.28902],[-113.40373,47.28902],[-113.40306,47.28607],[-113.39969,47.28265],[-113.39744,47.27765],[-113.39777,47.27589],[-113.39613,47.27102],[-113.39188,47.26746],[-113.39077,47.26552],[-113.38817,47.2644],[-113.38078,47.26542],[-113.37879,47.26365],[-113.37592,47.26405],[-113.37108,47.26247],[-113.36902,47.25956],[-113.37099,47.25667],[-113.37038,47.25201],[-113.36712,47.24975],[-113.36022,47.24758],[-113.35625,47.24949],[-113.35168,47.24294],[-113.34942,47.24315],[-113.34098,47.23641],[-113.33733,47.23701],[-113.33602,47.23608],[-113.32922,47.23428],[-113.32638,47.23479],[-113.32262,47.23825],[-113.32154,47.24214],[-113.31287,47.24234],[-113.31089,47.23965],[-113.30515,47.23625],[-113.29971,47.23548],[-113.29517,47.23757],[-113.29289,47.23468],[-113.29266,47.23449],[-113.29212,47.23405],[-113.28747,47.23107],[-113.2838,47.23046],[-113.27861,47.22859],[-113.27511,47.23114],[-113.26854,47.23162],[-113.2668,47.23305],[-113.26445,47.2415],[-113.26088,47.24698],[-113.26082,47.24702],[-113.26064,47.24715],[-113.26067,47.24789],[-113.26082,47.24798],[-113.26104,47.24811],[-113.25939,47.25143],[-113.25439,47.25238],[-113.25135,47.255],[-113.25027,47.25924],[-113.25031,47.25939],[-113.25037,47.25957],[-113.2509,47.26335],[-113.25002,47.26711],[-113.25238,47.26996],[-113.25318,47.27324],[-113.25201,47.279],[-113.25308,47.28344],[-113.252,47.28612],[-113.25303,47.28849],[-113.25219,47.29112],[-113.25725,47.29768],[-113.25563,47.30195],[-113.24944,47.30324],[-113.24853,47.30696],[-113.24564,47.30669],[-113.24392,47.30803],[-113.23934,47.30878],[-113.23688,47.30815],[-113.23149,47.31146],[-113.2289,47.30933],[-113.22249,47.30879],[-113.21487,47.30399],[-113.21351,47.30115],[-113.20846,47.3],[-113.20536,47.30451],[-113.20382,47.30828],[-113.20079,47.3125],[-113.19396,47.31313],[-113.18537,47.31292],[-113.17958,47.31851],[-113.17698,47.31909],[-113.17192,47.31797],[-113.1703,47.32115],[-113.16338,47.32107],[-113.15794,47.31829],[-113.15222,47.3178],[-113.14479,47.31229],[-113.14214,47.3078],[-113.13625,47.30473],[-113.13367,47.29959],[-113.13007,47.29581],[-113.12987,47.293],[-113.12716,47.28948],[-113.12759,47.28634],[-113.12964,47.28494],[-113.13102,47.28171],[-113.12567,47.28004],[-113.11957,47.27738],[-113.12154,47.27337],[-113.11834,47.26821],[-113.11612,47.26714],[-113.1189,47.26518],[-113.12073,47.2604],[-113.1279,47.25493],[-113.12776,47.25311],[-113.12336,47.25052],[-113.12171,47.2507],[-113.11777,47.24875],[-113.1076,47.25053],[-113.10342,47.24956],[-113.10211,47.24595],[-113.09764,47.24499],[-113.0937,47.2483],[-113.08594,47.25267],[-113.0808,47.25513],[-113.07441,47.25914],[-113.07196,47.26191],[-113.0666,47.265],[-113.0625,47.26575],[-113.0529,47.26379],[-113.04595,47.2672],[-113.04192,47.26511],[-113.03718,47.26532],[-113.0308,47.26375],[-113.02364,47.26329],[-113.01209,47.27151],[-113.00928,47.27436],[-113.00534,47.28084],[-113.00451,47.28687],[-113.00665,47.29183],[-113.00385,47.29353],[-113.00089,47.29696],[-113.00006,47.30207],[-112.99755,47.30572],[-112.9952,47.3066],[-112.99163,47.30608],[-112.98936,47.30476],[-112.9838,47.3045],[-112.98212,47.30599],[-112.97711,47.306],[-112.975,47.3096],[-112.97027,47.31312],[-112.96821,47.31704],[-112.9647,47.31987],[-112.96202,47.3241],[-112.95484,47.3257],[-112.95332,47.3281],[-112.95071,47.32987],[-112.94567,47.33179],[-112.94367,47.33526],[-112.93511,47.33972],[-112.93223,47.3433],[-112.92866,47.34016],[-112.92403,47.33836],[-112.92125,47.33806],[-112.91611,47.33911],[-112.91241,47.33849],[-112.90754,47.3338],[-112.9026,47.33258],[-112.90178,47.33007],[-112.89838,47.32635],[-112.89531,47.32607],[-112.88748,47.32715],[-112.8823,47.32639],[-112.87714,47.32191],[-112.87453,47.32097],[-112.87368,47.319],[-112.8711,47.31844],[-112.86889,47.31465],[-112.86831,47.31121],[-112.86399,47.30813],[-112.85871,47.30778],[-112.85617,47.30951],[-112.85056,47.31043],[-112.84437,47.31014],[-112.83996,47.31143],[-112.83119,47.31069],[-112.82893,47.30995],[-112.8281,47.30557],[-112.82478,47.30204],[-112.82025,47.30258],[-112.81668,47.30097],[-112.80872,47.30024],[-112.8077,47.29708],[-112.80389,47.29201],[-112.79973,47.29038],[-112.79414,47.29024],[-112.78438,47.29161],[-112.77907,47.2935],[-112.76546,47.28995],[-112.76454,47.28897],[-112.75842,47.28784],[-112.75431,47.28877],[-112.74922,47.28872],[-112.74235,47.2873],[-112.73414,47.28858],[-112.7317,47.28643],[-112.72632,47.28509],[-112.72451,47.28201],[-112.72649,47.2795],[-112.72602,47.27664],[-112.72949,47.27104],[-112.72798,47.26609],[-112.72809,47.26361],[-112.7313,47.26054],[-112.73431,47.2564],[-112.73718,47.25456],[-112.73819,47.25258],[-112.74232,47.24945],[-112.74641,47.2473],[-112.74656,47.24595],[-112.74364,47.24396],[-112.74035,47.23992],[-112.73998,47.23801],[-112.7427,47.23654],[-112.74396,47.23235],[-112.74638,47.2308],[-112.74907,47.23088],[-112.75176,47.22848],[-112.75758,47.22697],[-112.76347,47.22399],[-112.76106,47.21738],[-112.7712,47.20954],[-112.7752,47.20831],[-112.78204,47.20845],[-112.78726,47.20655],[-112.79093,47.2072],[-112.7914,47.20871],[-112.79598,47.21137],[-112.79698,47.21445],[-112.80267,47.21901],[-112.80485,47.22301],[-112.80841,47.22362],[-112.81409,47.22312],[-112.81972,47.21788],[-112.82296,47.21407],[-112.82847,47.21134],[-112.82957,47.2099],[-112.82958,47.20596],[-112.85082,47.20597],[-112.85079,47.19149],[-112.87201,47.19152],[-112.87199,47.17702],[-112.89482,47.17702],[-112.8964,47.17029],[-112.89556,47.1644],[-112.89928,47.16077],[-112.89974,47.15842],[-112.90589,47.15325],[-112.9136,47.14982],[-112.91422,47.14711],[-112.91333,47.13966],[-112.90956,47.13381],[-112.9096,47.12941],[-112.90243,47.12753],[-112.90102,47.12609],[-112.90055,47.11958],[-112.89965,47.1177],[-112.89417,47.11626],[-112.89336,47.11364],[-112.88818,47.11236],[-112.8857,47.11031],[-112.88277,47.10946],[-112.88265,47.10665],[-112.87811,47.10273],[-112.87588,47.10206],[-112.86573,47.09577],[-112.8633,47.09638],[-112.86072,47.09541],[-112.85502,47.09057],[-112.8534,47.08479],[-112.85414,47.08022],[-112.85951,47.07589],[-112.86224,47.07441],[-112.86453,47.07034],[-112.86845,47.06591],[-112.87388,47.06549],[-112.87628,47.06409],[-112.88071,47.06408],[-112.88073,47.06104],[-112.88487,47.06027],[-112.88859,47.05773],[-112.89133,47.05695],[-112.89129,47.06412],[-112.90178,47.06415],[-112.90179,47.06777],[-112.89659,47.06775],[-112.89658,47.07137],[-112.90711,47.07138],[-112.90711,47.06776],[-112.91243,47.06776],[-112.91244,47.06378],[-112.9224,47.06374],[-112.9224,47.07139],[-112.91603,47.07217],[-112.91242,47.07138],[-112.91242,47.075],[-112.90711,47.07501],[-112.90709,47.08226],[-112.91239,47.08226],[-112.91232,47.09251],[-112.94358,47.09256],[-112.94357,47.08502],[-112.92769,47.0851],[-112.92769,47.06704],[-112.93298,47.06703],[-112.93298,47.0634],[-112.94356,47.06338],[-112.94356,47.05977],[-112.9531,47.05975],[-112.95195,47.06274],[-112.95232,47.0648],[-112.95833,47.07783],[-112.95949,47.07782],[-112.95948,47.08505],[-112.95418,47.08504],[-112.95418,47.08865],[-112.95948,47.08866],[-112.95948,47.09256],[-112.96478,47.09257],[-112.96479,47.06697],[-112.97008,47.06696],[-112.97009,47.07058],[-112.98596,47.07055],[-112.98597,47.07795],[-113.00717,47.0779],[-113.00711,47.09258],[-113.0495,47.09253],[-113.11308,47.09224],[-113.14452,47.09199],[-113.17634,47.09239],[-113.17637,47.10676],[-113.23976,47.10674],[-113.23975,47.12119],[-113.30278,47.12106],[-113.33478,47.12111],[-113.33478,47.11385],[-113.34546,47.11383],[-113.34546,47.10657],[-113.36673,47.1065],[-113.3667,47.1211],[-113.40936,47.12088],[-113.40938,47.10636],[-113.41486,47.10773],[-113.41752,47.10756],[-113.4271,47.11035],[-113.43032,47.10956],[-113.43755,47.11279],[-113.44351,47.11681],[-113.4461,47.121],[-113.44724,47.12768],[-113.4514,47.13453],[-113.45144,47.15011],[-113.40406,47.15015],[-113.40408,47.16475],[-113.3934,47.16475],[-113.3934,47.17201],[-113.40939,47.17208],[-113.40939,47.17929],[-113.44204,47.17939],[-113.51461,47.17917],[-113.55727,47.1791],[-113.55724,47.16434],[-113.53656,47.16439],[-113.53654,47.14981],[-113.55721,47.1498],[-113.55712,47.13523],[-113.53651,47.13524],[-113.53636,47.12071],[-113.557,47.12068],[-113.55705,47.10611],[-113.53642,47.10618],[-113.53644,47.11347],[-113.5153,47.11349],[-113.51523,47.10624],[-113.49387,47.10638],[-113.49386,47.09164],[-113.47258,47.09171],[-113.4726,47.10652],[-113.451,47.10656],[-113.42998,47.10633],[-113.4213,47.10402],[-113.41793,47.10355],[-113.41073,47.1009],[-113.40934,47.09958],[-113.40938,47.09184],[-113.40741,47.09184],[-113.40392,47.08852],[-113.40334,47.08631],[-113.39719,47.0826],[-113.39344,47.08088],[-113.39029,47.0773],[-113.40923,47.07727],[-113.40923,47.07365],[-113.42927,47.07363],[-113.42966,47.03652],[-113.42987,46.98977],[-113.4513,46.9899],[-113.45116,46.97527],[-113.48305,46.97525],[-113.51532,46.97539],[-113.51522,46.99018],[-113.53676,46.99009],[-113.53634,47.00712],[-113.55306,47.00756],[-113.63825,47.00761],[-113.63833,46.9644],[-113.65969,46.9645],[-113.65999,46.92108],[-113.6815,46.92116],[-113.76593,46.921],[-113.76617,46.90653],[-113.78724,46.90666],[-113.78722,46.89227],[-113.79775,46.89241],[-113.80331,46.8931],[-113.80647,46.89559],[-113.80923,46.89584],[-113.81507,46.89503],[-113.81766,46.89363],[-113.81934,46.8908],[-113.82291,46.88926],[-113.8289,46.89033],[-113.8335,46.88996],[-113.83351,46.89221],[-113.84407,46.89219],[-113.84427,46.88857],[-113.83937,46.88858],[-113.84075,46.88593],[-113.84625,46.88399],[-113.84936,46.88191],[-113.84936,46.87789],[-113.87569,46.87786],[-113.8757,46.88139],[-113.88098,46.88142],[-113.881,46.88499],[-113.88628,46.88499],[-113.88629,46.88862],[-113.88101,46.88861],[-113.88103,46.89223],[-113.89159,46.89225],[-113.89156,46.885],[-113.90971,46.88504],[-113.91249,46.88638],[-113.91249,46.8923],[-113.92288,46.89281],[-113.93291,46.89259],[-113.93348,46.9137],[-113.93884,46.91374],[-113.93867,46.90307],[-113.94405,46.90306],[-113.94418,46.91198],[-113.94954,46.91201],[-113.94955,46.91381],[-113.94419,46.91377],[-113.9442,46.91552],[-113.95346,46.9198],[-113.94959,46.92088],[-113.94953,46.9353],[-113.95355,46.93534],[-113.95739,46.93136],[-113.95681,46.92544],[-113.95981,46.92061],[-113.96015,46.91745],[-113.97063,46.91744],[-113.97058,46.9209],[-113.96533,46.9209],[-113.96284,46.92523],[-113.96506,46.92621],[-113.9681,46.9296],[-113.97199,46.93156],[-113.98637,46.93178],[-113.98638,46.92817],[-113.99694,46.92823],[-113.99686,46.94986],[-113.99158,46.94985],[-113.99157,46.95706],[-113.99686,46.95708],[-113.99685,46.96069],[-113.99157,46.96068],[-113.99157,46.96429],[-114.03924,46.96449],[-114.03925,46.97897],[-114.06044,46.97904],[-114.06041,46.9935],[-114.08154,46.99356],[-114.08154,47.00441],[-114.11874,47.00455],[-114.11872,47.01176],[-114.11341,47.01174],[-114.11337,47.01895],[-114.10277,47.01892],[-114.10275,47.02253]],[[-113.80447,46.89614],[-113.80304,46.89331],[-113.79775,46.89245],[-113.79771,46.89591],[-113.80447,46.89614]]],[[[-113.93312,46.86317],[-113.93321,46.86877],[-113.9293,46.87057],[-113.8978,46.87082],[-113.8915,46.86368],[-113.88623,46.86346],[-113.88047,46.85784],[-113.87853,46.85477],[-113.87621,46.85286],[-113.87022,46.85068],[-113.8705,46.84141],[-113.85998,46.8414],[-113.85997,46.83778],[-113.86524,46.83778],[-113.86524,46.83415],[-113.85997,46.83415],[-113.85997,46.83778],[-113.84944,46.83777],[-113.84942,46.83414],[-113.84637,46.83415],[-113.84636,46.82935],[-113.84024,46.82936],[-113.8358,46.82755],[-113.8358,46.82573],[-113.83099,46.82573],[-113.83119,46.82208],[-113.82132,46.82203],[-113.82121,46.81482],[-113.81592,46.8148],[-113.8158,46.8076],[-113.80305,46.80755],[-113.79955,46.80576],[-113.79441,46.80199],[-113.79444,46.79643],[-113.78244,46.79616],[-113.78246,46.79265],[-113.77091,46.7926],[-113.77092,46.78899],[-113.76565,46.78899],[-113.76565,46.78538],[-113.77093,46.78539],[-113.77093,46.78075],[-113.76566,46.78075],[-113.76567,46.77611],[-113.75513,46.7761],[-113.75509,46.7862],[-113.7461,46.78366],[-113.7441,46.7807],[-113.74961,46.78072],[-113.74962,46.77611],[-113.73103,46.77613],[-113.73102,46.77192],[-113.72586,46.77194],[-113.72189,46.76946],[-113.71816,46.76173],[-113.73101,46.76169],[-113.73097,46.7473],[-113.70996,46.7473],[-113.70984,46.71602],[-113.66799,46.71616],[-113.65565,46.71602],[-113.6556,46.72342],[-113.64458,46.72375],[-113.64474,46.71614],[-113.62401,46.7163],[-113.62397,46.72],[-113.60327,46.72006],[-113.60329,46.71642],[-113.58703,46.71647],[-113.587,46.70922],[-113.55558,46.70931],[-113.55145,46.70723],[-113.55014,46.70488],[-113.55043,46.70209],[-113.54517,46.70209],[-113.54515,46.70495],[-113.53516,46.70496],[-113.53516,46.70857],[-113.52991,46.70857],[-113.52992,46.70496],[-113.52468,46.70496],[-113.52469,46.70135],[-113.50381,46.70137],[-113.50366,46.68695],[-113.46151,46.68685],[-113.41959,46.68706],[-113.41959,46.68789],[-113.39945,46.68739],[-113.40141,46.68498],[-113.40414,46.68419],[-113.40885,46.68143],[-113.40594,46.67803],[-113.40719,46.67482],[-113.41163,46.67077],[-113.41328,46.66848],[-113.41799,46.66719],[-113.42302,46.66434],[-113.43028,46.66191],[-113.43671,46.66407],[-113.44868,46.66328],[-113.45424,46.66122],[-113.45509,46.65889],[-113.45833,46.65465],[-113.461,46.64869],[-113.46527,46.64664],[-113.4671,46.64456],[-113.46696,46.64166],[-113.47197,46.63882],[-113.47269,46.63278],[-113.47788,46.6275],[-113.48301,46.62655],[-113.48528,46.62699],[-113.48924,46.62459],[-113.49459,46.62343],[-113.49652,46.6223],[-113.50093,46.62402],[-113.50554,46.62456],[-113.50835,46.62089],[-113.51697,46.61246],[-113.51974,46.61074],[-113.52518,46.61025],[-113.53092,46.6069],[-113.53415,46.60679],[-113.54284,46.60405],[-113.54441,46.60111],[-113.54747,46.59886],[-113.55247,46.59698],[-113.55698,46.58869],[-113.56434,46.58509],[-113.56795,46.58468],[-113.57468,46.58562],[-113.57788,46.58472],[-113.57931,46.58078],[-113.57851,46.57625],[-113.57484,46.5703],[-113.57064,46.5694],[-113.57265,46.56614],[-113.57302,46.56332],[-113.5682,46.56092],[-113.56847,46.5587],[-113.56617,46.55529],[-113.57164,46.55193],[-113.57174,46.55073],[-113.56661,46.54861],[-113.56298,46.54591],[-113.5677,46.54066],[-113.56526,46.53529],[-113.56564,46.53116],[-113.55988,46.53046],[-113.55809,46.5289],[-113.56451,46.52322],[-113.56488,46.52197],[-113.56319,46.51562],[-113.56436,46.51322],[-113.56325,46.5108],[-113.5539,46.50091],[-113.5572,46.49619],[-113.55672,46.49159],[-113.56117,46.48566],[-113.55993,46.48165],[-113.56004,46.47617],[-113.56295,46.47257],[-113.5673,46.46934],[-113.56705,46.4676],[-113.56351,46.46353],[-113.56848,46.45997],[-113.5699,46.45627],[-113.56991,46.45322],[-113.57436,46.4489],[-113.58112,46.44515],[-113.58816,46.43673],[-113.59043,46.43497],[-113.59228,46.4299],[-113.59467,46.42826],[-113.59645,46.42563],[-113.60476,46.42331],[-113.60805,46.41868],[-113.61699,46.41449],[-113.62232,46.41363],[-113.62415,46.40987],[-113.62173,46.40394],[-113.62009,46.40297],[-113.61869,46.39928],[-113.62101,46.39586],[-113.64065,46.39589],[-113.64054,46.35821],[-113.64528,46.35636],[-113.64746,46.35476],[-113.65245,46.3527],[-113.65979,46.3531],[-113.66303,46.35263],[-113.67634,46.35544],[-113.68078,46.35511],[-113.68421,46.35672],[-113.6909,46.35532],[-113.69194,46.35178],[-113.698,46.35026],[-113.70186,46.34696],[-113.70348,46.34312],[-113.70763,46.33747],[-113.70768,46.33542],[-113.71393,46.3338],[-113.71816,46.32873],[-113.724,46.32532],[-113.72845,46.32369],[-113.73241,46.32378],[-113.73369,46.32174],[-113.73217,46.31975],[-113.73768,46.31515],[-113.74818,46.31508],[-113.75045,46.31269],[-113.75784,46.31112],[-113.76709,46.3066],[-113.7696,46.30581],[-113.77611,46.30522],[-113.78073,46.30631],[-113.7758,46.31065],[-113.77433,46.31378],[-113.77462,46.31605],[-113.77184,46.32125],[-113.77484,46.32201],[-113.77827,46.32505],[-113.779,46.32826],[-113.7821,46.3305],[-113.78363,46.33581],[-113.7855,46.3391],[-113.78473,46.34172],[-113.78465,46.34217],[-113.78616,46.34581],[-113.78609,46.35342],[-113.78253,46.35778],[-113.78217,46.36013],[-113.78312,46.36461],[-113.78571,46.36484],[-113.78706,46.36655],[-113.78597,46.3699],[-113.78815,46.3714],[-113.7961,46.37292],[-113.79761,46.37543],[-113.79787,46.37842],[-113.801,46.38517],[-113.803,46.38672],[-113.80811,46.38789],[-113.8105,46.39471],[-113.81297,46.39651],[-113.81679,46.3971],[-113.81749,46.40051],[-113.82169,46.40324],[-113.82024,46.40699],[-113.82581,46.41008],[-113.83243,46.40873],[-113.83476,46.41009],[-113.8364,46.41452],[-113.83837,46.41442],[-113.84477,46.41641],[-113.85238,46.41759],[-113.85834,46.42018],[-113.8582,46.42357],[-113.85579,46.42923],[-113.85574,46.43397],[-113.85383,46.43707],[-113.84922,46.44098],[-113.85029,46.44359],[-113.84922,46.44804],[-113.85117,46.4514],[-113.85256,46.4558],[-113.85572,46.45845],[-113.85568,46.46374],[-113.85714,46.46698],[-113.8568,46.4705],[-113.86039,46.47324],[-113.86428,46.47519],[-113.86282,46.48007],[-113.866,46.4809],[-113.86792,46.48491],[-113.86593,46.49212],[-113.87217,46.49494],[-113.8768,46.4964],[-113.87862,46.49794],[-113.87888,46.50241],[-113.87675,46.5044],[-113.87465,46.50833],[-113.87159,46.50951],[-113.86619,46.51267],[-113.86361,46.5133],[-113.85314,46.51397],[-113.85005,46.51481],[-113.84846,46.51878],[-113.84609,46.52247],[-113.84592,46.52677],[-113.84834,46.52935],[-113.84723,46.53429],[-113.84517,46.53709],[-113.84657,46.54192],[-113.84518,46.54658],[-113.84302,46.5496],[-113.84056,46.5508],[-113.84093,46.55488],[-113.83704,46.55824],[-113.83603,46.56316],[-113.83465,46.56543],[-113.82872,46.57072],[-113.82988,46.57535],[-113.83354,46.57801],[-113.83598,46.58104],[-113.83606,46.58324],[-113.83415,46.58441],[-113.82803,46.58539],[-113.82296,46.58933],[-113.8117,46.58907],[-113.81128,46.59234],[-113.80929,46.59515],[-113.80958,46.598],[-113.80791,46.60251],[-113.80991,46.60414],[-113.81079,46.60707],[-113.80981,46.6087],[-113.81417,46.61369],[-113.81625,46.61529],[-113.81286,46.61806],[-113.80978,46.619],[-113.80567,46.61889],[-113.80296,46.62295],[-113.80449,46.62652],[-113.80284,46.62947],[-113.80798,46.6325],[-113.81189,46.63403],[-113.81778,46.63743],[-113.81676,46.64211],[-113.81837,46.64412],[-113.8226,46.64571],[-113.82304,46.65373],[-113.82634,46.65757],[-113.82611,46.65946],[-113.82897,46.66196],[-113.82867,46.66773],[-113.82635,46.66979],[-113.82345,46.67081],[-113.82905,46.67671],[-113.83196,46.67807],[-113.83816,46.67883],[-113.84066,46.68116],[-113.84823,46.68413],[-113.8504,46.68428],[-113.85377,46.68783],[-113.86355,46.68685],[-113.87009,46.68787],[-113.87307,46.68744],[-113.87546,46.68346],[-113.87831,46.68258],[-113.8814,46.68322],[-113.88523,46.68123],[-113.894,46.68048],[-113.90164,46.68407],[-113.90269,46.68713],[-113.90623,46.69015],[-113.90883,46.69432],[-113.91152,46.69325],[-113.91543,46.69348],[-113.91771,46.69459],[-113.92108,46.69423],[-113.92611,46.69632],[-113.92998,46.69674],[-113.9372,46.69891],[-113.93711,46.70257],[-113.94102,46.70439],[-113.95153,46.70439],[-113.95158,46.71889],[-113.94108,46.71889],[-113.94107,46.73338],[-113.92005,46.73339],[-113.92011,46.74813],[-113.91924,46.74813],[-113.91946,46.79275],[-113.91084,46.79274],[-113.911,46.80732],[-113.9196,46.80731],[-113.9196,46.80636],[-113.9406,46.80628],[-113.94061,46.8099],[-113.93012,46.80995],[-113.93015,46.81616],[-113.96227,46.8103],[-113.9451,46.82511],[-113.94838,46.8341],[-113.97134,46.83421],[-113.97131,46.83106],[-113.9766,46.83107],[-113.976,46.83789],[-113.97335,46.84059],[-113.97282,46.84421],[-113.96543,46.84417],[-113.96021,46.84869],[-113.95494,46.84867],[-113.95492,46.86148],[-113.94389,46.86315],[-113.93312,46.86317],[-113.93306,46.84862],[-113.92331,46.84862],[-113.92335,46.8559],[-113.9128,46.85591],[-113.91283,46.86318],[-113.93312,46.86317]],[[-113.92247,46.83408],[-113.91969,46.82648],[-113.91968,46.83408],[-113.92247,46.83408]],[[-113.90042,46.81737],[-113.90042,46.80735],[-113.87929,46.80741],[-113.87933,46.82203],[-113.90042,46.82201],[-113.90042,46.81737]]],[[[-115.11812,47.97425],[-115.09667,47.97422],[-115.09666,47.95978],[-115.13966,47.9598],[-115.13961,47.90187],[-115.11812,47.90186],[-115.11809,47.88737],[-115.09659,47.88734],[-115.09655,47.87286],[-115.09752,47.87286],[-115.09753,47.86256],[-115.07586,47.86263],[-115.07587,47.848],[-115.05427,47.84799],[-115.05428,47.83347],[-115.03268,47.83344],[-115.03272,47.81881],[-115.0543,47.81884],[-115.05432,47.80431],[-115.0758,47.80427],[-115.07576,47.78965],[-115.11829,47.78963],[-115.11831,47.70232],[-115.09718,47.70231],[-115.09708,47.68784],[-115.03271,47.68793],[-115.03271,47.6734],[-115.01125,47.67338],[-115.01125,47.65889],[-114.98978,47.65887],[-114.98977,47.61456],[-114.92504,47.61458],[-114.92501,47.60007],[-114.94642,47.60003],[-114.9464,47.58554],[-114.96778,47.58559],[-114.96775,47.57102],[-114.98975,47.57101],[-114.98974,47.54313],[-115.03245,47.54301],[-115.03243,47.53214],[-115.04311,47.53211],[-115.04313,47.53571],[-115.05916,47.53567],[-115.06708,47.53675],[-115.07525,47.53963],[-115.07973,47.54004],[-115.08277,47.54291],[-115.09109,47.54539],[-115.09111,47.54666],[-115.09677,47.54669],[-115.09698,47.55362],[-115.10761,47.5536],[-115.10768,47.55719],[-115.11827,47.55715],[-115.11821,47.55224],[-115.12364,47.55407],[-115.12369,47.56238],[-115.129,47.56242],[-115.129,47.56419],[-115.13969,47.56432],[-115.13969,47.56743],[-115.14504,47.56833],[-115.15485,47.56832],[-115.15575,47.57194],[-115.1611,47.57193],[-115.16109,47.57918],[-115.18253,47.57917],[-115.18253,47.58641],[-115.22583,47.58637],[-115.22583,47.58582],[-115.26864,47.58564],[-115.26868,47.60006],[-115.30079,47.60001],[-115.30077,47.60726],[-115.31144,47.60728],[-115.31143,47.61451],[-115.32229,47.61463],[-115.32225,47.61824],[-115.32761,47.61827],[-115.32757,47.6255],[-115.33296,47.62553],[-115.333,47.62914],[-115.34369,47.62915],[-115.34903,47.63279],[-115.34901,47.63824],[-115.35168,47.63824],[-115.35435,47.64006],[-115.35433,47.64369],[-115.36506,47.64369],[-115.36496,47.65822],[-115.37557,47.65822],[-115.37541,47.68723],[-115.38618,47.68722],[-115.38612,47.70168],[-115.39694,47.70167],[-115.39689,47.71619],[-115.41841,47.71619],[-115.41826,47.73043],[-115.42903,47.73054],[-115.42885,47.74522],[-115.45047,47.74516],[-115.45049,47.76687],[-115.44582,47.76544],[-115.435,47.76461],[-115.4305,47.76497],[-115.42379,47.76848],[-115.4205,47.77577],[-115.41606,47.77832],[-115.41243,47.7832],[-115.41149,47.78666],[-115.40814,47.78885],[-115.40564,47.7921],[-115.40508,47.79437],[-115.39943,47.80076],[-115.39633,47.80137],[-115.3951,47.80303],[-115.39535,47.8057],[-115.39083,47.80723],[-115.38573,47.812],[-115.38298,47.81716],[-115.37458,47.81442],[-115.37319,47.81144],[-115.36913,47.80764],[-115.36097,47.80505],[-115.35723,47.80147],[-115.35748,47.79568],[-115.35223,47.795],[-115.34941,47.79379],[-115.34686,47.7908],[-115.34658,47.78866],[-115.34057,47.78402],[-115.33904,47.78159],[-115.34008,47.77721],[-115.33246,47.77099],[-115.3204,47.7676],[-115.31687,47.76728],[-115.3142,47.76814],[-115.31037,47.76678],[-115.30572,47.76259],[-115.30149,47.76136],[-115.29978,47.75975],[-115.291,47.75847],[-115.285,47.75531],[-115.28281,47.75573],[-115.27706,47.7538],[-115.26985,47.75557],[-115.26878,47.75891],[-115.26974,47.76099],[-115.26909,47.76589],[-115.26983,47.76982],[-115.26616,47.77434],[-115.26444,47.77533],[-115.26488,47.77797],[-115.27042,47.78678],[-115.26983,47.79115],[-115.26666,47.79457],[-115.26667,47.7972],[-115.26324,47.80054],[-115.26198,47.80285],[-115.25652,47.80782],[-115.25413,47.81358],[-115.25158,47.8166],[-115.25262,47.81897],[-115.25463,47.81976],[-115.25964,47.82523],[-115.25912,47.83046],[-115.26267,47.8323],[-115.2625,47.8349],[-115.25875,47.836],[-115.25619,47.84248],[-115.25793,47.84556],[-115.25797,47.84867],[-115.25292,47.85284],[-115.24764,47.85379],[-115.2487,47.85966],[-115.25281,47.86261],[-115.2524,47.86616],[-115.25344,47.86973],[-115.24876,47.87383],[-115.24987,47.87773],[-115.24891,47.8808],[-115.2501,47.88415],[-115.24494,47.88994],[-115.24736,47.89318],[-115.24646,47.89634],[-115.24826,47.89943],[-115.25337,47.90433],[-115.25077,47.90755],[-115.251,47.91102],[-115.24838,47.91521],[-115.24483,47.91505],[-115.23548,47.91201],[-115.23353,47.90986],[-115.22526,47.90827],[-115.22025,47.91038],[-115.21794,47.91352],[-115.21224,47.91494],[-115.20651,47.91919],[-115.20323,47.91883],[-115.20142,47.9165],[-115.19644,47.91657],[-115.19703,47.91938],[-115.19382,47.91988],[-115.19236,47.91759],[-115.18525,47.91899],[-115.18675,47.92236],[-115.18285,47.92668],[-115.18335,47.92966],[-115.18028,47.93196],[-115.17966,47.93639],[-115.18135,47.93739],[-115.17936,47.94173],[-115.1812,47.94624],[-115.17847,47.94801],[-115.18549,47.95691],[-115.18277,47.95881],[-115.178,47.95906],[-115.17517,47.96],[-115.17336,47.9661],[-115.17374,47.97176],[-115.176,47.97441],[-115.1697,47.97496],[-115.16491,47.97283],[-115.16386,47.97066],[-115.16145,47.96678],[-115.16042,47.96356],[-115.1577,47.96151],[-115.1531,47.96198],[-115.15109,47.96345],[-115.14798,47.96376],[-115.14792,47.96652],[-115.14623,47.96956],[-115.1459,47.97464],[-115.14482,47.97715],[-115.13874,47.97903],[-115.1362,47.9843],[-115.13044,47.9837],[-115.12782,47.97877],[-115.12498,47.97581],[-115.12081,47.97372],[-115.11812,47.97425]]],[[[-114.77109,47.90414],[-114.77108,47.88695],[-114.77457,47.88718],[-114.79258,47.88725],[-114.84935,47.88722],[-114.84935,47.88613],[-114.84114,47.88389],[-114.83713,47.88096],[-114.82875,47.87587],[-114.82215,47.87673],[-114.81397,47.87453],[-114.8086,47.87465],[-114.80127,47.86935],[-114.79736,47.86869],[-114.7873,47.84991],[-114.78785,47.83922],[-114.79719,47.83691],[-114.80473,47.829],[-114.81797,47.8182],[-114.81906,47.81503],[-114.82521,47.80866],[-114.82493,47.80505],[-114.83105,47.80129],[-114.83235,47.79815],[-114.83876,47.79233],[-114.82884,47.77996],[-114.83138,47.77465],[-114.8293,47.77325],[-114.82538,47.77366],[-114.81896,47.77206],[-114.81101,47.76723],[-114.80591,47.76724],[-114.79907,47.76405],[-114.79429,47.76288],[-114.79134,47.76288],[-114.78103,47.76094],[-114.77551,47.75868],[-114.76537,47.76279],[-114.76309,47.76432],[-114.75902,47.76194],[-114.75404,47.76059],[-114.74976,47.75645],[-114.74926,47.75431],[-114.74569,47.75253],[-114.74632,47.74568],[-114.74765,47.74292],[-114.74368,47.74022],[-114.74101,47.73707],[-114.73885,47.73163],[-114.73344,47.7264],[-114.73302,47.72241],[-114.73608,47.71922],[-114.73429,47.71503],[-114.72199,47.71421],[-114.71894,47.70652],[-114.72166,47.70239],[-114.72341,47.69134],[-114.75342,47.67942],[-114.76123,47.67566],[-114.76428,47.6727],[-114.76534,47.66556],[-114.76139,47.65756],[-114.7632,47.65534],[-114.76199,47.65333],[-114.75455,47.64534],[-114.75327,47.63309],[-114.75025,47.62834],[-114.75308,47.62645],[-114.7571,47.62059],[-114.75921,47.61568],[-114.76284,47.61382],[-114.76389,47.60241],[-114.76356,47.60025],[-114.76647,47.5867],[-114.76704,47.57893],[-114.76567,47.57268],[-114.76603,47.57074],[-114.77289,47.56178],[-114.77442,47.55715],[-114.7716,47.55385],[-114.77207,47.54904],[-114.78067,47.54907],[-114.78067,47.5527],[-114.78601,47.55272],[-114.786,47.55634],[-114.79667,47.55638],[-114.79666,47.56362],[-114.80739,47.56363],[-114.80741,47.57087],[-114.81805,47.57088],[-114.81803,47.57816],[-114.82872,47.57819],[-114.82871,47.58547],[-114.8394,47.58549],[-114.83936,47.59998],[-114.86084,47.60001],[-114.86084,47.61457],[-114.88221,47.61457],[-114.88222,47.62908],[-114.90364,47.62912],[-114.90369,47.70159],[-114.92518,47.70159],[-114.92539,47.78868],[-114.92562,47.80344],[-114.94699,47.80335],[-114.94706,47.84701],[-114.96846,47.84693],[-114.96843,47.86148],[-114.94709,47.86139],[-114.94713,47.87285],[-114.94624,47.87285],[-114.94622,47.88736],[-114.95701,47.88733],[-114.957,47.90182],[-114.98935,47.90177],[-114.98937,47.91625],[-114.96779,47.91627],[-114.96785,47.93075],[-114.94629,47.93078],[-114.94633,47.94526],[-114.92471,47.94527],[-114.92474,47.96691],[-114.94629,47.9669],[-114.9463,47.97414],[-114.93756,47.97414],[-114.93813,47.97884],[-114.93493,47.98576],[-114.93465,47.98924],[-114.93148,47.99295],[-114.9262,47.9974],[-114.91286,47.99982],[-114.9056,48.00316],[-114.90043,48.00497],[-114.89483,48.0081],[-114.88324,48.00854],[-114.87856,48.00801],[-114.87327,48.00464],[-114.86435,48.00176],[-114.85613,48.00009],[-114.84919,47.99971],[-114.84629,47.99663],[-114.84002,47.99452],[-114.83723,47.99302],[-114.83199,47.98838],[-114.82917,47.98721],[-114.82545,47.98691],[-114.81253,47.98843],[-114.80502,47.99033],[-114.80141,47.99215],[-114.79285,47.99929],[-114.79282,47.9911],[-114.78201,47.9911],[-114.78198,47.97662],[-114.79277,47.97662],[-114.79277,47.96215],[-114.81438,47.96219],[-114.81435,47.94773],[-114.79279,47.94766],[-114.79278,47.92589],[-114.77116,47.92586],[-114.77115,47.91861],[-114.79273,47.91864],[-114.79266,47.90416],[-114.77109,47.90414]]],[[[-114.79908,47.45496],[-114.82029,47.45497],[-114.82032,47.46583],[-114.79909,47.46582],[-114.79911,47.48392],[-114.78841,47.48391],[-114.7885,47.46945],[-114.77791,47.46947],[-114.77766,47.47664],[-114.77773,47.49823],[-114.76379,47.49823],[-114.76132,47.49595],[-114.76418,47.4906],[-114.76418,47.48822],[-114.74725,47.48679],[-114.74295,47.4827],[-114.74016,47.48165],[-114.73832,47.47909],[-114.7333,47.46525],[-114.73041,47.46264],[-114.73043,47.45769],[-114.73534,47.45769],[-114.73534,47.45485],[-114.74591,47.45488],[-114.74593,47.45125],[-114.75126,47.45127],[-114.75127,47.44764],[-114.76722,47.44765],[-114.76723,47.45491],[-114.78846,47.45493],[-114.78847,47.45856],[-114.79908,47.45858],[-114.79908,47.45496]]],[[[-114.79908,47.45496],[-114.78846,47.45493],[-114.78846,47.44769],[-114.77785,47.44765],[-114.77784,47.44041],[-114.73611,47.44034],[-114.73611,47.43865],[-114.74141,47.43866],[-114.7414,47.43145],[-114.75731,47.43148],[-114.7573,47.42067],[-114.76259,47.42068],[-114.76259,47.42428],[-114.76788,47.4243],[-114.76788,47.41348],[-114.7573,47.41345],[-114.7573,47.40984],[-114.752,47.40984],[-114.752,47.40623],[-114.7573,47.40623],[-114.7573,47.40262],[-114.76259,47.40264],[-114.76259,47.40625],[-114.76788,47.40626],[-114.76788,47.40265],[-114.77318,47.40267],[-114.77317,47.40628],[-114.77846,47.4063],[-114.77846,47.41351],[-114.77317,47.4135],[-114.77317,47.42431],[-114.789,47.42434],[-114.78899,47.42794],[-114.79953,47.42796],[-114.79954,47.42435],[-114.80482,47.42437],[-114.80482,47.41355],[-114.81536,47.41359],[-114.81538,47.42802],[-114.82067,47.42804],[-114.82063,47.41324],[-114.8295,47.41324],[-114.83102,47.41462],[-114.83106,47.41704],[-114.82585,47.41703],[-114.82592,47.42443],[-114.83118,47.42444],[-114.83123,47.42805],[-114.83654,47.42805],[-114.83656,47.43163],[-114.84103,47.43164],[-114.84099,47.43523],[-114.83127,47.43521],[-114.83125,47.43163],[-114.82068,47.43161],[-114.8207,47.44052],[-114.80969,47.4405],[-114.80969,47.44411],[-114.79906,47.4441],[-114.79908,47.45496]]],[[[-114.74671,47.37743],[-114.7467,47.38459],[-114.7414,47.38457],[-114.7414,47.39179],[-114.73078,47.39176],[-114.73077,47.39899],[-114.7361,47.399],[-114.7361,47.40261],[-114.71481,47.40254],[-114.71481,47.40655],[-114.70947,47.4065],[-114.70946,47.39925],[-114.69878,47.39915],[-114.69874,47.41366],[-114.69627,47.41365],[-114.6941,47.40931],[-114.6956,47.4049],[-114.69581,47.402],[-114.69447,47.39919],[-114.69945,47.39711],[-114.7025,47.3946],[-114.70138,47.39337],[-114.70778,47.38853],[-114.69969,47.38648],[-114.69531,47.38382],[-114.69132,47.38275],[-114.68732,47.38078],[-114.68782,47.377],[-114.68646,47.37395],[-114.68782,47.37025],[-114.68942,47.36881],[-114.68978,47.36479],[-114.69454,47.35584],[-114.70202,47.34882],[-114.70413,47.3488],[-114.70412,47.35233],[-114.71481,47.3523],[-114.71481,47.37365],[-114.72014,47.37368],[-114.72014,47.3845],[-114.72546,47.38451],[-114.72546,47.37732],[-114.74671,47.37743]],[[-114.72546,47.39174],[-114.71482,47.3917],[-114.7148,47.39894],[-114.72013,47.39896],[-114.72013,47.39534],[-114.72545,47.39535],[-114.72546,47.39174]]],[[[-114.75569,47.06564],[-114.73449,47.06561],[-114.73459,47.05102],[-114.75581,47.05098],[-114.75569,47.06564]]],[[[-114.77142,47.35937],[-114.76786,47.35935],[-114.76786,47.36304],[-114.75734,47.36298],[-114.75733,47.36668],[-114.75202,47.36664],[-114.75202,47.36296],[-114.74139,47.3629],[-114.74138,47.35924],[-114.73606,47.35922],[-114.73644,47.35557],[-114.73797,47.35248],[-114.74089,47.35326],[-114.7497,47.35253],[-114.75765,47.35287],[-114.75765,47.35559],[-114.76815,47.35566],[-114.77142,47.35937]]],[[[-114.76784,47.39182],[-114.7678,47.38464],[-114.75729,47.38463],[-114.7573,47.38107],[-114.752,47.38104],[-114.75201,47.37747],[-114.74671,47.37743],[-114.74671,47.37386],[-114.75202,47.3739],[-114.75202,47.37033],[-114.75733,47.37038],[-114.75731,47.3775],[-114.76257,47.37747],[-114.76259,47.37389],[-114.77315,47.37381],[-114.77309,47.38465],[-114.77838,47.38465],[-114.77841,47.38823],[-114.77311,47.38823],[-114.77314,47.39182],[-114.76784,47.39182]]],[[[-114.75569,47.06564],[-114.76636,47.06561],[-114.76628,47.07291],[-114.7769,47.0729],[-114.77678,47.0859],[-114.77327,47.08371],[-114.7683,47.08342],[-114.76451,47.0816],[-114.76299,47.07769],[-114.76226,47.07292],[-114.75564,47.07292],[-114.75569,47.06564]]],[[[-115.34544,47.60015],[-115.35441,47.60016],[-115.35442,47.60742],[-115.33298,47.6074],[-115.33297,47.60012],[-115.34544,47.60015]]],[[[-115.02707,47.23324],[-115.02707,47.24064],[-115.01123,47.24063],[-115.01124,47.23544],[-115.01636,47.23399],[-115.01976,47.23226],[-115.02462,47.23242],[-115.02707,47.23324]]],[[[-115.05354,47.89093],[-115.05357,47.90176],[-115.03744,47.90175],[-115.03741,47.89453],[-115.04279,47.89453],[-115.04281,47.89814],[-115.04818,47.89814],[-115.04816,47.89092],[-115.05354,47.89093]]],[[[-114.38792,47.03046],[-114.38792,47.03771],[-114.37736,47.03773],[-114.37735,47.02377],[-114.38264,47.02672],[-114.38264,47.03046],[-114.38792,47.03046]]],[[[-114.90574,47.42795],[-114.90569,47.43157],[-114.91632,47.43153],[-114.9163,47.43516],[-114.9027,47.43517],[-114.90068,47.42892],[-114.89801,47.43175],[-114.89863,47.43506],[-114.89441,47.43518],[-114.89503,47.42795],[-114.90574,47.42795]]],[[[-114.88318,47.46482],[-114.88171,47.46682],[-114.88311,47.46961],[-114.86187,47.46958],[-114.86192,47.46599],[-114.86722,47.46599],[-114.86723,47.46482],[-114.88318,47.46482]]],[[[-114.77109,47.90414],[-114.77112,47.91137],[-114.76032,47.91136],[-114.76031,47.90412],[-114.77109,47.90414]]],[[[-114.18211,46.91054],[-114.18719,46.91054],[-114.18722,46.91416],[-114.16633,46.9142],[-114.16626,46.91056],[-114.18211,46.91054]]],[[[-114.79913,47.49844],[-114.79912,47.50206],[-114.77774,47.50183],[-114.77773,47.4985],[-114.79913,47.49844]]],[[[-115.43998,47.72479],[-115.43303,47.72498],[-115.42768,47.72052],[-115.42683,47.71616],[-115.42284,47.71618],[-115.42915,47.71219],[-115.42917,47.71616],[-115.4317,47.71616],[-115.43396,47.71952],[-115.43998,47.72479]]],[[[-114.09816,46.92942],[-114.09704,46.92945],[-114.08858,46.92462],[-114.09136,46.92198],[-114.09394,46.92322],[-114.0975,46.92322],[-114.10287,46.92637],[-114.10291,46.93189],[-114.09816,46.92942]]],[[[-114.96554,47.5141],[-114.96556,47.52124],[-114.96098,47.52119],[-114.96095,47.51758],[-114.95111,47.51738],[-114.951,47.51368],[-114.96554,47.5141]]],[[[-114.70947,47.41739],[-114.70947,47.43551],[-114.70798,47.43427],[-114.70699,47.42915],[-114.70782,47.42616],[-114.70415,47.42271],[-114.70218,47.41781],[-114.70947,47.41739]]],[[[-114.91472,47.49535],[-114.91292,47.49714],[-114.90859,47.4976],[-114.90362,47.49625],[-114.90365,47.4913],[-114.91425,47.49156],[-114.91604,47.49349],[-114.91472,47.49535]]],[[[-114.48359,47.12516],[-114.48358,47.11423],[-114.48886,47.11424],[-114.48886,47.12516],[-114.48359,47.12516]]],[[[-114.37735,47.0232],[-114.36148,47.02319],[-114.36148,47.01959],[-114.37735,47.01958],[-114.37735,47.0232]]],[[[-115.10427,47.29991],[-115.10969,47.29982],[-115.10999,47.30956],[-115.10462,47.30958],[-115.10427,47.29991]]],[[[-114.96627,47.48873],[-114.96592,47.49601],[-114.95592,47.49588],[-114.95605,47.49223],[-114.96126,47.4923],[-114.96142,47.48868],[-114.96627,47.48873]]],[[[-114.27214,47.00834],[-114.28276,47.0084],[-114.28277,47.01208],[-114.27215,47.01202],[-114.27214,47.00834]]],[[[-114.83672,47.51282],[-114.83662,47.51643],[-114.82589,47.51647],[-114.82591,47.51286],[-114.83672,47.51282]]],[[[-114.81366,47.14211],[-114.81368,47.14935],[-114.80837,47.14935],[-114.80836,47.1421],[-114.81366,47.14211]]],[[[-114.80972,47.47306],[-114.80973,47.48029],[-114.80442,47.4803],[-114.80441,47.47306],[-114.80972,47.47306]]],[[[-114.80972,47.47306],[-114.80971,47.46944],[-114.82033,47.46945],[-114.82034,47.47306],[-114.80972,47.47306]]],[[[-114.75729,47.38463],[-114.75729,47.38822],[-114.7467,47.38819],[-114.7467,47.38459],[-114.75729,47.38463]]],[[[-114.97243,47.50283],[-114.97241,47.50646],[-114.9657,47.50641],[-114.96574,47.50278],[-114.97243,47.50283]]],[[[-114.99205,47.51878],[-114.99203,47.52133],[-114.98677,47.52133],[-114.98682,47.51579],[-114.99205,47.51878]]],[[[-115.32797,47.37026],[-115.328,47.36492],[-115.33326,47.36747],[-115.33327,47.37028],[-115.32797,47.37026]]],[[[-115.0327,47.72057],[-115.0327,47.72423],[-115.02733,47.72422],[-115.02733,47.72057],[-115.0327,47.72057]]],[[[-114.77676,47.09473],[-114.77673,47.09838],[-114.77143,47.09837],[-114.77146,47.09472],[-114.77676,47.09473]]],[[[-115.08106,47.70957],[-115.08107,47.71321],[-115.07569,47.7132],[-115.07569,47.70956],[-115.08106,47.70957]]],[[[-114.7414,47.36657],[-114.74141,47.37023],[-114.73611,47.37018],[-114.73609,47.36653],[-114.7414,47.36657]]],[[[-113.9405,46.7772],[-113.94052,46.78083],[-113.93524,46.78085],[-113.93523,46.77721],[-113.9405,46.7772]]],[[[-115.09181,47.70231],[-115.09181,47.70595],[-115.08644,47.70594],[-115.08644,47.70231],[-115.09181,47.70231]]],[[[-114.1452,46.75482],[-114.14517,46.75845],[-114.13989,46.75846],[-114.13993,46.75483],[-114.1452,46.75482]]],[[[-114.97346,47.72702],[-114.97346,47.73065],[-114.96811,47.73064],[-114.9681,47.72702],[-114.97346,47.72702]]],[[[-114.4251,47.0558],[-114.42511,47.05941],[-114.41982,47.05941],[-114.41981,47.05579],[-114.4251,47.0558]]],[[[-113.97258,46.71886],[-113.97259,46.72249],[-113.96734,46.72249],[-113.96734,46.71887],[-113.97258,46.71886]]],[[[-114.37736,47.0667],[-114.37736,47.0703],[-114.37207,47.0703],[-114.37207,47.06669],[-114.37736,47.0667]]],[[[-114.91422,47.5133],[-114.91426,47.51694],[-114.90896,47.51691],[-114.90894,47.51328],[-114.91422,47.5133]]],[[[-114.34567,47.06306],[-114.34567,47.06667],[-114.34041,47.06666],[-114.34041,47.06305],[-114.34567,47.06306]]],[[[-114.76784,47.39182],[-114.76786,47.39543],[-114.76258,47.39542],[-114.76257,47.39182],[-114.76784,47.39182]]],[[[-114.77846,47.41351],[-114.78373,47.41351],[-114.78373,47.41712],[-114.77846,47.41711],[-114.77846,47.41351]]],[[[-114.94817,47.41709],[-114.94815,47.42067],[-114.94286,47.42067],[-114.94288,47.41708],[-114.94817,47.41709]]],[[[-115.00792,47.52474],[-115.00791,47.52858],[-115.00258,47.52859],[-115.00259,47.52495],[-115.00792,47.52474]]],[[[-114.86767,47.42641],[-114.8677,47.4299],[-114.86247,47.42978],[-114.86246,47.42639],[-114.86767,47.42641]]],[[[-113.65008,46.72801],[-113.65007,46.73077],[-113.64271,46.73073],[-113.64264,46.72925],[-113.65008,46.72801]]],[[[-114.10275,47.02253],[-114.10805,47.02254],[-114.10805,47.0243],[-114.10275,47.02614],[-114.10275,47.02253]]],[[[-114.78837,47.5129],[-114.78839,47.52015],[-114.78287,47.52015],[-114.7864,47.51767],[-114.78837,47.5129]]],[[[-114.93007,47.50547],[-114.92477,47.50618],[-114.92476,47.50182],[-114.93007,47.50547]]],[[[-114.7784,47.37016],[-114.77317,47.3702],[-114.7732,47.3666],[-114.77586,47.36658],[-114.7784,47.37016]]],[[[-114.78206,47.09473],[-114.78206,47.10202],[-114.77977,47.09958],[-114.78086,47.09473],[-114.78206,47.09473]]],[[[-113.52873,47.16651],[-113.52933,47.16444],[-113.53416,47.16441],[-113.5307,47.16733],[-113.52873,47.16651]]],[[[-114.84549,47.42627],[-114.84109,47.42624],[-114.84114,47.42201],[-114.84549,47.42627]]],[[[-115.44001,47.70184],[-115.43998,47.70542],[-115.43778,47.70541],[-115.4373,47.70171],[-115.44001,47.70184]]],[[[-114.77536,47.52746],[-114.77535,47.53088],[-114.7703,47.53087],[-114.77536,47.52746]]],[[[-115.06832,47.53592],[-115.05917,47.53352],[-115.05921,47.53199],[-115.06832,47.53592]]],[[[-115.11775,47.55004],[-115.11286,47.55003],[-115.11283,47.54817],[-115.11775,47.55004]]]]},"properties":{"MA_ID":156,"MANAME":"Lolo National Forest","MANAGER":"Lolo National Forest","MA_TYPE":"FFSNF","INSTTYPE":"Federal","INST":"US Forest Service","UNITTYPE":"National Forest","ACRES":2625514.86773,"DataSource":"USFS","SourceDate":"2018-05-29T00:00:00.000Z","URL":"https://www.fs.usda.gov/lolo","EditDate":"2018-06-01T00:00:00.000Z","SourceName":"Lolo National Forest","GAP_Sts":"3","GAPCdSrc":"GAP - Default","GAPCdDt":"2024","Mang_Name":"Forest Service","Des_Tp":"National Forest","Own_Name":"Forest Service","ChangeNote":"Boundary Change","Shape_Leng":2625961.8757,"Shape_Area":10612641182.7}},
{"type":"Feature","geometry":{"type":"MultiPolygon","coordinates":[[[[-116.04896,48.29602],[-116.04825,48.29609],[-116.0472,48.29611],[-116.04654,48.2963],[-116.04438,48.29636],[-116.0441,48.29656],[-116.04289,48.29703],[-116.04266,48.29707],[-116.04247,48.29706],[-116.04155,48.2964],[-116.04034,48.29569],[-116.04004,48.29541],[-116.03967,48.29508],[-116.03944,48.29495],[-116.03869,48.29504],[-116.03845,48.29509],[-116.03809,48.29505],[-116.03649,48.29435],[-116.03608,48.29415],[-116.03502,48.29403],[-116.03468,48.294],[-116.03287,48.29325],[-116.03146,48.29311],[-116.03119,48.2931],[-116.03045,48.29298],[-116.02918,48.29281],[-116.02903,48.29276],[-116.02912,48.29229],[-116.02914,48.2922],[-116.02913,48.29215],[-116.02912,48.29208],[-116.02898,48.2917],[-116.02831,48.29121],[-116.02754,48.29058],[-116.02739,48.29048],[-116.02712,48.29029],[-116.02623,48.28999],[-116.02539,48.28976],[-116.0245,48.28955],[-116.02426,48.28946],[-116.02409,48.28937],[-116.02364,48.28908],[-116.0228,48.28851],[-116.02241,48.28818],[-116.02212,48.28797],[-116.02197,48.28786],[-116.0217,48.28764],[-116.02129,48.28688],[-116.02123,48.28667],[-116.02108,48.28617],[-116.02089,48.28555],[-116.02076,48.28533],[-116.02062,48.28513],[-116.0205,48.28497],[-116.02045,48.28491],[-116.01973,48.28436],[-116.0192,48.284],[-116.01909,48.2838],[-116.01907,48.28343],[-116.01919,48.28287],[-116.02072,48.28015],[-116.02081,48.28004],[-116.02145,48.27815],[-116.02141,48.27798],[-116.0209,48.27711],[-116.02067,48.2768],[-116.02085,48.27418],[-116.02109,48.27372],[-116.02138,48.27323],[-116.02279,48.27212],[-116.02259,48.27175],[-116.02244,48.27154],[-116.02181,48.27025],[-116.02124,48.26958],[-116.02107,48.26938],[-116.02089,48.26929],[-116.0207,48.26916],[-116.02048,48.26897],[-116.02019,48.26874],[-116.01896,48.26868],[-116.01859,48.26873],[-116.01831,48.26876],[-116.01783,48.26896],[-116.01768,48.26902],[-116.01754,48.26904],[-116.01747,48.26903],[-116.01708,48.26896],[-116.01638,48.26902],[-116.01631,48.26903],[-116.01583,48.269],[-116.01368,48.26809],[-116.01324,48.26799],[-116.01251,48.2679],[-116.01188,48.26781],[-116.0114,48.26772],[-116.01102,48.26771],[-116.01101,48.26771],[-116.00998,48.26779],[-116.0076,48.26844],[-116.00726,48.26862],[-116.00663,48.26887],[-116.00598,48.26899],[-116.0053,48.26897],[-116.00311,48.26829],[-116.00062,48.26765],[-116.00034,48.2672],[-116.00028,48.26686],[-116.00031,48.26656],[-116.00041,48.26616],[-115.99989,48.26573],[-115.99938,48.26563],[-115.9988,48.26535],[-115.995,48.26574],[-115.99418,48.26602],[-115.99357,48.26579],[-115.99305,48.26534],[-115.99286,48.26512],[-115.99269,48.26439],[-115.99263,48.26393],[-115.9917,48.26349],[-115.99106,48.26306],[-115.99064,48.26259],[-115.99047,48.26244],[-115.98995,48.2621],[-115.98953,48.26185],[-115.98935,48.26158],[-115.98974,48.26081],[-115.98929,48.26],[-115.9896,48.2575],[-115.98884,48.25683],[-115.98826,48.25632],[-115.98808,48.2561],[-115.98739,48.25531],[-115.98722,48.2551],[-115.98716,48.25486],[-115.98725,48.25449],[-115.98786,48.25216],[-115.98676,48.24994],[-115.98829,48.24815],[-115.98855,48.24784],[-115.98884,48.24765],[-115.99008,48.24699],[-115.99014,48.24643],[-115.99001,48.24609],[-115.98999,48.24592],[-115.99153,48.24525],[-115.9922,48.24522],[-115.99698,48.24576],[-115.99775,48.24543],[-115.99817,48.24508],[-115.99954,48.24392],[-116.00007,48.2435],[-116.001,48.2429],[-116.00195,48.24362],[-116.00238,48.2439],[-116.00293,48.24419],[-116.00356,48.24446],[-116.00403,48.24469],[-116.00447,48.24494],[-116.00596,48.24563],[-116.00694,48.24621],[-116.00784,48.24685],[-116.01103,48.24613],[-116.0114,48.24604],[-116.01209,48.24585],[-116.01267,48.2457],[-116.01315,48.24554],[-116.01522,48.24368],[-116.01594,48.24291],[-116.01608,48.2428],[-116.01641,48.24265],[-116.0174,48.24238],[-116.01763,48.24232],[-116.0184,48.24199],[-116.019,48.24176],[-116.01932,48.24162],[-116.01979,48.24156],[-116.02122,48.24145],[-116.02356,48.24143],[-116.02466,48.24154],[-116.02481,48.24161],[-116.02495,48.2417],[-116.02522,48.24184],[-116.0254,48.24198],[-116.02564,48.24212],[-116.02583,48.24217],[-116.02638,48.24218],[-116.02696,48.242],[-116.02717,48.24186],[-116.02832,48.24152],[-116.02937,48.24121],[-116.02976,48.24112],[-116.03024,48.24103],[-116.03036,48.24079],[-116.03024,48.24032],[-116.02871,48.23861],[-116.02752,48.2376],[-116.02723,48.23733],[-116.02704,48.23707],[-116.0248,48.23484],[-116.02472,48.23468],[-116.02463,48.23434],[-116.02437,48.23419],[-116.02395,48.23402],[-116.02378,48.23394],[-116.02287,48.23343],[-116.02242,48.23315],[-116.02114,48.23223],[-116.02045,48.23161],[-116.01938,48.2306],[-116.019,48.23003],[-116.01898,48.22994],[-116.01889,48.22945],[-116.01888,48.22934],[-116.01905,48.22715],[-116.01933,48.22612],[-116.01926,48.22542],[-116.01922,48.22485],[-116.01915,48.22432],[-116.01897,48.22411],[-116.01892,48.22399],[-116.01894,48.22364],[-116.01901,48.2233],[-116.01928,48.22271],[-116.01966,48.22202],[-116.01989,48.22101],[-116.0198,48.22066],[-116.0198,48.22004],[-116.01994,48.21965],[-116.02003,48.21941],[-116.02003,48.21931],[-116.02007,48.21896],[-116.02013,48.21886],[-116.02027,48.21872],[-116.02057,48.21856],[-116.02364,48.21557],[-116.02413,48.2146],[-116.02422,48.21448],[-116.02474,48.214],[-116.0259,48.21241],[-116.02609,48.21225],[-116.02628,48.21215],[-116.02705,48.21157],[-116.02741,48.2113],[-116.02811,48.21096],[-116.02843,48.2108],[-116.02858,48.2107],[-116.02837,48.2102],[-116.02814,48.21004],[-116.02779,48.20985],[-116.02651,48.20922],[-116.02443,48.2088],[-116.02367,48.20853],[-116.02255,48.20815],[-116.02235,48.20811],[-116.02222,48.20807],[-116.02155,48.20788],[-116.02085,48.20787],[-116.0206,48.20782],[-116.01968,48.20741],[-116.01958,48.20737],[-116.01936,48.20729],[-116.01911,48.20718],[-116.01883,48.20706],[-116.01798,48.20672],[-116.01763,48.2066],[-116.01693,48.2065],[-116.01666,48.20625],[-116.01695,48.20597],[-116.01776,48.20537],[-116.01817,48.20498],[-116.01853,48.2045],[-116.01852,48.20443],[-116.01852,48.20442],[-116.01847,48.20427],[-116.01843,48.20413],[-116.01874,48.20348],[-116.01911,48.20298],[-116.01914,48.20291],[-116.01888,48.20273],[-116.01868,48.20265],[-116.01858,48.20259],[-116.01725,48.20151],[-116.01707,48.20126],[-116.01688,48.20096],[-116.01636,48.20068],[-116.01563,48.20012],[-116.01482,48.19949],[-116.01454,48.19926],[-116.01429,48.19912],[-116.01409,48.199],[-116.01383,48.19878],[-116.01348,48.19808],[-116.01324,48.19758],[-116.01303,48.19727],[-116.01296,48.19715],[-116.01291,48.19698],[-116.0129,48.1969],[-116.01288,48.19676],[-116.01369,48.19511],[-116.01373,48.19499],[-116.01372,48.19451],[-116.01369,48.19433],[-116.01376,48.19418],[-116.0145,48.19403],[-116.01482,48.19403],[-116.01502,48.19401],[-116.01515,48.19401],[-116.01527,48.194],[-116.01646,48.19377],[-116.01678,48.19363],[-116.01717,48.19335],[-116.01725,48.1933],[-116.01823,48.19297],[-116.01892,48.19281],[-116.01952,48.19269],[-116.02126,48.1915],[-116.0212,48.19134],[-116.02053,48.19103],[-116.02013,48.19088],[-116.01955,48.19057],[-116.01936,48.19044],[-116.01864,48.1902],[-116.01892,48.18952],[-116.01942,48.18853],[-116.01964,48.18821],[-116.01973,48.18813],[-116.02052,48.18764],[-116.02154,48.18703],[-116.0218,48.18664],[-116.0219,48.18643],[-116.0217,48.18545],[-116.02158,48.18446],[-116.02158,48.18391],[-116.02145,48.18319],[-116.02144,48.18312],[-116.0212,48.1828],[-116.02106,48.18267],[-116.02009,48.18217],[-116.01941,48.18194],[-116.01849,48.1816],[-116.01812,48.18145],[-116.01798,48.18135],[-116.01788,48.18124],[-116.01769,48.18098],[-116.01709,48.1805],[-116.01662,48.18043],[-116.01658,48.17955],[-116.01649,48.17927],[-116.01646,48.17921],[-116.01636,48.17887],[-116.01642,48.17868],[-116.01684,48.17825],[-116.01781,48.17743],[-116.01798,48.17722],[-116.01813,48.17697],[-116.01879,48.17608],[-116.01899,48.17579],[-116.019,48.17543],[-116.01884,48.17522],[-116.01869,48.175],[-116.0184,48.17444],[-116.01815,48.17418],[-116.01804,48.17409],[-116.01784,48.17336],[-116.01754,48.17308],[-116.01798,48.17255],[-116.0181,48.17234],[-116.0182,48.17206],[-116.01839,48.17106],[-116.01814,48.16996],[-116.01804,48.16969],[-116.01798,48.1696],[-116.0178,48.16945],[-116.01761,48.16931],[-116.01616,48.16827],[-116.01541,48.16752],[-116.01483,48.16708],[-116.01415,48.16686],[-116.01313,48.1667],[-116.01224,48.1666],[-116.01209,48.1663],[-116.0119,48.16601],[-116.01103,48.16577],[-116.01066,48.16557],[-116.01044,48.16543],[-116.00974,48.16482],[-116.00959,48.16464],[-116.00924,48.16381],[-116.00913,48.1636],[-116.00906,48.16348],[-116.00881,48.16295],[-116.00884,48.16261],[-116.00889,48.16246],[-116.00923,48.16211],[-116.00932,48.16201],[-116.00936,48.16189],[-116.00942,48.16064],[-116.00874,48.15945],[-116.00848,48.15933],[-116.00821,48.15921],[-116.00795,48.15912],[-116.00752,48.15898],[-116.00596,48.15846],[-116.00517,48.1581],[-116.00407,48.15777],[-116.00393,48.15781],[-116.00365,48.15793],[-116.00305,48.15801],[-116.00291,48.158],[-116.00237,48.15789],[-115.99991,48.15536],[-116.0005,48.15434],[-116.00072,48.15407],[-116.00128,48.1535],[-116.00306,48.15104],[-116.00353,48.15012],[-116.00375,48.14946],[-116.00378,48.14886],[-116.00355,48.14855],[-116.00322,48.148],[-116.00265,48.14746],[-116.00224,48.14715],[-116.00194,48.14667],[-116.00211,48.14599],[-116.00223,48.14582],[-116.00316,48.14493],[-116.00406,48.14433],[-116.00512,48.1439],[-116.00637,48.14344],[-116.00682,48.14334],[-116.00817,48.14313],[-116.00913,48.14313],[-116.00998,48.14307],[-116.01004,48.14302],[-116.01009,48.14264],[-116.0101,48.14229],[-116.01016,48.14089],[-116.01036,48.13975],[-116.01038,48.1396],[-116.01103,48.13726],[-116.01203,48.13625],[-116.01277,48.13573],[-116.0134,48.13531],[-116.01577,48.13384],[-116.01699,48.13322],[-116.01741,48.13306],[-116.01818,48.1327],[-116.01889,48.13232],[-116.02121,48.12937],[-116.02208,48.12863],[-116.02304,48.12818],[-116.02485,48.12753],[-116.0254,48.12721],[-116.02602,48.12684],[-116.02776,48.1258],[-116.02819,48.1256],[-116.02919,48.125],[-116.02942,48.12493],[-116.03019,48.12471],[-116.03067,48.12461],[-116.03149,48.12443],[-116.0327,48.12403],[-116.03393,48.12377],[-116.03436,48.12366],[-116.0358,48.1231],[-116.03725,48.12268],[-116.03925,48.12231],[-116.0403,48.1221],[-116.04169,48.12173],[-116.04324,48.12139],[-116.04496,48.12099],[-116.04903,48.11957],[-116.04902,48.19751],[-116.04895,48.23694],[-116.04896,48.29602]]],[[[-115.96918,48.93676],[-115.96949,48.93661],[-115.96992,48.93644],[-115.97036,48.93633],[-115.97059,48.93627],[-115.97091,48.93621],[-115.97115,48.93622],[-115.97128,48.93621],[-115.97156,48.93618],[-115.97208,48.93606],[-115.97242,48.93598],[-115.97287,48.9359],[-115.97319,48.93585],[-115.97423,48.93572],[-115.97496,48.93556],[-115.97566,48.9353],[-115.97617,48.93508],[-115.97658,48.93494],[-115.97703,48.93482],[-115.97757,48.93464],[-115.97919,48.93428],[-115.98001,48.9339],[-115.98001,48.93258],[-115.98007,48.93202],[-115.98007,48.9317],[-115.98038,48.93073],[-115.9808,48.93005],[-115.98092,48.9299],[-115.98113,48.92953],[-115.98166,48.92931],[-115.98244,48.92932],[-115.98268,48.9293],[-115.98358,48.92922],[-115.9838,48.92923],[-115.98411,48.92924],[-115.98426,48.92923],[-115.9847,48.92915],[-115.98496,48.92907],[-115.98541,48.92894],[-115.98563,48.92891],[-115.98632,48.9289],[-115.98757,48.92904],[-115.98814,48.92906],[-115.98875,48.92924],[-115.98914,48.92952],[-115.98957,48.92981],[-115.99029,48.93007],[-115.99093,48.9302],[-115.9914,48.93044],[-115.99185,48.9307],[-115.99363,48.93186],[-115.99412,48.93228],[-115.99474,48.93285],[-115.9952,48.93328],[-115.99583,48.93372],[-115.99629,48.93389],[-115.99701,48.93412],[-115.99749,48.93417],[-115.99813,48.93404],[-115.99837,48.93389],[-115.99859,48.93367],[-115.99866,48.93356],[-115.99879,48.93338],[-115.99899,48.93321],[-115.99927,48.93306],[-115.99962,48.93288],[-115.99981,48.93281],[-115.99991,48.93279],[-116.00019,48.9327],[-116.00041,48.93271],[-116.00104,48.93264],[-116.00187,48.93263],[-116.0045,48.93281],[-116.00573,48.93301],[-116.00958,48.93464],[-116.01148,48.9343],[-116.01419,48.93381],[-116.01547,48.93349],[-116.01789,48.93312],[-116.01891,48.93294],[-116.02006,48.93285],[-116.02046,48.9329],[-116.02137,48.93333],[-116.02134,48.93158],[-116.02115,48.93047],[-116.02136,48.92894],[-116.02217,48.92784],[-116.02331,48.9262],[-116.02453,48.92542],[-116.02494,48.92518],[-116.02533,48.92492],[-116.02614,48.92471],[-116.02768,48.92406],[-116.0281,48.92375],[-116.02834,48.92343],[-116.02887,48.92278],[-116.02939,48.92204],[-116.02961,48.92162],[-116.03031,48.92079],[-116.03058,48.92049],[-116.03081,48.92032],[-116.03106,48.92015],[-116.03161,48.91995],[-116.0319,48.91973],[-116.03181,48.91949],[-116.03163,48.91899],[-116.03163,48.91898],[-116.03163,48.91896],[-116.03154,48.9186],[-116.02945,48.91601],[-116.02957,48.91543],[-116.03024,48.91437],[-116.03093,48.91421],[-116.03142,48.91424],[-116.03193,48.91428],[-116.0324,48.91421],[-116.03374,48.91313],[-116.03543,48.91172],[-116.03699,48.91044],[-116.03787,48.90976],[-116.039,48.90856],[-116.04002,48.9077],[-116.04057,48.90681],[-116.04123,48.90605],[-116.04139,48.90588],[-116.04191,48.90551],[-116.04218,48.90533],[-116.04256,48.905],[-116.0426,48.90433],[-116.04231,48.9037],[-116.04489,48.90056],[-116.04533,48.89968],[-116.04545,48.89929],[-116.04563,48.89875],[-116.04579,48.89856],[-116.04652,48.89817],[-116.04661,48.89804],[-116.04683,48.8976],[-116.0471,48.89741],[-116.04741,48.89677],[-116.048,48.89636],[-116.04875,48.89603],[-116.04907,48.89597],[-116.04913,48.98379],[-116.04909,49.00084],[-115.97214,49.00094],[-115.97205,49.00016],[-115.97198,48.9999],[-115.97179,48.99877],[-115.97166,48.99839],[-115.97104,48.99777],[-115.97056,48.99731],[-115.97044,48.99702],[-115.9703,48.99654],[-115.97068,48.99464],[-115.97084,48.9943],[-115.9708,48.99374],[-115.9703,48.99191],[-115.9703,48.99179],[-115.97024,48.99149],[-115.97028,48.99015],[-115.97054,48.98979],[-115.97097,48.98943],[-115.97136,48.98906],[-115.97147,48.98884],[-115.97163,48.98864],[-115.9718,48.9883],[-115.97189,48.98794],[-115.97191,48.98745],[-115.9718,48.98728],[-115.97139,48.98679],[-115.9703,48.98514],[-115.97,48.98454],[-115.96981,48.98391],[-115.96953,48.98335],[-115.96927,48.98177],[-115.96914,48.98146],[-115.96913,48.98124],[-115.96885,48.9809],[-115.96863,48.98014],[-115.96852,48.97953],[-115.96833,48.97917],[-115.96825,48.9791],[-115.96791,48.97882],[-115.96737,48.97848],[-115.96707,48.97823],[-115.96688,48.97812],[-115.96618,48.97775],[-115.96595,48.97768],[-115.96539,48.97746],[-115.96445,48.97662],[-115.96457,48.9763],[-115.96464,48.97609],[-115.96472,48.97576],[-115.96531,48.97465],[-115.96573,48.97437],[-115.96648,48.97381],[-115.96661,48.97351],[-115.9669,48.97316],[-115.96717,48.97299],[-115.96751,48.97281],[-115.96798,48.97249],[-115.96837,48.97219],[-115.96928,48.97128],[-115.96989,48.97081],[-115.97042,48.97025],[-115.97073,48.96988],[-115.97095,48.96957],[-115.971,48.96949],[-115.97143,48.96903],[-115.97158,48.96891],[-115.97173,48.96854],[-115.97171,48.96839],[-115.97167,48.9682],[-115.97161,48.96788],[-115.9715,48.96762],[-115.97133,48.96725],[-115.97117,48.96683],[-115.97108,48.96651],[-115.97055,48.96568],[-115.96975,48.96506],[-115.96937,48.96484],[-115.96923,48.96476],[-115.96893,48.96455],[-115.96854,48.9642],[-115.96825,48.96393],[-115.96811,48.9638],[-115.96822,48.96339],[-115.96871,48.96309],[-115.96886,48.96298],[-115.9691,48.96282],[-115.96933,48.96269],[-115.96961,48.96249],[-115.96997,48.96217],[-115.97046,48.96188],[-115.97124,48.96143],[-115.97162,48.96119],[-115.97229,48.96028],[-115.97264,48.95996],[-115.97293,48.95969],[-115.97343,48.95931],[-115.97383,48.95897],[-115.9743,48.95834],[-115.97436,48.95787],[-115.97433,48.95733],[-115.97426,48.95702],[-115.9742,48.95657],[-115.97406,48.95509],[-115.97417,48.95464],[-115.97435,48.95446],[-115.97466,48.95409],[-115.9747,48.95397],[-115.97464,48.95371],[-115.97436,48.95315],[-115.97442,48.95301],[-115.97445,48.95292],[-115.97357,48.9513],[-115.97336,48.95116],[-115.9731,48.95102],[-115.97265,48.95072],[-115.97209,48.95035],[-115.97169,48.9501],[-115.97152,48.94999],[-115.97145,48.94993],[-115.97136,48.94962],[-115.97137,48.94943],[-115.97138,48.94926],[-115.97116,48.94875],[-115.97109,48.94854],[-115.97094,48.94819],[-115.97068,48.94778],[-115.97045,48.94737],[-115.96997,48.94692],[-115.96965,48.94672],[-115.96945,48.94652],[-115.96927,48.94628],[-115.96903,48.94597],[-115.9689,48.94564],[-115.96858,48.94533],[-115.96822,48.94508],[-115.96797,48.94483],[-115.96788,48.9444],[-115.96763,48.94398],[-115.96737,48.94373],[-115.96755,48.94331],[-115.96772,48.94294],[-115.96802,48.94261],[-115.96832,48.94244],[-115.96859,48.94222],[-115.96869,48.94192],[-115.96876,48.9416],[-115.96876,48.94146],[-115.9688,48.94101],[-115.96866,48.94043],[-115.96847,48.94013],[-115.96839,48.93995],[-115.9684,48.93993],[-115.96858,48.93961],[-115.96877,48.93948],[-115.96894,48.93922],[-115.96863,48.9379],[-115.96866,48.93756],[-115.96918,48.93676]]],[[[-116.04907,48.87613],[-116.04888,48.87585],[-116.04877,48.87544],[-116.04886,48.87512],[-116.04907,48.87613]]],[[[-116.04908,48.87024],[-116.04856,48.86987],[-116.04775,48.86953],[-116.04744,48.86937],[-116.04682,48.86876],[-116.04589,48.86807],[-116.04422,48.86779],[-116.04364,48.86745],[-116.0433,48.86719],[-116.04283,48.86692],[-116.04123,48.86653],[-116.04071,48.86617],[-116.04018,48.86574],[-116.0387,48.86499],[-116.03628,48.86309],[-116.03586,48.86263],[-116.0352,48.86189],[-116.03472,48.86133],[-116.03349,48.8609],[-116.03338,48.86063],[-116.03257,48.85913],[-116.03202,48.85867],[-116.0316,48.85812],[-116.03132,48.85748],[-116.03116,48.85702],[-116.03092,48.85656],[-116.03064,48.8561],[-116.02997,48.85516],[-116.02947,48.85447],[-116.02934,48.85414],[-116.02931,48.8539],[-116.02932,48.85369],[-116.02927,48.85352],[-116.02889,48.8531],[-116.02787,48.85241],[-116.02755,48.85196],[-116.02744,48.8514],[-116.02729,48.85004],[-116.02693,48.84902],[-116.02645,48.84817],[-116.02606,48.84751],[-116.02594,48.8472],[-116.02544,48.84638],[-116.02539,48.84599],[-116.02655,48.84576],[-116.02729,48.84555],[-116.02804,48.84485],[-116.02811,48.84431],[-116.02815,48.84347],[-116.02849,48.84281],[-116.02978,48.84178],[-116.03049,48.84147],[-116.03113,48.84092],[-116.03173,48.8402],[-116.03208,48.83979],[-116.03269,48.83919],[-116.03335,48.8388],[-116.0343,48.83844],[-116.03505,48.83815],[-116.0354,48.838],[-116.03639,48.83726],[-116.03599,48.83613],[-116.03565,48.83565],[-116.03531,48.83532],[-116.03466,48.83463],[-116.03359,48.8337],[-116.03316,48.83345],[-116.03266,48.83278],[-116.03255,48.83224],[-116.03247,48.83155],[-116.03256,48.82983],[-116.03266,48.82807],[-116.03196,48.82666],[-116.03054,48.82577],[-116.02963,48.8249],[-116.02912,48.82435],[-116.02833,48.82393],[-116.02786,48.82378],[-116.02719,48.82341],[-116.02698,48.82316],[-116.02699,48.82277],[-116.02702,48.82213],[-116.02688,48.82131],[-116.02656,48.81996],[-116.02619,48.81895],[-116.02591,48.81835],[-116.02512,48.81703],[-116.0247,48.81642],[-116.02409,48.81601],[-116.02323,48.81542],[-116.02275,48.81437],[-116.02302,48.8131],[-116.02359,48.81169],[-116.02404,48.81099],[-116.02413,48.81059],[-116.02423,48.80972],[-116.02416,48.80884],[-116.02399,48.80861],[-116.02369,48.80832],[-116.02343,48.80811],[-116.02336,48.80794],[-116.0236,48.80704],[-116.02397,48.8057],[-116.02415,48.80543],[-116.02465,48.80481],[-116.02516,48.80388],[-116.02533,48.80338],[-116.02548,48.80279],[-116.02555,48.8021],[-116.02565,48.80143],[-116.02585,48.80106],[-116.0261,48.80076],[-116.02683,48.80039],[-116.02726,48.8002],[-116.02777,48.8],[-116.02859,48.79969],[-116.02884,48.79916],[-116.0291,48.7987],[-116.02936,48.79863],[-116.02991,48.79853],[-116.02996,48.79843],[-116.02993,48.79784],[-116.02973,48.79627],[-116.02918,48.79296],[-116.02921,48.79279],[-116.02912,48.7925],[-116.02785,48.79016],[-116.02754,48.78941],[-116.02682,48.78829],[-116.02664,48.78801],[-116.02603,48.78679],[-116.02549,48.78592],[-116.02498,48.785],[-116.02491,48.78457],[-116.0251,48.78392],[-116.02589,48.78269],[-116.02613,48.78249],[-116.02647,48.78186],[-116.02737,48.77871],[-116.02774,48.778],[-116.02787,48.77758],[-116.02823,48.77656],[-116.02838,48.77612],[-116.02879,48.77494],[-116.02897,48.7745],[-116.0292,48.77373],[-116.02929,48.77341],[-116.02982,48.77253],[-116.033,48.77044],[-116.03394,48.77002],[-116.03526,48.76912],[-116.03612,48.76855],[-116.03691,48.76814],[-116.03771,48.76763],[-116.03811,48.76748],[-116.0399,48.76713],[-116.04444,48.76717],[-116.04532,48.76718],[-116.04586,48.76695],[-116.04654,48.76654],[-116.04872,48.76572],[-116.04906,48.7657],[-116.04909,48.81167],[-116.04908,48.87024]]]]},"properties":{"MA_ID":185,"MANAME":"Idaho Panhandle National Forests","MANAGER":"Idaho Panhandle National Forests","MA_TYPE":"FFSNF","INSTTYPE":"Federal","INST":"US Forest Service","UNITTYPE":"National Forest","ACRES":401537.712626,"DataSource":"USFS","SourceDate":"2018-05-29T00:00:00.000Z","URL":"https://www.fs.usda.gov/ipnf","EditDate":"2018-06-01T00:00:00.000Z","SourceName":"Idaho Panhandle National Forest","GAP_Sts":"3","GAPCdSrc":"GAP - Default","GAPCdDt":"2024","Mang_Name":"USFS","Des_Tp":"NF","Own_Name":"USFS","ChangeNote":"","Shape_Leng":403991.867513,"Shape_Area":1624295999.27}},
{"type":"Feature","geometry":{"type":"MultiPolygon","coordinates":[[[[-111.45705,44.83192],[-111.45204,44.83538],[-111.44991,44.83764],[-111.4474,44.8386],[-111.44458,44.84237],[-111.445,44.84605],[-111.44782,44.84932],[-111.44615,44.8539],[-111.4527,44.85813],[-111.45525,44.86248],[-111.45766,44.86244],[-111.46217,44.8643],[-111.45638,44.86735],[-111.45556,44.86919],[-111.45841,44.87367],[-111.45466,44.87754],[-111.4547,44.87883],[-111.45031,44.88082],[-111.44901,44.88334],[-111.45216,44.88607],[-111.45261,44.88884],[-111.45441,44.89012],[-111.45579,44.89484],[-111.45449,44.89758],[-111.45477,44.90029],[-111.45206,44.9047],[-111.45744,44.91003],[-111.46062,44.91173],[-111.45925,44.91677],[-111.46027,44.91821],[-111.45928,44.92334],[-111.45755,44.92495],[-111.45775,44.92949],[-111.46105,44.93062],[-111.46031,44.93318],[-111.46311,44.93762],[-111.46434,44.94294],[-111.46621,44.94769],[-111.46476,44.95079],[-111.46695,44.95659],[-111.46637,44.96052],[-111.46341,44.96421],[-111.45751,44.9687],[-111.45136,44.97221],[-111.45134,44.97503],[-111.45565,44.98174],[-111.45777,44.98822],[-111.45692,44.99117],[-111.46219,44.99281],[-111.46377,44.99472],[-111.46417,44.99858],[-111.46658,45.00008],[-111.46971,45.00393],[-111.47451,45.00649],[-111.4806,45.00809],[-111.48199,45.00961],[-111.4877,45.01243],[-111.48689,45.01509],[-111.48859,45.01796],[-111.48294,45.02053],[-111.48344,45.02227],[-111.48083,45.02564],[-111.47814,45.03178],[-111.48009,45.03724],[-111.47975,45.03859],[-111.47213,45.0394],[-111.46632,45.03826],[-111.46279,45.03688],[-111.45913,45.03699],[-111.45859,45.0416],[-111.45889,45.04603],[-111.4566,45.04739],[-111.45431,45.05078],[-111.45176,45.05304],[-111.44883,45.05365],[-111.44443,45.05591],[-111.4409,45.05604],[-111.43646,45.05718],[-111.42906,45.05619],[-111.42553,45.05751],[-111.42871,45.05971],[-111.43132,45.06378],[-111.42819,45.06487],[-111.42777,45.06673],[-111.42523,45.06996],[-111.42647,45.07211],[-111.42381,45.07435],[-111.42547,45.08262],[-111.42862,45.09264],[-111.42165,45.09701],[-111.41887,45.09705],[-111.41052,45.10066],[-111.40417,45.09975],[-111.40288,45.09844],[-111.38996,45.09604],[-111.38525,45.09696],[-111.38409,45.10202],[-111.38012,45.10508],[-111.38206,45.10818],[-111.38178,45.11076],[-111.38529,45.11257],[-111.37909,45.11693],[-111.38236,45.12054],[-111.38287,45.12283],[-111.3756,45.12554],[-111.37565,45.12975],[-111.37129,45.12977],[-111.37123,45.13206],[-111.36955,45.13369],[-111.37192,45.13866],[-111.37595,45.14339],[-111.38137,45.14742],[-111.38763,45.15308],[-111.3893,45.15532],[-111.38944,45.15755],[-111.39411,45.16049],[-111.4016,45.16329],[-111.40029,45.16691],[-111.40178,45.16928],[-111.3992,45.17107],[-111.39788,45.17478],[-111.40379,45.17754],[-111.40821,45.17739],[-111.41926,45.18068],[-111.43434,45.18336],[-111.43705,45.18443],[-111.44283,45.18432],[-111.44695,45.18709],[-111.45242,45.18508],[-111.46436,45.18789],[-111.47304,45.19085],[-111.47815,45.19403],[-111.47964,45.19766],[-111.48259,45.20271],[-111.48265,45.20587],[-111.47998,45.21095],[-111.47997,45.21342],[-111.47805,45.21995],[-111.48017,45.22223],[-111.48014,45.22409],[-111.48443,45.22577],[-111.49068,45.22608],[-111.49467,45.2249],[-111.49914,45.22695],[-111.50192,45.22667],[-111.50619,45.22999],[-111.50457,45.23437],[-111.5087,45.23909],[-111.50786,45.24205],[-111.50425,45.24538],[-111.49599,45.24688],[-111.48799,45.25271],[-111.48606,45.25356],[-111.48111,45.25922],[-111.4762,45.26077],[-111.47359,45.2628],[-111.47037,45.26765],[-111.46842,45.26809],[-111.46562,45.27179],[-111.45519,45.2754],[-111.45089,45.27811],[-111.45068,45.27821],[-111.44881,45.28176],[-111.44597,45.2836],[-111.43712,45.2835],[-111.43394,45.28582],[-111.43496,45.28848],[-111.43396,45.29185],[-111.42964,45.29495],[-111.42296,45.29797],[-111.41728,45.29911],[-111.41387,45.302],[-111.40973,45.30299],[-111.40437,45.30281],[-111.40392,45.30283],[-111.39541,45.30411],[-111.39235,45.30716],[-111.39238,45.30842],[-111.39654,45.31413],[-111.39537,45.32144],[-111.39737,45.32693],[-111.39788,45.33203],[-111.39943,45.33885],[-111.40395,45.34295],[-111.40585,45.34786],[-111.40681,45.35302],[-111.41109,45.35215],[-111.41512,45.35465],[-111.42129,45.35338],[-111.42579,45.35431],[-111.42789,45.35747],[-111.434,45.36057],[-111.4387,45.36469],[-111.44013,45.36789],[-111.44311,45.37013],[-111.44314,45.37196],[-111.45357,45.3751],[-111.4559,45.37693],[-111.45482,45.38111],[-111.45747,45.38366],[-111.46469,45.38398],[-111.46819,45.38526],[-111.47247,45.38449],[-111.4784,45.38539],[-111.48401,45.38546],[-111.48816,45.39049],[-111.48862,45.39291],[-111.49285,45.39434],[-111.49879,45.39456],[-111.50523,45.39595],[-111.50708,45.39886],[-111.51328,45.40339],[-111.51918,45.40603],[-111.52116,45.40768],[-111.52404,45.41201],[-111.52803,45.41536],[-111.53524,45.41982],[-111.53804,45.42109],[-111.54549,45.42075],[-111.54874,45.42247],[-111.55558,45.42231],[-111.56084,45.42425],[-111.5647,45.4299],[-111.56453,45.43249],[-111.5627,45.43779],[-111.56577,45.44388],[-111.57082,45.44421],[-111.57113,45.44804],[-111.57428,45.44989],[-111.57875,45.45068],[-111.58121,45.45199],[-111.58444,45.4519],[-111.58809,45.45582],[-111.58537,45.45717],[-111.58514,45.46275],[-111.58263,45.46476],[-111.57979,45.46484],[-111.57683,45.46655],[-111.57326,45.47037],[-111.57305,45.47491],[-111.57538,45.47869],[-111.581,45.48296],[-111.5802,45.48644],[-111.58104,45.49075],[-111.58292,45.49524],[-111.58378,45.49715],[-111.58167,45.50041],[-111.58628,45.50113],[-111.59332,45.50295],[-111.59331,45.51125],[-111.58354,45.51455],[-111.58583,45.5245],[-111.53682,45.52429],[-111.53689,45.50979],[-111.52656,45.51013],[-111.49583,45.51074],[-111.49582,45.49713],[-111.49532,45.49711],[-111.49531,45.48241],[-111.47468,45.4824],[-111.47469,45.46789],[-111.4548,45.4679],[-111.45497,45.4537],[-111.43415,45.4534],[-111.41307,45.45327],[-111.3306,45.4532],[-111.33052,45.46768],[-111.30483,45.46766],[-111.30478,45.47127],[-111.29449,45.47128],[-111.29439,45.47489],[-111.28919,45.47489],[-111.28947,45.46768],[-111.26995,45.46782],[-111.26995,45.48218],[-111.24919,45.48223],[-111.24885,45.49678],[-111.26396,45.49675],[-111.26398,45.50404],[-111.25889,45.50405],[-111.25888,45.50769],[-111.25377,45.50769],[-111.25381,45.50405],[-111.24872,45.50405],[-111.24859,45.51133],[-111.20702,45.51117],[-111.20708,45.51843],[-111.19701,45.5184],[-111.19688,45.52202],[-111.18637,45.52198],[-111.18639,45.52561],[-111.14627,45.52556],[-111.14591,45.54023],[-111.12545,45.54026],[-111.12542,45.54749],[-111.10475,45.54757],[-111.10465,45.55479],[-111.09437,45.55477],[-111.09413,45.56927],[-111.0839,45.56937],[-111.08394,45.58374],[-111.04147,45.58447],[-111.02191,45.58434],[-111.02199,45.59849],[-111.00125,45.59835],[-111.00122,45.58395],[-110.91931,45.5832],[-110.91911,45.61982],[-110.91888,45.62691],[-110.91896,45.6451],[-110.89852,45.64506],[-110.89795,45.64318],[-110.89334,45.64397],[-110.89329,45.64145],[-110.87781,45.64149],[-110.8777,45.62703],[-110.85695,45.62711],[-110.85699,45.61261],[-110.83167,45.61278],[-110.82708,45.60748],[-110.8221,45.60362],[-110.81984,45.6002],[-110.81458,45.59594],[-110.81126,45.59403],[-110.79852,45.58388],[-110.81575,45.58315],[-110.81578,45.52509],[-110.79615,45.52509],[-110.79602,45.52691],[-110.77568,45.52707],[-110.77556,45.52521],[-110.75406,45.5252],[-110.75422,45.4675],[-110.77485,45.46755],[-110.77496,45.43853],[-110.77475,45.42391],[-110.77486,45.3949],[-110.79518,45.39486],[-110.79504,45.38028],[-110.81534,45.38039],[-110.81555,45.36579],[-110.81537,45.35128],[-110.85633,45.35129],[-110.85629,45.33678],[-110.89696,45.33673],[-110.89695,45.27931],[-110.91658,45.27955],[-110.91665,45.25568],[-110.91643,45.24847],[-110.93686,45.2486],[-110.93713,45.21977],[-110.9371,45.20531],[-110.92691,45.20534],[-110.92694,45.19087],[-110.93714,45.19087],[-110.93713,45.19448],[-110.94733,45.19446],[-110.94729,45.20529],[-110.95749,45.20526],[-110.95756,45.19084],[-110.97793,45.19086],[-110.97796,45.17638],[-111.02647,45.17638],[-111.02647,45.15849],[-111.04655,45.15848],[-111.04646,45.12956],[-111.0061,45.12947],[-110.96515,45.1295],[-110.96509,45.144],[-110.92409,45.1441],[-110.92407,45.17643],[-110.91672,45.17642],[-110.91673,45.19088],[-110.90144,45.18993],[-110.89958,45.19089],[-110.89682,45.18762],[-110.89172,45.18479],[-110.88385,45.17866],[-110.88334,45.17908],[-110.89228,45.18585],[-110.88342,45.18599],[-110.88362,45.20406],[-110.82197,45.20415],[-110.82199,45.21864],[-110.80155,45.21872],[-110.80155,45.22596],[-110.7814,45.22595],[-110.78143,45.23318],[-110.77634,45.2332],[-110.77658,45.26331],[-110.7615,45.26334],[-110.76113,45.27059],[-110.74021,45.27064],[-110.74022,45.27786],[-110.73506,45.27787],[-110.73505,45.2815],[-110.72993,45.28151],[-110.72989,45.29236],[-110.71967,45.29236],[-110.7197,45.30685],[-110.70943,45.30688],[-110.70942,45.31411],[-110.69919,45.31413],[-110.69921,45.32165],[-110.70325,45.32269],[-110.69904,45.32704],[-110.69897,45.3323],[-110.69384,45.33233],[-110.6938,45.33628],[-110.67847,45.33642],[-110.61794,45.33633],[-110.57688,45.33641],[-110.57694,45.35109],[-110.56831,45.35105],[-110.56823,45.36552],[-110.56824,45.42345],[-110.56815,45.43849],[-110.56851,45.45305],[-110.54836,45.45335],[-110.54907,45.46823],[-110.54808,45.48207],[-110.52758,45.48206],[-110.52767,45.51171],[-110.52759,45.52616],[-110.50699,45.52616],[-110.50739,45.54036],[-110.50735,45.5692],[-110.50861,45.58343],[-110.50934,45.59766],[-110.50934,45.61163],[-110.42678,45.61156],[-110.42682,45.609],[-110.3639,45.60975],[-110.36389,45.607],[-110.35354,45.60704],[-110.35354,45.59979],[-110.3432,45.59983],[-110.34311,45.58167],[-110.32242,45.58164],[-110.32241,45.5744],[-110.33276,45.57442],[-110.33275,45.56719],[-110.32757,45.56718],[-110.32753,45.55266],[-110.30183,45.5527],[-110.24876,45.55247],[-110.21794,45.55258],[-110.17664,45.5524],[-110.17664,45.55336],[-110.14629,45.55331],[-110.0898,45.55342],[-110.08978,45.54618],[-110.05367,45.54616],[-110.05368,45.61116],[-110.05373,45.65419],[-110.05421,45.66715],[-110.03345,45.66713],[-110.03344,45.68281],[-110.01273,45.68285],[-110.0128,45.69735],[-109.99217,45.69729],[-109.99211,45.66716],[-109.93012,45.66719],[-109.93016,45.63823],[-109.8088,45.63817],[-109.80891,45.58766],[-109.80877,45.58041],[-109.80863,45.52247],[-109.80865,45.46451],[-109.82923,45.46453],[-109.84983,45.46435],[-109.86006,45.46457],[-109.89101,45.46454],[-109.89104,45.4935],[-109.91165,45.49355],[-109.91161,45.46461],[-109.93193,45.46463],[-109.93202,45.4573],[-109.93198,45.42113],[-109.87041,45.42109],[-109.87037,45.40661],[-109.82927,45.40662],[-109.72666,45.40638],[-109.72659,45.39188],[-109.70605,45.3919],[-109.706,45.37737],[-109.68533,45.37741],[-109.68518,45.34841],[-109.66532,45.3484],[-109.6653,45.34481],[-109.66018,45.34481],[-109.66017,45.34119],[-109.66528,45.34119],[-109.66525,45.33393],[-109.67018,45.33393],[-109.67016,45.32307],[-109.64989,45.32301],[-109.64966,45.31941],[-109.64964,45.30491],[-109.64474,45.3049],[-109.64449,45.29044],[-109.56759,45.29042],[-109.56753,45.27586],[-109.56315,45.27588],[-109.56306,45.26509],[-109.56749,45.26511],[-109.56738,45.25401],[-109.50667,45.25407],[-109.48618,45.25396],[-109.44518,45.25398],[-109.44424,45.22563],[-109.42446,45.22536],[-109.40377,45.22549],[-109.38318,45.22587],[-109.36288,45.22586],[-109.36231,45.21115],[-109.34174,45.21091],[-109.34162,45.20353],[-109.33647,45.20355],[-109.33642,45.19987],[-109.30624,45.19995],[-109.30613,45.19626],[-109.30092,45.19628],[-109.30138,45.18154],[-109.30109,45.1668],[-109.29945,45.13796],[-109.29784,45.11608],[-109.27727,45.11536],[-109.25667,45.11553],[-109.23607,45.11548],[-109.23492,45.09379],[-109.23441,45.07934],[-109.23437,45.00554],[-109.28593,45.00529],[-109.32684,45.00529],[-109.40655,45.00458],[-109.44757,45.00452],[-109.50825,45.00368],[-109.52858,45.00333],[-109.5652,45.00298],[-109.5896,45.00297],[-109.6506,45.00237],[-109.69118,45.00227],[-109.74774,45.00187],[-109.78609,45.0018],[-109.80572,45.00265],[-109.82566,45.00323],[-109.91101,45.00332],[-110.00391,45.00336],[-110.0039,45.01238],[-110.00189,45.01238],[-110.00215,45.02815],[-109.99799,45.03133],[-109.99954,45.03382],[-110.00422,45.03803],[-110.00464,45.04008],[-110.00165,45.04283],[-110.00063,45.04562],[-110.00367,45.04796],[-110.00556,45.05075],[-110.00715,45.05096],[-110.00991,45.05363],[-110.01651,45.05156],[-110.0221,45.05247],[-110.02374,45.05434],[-110.02683,45.05308],[-110.03474,45.05297],[-110.03896,45.04507],[-110.04263,45.04344],[-110.04498,45.04343],[-110.04872,45.04171],[-110.05014,45.03898],[-110.05396,45.03703],[-110.05657,45.03754],[-110.06032,45.03469],[-110.06638,45.03411],[-110.07708,45.02977],[-110.08101,45.02986],[-110.08485,45.03119],[-110.09191,45.03204],[-110.09716,45.02956],[-110.16666,45.02975],[-110.27081,45.02978],[-110.36314,45.02982],[-110.41457,45.02984],[-110.48662,45.02999],[-110.55493,45.03012],[-110.6195,45.02994],[-110.71221,45.02981],[-110.71226,45.0331],[-110.7157,45.03357],[-110.71858,45.0359],[-110.72512,45.03747],[-110.72888,45.04126],[-110.73333,45.04374],[-110.7435,45.04437],[-110.75,45.04809],[-110.75301,45.05089],[-110.76139,45.05498],[-110.76369,45.0596],[-110.76834,45.06223],[-110.77232,45.06693],[-110.77543,45.06522],[-110.78086,45.06429],[-110.78342,45.0627],[-110.78831,45.06144],[-110.79584,45.06032],[-110.80153,45.05633],[-110.80513,45.05485],[-110.81381,45.05412],[-110.82102,45.05575],[-110.82596,45.05422],[-110.83105,45.04922],[-110.83078,45.04754],[-110.83287,45.04466],[-110.83674,45.04514],[-110.83817,45.04242],[-110.84013,45.03194],[-110.84174,45.02956],[-110.90983,45.02961],[-110.90876,45.03147],[-110.91263,45.03289],[-110.91454,45.03484],[-110.91426,45.03792],[-110.91127,45.04099],[-110.91684,45.04421],[-110.91589,45.04563],[-110.92046,45.04789],[-110.92892,45.04982],[-110.93194,45.04986],[-110.93331,45.05271],[-110.93599,45.05333],[-110.93537,45.05641],[-110.93145,45.06267],[-110.93158,45.06538],[-110.93777,45.06523],[-110.94142,45.0688],[-110.94036,45.07145],[-110.94188,45.0749],[-110.94481,45.07384],[-110.9503,45.07352],[-110.9527,45.076],[-110.959,45.07687],[-110.96047,45.07933],[-110.95974,45.08078],[-110.96486,45.08329],[-110.96718,45.08186],[-110.97101,45.08109],[-110.97604,45.0819],[-110.97628,45.0837],[-110.98199,45.0888],[-110.98191,45.09135],[-110.99128,45.09302],[-110.99682,45.09649],[-111.00007,45.0976],[-111.00731,45.09799],[-111.01089,45.0952],[-111.01373,45.09441],[-111.01729,45.09216],[-111.01675,45.0886],[-111.02035,45.08528],[-111.01831,45.08289],[-111.02068,45.08107],[-111.02781,45.08124],[-111.03105,45.0804],[-111.03506,45.07771],[-111.03871,45.07655],[-111.04161,45.07473],[-111.04822,45.07251],[-111.04963,45.06706],[-111.05501,45.06605],[-111.06016,45.06818],[-111.06278,45.07006],[-111.06581,45.0743],[-111.06909,45.07503],[-111.0707,45.07714],[-111.07068,45.08104],[-111.07416,45.08779],[-111.07352,45.09019],[-111.07703,45.09367],[-111.07949,45.09388],[-111.08329,45.09756],[-111.08355,45.10041],[-111.08605,45.10261],[-111.09269,45.10245],[-111.09704,45.10356],[-111.10382,45.109],[-111.10654,45.10769],[-111.11199,45.10756],[-111.11753,45.10162],[-111.12103,45.10278],[-111.12486,45.10256],[-111.12724,45.10121],[-111.13093,45.10144],[-111.13209,45.09851],[-111.13051,45.09649],[-111.13392,45.09262],[-111.13392,45.08983],[-111.13015,45.08839],[-111.1297,45.08643],[-111.13142,45.0839],[-111.13658,45.0823],[-111.14009,45.07814],[-111.14125,45.07446],[-111.14094,45.07253],[-111.13863,45.06952],[-111.13473,45.06163],[-111.14001,45.06099],[-111.14496,45.06185],[-111.15551,45.05387],[-111.15455,45.05222],[-111.15048,45.05012],[-111.14576,45.04862],[-111.14275,45.04648],[-111.14103,45.04681],[-111.1358,45.04563],[-111.13188,45.04406],[-111.13164,45.04295],[-111.12732,45.04085],[-111.1208,45.03912],[-111.11929,45.03525],[-111.11463,45.03378],[-111.11243,45.03223],[-111.11071,45.02845],[-111.10705,45.02616],[-111.10279,45.02488],[-111.10048,45.02519],[-111.09679,45.02211],[-111.09719,44.92532],[-111.09724,44.88229],[-111.09726,44.8238],[-111.0972,44.75948],[-111.09723,44.72288],[-111.09717,44.66505],[-111.10307,44.66482],[-111.11323,44.66497],[-111.11325,44.65756],[-111.10817,44.65764],[-111.10819,44.65407],[-111.09719,44.65417],[-111.09712,44.61935],[-111.09707,44.53455],[-111.09707,44.48663],[-111.10108,44.48807],[-111.10448,44.48672],[-111.107,44.48713],[-111.1128,44.49072],[-111.11502,44.49406],[-111.11971,44.49457],[-111.12721,44.49775],[-111.12831,44.49985],[-111.13049,44.50013],[-111.1385,44.51674],[-111.13844,44.51874],[-111.13132,44.53247],[-111.14078,44.53584],[-111.15057,44.53497],[-111.15502,44.54244],[-111.15883,44.54626],[-111.17386,44.54939],[-111.1786,44.55245],[-111.18075,44.55489],[-111.18085,44.56323],[-111.17994,44.56758],[-111.18097,44.56928],[-111.19465,44.57343],[-111.20127,44.57597],[-111.2073,44.57508],[-111.21209,44.57557],[-111.21887,44.5753],[-111.22045,44.57687],[-111.22679,44.5768],[-111.22909,44.58054],[-111.23081,44.5877],[-111.23254,44.58971],[-111.23165,44.5953],[-111.2331,44.60009],[-111.2356,44.60106],[-111.23508,44.60539],[-111.23755,44.60975],[-111.23894,44.61064],[-111.24089,44.61452],[-111.22835,44.61827],[-111.22442,44.61898],[-111.22129,44.62065],[-111.2196,44.62273],[-111.22405,44.62488],[-111.22868,44.63073],[-111.23267,44.63408],[-111.23341,44.63556],[-111.24492,44.64457],[-111.25001,44.64543],[-111.25135,44.64857],[-111.25469,44.651],[-111.26271,44.6497],[-111.26992,44.64684],[-111.27704,44.64988],[-111.28051,44.65485],[-111.2756,44.65669],[-111.27238,44.66198],[-111.26694,44.66485],[-111.26676,44.66752],[-111.26968,44.66883],[-111.27504,44.6736],[-111.27685,44.67605],[-111.27619,44.67831],[-111.27818,44.6812],[-111.2811,44.68349],[-111.28431,44.68417],[-111.28784,44.68608],[-111.29106,44.6862],[-111.29688,44.69144],[-111.29726,44.69397],[-111.29485,44.69825],[-111.29629,44.70229],[-111.30036,44.704],[-111.30099,44.70562],[-111.30774,44.70822],[-111.31788,44.71448],[-111.31942,44.71665],[-111.32249,44.71877],[-111.32363,44.72459],[-111.32305,44.72855],[-111.32929,44.73148],[-111.33431,44.73175],[-111.33702,44.73318],[-111.34183,44.72929],[-111.34804,44.72536],[-111.35297,44.72617],[-111.35828,44.72991],[-111.36192,44.73495],[-111.36671,44.73852],[-111.36671,44.74282],[-111.36966,44.74401],[-111.37467,44.74788],[-111.37538,44.75092],[-111.38368,44.75407],[-111.38491,44.75501],[-111.38854,44.75304],[-111.39314,44.75217],[-111.39403,44.74991],[-111.39794,44.74638],[-111.39448,44.74448],[-111.39643,44.73879],[-111.39943,44.73362],[-111.39709,44.72823],[-111.3985,44.72605],[-111.39783,44.72405],[-111.39991,44.72197],[-111.40446,44.72102],[-111.40768,44.71647],[-111.41107,44.7146],[-111.41406,44.71107],[-111.41806,44.71283],[-111.42468,44.7146],[-111.42613,44.71793],[-111.43068,44.72078],[-111.44223,44.72039],[-111.44732,44.71729],[-111.45078,44.71721],[-111.45736,44.71605],[-111.46556,44.71373],[-111.46892,44.71139],[-111.47103,44.71672],[-111.45703,44.72016],[-111.45704,44.73764],[-111.45197,44.73765],[-111.45193,44.76658],[-111.43673,44.76665],[-111.43667,44.82464],[-111.45705,44.82467],[-111.45705,44.83192]]],[[[-108.33622,45.19375],[-108.33622,45.19013],[-108.31631,45.19019],[-108.3163,45.1757],[-108.33708,45.1757],[-108.33691,45.1323],[-108.33689,45.08887],[-108.41331,45.08886],[-108.47444,45.08886],[-108.55593,45.08893],[-108.55596,45.1034],[-108.59651,45.10351],[-108.59657,45.1325],[-108.61705,45.13246],[-108.61707,45.14694],[-108.63758,45.14693],[-108.6376,45.20499],[-108.59663,45.20503],[-108.59659,45.2174],[-108.50677,45.21811],[-108.49648,45.21811],[-108.42441,45.21903],[-108.40361,45.21941],[-108.38374,45.21958],[-108.35441,45.22002],[-108.33622,45.22004],[-108.33622,45.19375]]],[[[-106.14909,45.39134],[-106.15416,45.39137],[-106.15415,45.39492],[-106.14912,45.39491],[-106.14909,45.39134]]],[[[-106.14399,45.39489],[-106.14398,45.40579],[-106.1389,45.40575],[-106.13878,45.39129],[-106.14397,45.3913],[-106.14399,45.39489]]],[[[-111.61921,45.50962],[-111.6192,45.51385],[-111.617,45.51668],[-111.61308,45.51957],[-111.60897,45.52084],[-111.60477,45.5245],[-111.59846,45.52451],[-111.5985,45.50974],[-111.61921,45.50962]]],[[[-106.27334,45.59411],[-106.26932,45.59303],[-106.27161,45.59098],[-106.27436,45.59166],[-106.27334,45.59411]]],[[[-110.98023,45.70353],[-110.97513,45.70703],[-110.97501,45.70346],[-110.98023,45.70353]]],[[[-104.65704,45.77377],[-104.65701,45.77015],[-104.64665,45.77014],[-104.64659,45.7629],[-104.65178,45.76291],[-104.65167,45.74843],[-104.66201,45.74844],[-104.66196,45.74121],[-104.67229,45.74122],[-104.67222,45.73036],[-104.68255,45.73037],[-104.68247,45.71952],[-104.69281,45.71953],[-104.69276,45.71229],[-104.70308,45.71231],[-104.70303,45.70523],[-104.73476,45.70546],[-104.73469,45.73404],[-104.71361,45.73404],[-104.71365,45.74127],[-104.69297,45.74124],[-104.69308,45.75571],[-104.68791,45.75571],[-104.68802,45.77018],[-104.68285,45.77018],[-104.68288,45.77379],[-104.65704,45.77377]]],[[[-106.11403,45.35487],[-106.11324,45.40897],[-106.11348,45.42302],[-106.11337,45.45536],[-106.11298,45.46979],[-106.12157,45.4698],[-106.12157,45.48427],[-106.11256,45.48428],[-106.11228,45.49475],[-106.11185,45.52354],[-106.11129,45.55245],[-106.13146,45.55187],[-106.15207,45.55292],[-106.17255,45.55321],[-106.1715,45.58161],[-106.17057,45.59564],[-106.18111,45.59565],[-106.18097,45.61],[-106.19173,45.61011],[-106.19171,45.63178],[-106.21233,45.63186],[-106.21221,45.68248],[-106.19156,45.68245],[-106.19159,45.70029],[-106.1089,45.70019],[-106.09935,45.69921],[-106.08925,45.6992],[-106.08893,45.71282],[-106.07795,45.71222],[-106.06697,45.71209],[-106.02672,45.71213],[-106.02686,45.72611],[-106.03733,45.72626],[-106.03722,45.73369],[-106.04709,45.73396],[-106.04709,45.74115],[-106.05714,45.74286],[-106.05714,45.75014],[-106.06757,45.7501],[-106.06755,45.75522],[-106.08879,45.7552],[-106.08883,45.75757],[-106.08765,45.77202],[-106.09796,45.77255],[-106.10831,45.77232],[-106.10851,45.78862],[-106.06636,45.78864],[-105.96528,45.78858],[-105.96521,45.71959],[-105.94498,45.71958],[-105.94452,45.69791],[-105.92363,45.6983],[-105.92358,45.68355],[-105.90281,45.68349],[-105.9025,45.66841],[-105.90248,45.65356],[-105.90176,45.65356],[-105.90174,45.63932],[-105.88105,45.63944],[-105.88099,45.62478],[-105.8599,45.62478],[-105.86043,45.64663],[-105.86074,45.67639],[-105.86073,45.69856],[-105.8609,45.71337],[-105.86168,45.72805],[-105.8417,45.72777],[-105.84079,45.71316],[-105.81989,45.71273],[-105.81975,45.69806],[-105.81898,45.68353],[-105.81797,45.62472],[-105.82861,45.62468],[-105.82819,45.61018],[-105.83855,45.61007],[-105.83857,45.59566],[-105.85931,45.59544],[-105.8593,45.5805],[-105.86888,45.5799],[-105.86873,45.55066],[-105.87869,45.55036],[-105.87865,45.53592],[-105.88908,45.5359],[-105.88927,45.52153],[-105.88773,45.52153],[-105.88788,45.43457],[-105.8782,45.43457],[-105.87819,45.42028],[-105.8878,45.4203],[-105.88792,45.40585],[-105.90847,45.40587],[-105.90864,45.36248],[-105.92919,45.36248],[-105.92924,45.34799],[-105.9211,45.34799],[-105.92113,45.29372],[-105.90052,45.29371],[-105.90056,45.29069],[-105.88034,45.29083],[-105.88028,45.30524],[-105.8696,45.30536],[-105.8699,45.32664],[-105.85961,45.32664],[-105.85932,45.30526],[-105.83874,45.30506],[-105.83926,45.29056],[-105.83732,45.26148],[-105.79679,45.26158],[-105.79677,45.17412],[-105.89771,45.17411],[-105.89771,45.1803],[-105.98453,45.18033],[-105.98453,45.17773],[-105.99472,45.17773],[-105.99473,45.18034],[-106.05484,45.18031],[-106.07517,45.18052],[-106.12752,45.18145],[-106.15761,45.17951],[-106.17808,45.17961],[-106.21903,45.17962],[-106.27971,45.17973],[-106.27968,45.22309],[-106.3514,45.22317],[-106.35139,45.21593],[-106.36165,45.21593],[-106.36163,45.20869],[-106.39889,45.2087],[-106.39889,45.20626],[-106.46037,45.20626],[-106.46042,45.26423],[-106.45942,45.26423],[-106.45946,45.30765],[-106.48027,45.30758],[-106.48031,45.35175],[-106.4601,45.35176],[-106.46016,45.36625],[-106.43959,45.36624],[-106.43962,45.38072],[-106.44051,45.38072],[-106.44049,45.39539],[-106.42023,45.39531],[-106.42021,45.40946],[-106.3984,45.40949],[-106.39834,45.42394],[-106.37781,45.42393],[-106.3778,45.43848],[-106.35747,45.43828],[-106.35747,45.44007],[-106.31645,45.44007],[-106.31635,45.48167],[-106.29575,45.48167],[-106.29576,45.5107],[-106.23396,45.51071],[-106.23414,45.48316],[-106.21362,45.48315],[-106.21368,45.47026],[-106.1949,45.47024],[-106.19503,45.45578],[-106.19579,45.43811],[-106.19471,45.43812],[-106.1946,45.42386],[-106.195,45.42386],[-106.1951,45.39502],[-106.16437,45.39495],[-106.16466,45.35158],[-106.11407,45.35127],[-106.11403,45.35487]],[[-106.05362,45.57198],[-106.05362,45.56836],[-106.04333,45.56835],[-106.04333,45.57196],[-106.04847,45.57197],[-106.04848,45.57559],[-106.05362,45.5756],[-106.05362,45.57198]]],[[[-104.17131,45.67545],[-104.18166,45.67543],[-104.1817,45.66095],[-104.16103,45.66098],[-104.1611,45.64649],[-104.13018,45.64645],[-104.1204,45.64706],[-104.12041,45.65439],[-104.11005,45.65454],[-104.0891,45.65449],[-104.08909,45.64724],[-104.06844,45.64724],[-104.06844,45.66174],[-104.05809,45.66175],[-104.05809,45.67624],[-104.04237,45.67625],[-104.04239,45.63363],[-104.04177,45.56833],[-104.05741,45.56833],[-104.05741,45.56107],[-104.06316,45.56108],[-104.06316,45.56525],[-104.06694,45.56525],[-104.06695,45.55957],[-104.06511,45.55924],[-104.06511,45.55384],[-104.07815,45.55387],[-104.12982,45.55357],[-104.1299,45.5609],[-104.1508,45.56085],[-104.1514,45.58282],[-104.17191,45.58273],[-104.1719,45.58215],[-104.23302,45.58215],[-104.23302,45.5894],[-104.25171,45.58938],[-104.25171,45.59573],[-104.28269,45.59579],[-104.28271,45.61388],[-104.26203,45.61384],[-104.26204,45.63193],[-104.25167,45.63191],[-104.25171,45.66085],[-104.27243,45.6609],[-104.27244,45.66813],[-104.28278,45.66816],[-104.28281,45.68263],[-104.27248,45.68259],[-104.27256,45.7029],[-104.2691,45.7029],[-104.26916,45.71383],[-104.2588,45.7138],[-104.25882,45.72106],[-104.264,45.72107],[-104.264,45.72832],[-104.26917,45.72834],[-104.26918,45.73922],[-104.27435,45.73924],[-104.27438,45.75014],[-104.26921,45.75011],[-104.26926,45.76828],[-104.27441,45.7683],[-104.27443,45.77558],[-104.25889,45.77553],[-104.25889,45.795],[-104.14032,45.79506],[-104.14032,45.78123],[-104.16097,45.78121],[-104.16096,45.7414],[-104.18681,45.74137],[-104.18679,45.71964],[-104.18162,45.71965],[-104.18161,45.70518],[-104.17127,45.70519],[-104.17127,45.69795],[-104.15061,45.69796],[-104.15068,45.67546],[-104.17131,45.67545]]],[[[-104.45624,45.9169],[-104.45561,45.90228],[-104.45024,45.90236],[-104.4503,45.8949],[-104.43959,45.89574],[-104.43984,45.88776],[-104.43467,45.88792],[-104.43489,45.88006],[-104.4297,45.88008],[-104.42963,45.86605],[-104.42906,45.85905],[-104.42891,45.85131],[-104.44973,45.85092],[-104.44927,45.83646],[-104.42863,45.83673],[-104.42827,45.82945],[-104.41777,45.82959],[-104.41727,45.82229],[-104.40681,45.82237],[-104.40736,45.82974],[-104.40207,45.82979],[-104.40096,45.8152],[-104.39948,45.807],[-104.41494,45.80622],[-104.41621,45.815],[-104.42769,45.81485],[-104.42798,45.82217],[-104.43824,45.8221],[-104.44894,45.82237],[-104.4542,45.82195],[-104.45343,45.81773],[-104.44817,45.81803],[-104.4474,45.81369],[-104.45267,45.81351],[-104.45193,45.80914],[-104.45714,45.809],[-104.45794,45.81333],[-104.46817,45.81298],[-104.46664,45.80451],[-104.48752,45.80406],[-104.48699,45.78958],[-104.50765,45.789],[-104.53829,45.78735],[-104.54854,45.78715],[-104.54871,45.77669],[-104.58517,45.7772],[-104.58527,45.78638],[-104.5694,45.786],[-104.56964,45.79383],[-104.58201,45.79381],[-104.58191,45.80834],[-104.59743,45.80831],[-104.59742,45.81558],[-104.58708,45.81561],[-104.58704,45.83006],[-104.57282,45.83006],[-104.57407,45.84076],[-104.55402,45.84197],[-104.55425,45.84919],[-104.54365,45.84935],[-104.54381,45.85304],[-104.53321,45.85319],[-104.53234,45.8349],[-104.50116,45.83533],[-104.50085,45.82083],[-104.49962,45.81362],[-104.49029,45.81367],[-104.4787,45.81331],[-104.48012,45.82125],[-104.4809,45.85032],[-104.48144,45.85741],[-104.49152,45.85705],[-104.4924,45.86449],[-104.5076,45.86443],[-104.50796,45.87915],[-104.48215,45.87961],[-104.48161,45.89472],[-104.47129,45.89487],[-104.47155,45.90936],[-104.48197,45.90917],[-104.4823,45.91646],[-104.49263,45.91631],[-104.493,45.9235],[-104.48262,45.92355],[-104.45659,45.92421],[-104.45624,45.9169]]],[[[-110.95471,46.04678],[-110.91339,46.04673],[-110.91346,46.07564],[-110.89477,46.07568],[-110.89479,46.0901],[-110.87406,46.0901],[-110.87401,46.07565],[-110.8531,46.07563],[-110.85323,46.04672],[-110.85378,46.03217],[-110.87392,46.03148],[-110.8736,46.01798],[-110.9132,46.01802],[-110.91316,45.98918],[-110.9546,45.98922],[-110.95455,45.96031],[-110.93588,45.96031],[-110.93586,45.94486],[-110.91379,45.94492],[-110.9144,45.93109],[-110.89443,45.9313],[-110.89451,45.91674],[-110.87314,45.91662],[-110.87312,45.90164],[-110.8521,45.90165],[-110.85215,45.91656],[-110.8307,45.91648],[-110.83096,45.93111],[-110.81016,45.93119],[-110.80988,45.94575],[-110.78888,45.94522],[-110.78857,45.93129],[-110.76826,45.93087],[-110.76805,45.88718],[-110.78852,45.88715],[-110.80924,45.88728],[-110.80926,45.87283],[-110.85069,45.87278],[-110.8507,45.85896],[-110.82999,45.85883],[-110.83013,45.84456],[-110.80947,45.8446],[-110.80955,45.83015],[-110.76833,45.82979],[-110.76836,45.81516],[-110.70641,45.81486],[-110.70639,45.8004],[-110.72707,45.80047],[-110.72698,45.786],[-110.73456,45.78607],[-110.73433,45.7718],[-110.71374,45.77171],[-110.71384,45.72841],[-110.73454,45.72841],[-110.73447,45.71395],[-110.75507,45.71398],[-110.75505,45.69951],[-110.77562,45.69957],[-110.79523,45.69945],[-110.79537,45.71397],[-110.83675,45.71375],[-110.83681,45.72824],[-110.85747,45.72829],[-110.85738,45.75764],[-110.85664,45.78646],[-110.87167,45.78658],[-110.8714,45.81565],[-110.87655,45.81566],[-110.87662,45.83011],[-110.87144,45.83009],[-110.87143,45.84451],[-110.89219,45.84467],[-110.89212,45.8157],[-110.89219,45.78674],[-110.8987,45.78677],[-110.89895,45.77255],[-110.89981,45.77255],[-110.90068,45.76492],[-110.90068,45.75769],[-110.91794,45.75758],[-110.91796,45.74353],[-110.9387,45.74374],[-110.95933,45.74378],[-110.96028,45.72932],[-110.95958,45.71404],[-110.96982,45.71417],[-110.96985,45.71057],[-110.97512,45.71061],[-110.97509,45.7142],[-110.98035,45.71423],[-110.98031,45.72949],[-110.9799,45.73601],[-110.9899,45.73607],[-110.98969,45.73968],[-111.00002,45.73976],[-110.99982,45.74416],[-110.97989,45.74402],[-110.97995,45.75843],[-110.99552,45.75854],[-110.99548,45.76216],[-110.99032,45.76213],[-110.99025,45.76936],[-110.99543,45.76939],[-110.99543,45.773],[-111.00068,45.77303],[-111.0006,45.78344],[-111.00977,45.78347],[-111.0098,45.77987],[-111.02041,45.7799],[-111.02036,45.78747],[-111.02465,45.78749],[-111.02454,45.79499],[-111.01425,45.79505],[-111.01419,45.81698],[-110.99359,45.81697],[-110.99304,45.83129],[-110.97245,45.8314],[-110.97217,45.84571],[-110.99301,45.8457],[-110.99301,45.86017],[-111.01388,45.86024],[-111.01401,45.86744],[-111.0243,45.86749],[-111.02413,45.8797],[-111.01898,45.8797],[-111.01899,45.88696],[-111.03487,45.88691],[-111.03504,45.89711],[-111.04074,45.89711],[-111.0408,45.90433],[-111.04597,45.90433],[-111.04602,45.90799],[-111.0564,45.90795],[-111.05676,45.9264],[-111.05644,45.94081],[-111.06173,45.94085],[-111.06198,45.94807],[-111.05681,45.94801],[-111.05669,45.96252],[-111.05598,45.97702],[-111.05728,45.97702],[-111.05722,45.99138],[-111.07715,45.99178],[-111.07714,46.00664],[-111.09852,46.0063],[-111.09864,46.02049],[-111.11883,46.02055],[-111.11913,46.04234],[-111.09883,46.04201],[-111.099,46.04965],[-111.07819,46.04981],[-111.05773,46.04961],[-111.03682,46.04957],[-111.03678,46.04661],[-110.99631,46.0466],[-110.99635,46.06103],[-110.99611,46.08989],[-110.99659,46.11861],[-110.9549,46.11876],[-110.9547,46.07561],[-110.95471,46.04678]]],[[[-110.23891,46.16378],[-110.23901,46.15545],[-110.21929,46.15542],[-110.21943,46.13384],[-110.20647,46.13378],[-110.20646,46.11924],[-110.16467,46.11913],[-110.16476,46.1041],[-110.16506,46.09709],[-110.16497,46.06133],[-110.16506,46.0469],[-110.1655,46.03255],[-110.16744,46.00977],[-110.16779,45.98831],[-110.16737,45.98113],[-110.16738,45.97245],[-110.18912,45.97243],[-110.18913,45.95819],[-110.20989,45.95819],[-110.20984,45.94374],[-110.22023,45.94373],[-110.22022,45.92926],[-110.31375,45.92915],[-110.31375,45.9287],[-110.3345,45.92865],[-110.33441,45.94361],[-110.37564,45.94353],[-110.37541,45.92848],[-110.39607,45.92852],[-110.39602,45.94361],[-110.39658,45.94361],[-110.3966,45.95806],[-110.41597,45.95808],[-110.41597,45.95894],[-110.43671,45.959],[-110.43683,45.98786],[-110.47833,45.98798],[-110.47835,46.00248],[-110.45755,46.00233],[-110.4576,46.01681],[-110.4783,46.01696],[-110.47834,46.03142],[-110.45767,46.0313],[-110.45763,46.0464],[-110.45981,46.04642],[-110.45975,46.05353],[-110.48045,46.05368],[-110.48043,46.06092],[-110.45978,46.06071],[-110.45975,46.07529],[-110.47012,46.07535],[-110.46999,46.08991],[-110.48035,46.08999],[-110.48025,46.1191],[-110.4594,46.11898],[-110.45942,46.14108],[-110.46121,46.14108],[-110.46126,46.15576],[-110.45085,46.15578],[-110.45084,46.17027],[-110.43,46.17016],[-110.42998,46.18469],[-110.40926,46.18462],[-110.40922,46.19914],[-110.43003,46.1992],[-110.42999,46.19194],[-110.45084,46.19199],[-110.45082,46.18475],[-110.51336,46.18467],[-110.51346,46.19919],[-110.53409,46.19924],[-110.534,46.18474],[-110.56552,46.18472],[-110.56545,46.19925],[-110.57588,46.19926],[-110.57581,46.21378],[-110.57539,46.22885],[-110.55494,46.22884],[-110.55491,46.24334],[-110.57578,46.24336],[-110.5758,46.29249],[-110.57278,46.2889],[-110.56999,46.28736],[-110.56698,46.28737],[-110.56131,46.28535],[-110.5607,46.28306],[-110.55873,46.28134],[-110.55365,46.28015],[-110.54818,46.27993],[-110.5428,46.27641],[-110.5428,46.27346],[-110.5455,46.27128],[-110.54284,46.26801],[-110.53688,46.26625],[-110.53201,46.26559],[-110.52875,46.26959],[-110.52525,46.27132],[-110.52276,46.27104],[-110.52284,46.2649],[-110.51701,46.26177],[-110.5129,46.26052],[-110.50689,46.26159],[-110.50106,46.25703],[-110.49622,46.25434],[-110.49211,46.253],[-110.48598,46.24892],[-110.48349,46.24429],[-110.4784,46.24232],[-110.47422,46.24285],[-110.46711,46.24176],[-110.46383,46.23578],[-110.46196,46.23105],[-110.46253,46.23027],[-110.47116,46.22781],[-110.47174,46.227],[-110.46913,46.22005],[-110.4688,46.21589],[-110.46692,46.2134],[-110.4575,46.21152],[-110.45665,46.21284],[-110.44839,46.2159],[-110.44467,46.2164],[-110.44154,46.21535],[-110.4406,46.21311],[-110.43726,46.20909],[-110.43714,46.20653],[-110.4354,46.20559],[-110.43036,46.20557],[-110.4261,46.20382],[-110.4215,46.20538],[-110.4161,46.20555],[-110.41228,46.20927],[-110.41031,46.21026],[-110.40469,46.21105],[-110.39324,46.2167],[-110.38748,46.22169],[-110.38203,46.22196],[-110.37841,46.22279],[-110.37318,46.22628],[-110.37112,46.2252],[-110.37112,46.22268],[-110.36979,46.21861],[-110.36299,46.22024],[-110.35738,46.21882],[-110.34915,46.2198],[-110.34559,46.21183],[-110.3407,46.21047],[-110.33831,46.20883],[-110.33941,46.20466],[-110.33441,46.20329],[-110.33222,46.20197],[-110.32204,46.19825],[-110.3198,46.19487],[-110.31319,46.19344],[-110.30804,46.19116],[-110.30667,46.18922],[-110.31093,46.18084],[-110.31621,46.17545],[-110.31705,46.16866],[-110.31821,46.1664],[-110.31551,46.16474],[-110.31598,46.16248],[-110.30602,46.15767],[-110.29682,46.15692],[-110.29332,46.15604],[-110.28699,46.15718],[-110.28485,46.15844],[-110.2792,46.1573],[-110.27067,46.15738],[-110.266,46.15455],[-110.26326,46.15412],[-110.25933,46.15557],[-110.25682,46.15832],[-110.2495,46.16113],[-110.24719,46.16261],[-110.24427,46.16121],[-110.23891,46.16378]]]]},"properties":{"MA_ID":68,"MANAME":"Custer Gallatin National Forest","MANAGER":"Custer Gallatin National Forest","MA_TYPE":"FFSNF","INSTTYPE":"Federal","INST":"US Forest Service","UNITTYPE":"National Forest","ACRES":3334236.21647,"DataSource":"USFS","SourceDate":"2018-05-29T00:00:00.000Z","URL":"https://www.fs.usda.gov/custergallatin","EditDate":"2018-06-01T00:00:00.000Z","SourceName":"Custer Gallatin National Forest","GAP_Sts":"3","GAPCdSrc":"GAP - Default","GAPCdDt":"2024","Mang_Name":"Forest Service","Des_Tp":"National Forest","Own_Name":"Forest Service","ChangeNote":"","Shape_Leng":2116580.76639,"Shape_Area":13488585550.6}}
]}