{"type":"FeatureCollection", "features": [
{"type":"Feature","geometry":{"type":"MultiPolygon","coordinates":[[[[-107.41954,45.56825],[-107.4159,45.56463],[-107.41517,45.56389],[-107.41421,45.56293],[-107.41811,45.561],[-107.42031,45.55991],[-107.42546,45.55736],[-107.42689,45.55665],[-107.42777,45.55621],[-107.42812,45.5564],[-107.4284,45.5566],[-107.42866,45.55687],[-107.42887,45.55711],[-107.42905,45.55735],[-107.42908,45.55749],[-107.42923,45.5578],[-107.42946,45.558],[-107.4297,45.5582],[-107.43002,45.55839],[-107.43049,45.55845],[-107.43092,45.55842],[-107.43118,45.5583],[-107.43125,45.55807],[-107.43123,45.55781],[-107.43112,45.55754],[-107.43099,45.55724],[-107.43085,45.55692],[-107.43088,45.55664],[-107.4311,45.55643],[-107.43154,45.55615],[-107.43187,45.55604],[-107.43234,45.55598],[-107.43262,45.55592],[-107.43303,45.55589],[-107.43334,45.55592],[-107.43352,45.55603],[-107.43359,45.55617],[-107.43359,45.5563],[-107.43339,45.55648],[-107.43304,45.55673],[-107.43269,45.557],[-107.43237,45.55733],[-107.43196,45.55772],[-107.43188,45.55803],[-107.43173,45.55829],[-107.43168,45.55859],[-107.43203,45.55918],[-107.43217,45.55944],[-107.43247,45.55961],[-107.43267,45.55977],[-107.43295,45.56002],[-107.43329,45.5603],[-107.43368,45.56048],[-107.43408,45.56049],[-107.43427,45.56038],[-107.43442,45.56027],[-107.43445,45.56012],[-107.43453,45.55983],[-107.43466,45.55962],[-107.43488,45.55945],[-107.43509,45.55935],[-107.43543,45.55927],[-107.4358,45.55917],[-107.436,45.55908],[-107.43629,45.55895],[-107.43647,45.55887],[-107.43658,45.55874],[-107.4366,45.55855],[-107.43657,45.55828],[-107.43671,45.55805],[-107.43697,45.55789],[-107.43731,45.55772],[-107.43762,45.55763],[-107.43788,45.55751],[-107.43806,45.55736],[-107.43845,45.55723],[-107.43875,45.55728],[-107.43898,45.55745],[-107.43921,45.55771],[-107.43949,45.55785],[-107.43992,45.55793],[-107.44037,45.55797],[-107.4406,45.55811],[-107.44067,45.55839],[-107.44066,45.55855],[-107.44054,45.55883],[-107.44039,45.55902],[-107.43998,45.55919],[-107.43967,45.55937],[-107.43955,45.55955],[-107.43947,45.5596],[-107.4393,45.55961],[-107.43893,45.55968],[-107.43861,45.55984],[-107.43834,45.56008],[-107.4381,45.56059],[-107.43804,45.56084],[-107.43797,45.56119],[-107.43804,45.56149],[-107.43829,45.56165],[-107.43872,45.56176],[-107.43918,45.56183],[-107.43958,45.5619],[-107.43985,45.56203],[-107.44,45.56223],[-107.44001,45.5625],[-107.43996,45.56273],[-107.43965,45.56294],[-107.43929,45.56297],[-107.4388,45.5629],[-107.43852,45.56276],[-107.4382,45.56252],[-107.43798,45.5622],[-107.43768,45.5619],[-107.43745,45.56161],[-107.4372,45.56142],[-107.43684,45.56126],[-107.43641,45.56117],[-107.43607,45.56114],[-107.43576,45.56117],[-107.43543,45.56128],[-107.43513,45.56145],[-107.4349,45.56165],[-107.43478,45.56186],[-107.43477,45.56207],[-107.43478,45.56247],[-107.43481,45.56268],[-107.43494,45.56276],[-107.43518,45.56293],[-107.43534,45.56308],[-107.43536,45.56332],[-107.43536,45.56356],[-107.43545,45.56372],[-107.43568,45.56379],[-107.43601,45.56382],[-107.43628,45.56396],[-107.43638,45.56415],[-107.43681,45.56441],[-107.43723,45.56468],[-107.43755,45.56495],[-107.43801,45.56513],[-107.43855,45.56535],[-107.43892,45.56544],[-107.43944,45.56549],[-107.4397,45.56547],[-107.44001,45.56537],[-107.44021,45.56522],[-107.44043,45.565],[-107.44065,45.56475],[-107.44084,45.56442],[-107.44104,45.5641],[-107.4413,45.56389],[-107.44151,45.56381],[-107.44188,45.56378],[-107.44228,45.5638],[-107.44264,45.56388],[-107.44306,45.56401],[-107.4434,45.56418],[-107.44368,45.56433],[-107.44384,45.56449],[-107.44398,45.56452],[-107.44434,45.56483],[-107.44461,45.56507],[-107.44469,45.56533],[-107.44474,45.5656],[-107.44486,45.56578],[-107.44501,45.56596],[-107.44504,45.56613],[-107.44495,45.56628],[-107.44475,45.56633],[-107.44448,45.56626],[-107.44426,45.56617],[-107.44395,45.56599],[-107.44354,45.56574],[-107.4432,45.56556],[-107.44288,45.56553],[-107.44268,45.56561],[-107.44244,45.56574],[-107.44231,45.56594],[-107.44225,45.56618],[-107.44226,45.56642],[-107.44244,45.5666],[-107.44268,45.56679],[-107.44071,45.56777],[-107.43714,45.56953],[-107.43339,45.57137],[-107.43213,45.572],[-107.4262,45.57492],[-107.42316,45.57188],[-107.42047,45.56919],[-107.41954,45.56825]]],[[[-107.37906,45.52843],[-107.37905,45.52481],[-107.3739,45.52479],[-107.37389,45.52112],[-107.37424,45.52111],[-107.37429,45.51751],[-107.37943,45.5175],[-107.37939,45.52108],[-107.38418,45.52105],[-107.3842,45.52482],[-107.38422,45.52844],[-107.37906,45.52843]]]]},"properties":{"UNIT_TYPE":"National Monument","STATE":"MT","REGION":"IM","UNIT_CODE":"LIBI","UNIT_NAME":"Little Bighorn Battlefield National Monument","DATE_EDIT":"2005-02-23T00:00:00.000Z","GIS_NOTES":"Lands - http://landsnet.nps.gov/tractsnet/documents/LIBI/Metadata/libi_metadata.xml","CREATED_BY":"Lands","METADATA":"https://irma.nps.gov/DataStore/Reference/Profile/1048009","PARKNAME":"Little Bighorn Battlefield","GNIS_ID":"806297","ID_UK":"{64B622D6-CDC3-48EF-9745-C71FE199C366}","Shape_Leng":13664.8861689,"Shape_Area":3153571.00047}},
{"type":"Feature","geometry":{"type":"Polygon","coordinates":[[[-112.73343,46.41855],[-112.73451,46.41157],[-112.73454,46.41143],[-112.73481,46.40802],[-112.73493,46.40802],[-112.73498,46.40738],[-112.73506,46.40739],[-112.73518,46.40584],[-112.7353,46.40433],[-112.73861,46.40435],[-112.73895,46.40301],[-112.73904,46.40255],[-112.74082,46.40256],[-112.7447,46.40258],[-112.74472,46.40077],[-112.74993,46.40073],[-112.74994,46.3971],[-112.75512,46.39704],[-112.76036,46.39705],[-112.76559,46.39705],[-112.76562,46.40069],[-112.76564,46.40432],[-112.76567,46.40796],[-112.76569,46.41159],[-112.76042,46.41159],[-112.75515,46.4116],[-112.75335,46.4116],[-112.75326,46.41456],[-112.75194,46.41476],[-112.75286,46.4168],[-112.75256,46.41802],[-112.75059,46.42219],[-112.74932,46.42436],[-112.748,46.42683],[-112.74681,46.42785],[-112.7457,46.42878],[-112.74488,46.43002],[-112.74348,46.43213],[-112.74309,46.43272],[-112.74292,46.4331],[-112.74275,46.43345],[-112.74266,46.43379],[-112.74179,46.43534],[-112.74161,46.4356],[-112.74158,46.43565],[-112.74154,46.43574],[-112.74152,46.43579],[-112.74152,46.4359],[-112.74153,46.436],[-112.74156,46.43608],[-112.74158,46.43614],[-112.74162,46.4362],[-112.74165,46.43625],[-112.7417,46.4363],[-112.74174,46.43635],[-112.74193,46.43651],[-112.74197,46.43655],[-112.74199,46.43659],[-112.742,46.43664],[-112.74199,46.43669],[-112.74197,46.43674],[-112.74193,46.43677],[-112.74093,46.43762],[-112.74081,46.43772],[-112.74071,46.43782],[-112.74061,46.43792],[-112.74051,46.43803],[-112.74042,46.43815],[-112.74033,46.43827],[-112.74025,46.43839],[-112.74018,46.43852],[-112.74004,46.4388],[-112.74001,46.43886],[-112.74,46.43891],[-112.73999,46.43897],[-112.73998,46.43902],[-112.73999,46.43908],[-112.74,46.43914],[-112.74005,46.43928],[-112.74006,46.43932],[-112.74007,46.43942],[-112.74006,46.43946],[-112.73998,46.44005],[-112.73998,46.44012],[-112.73998,46.4402],[-112.73998,46.44027],[-112.74,46.44034],[-112.74004,46.44051],[-112.73939,46.44051],[-112.7394,46.4369],[-112.7394,46.43331],[-112.73421,46.4333],[-112.73421,46.42972],[-112.72906,46.4297],[-112.7306,46.42611],[-112.73254,46.42159],[-112.73266,46.42133],[-112.73276,46.42106],[-112.73286,46.42079],[-112.73296,46.42051],[-112.73304,46.42024],[-112.73312,46.41996],[-112.7332,46.41968],[-112.73327,46.4194],[-112.73333,46.41912],[-112.73338,46.41884],[-112.73343,46.41855]]]},"properties":{"UNIT_TYPE":"National Historic Site","STATE":"MT","REGION":"IM","UNIT_CODE":"GRKO","UNIT_NAME":"Grant-Kohrs Ranch National Historic Site","DATE_EDIT":"2017-11-30T00:00:00.000Z","GIS_NOTES":"Lands - http://landsnet.nps.gov/tractsnet/documents/GRKO/Metadata/grko_metadata.xml","CREATED_BY":"Lands","METADATA":"https://irma.nps.gov/DataStore/Reference/Profile/2220223","PARKNAME":"Grant-Kohrs Ranch","GNIS_ID":"806847","ID_UK":"{336465CE-A932-4F28-AF12-BE9569F32667}","Shape_Leng":14148.8557769,"Shape_Area":6358552.07138}},
{"type":"Feature","geometry":{"type":"Polygon","coordinates":[[[-111.09728,44.48648],[-111.09728,44.48655],[-111.09708,44.48662],[-111.09708,44.4893],[-111.09708,44.4911],[-111.09708,44.49472],[-111.09708,44.49834],[-111.09708,44.50197],[-111.09708,44.50559],[-111.09707,44.50921],[-111.09707,44.51283],[-111.09707,44.51645],[-111.09707,44.52007],[-111.09707,44.52369],[-111.09707,44.52731],[-111.09707,44.53093],[-111.09707,44.53455],[-111.09707,44.53816],[-111.09707,44.54178],[-111.09708,44.5454],[-111.09708,44.54902],[-111.09707,44.55264],[-111.09707,44.55626],[-111.09707,44.55988],[-111.09707,44.5635],[-111.09708,44.56711],[-111.09708,44.56863],[-111.09709,44.57073],[-111.09709,44.57434],[-111.0971,44.57578],[-111.0971,44.57795],[-111.0971,44.58158],[-111.0971,44.583],[-111.0971,44.58522],[-111.0971,44.58885],[-111.09711,44.59022],[-111.09711,44.59248],[-111.0971,44.5961],[-111.09711,44.59744],[-111.0971,44.59972],[-111.0971,44.60333],[-111.0971,44.60467],[-111.0971,44.60695],[-111.09711,44.61057],[-111.09712,44.61215],[-111.09712,44.61418],[-111.09713,44.6178],[-111.09713,44.61934],[-111.09713,44.62141],[-111.09715,44.62503],[-111.09716,44.62656],[-111.09716,44.62866],[-111.09717,44.63228],[-111.09718,44.63378],[-111.09719,44.6359],[-111.0972,44.63952],[-111.09721,44.64314],[-111.09722,44.64675],[-111.09723,44.64823],[-111.09722,44.65054],[-111.0972,44.65417],[-111.09719,44.65546],[-111.09718,44.65779],[-111.09718,44.65857],[-111.09718,44.66142],[-111.09718,44.6627],[-111.09717,44.66505],[-111.09718,44.66869],[-111.09718,44.66993],[-111.09718,44.67232],[-111.09718,44.67596],[-111.09718,44.67717],[-111.09718,44.6796],[-111.09719,44.68319],[-111.09719,44.68439],[-111.0972,44.6868],[-111.09721,44.6904],[-111.09721,44.69159],[-111.09721,44.69401],[-111.09721,44.69763],[-111.09721,44.69881],[-111.09722,44.70125],[-111.09722,44.70487],[-111.09722,44.70636],[-111.09722,44.7085],[-111.09722,44.71209],[-111.09722,44.71325],[-111.09723,44.71569],[-111.09723,44.71928],[-111.09723,44.72048],[-111.09723,44.72288],[-111.09723,44.72648],[-111.09723,44.73009],[-111.09723,44.73077],[-111.09723,44.7337],[-111.09723,44.73798],[-111.09722,44.74084],[-111.09722,44.74444],[-111.09722,44.74515],[-111.09722,44.74805],[-111.09721,44.75165],[-111.09721,44.75233],[-111.09721,44.75524],[-111.0972,44.75883],[-111.0972,44.75948],[-111.0972,44.76245],[-111.09721,44.76671],[-111.09721,44.76973],[-111.09721,44.77338],[-111.09721,44.774],[-111.09721,44.77703],[-111.09721,44.78067],[-111.09722,44.78124],[-111.09721,44.78432],[-111.09721,44.78795],[-111.09721,44.78847],[-111.09721,44.79159],[-111.09722,44.7957],[-111.09722,44.79885],[-111.09722,44.80247],[-111.09722,44.80264],[-111.09722,44.80609],[-111.09722,44.80626],[-111.09722,44.80962],[-111.09722,44.80982],[-111.09723,44.81322],[-111.09724,44.81674],[-111.09724,44.81701],[-111.09725,44.82025],[-111.09726,44.82381],[-111.09726,44.82425],[-111.09726,44.82793],[-111.09726,44.83157],[-111.09727,44.83519],[-111.09727,44.83882],[-111.09727,44.84244],[-111.09726,44.84603],[-111.09726,44.84968],[-111.09726,44.85331],[-111.09726,44.85693],[-111.09726,44.86055],[-111.09726,44.86418],[-111.09725,44.8678],[-111.09725,44.87142],[-111.09725,44.87499],[-111.09725,44.87867],[-111.09724,44.88229],[-111.09724,44.88592],[-111.09724,44.88954],[-111.09724,44.89316],[-111.09723,44.89679],[-111.09723,44.90041],[-111.09723,44.90389],[-111.09723,44.90403],[-111.09722,44.90765],[-111.09722,44.91082],[-111.09722,44.912],[-111.09721,44.91807],[-111.09719,44.92532],[-111.09719,44.92641],[-111.09716,44.93261],[-111.09713,44.93989],[-111.09713,44.94089],[-111.0971,44.94717],[-111.09707,44.95446],[-111.09707,44.95537],[-111.09705,44.96174],[-111.09702,44.96903],[-111.09701,44.96984],[-111.09697,44.97633],[-111.09693,44.98363],[-111.09693,44.98432],[-111.09689,44.99093],[-111.09685,44.99823],[-111.09685,44.99977],[-111.09684,45.0034],[-111.09683,45.00548],[-111.09683,45.00703],[-111.09682,45.01066],[-111.09681,45.01275],[-111.09681,45.01429],[-111.0968,45.01791],[-111.0968,45.02],[-111.09679,45.02213],[-111.09688,45.0222],[-111.09751,45.02266],[-111.09765,45.0228],[-111.09887,45.0242],[-111.09891,45.02428],[-111.09912,45.02444],[-111.09949,45.02459],[-111.09963,45.02462],[-111.09995,45.02465],[-111.10042,45.02475],[-111.10072,45.02489],[-111.10086,45.02498],[-111.10104,45.02511],[-111.10146,45.02547],[-111.10152,45.02551],[-111.10203,45.02567],[-111.10224,45.02572],[-111.10265,45.02578],[-111.10289,45.02574],[-111.10382,45.02532],[-111.10399,45.02526],[-111.10427,45.02524],[-111.10455,45.02531],[-111.1047,45.0254],[-111.10483,45.0255],[-111.105,45.02566],[-111.10508,45.02572],[-111.10522,45.02578],[-111.10555,45.02583],[-111.10563,45.02586],[-111.10569,45.02589],[-111.10596,45.02608],[-111.10605,45.02612],[-111.10624,45.02618],[-111.10652,45.02623],[-111.10712,45.02629],[-111.10732,45.02634],[-111.10748,45.0264],[-111.10773,45.02656],[-111.10797,45.02673],[-111.10804,45.0268],[-111.10811,45.0269],[-111.10816,45.02701],[-111.10819,45.02729],[-111.10819,45.02742],[-111.10823,45.02752],[-111.1083,45.02765],[-111.10834,45.0277],[-111.10838,45.02773],[-111.10844,45.02776],[-111.1087,45.02781],[-111.10871,45.0278],[-111.10893,45.02777],[-111.10906,45.02777],[-111.10923,45.0278],[-111.1097,45.02796],[-111.11001,45.02809],[-111.11043,45.02828],[-111.1106,45.02838],[-111.11071,45.02847],[-111.11089,45.02864],[-111.11104,45.02882],[-111.1114,45.02937],[-111.11152,45.02951],[-111.11211,45.03018],[-111.11242,45.03061],[-111.11249,45.03073],[-111.11251,45.03082],[-111.11251,45.03095],[-111.11237,45.03155],[-111.11236,45.03166],[-111.11238,45.03181],[-111.11246,45.03205],[-111.11253,45.03219],[-111.11265,45.03235],[-111.11277,45.03248],[-111.1129,45.0326],[-111.11319,45.03281],[-111.11328,45.03284],[-111.11339,45.03287],[-111.11391,45.03289],[-111.11398,45.03291],[-111.11404,45.03294],[-111.11411,45.03299],[-111.11417,45.03306],[-111.11424,45.03316],[-111.11445,45.03353],[-111.11453,45.03365],[-111.11466,45.03376],[-111.11481,45.03387],[-111.1149,45.03392],[-111.11507,45.03403],[-111.11563,45.0343],[-111.11607,45.03453],[-111.11651,45.03479],[-111.11661,45.03485],[-111.11676,45.03491],[-111.11693,45.03495],[-111.11731,45.03503],[-111.11761,45.03511],[-111.11781,45.03518],[-111.1179,45.03526],[-111.1181,45.03539],[-111.11822,45.03543],[-111.11841,45.03547],[-111.11877,45.03551],[-111.11892,45.03551],[-111.11932,45.03546],[-111.11941,45.03543],[-111.11961,45.0354],[-111.11994,45.0355],[-111.12014,45.0356],[-111.12032,45.03574],[-111.12041,45.03584],[-111.12043,45.03589],[-111.12045,45.03598],[-111.12036,45.03615],[-111.12032,45.03622],[-111.12018,45.03632],[-111.1198,45.03657],[-111.11977,45.03664],[-111.11977,45.03668],[-111.1199,45.03691],[-111.11992,45.03698],[-111.11994,45.03709],[-111.11995,45.0375],[-111.11993,45.03763],[-111.11981,45.03795],[-111.1198,45.03806],[-111.11982,45.03815],[-111.11988,45.03824],[-111.11995,45.03832],[-111.12003,45.0384],[-111.12043,45.03865],[-111.12057,45.03872],[-111.12076,45.03878],[-111.12094,45.03882],[-111.12156,45.03891],[-111.12168,45.03893],[-111.1218,45.03893],[-111.12199,45.0389],[-111.1223,45.03883],[-111.12273,45.03872],[-111.12289,45.0387],[-111.123,45.03871],[-111.12313,45.03874],[-111.12329,45.03881],[-111.12337,45.03885],[-111.12344,45.03895],[-111.12345,45.03903],[-111.12344,45.03932],[-111.12345,45.03952],[-111.12348,45.0397],[-111.12357,45.03981],[-111.12366,45.03988],[-111.12373,45.03992],[-111.12387,45.03997],[-111.12404,45.04001],[-111.12414,45.04002],[-111.1242,45.03999],[-111.1243,45.0399],[-111.12445,45.0398],[-111.12459,45.03977],[-111.12468,45.03979],[-111.12479,45.03982],[-111.12545,45.04021],[-111.12552,45.04027],[-111.12557,45.04035],[-111.1256,45.04044],[-111.12567,45.04056],[-111.12579,45.04063],[-111.126,45.04072],[-111.12621,45.04077],[-111.12635,45.04079],[-111.12692,45.04082],[-111.12716,45.04082],[-111.12738,45.04085],[-111.12758,45.04094],[-111.12782,45.04109],[-111.12838,45.04158],[-111.1287,45.04184],[-111.12887,45.04193],[-111.12895,45.04195],[-111.12907,45.04198],[-111.12929,45.042],[-111.12965,45.04198],[-111.12979,45.04198],[-111.12996,45.042],[-111.13018,45.04206],[-111.13034,45.04211],[-111.13043,45.04215],[-111.13051,45.0422],[-111.13058,45.04227],[-111.13084,45.0426],[-111.13109,45.04281],[-111.13123,45.04289],[-111.13188,45.0432],[-111.13198,45.04327],[-111.13205,45.04334],[-111.13211,45.04342],[-111.13239,45.04393],[-111.13253,45.04416],[-111.13262,45.04427],[-111.13278,45.04444],[-111.13299,45.04462],[-111.13317,45.04477],[-111.13355,45.04498],[-111.13384,45.04508],[-111.13398,45.04511],[-111.13415,45.04512],[-111.13486,45.04515],[-111.13505,45.04517],[-111.13519,45.04521],[-111.13579,45.04551],[-111.13587,45.04558],[-111.13595,45.04578],[-111.13602,45.04586],[-111.13615,45.04593],[-111.13622,45.04596],[-111.13665,45.04605],[-111.13689,45.04607],[-111.13728,45.04614],[-111.13738,45.04615],[-111.13748,45.04613],[-111.13763,45.04606],[-111.13765,45.04602],[-111.13765,45.04594],[-111.13764,45.0459],[-111.13752,45.04579],[-111.13749,45.04574],[-111.13748,45.0457],[-111.13749,45.04565],[-111.13762,45.04554],[-111.13774,45.04548],[-111.13777,45.04548],[-111.13794,45.04548],[-111.13828,45.04551],[-111.13844,45.04555],[-111.13883,45.04571],[-111.13906,45.04584],[-111.1392,45.04598],[-111.1394,45.04626],[-111.13947,45.04627],[-111.13954,45.04633],[-111.13956,45.04636],[-111.13954,45.04647],[-111.13955,45.04652],[-111.13957,45.04659],[-111.13962,45.04666],[-111.13974,45.04674],[-111.13985,45.04679],[-111.14014,45.04688],[-111.14024,45.04688],[-111.14033,45.04687],[-111.14065,45.04676],[-111.1408,45.04672],[-111.14097,45.0467],[-111.14137,45.04667],[-111.14179,45.0467],[-111.14198,45.04674],[-111.14207,45.04678],[-111.14221,45.04688],[-111.14232,45.04698],[-111.14238,45.04711],[-111.14238,45.0474],[-111.1424,45.04747],[-111.14245,45.04754],[-111.14251,45.0476],[-111.14257,45.04763],[-111.14267,45.04766],[-111.14309,45.0477],[-111.14323,45.04769],[-111.14358,45.0476],[-111.14368,45.04758],[-111.14381,45.04758],[-111.1439,45.04759],[-111.14409,45.04764],[-111.14422,45.0477],[-111.14433,45.04777],[-111.14443,45.04785],[-111.14482,45.04827],[-111.145,45.0484],[-111.14539,45.04857],[-111.14563,45.04871],[-111.14577,45.04878],[-111.14596,45.04884],[-111.14618,45.04889],[-111.14639,45.04893],[-111.14691,45.04898],[-111.14701,45.049],[-111.14713,45.04903],[-111.14731,45.04913],[-111.14763,45.04944],[-111.14782,45.04958],[-111.14863,45.05004],[-111.14915,45.0503],[-111.14968,45.05051],[-111.14978,45.05054],[-111.1499,45.05056],[-111.15024,45.05058],[-111.15046,45.05063],[-111.1506,45.05069],[-111.15096,45.05089],[-111.15155,45.05124],[-111.15182,45.05137],[-111.15199,45.0515],[-111.1521,45.05172],[-111.15223,45.05191],[-111.15236,45.05204],[-111.1525,45.05212],[-111.15258,45.05215],[-111.15283,45.05221],[-111.15312,45.05223],[-111.15332,45.0522],[-111.1535,45.05214],[-111.15365,45.05208],[-111.15391,45.052],[-111.15398,45.05199],[-111.15411,45.052],[-111.15428,45.05202],[-111.15446,45.05208],[-111.15466,45.05217],[-111.15484,45.05229],[-111.15499,45.05242],[-111.15511,45.05256],[-111.15519,45.05266],[-111.15525,45.05277],[-111.15529,45.05287],[-111.15538,45.05325],[-111.15554,45.05338],[-111.15597,45.05369],[-111.15599,45.05371],[-111.15552,45.05387],[-111.15358,45.05563],[-111.1526,45.05616],[-111.15221,45.05688],[-111.15228,45.05714],[-111.15042,45.05779],[-111.14891,45.05858],[-111.14782,45.05937],[-111.14696,45.05985],[-111.14607,45.06103],[-111.14552,45.06152],[-111.14496,45.06185],[-111.14342,45.06188],[-111.14284,45.06145],[-111.14247,45.06142],[-111.14205,45.0615],[-111.14028,45.06132],[-111.14001,45.06099],[-111.13814,45.06118],[-111.13758,45.06129],[-111.1366,45.06125],[-111.13474,45.06163],[-111.13481,45.06217],[-111.13517,45.06296],[-111.13522,45.06318],[-111.13617,45.06462],[-111.13587,45.06702],[-111.13597,45.06724],[-111.13652,45.06702],[-111.13739,45.06683],[-111.13752,45.06706],[-111.13757,45.06761],[-111.13814,45.06766],[-111.13789,45.06808],[-111.13894,45.06865],[-111.13872,45.06874],[-111.13857,45.06897],[-111.13882,45.06905],[-111.13863,45.06952],[-111.13896,45.07004],[-111.13935,45.0704],[-111.14041,45.07154],[-111.14095,45.07253],[-111.14091,45.07312],[-111.14053,45.07373],[-111.14111,45.07401],[-111.14126,45.07446],[-111.14111,45.07483],[-111.14094,45.07596],[-111.14057,45.0762],[-111.14071,45.07653],[-111.14158,45.07695],[-111.14009,45.07815],[-111.13837,45.08031],[-111.13775,45.08063],[-111.13659,45.0823],[-111.13537,45.0831],[-111.13218,45.08361],[-111.13142,45.08391],[-111.13007,45.08549],[-111.12971,45.08643],[-111.12994,45.08693],[-111.12989,45.0871],[-111.13015,45.08839],[-111.131,45.08872],[-111.13161,45.08937],[-111.13288,45.08976],[-111.13392,45.08983],[-111.13439,45.09076],[-111.13393,45.09122],[-111.13393,45.09263],[-111.1335,45.0931],[-111.13318,45.09393],[-111.13147,45.0952],[-111.13052,45.09649],[-111.13101,45.09764],[-111.1321,45.09851],[-111.13159,45.10018],[-111.13199,45.10119],[-111.13147,45.10131],[-111.13099,45.10133],[-111.13018,45.10127],[-111.12953,45.10099],[-111.12842,45.1005],[-111.12794,45.10067],[-111.12786,45.10085],[-111.12743,45.10125],[-111.12708,45.10155],[-111.12645,45.10188],[-111.12573,45.10209],[-111.12457,45.10242],[-111.12332,45.10257],[-111.12278,45.1028],[-111.12235,45.1029],[-111.12125,45.10278],[-111.12019,45.10256],[-111.11841,45.10198],[-111.11763,45.10172],[-111.11695,45.10174],[-111.11652,45.10223],[-111.11612,45.10286],[-111.11587,45.1036],[-111.11531,45.10399],[-111.11493,45.10435],[-111.11469,45.10485],[-111.11423,45.10523],[-111.11393,45.10559],[-111.11375,45.10605],[-111.1134,45.10674],[-111.11321,45.10703],[-111.11305,45.10712],[-111.11207,45.10749],[-111.11048,45.10753],[-111.10948,45.10774],[-111.10843,45.10766],[-111.10735,45.10774],[-111.10654,45.1077],[-111.10616,45.10786],[-111.10595,45.10805],[-111.10557,45.10828],[-111.10497,45.10841],[-111.10441,45.10855],[-111.10365,45.10896],[-111.10295,45.10867],[-111.10214,45.10797],[-111.10138,45.10743],[-111.10081,45.10697],[-111.10027,45.10646],[-111.09925,45.10583],[-111.09868,45.10537],[-111.09792,45.1045],[-111.09727,45.10385],[-111.09654,45.10335],[-111.096,45.10318],[-111.09562,45.10322],[-111.09457,45.10309],[-111.09319,45.10263],[-111.09271,45.10246],[-111.09222,45.1025],[-111.09052,45.10269],[-111.08939,45.10282],[-111.08849,45.10294],[-111.08782,45.10292],[-111.08658,45.10267],[-111.08587,45.10249],[-111.08536,45.10218],[-111.0846,45.10161],[-111.08417,45.10121],[-111.08352,45.10054],[-111.0832,45.09974],[-111.08312,45.09915],[-111.08311,45.09834],[-111.08317,45.09777],[-111.08309,45.09737],[-111.0826,45.09699],[-111.08206,45.09647],[-111.0816,45.09579],[-111.08127,45.09506],[-111.08073,45.0947],[-111.07976,45.09409],[-111.07941,45.0938],[-111.07903,45.09382],[-111.07868,45.09379],[-111.07736,45.09373],[-111.07679,45.09356],[-111.07652,45.09325],[-111.0762,45.09264],[-111.07536,45.09182],[-111.07468,45.09121],[-111.07447,45.09069],[-111.07403,45.09042],[-111.07363,45.09002],[-111.07379,45.08945],[-111.07406,45.08894],[-111.07417,45.0882],[-111.07414,45.08762],[-111.07389,45.08716],[-111.07338,45.0867],[-111.07281,45.08554],[-111.07249,45.0847],[-111.07232,45.08405],[-111.07224,45.0834],[-111.07173,45.08274],[-111.0713,45.08215],[-111.07075,45.08111],[-111.07056,45.08],[-111.07047,45.07931],[-111.07059,45.07835],[-111.07077,45.0775],[-111.07052,45.07669],[-111.07006,45.07573],[-111.0692,45.07497],[-111.06883,45.07483],[-111.06797,45.07473],[-111.06695,45.07446],[-111.06584,45.07425],[-111.06562,45.07394],[-111.0655,45.07351],[-111.06501,45.07304],[-111.06467,45.07275],[-111.06427,45.0724],[-111.06362,45.07188],[-111.06334,45.07147],[-111.06282,45.06996],[-111.06266,45.06981],[-111.06199,45.06933],[-111.06134,45.06905],[-111.06109,45.06881],[-111.06069,45.06843],[-111.06011,45.0682],[-111.05854,45.0675],[-111.05752,45.06687],[-111.0565,45.06636],[-111.05582,45.06627],[-111.0545,45.06605],[-111.05361,45.06607],[-111.05305,45.06635],[-111.05216,45.06653],[-111.05118,45.06651],[-111.05013,45.06681],[-111.0497,45.06703],[-111.04936,45.06745],[-111.04914,45.06782],[-111.04905,45.06821],[-111.04905,45.06865],[-111.04893,45.06913],[-111.04881,45.06991],[-111.04847,45.07116],[-111.04819,45.07214],[-111.04764,45.07268],[-111.04715,45.073],[-111.04669,45.07324],[-111.04545,45.07383],[-111.04453,45.07396],[-111.04305,45.07423],[-111.04173,45.07462],[-111.04121,45.07466],[-111.04065,45.07497],[-111.04031,45.07534],[-111.03917,45.07621],[-111.03856,45.07665],[-111.03773,45.07685],[-111.03723,45.07713],[-111.03653,45.07733],[-111.03579,45.07743],[-111.03517,45.07754],[-111.03456,45.07787],[-111.03412,45.07818],[-111.03357,45.07855],[-111.0328,45.07908],[-111.03222,45.07959],[-111.0312,45.08007],[-111.03043,45.08055],[-111.02904,45.081],[-111.02846,45.08105],[-111.02769,45.08105],[-111.02677,45.08094],[-111.02501,45.08096],[-111.02292,45.08087],[-111.02168,45.08096],[-111.02079,45.08105],[-111.02033,45.08114],[-111.01959,45.08149],[-111.01897,45.08166],[-111.01839,45.08208],[-111.01845,45.08262],[-111.01854,45.08302],[-111.01916,45.08366],[-111.0199,45.08431],[-111.02018,45.08494],[-111.02005,45.08556],[-111.01975,45.08604],[-111.01824,45.08669],[-111.01762,45.08741],[-111.0171,45.08817],[-111.01707,45.08957],[-111.01722,45.09069],[-111.01719,45.09115],[-111.01716,45.09146],[-111.01673,45.09203],[-111.01562,45.0929],[-111.01445,45.09368],[-111.01331,45.09423],[-111.01214,45.09469],[-111.01094,45.09506],[-111.01041,45.09541],[-111.00989,45.09589],[-111.00961,45.09639],[-111.00949,45.09713],[-111.00961,45.09835],[-111.00878,45.09818],[-111.00829,45.09824],[-111.00801,45.09823],[-111.00733,45.09784],[-111.0061,45.09773],[-111.00493,45.09771],[-111.00351,45.09754],[-111.00228,45.09725],[-111.00142,45.09745],[-111.00065,45.09795],[-110.99982,45.09767],[-110.99865,45.09721],[-110.99748,45.09668],[-110.99603,45.09588],[-110.9952,45.09532],[-110.99473,45.09497],[-110.99344,45.09432],[-110.99153,45.09307],[-110.99128,45.09281],[-110.99027,45.09259],[-110.98897,45.09231],[-110.98706,45.09205],[-110.98589,45.09183],[-110.98522,45.0917],[-110.98451,45.0917],[-110.98343,45.09179],[-110.98306,45.09163],[-110.98263,45.09155],[-110.98217,45.09172],[-110.98204,45.09144],[-110.98204,45.09091],[-110.98211,45.09043],[-110.98229,45.08952],[-110.98204,45.08867],[-110.98134,45.08803],[-110.98026,45.08743],[-110.97955,45.08695],[-110.97884,45.0861],[-110.97838,45.08556],[-110.9786,45.08521],[-110.979,45.08477],[-110.97767,45.08488],[-110.97715,45.08455],[-110.97687,45.0842],[-110.97669,45.08359],[-110.97669,45.0832],[-110.97644,45.08263],[-110.97586,45.08182],[-110.97533,45.08147],[-110.97461,45.08146],[-110.97414,45.08158],[-110.97355,45.08141],[-110.97284,45.08144],[-110.97179,45.08116],[-110.97059,45.08107],[-110.97016,45.08111],[-110.96973,45.08138],[-110.96813,45.08157],[-110.96696,45.08199],[-110.96612,45.08242],[-110.96572,45.08253],[-110.96572,45.08271],[-110.9656,45.08299],[-110.9652,45.08347],[-110.96489,45.08345],[-110.96446,45.08312],[-110.96394,45.08297],[-110.96347,45.08277],[-110.96169,45.08238],[-110.96067,45.0819],[-110.96012,45.08122],[-110.95898,45.08083],[-110.95963,45.08],[-110.96016,45.07966],[-110.96038,45.07938],[-110.96014,45.07894],[-110.96011,45.07847],[-110.95945,45.078],[-110.9591,45.07744],[-110.95888,45.07681],[-110.9564,45.07621],[-110.95572,45.07597],[-110.95452,45.07606],[-110.95359,45.07617],[-110.95273,45.07606],[-110.95221,45.07571],[-110.95181,45.07536],[-110.95095,45.07488],[-110.95079,45.07442],[-110.95052,45.07374],[-110.95015,45.07348],[-110.94919,45.07326],[-110.94765,45.07326],[-110.94722,45.07335],[-110.94639,45.07344],[-110.94531,45.07378],[-110.94466,45.07396],[-110.94405,45.07413],[-110.94337,45.0745],[-110.94288,45.07494],[-110.94254,45.07559],[-110.94211,45.07494],[-110.94146,45.07439],[-110.94131,45.07409],[-110.9412,45.07317],[-110.94105,45.07256],[-110.94074,45.07202],[-110.94043,45.07161],[-110.94033,45.07129],[-110.94067,45.07092],[-110.94081,45.07063],[-110.94133,45.07029],[-110.9416,45.0699],[-110.94157,45.06916],[-110.94147,45.06872],[-110.94095,45.06845],[-110.9405,45.06804],[-110.94016,45.06775],[-110.93971,45.06745],[-110.93954,45.06706],[-110.93947,45.06682],[-110.93961,45.06655],[-110.9392,45.06604],[-110.93847,45.06545],[-110.93771,45.06498],[-110.93675,45.06476],[-110.93606,45.06501],[-110.9352,45.06552],[-110.93461,45.06581],[-110.93389,45.06603],[-110.93334,45.06623],[-110.93292,45.0665],[-110.93271,45.06684],[-110.93251,45.06696],[-110.93182,45.06701],[-110.93096,45.06698],[-110.92999,45.0673],[-110.92961,45.06733],[-110.92896,45.06723],[-110.92896,45.06706],[-110.92923,45.06681],[-110.92992,45.06649],[-110.93041,45.06615],[-110.93099,45.06567],[-110.93154,45.06525],[-110.93179,45.06469],[-110.93155,45.06422],[-110.93127,45.06374],[-110.93106,45.0632],[-110.93113,45.06271],[-110.93138,45.06232],[-110.93231,45.06144],[-110.933,45.06081],[-110.933,45.06042],[-110.93286,45.06001],[-110.93288,45.05986],[-110.93337,45.05915],[-110.9342,45.05798],[-110.93474,45.05707],[-110.93536,45.05615],[-110.93606,45.05568],[-110.93645,45.05515],[-110.9364,45.05484],[-110.93634,45.05461],[-110.93585,45.05422],[-110.93562,45.05342],[-110.93542,45.05287],[-110.93445,45.05282],[-110.93384,45.05287],[-110.93304,45.05258],[-110.93277,45.05184],[-110.93246,45.0514],[-110.93204,45.05062],[-110.93147,45.04994],[-110.9308,45.04948],[-110.92951,45.04888],[-110.92936,45.04899],[-110.92851,45.04933],[-110.92804,45.04941],[-110.92737,45.04944],[-110.92611,45.04901],[-110.92536,45.04888],[-110.92427,45.04877],[-110.92337,45.04839],[-110.92211,45.04819],[-110.92071,45.04802],[-110.91961,45.04723],[-110.9186,45.04676],[-110.91772,45.04634],[-110.91726,45.04592],[-110.91716,45.0454],[-110.91623,45.04436],[-110.91613,45.04409],[-110.91556,45.04372],[-110.91502,45.04333],[-110.91417,45.04254],[-110.91208,45.04192],[-110.91156,45.04157],[-110.91154,45.04106],[-110.91177,45.04065],[-110.91208,45.0404],[-110.9127,45.04003],[-110.91366,45.03901],[-110.9142,45.03786],[-110.91436,45.03655],[-110.91436,45.03554],[-110.91426,45.03457],[-110.91379,45.03384],[-110.91282,45.03256],[-110.9123,45.03216],[-110.91119,45.03181],[-110.91052,45.03153],[-110.90985,45.03117],[-110.90928,45.03073],[-110.90921,45.03046],[-110.90941,45.03015],[-110.90963,45.02962],[-110.90806,45.02962],[-110.90372,45.02961],[-110.90294,45.02961],[-110.89786,45.02961],[-110.89356,45.0296],[-110.89278,45.0296],[-110.88769,45.0296],[-110.88325,45.02959],[-110.88279,45.02959],[-110.87778,45.02958],[-110.87331,45.02957],[-110.87277,45.02957],[-110.86774,45.02957],[-110.86309,45.02955],[-110.86258,45.02955],[-110.85751,45.02956],[-110.85292,45.02956],[-110.85244,45.02956],[-110.84736,45.02956],[-110.84245,45.02957],[-110.84175,45.02957],[-110.8419,45.02994],[-110.8415,45.03047],[-110.84056,45.03134],[-110.84026,45.03266],[-110.83996,45.0342],[-110.83978,45.03552],[-110.8394,45.03633],[-110.83895,45.03806],[-110.83873,45.03936],[-110.83856,45.04083],[-110.83817,45.0421],[-110.83762,45.04345],[-110.83736,45.04456],[-110.83702,45.04562],[-110.83579,45.04495],[-110.83426,45.04468],[-110.8332,45.04483],[-110.83245,45.04545],[-110.83164,45.04617],[-110.83096,45.04647],[-110.8296,45.04649],[-110.8285,45.04634],[-110.82782,45.04634],[-110.82731,45.04697],[-110.82701,45.04767],[-110.82705,45.04887],[-110.82738,45.05053],[-110.82768,45.05188],[-110.82738,45.05278],[-110.82712,45.05326],[-110.82666,45.05366],[-110.82624,45.05412],[-110.82561,45.05439],[-110.82468,45.05461],[-110.82394,45.05501],[-110.82361,45.05509],[-110.82306,45.05517],[-110.82265,45.05524],[-110.82213,45.05536],[-110.8212,45.05569],[-110.82057,45.05578],[-110.81978,45.05576],[-110.81866,45.05561],[-110.81811,45.05553],[-110.81673,45.05526],[-110.81569,45.05495],[-110.81514,45.05485],[-110.81448,45.05477],[-110.8141,45.05472],[-110.81345,45.0546],[-110.81252,45.05452],[-110.81186,45.05456],[-110.81076,45.05471],[-110.81011,45.05473],[-110.80923,45.05479],[-110.8086,45.05486],[-110.80786,45.05494],[-110.80671,45.05503],[-110.80537,45.05519],[-110.80364,45.05633],[-110.80259,45.05701],[-110.80207,45.05715],[-110.80138,45.05734],[-110.8005,45.05759],[-110.79998,45.05784],[-110.7996,45.05804],[-110.7988,45.05854],[-110.79826,45.05897],[-110.79779,45.05939],[-110.79738,45.05964],[-110.79691,45.05999],[-110.79658,45.06026],[-110.79568,45.06047],[-110.79513,45.06071],[-110.79431,45.06096],[-110.79348,45.06123],[-110.79274,45.06148],[-110.79228,45.06156],[-110.79176,45.06167],[-110.79118,45.06171],[-110.78892,45.06206],[-110.78766,45.0622],[-110.78712,45.06225],[-110.78662,45.06243],[-110.78591,45.0625],[-110.78531,45.06266],[-110.78377,45.06329],[-110.78287,45.0636],[-110.7787,45.06521],[-110.77708,45.066],[-110.77593,45.06613],[-110.77393,45.06659],[-110.77226,45.06683],[-110.77222,45.06685],[-110.77221,45.06682],[-110.77192,45.06631],[-110.77168,45.06586],[-110.77147,45.06535],[-110.77134,45.06512],[-110.77127,45.06504],[-110.77113,45.06496],[-110.77089,45.06491],[-110.77075,45.06485],[-110.77048,45.06464],[-110.7699,45.06406],[-110.7696,45.0638],[-110.76941,45.06347],[-110.76914,45.06315],[-110.76877,45.06256],[-110.7685,45.06221],[-110.7683,45.06202],[-110.76804,45.06188],[-110.76777,45.06179],[-110.76738,45.0615],[-110.76715,45.06136],[-110.76669,45.0612],[-110.76641,45.06107],[-110.76603,45.06085],[-110.76578,45.06077],[-110.76525,45.06065],[-110.76501,45.06056],[-110.76466,45.06038],[-110.76422,45.06004],[-110.76395,45.05979],[-110.7638,45.05959],[-110.76359,45.05922],[-110.76354,45.05908],[-110.76343,45.05885],[-110.76335,45.05862],[-110.76333,45.05801],[-110.76307,45.05719],[-110.76276,45.0564],[-110.76258,45.05607],[-110.76244,45.05584],[-110.76221,45.05563],[-110.76197,45.05544],[-110.76155,45.05514],[-110.76137,45.05498],[-110.76085,45.05472],[-110.76053,45.05446],[-110.76042,45.05436],[-110.76017,45.05422],[-110.75999,45.05415],[-110.75951,45.05401],[-110.75896,45.05383],[-110.7587,45.05372],[-110.75835,45.05351],[-110.7579,45.05314],[-110.7577,45.053],[-110.75748,45.05289],[-110.75695,45.05267],[-110.75628,45.05235],[-110.7558,45.05211],[-110.75558,45.05198],[-110.75534,45.05183],[-110.75507,45.0516],[-110.75483,45.0515],[-110.75461,45.05144],[-110.75424,45.05139],[-110.75397,45.05132],[-110.75387,45.0513],[-110.75368,45.05122],[-110.7533,45.051],[-110.75311,45.05091],[-110.75279,45.05068],[-110.7526,45.05047],[-110.75233,45.05015],[-110.75222,45.05004],[-110.75206,45.04991],[-110.75168,45.04969],[-110.75142,45.04947],[-110.75123,45.04926],[-110.75099,45.04888],[-110.75077,45.04868],[-110.75066,45.04856],[-110.75009,45.04829],[-110.74979,45.04812],[-110.74962,45.04799],[-110.74932,45.04783],[-110.74896,45.04768],[-110.74865,45.04758],[-110.74806,45.04734],[-110.74739,45.04704],[-110.74707,45.04686],[-110.7466,45.04655],[-110.74607,45.04613],[-110.74571,45.04581],[-110.74563,45.04572],[-110.74541,45.04552],[-110.74504,45.04523],[-110.74475,45.04503],[-110.74437,45.04482],[-110.74376,45.04457],[-110.74307,45.04436],[-110.74239,45.04421],[-110.74189,45.04418],[-110.74115,45.04419],[-110.74041,45.04423],[-110.73926,45.04432],[-110.73895,45.04432],[-110.73856,45.04428],[-110.73743,45.0441],[-110.73674,45.044],[-110.73626,45.04395],[-110.73563,45.04394],[-110.7347,45.04397],[-110.73407,45.04396],[-110.73391,45.04394],[-110.73362,45.04394],[-110.7333,45.04387],[-110.73299,45.04375],[-110.73234,45.04345],[-110.73233,45.04343],[-110.73105,45.04273],[-110.73011,45.04226],[-110.72982,45.04206],[-110.72936,45.04168],[-110.72872,45.04108],[-110.72854,45.04094],[-110.72769,45.04016],[-110.72728,45.03985],[-110.72682,45.03954],[-110.7268,45.03951],[-110.72641,45.03923],[-110.72566,45.03862],[-110.72543,45.03833],[-110.72528,45.03792],[-110.72519,45.03777],[-110.72504,45.03764],[-110.72487,45.03756],[-110.72371,45.03718],[-110.72327,45.03707],[-110.72283,45.03693],[-110.72201,45.03663],[-110.72158,45.03646],[-110.72125,45.03636],[-110.72046,45.03617],[-110.72001,45.03608],[-110.7194,45.03605],[-110.71889,45.03604],[-110.71864,45.03601],[-110.7182,45.03589],[-110.7179,45.03574],[-110.71742,45.03544],[-110.71722,45.03527],[-110.71705,45.03504],[-110.71685,45.03462],[-110.71666,45.03438],[-110.7164,45.03414],[-110.71624,45.03403],[-110.71594,45.03386],[-110.71529,45.03353],[-110.71485,45.03335],[-110.71458,45.03325],[-110.71402,45.03313],[-110.71375,45.03311],[-110.71306,45.03313],[-110.71245,45.03321],[-110.71226,45.03325],[-110.71229,45.03299],[-110.71215,45.03157],[-110.71212,45.03043],[-110.71212,45.02982],[-110.71048,45.02982],[-110.70867,45.02982],[-110.70342,45.02979],[-110.70081,45.02977],[-110.70061,45.02977],[-110.70035,45.02977],[-110.69822,45.02975],[-110.69563,45.02979],[-110.69304,45.0298],[-110.69012,45.02981],[-110.68787,45.02983],[-110.68529,45.02984],[-110.6827,45.02986],[-110.68023,45.02987],[-110.67755,45.02988],[-110.67235,45.02987],[-110.66733,45.02985],[-110.6665,45.02984],[-110.66235,45.02982],[-110.66049,45.02982],[-110.65702,45.02988],[-110.65701,45.02988],[-110.65192,45.02989],[-110.65008,45.02989],[-110.64682,45.0299],[-110.64172,45.02991],[-110.63988,45.02991],[-110.63659,45.02991],[-110.63151,45.02992],[-110.62969,45.02992],[-110.6264,45.02992],[-110.6213,45.02993],[-110.6195,45.02993],[-110.61617,45.02994],[-110.61109,45.02995],[-110.60931,45.02996],[-110.60598,45.02996],[-110.60088,45.02998],[-110.59913,45.02998],[-110.59606,45.02999],[-110.59575,45.02999],[-110.59407,45.02999],[-110.59067,45.02999],[-110.58893,45.02999],[-110.58557,45.03],[-110.58048,45.03001],[-110.57874,45.03001],[-110.57533,45.03003],[-110.57025,45.03005],[-110.56874,45.03006],[-110.56514,45.03007],[-110.56002,45.0301],[-110.55859,45.0301],[-110.55493,45.03006],[-110.54837,45.03011],[-110.53808,45.03009],[-110.52779,45.03007],[-110.5175,45.03005],[-110.51394,45.03004],[-110.5072,45.03003],[-110.49691,45.03001],[-110.49352,45.03],[-110.48662,45.02999],[-110.47632,45.02997],[-110.47311,45.02996],[-110.46603,45.02995],[-110.45574,45.02992],[-110.4527,45.02992],[-110.44545,45.0299],[-110.43515,45.02988],[-110.43228,45.02988],[-110.42486,45.02986],[-110.41457,45.02984],[-110.41187,45.02984],[-110.40431,45.02984],[-110.39402,45.02983],[-110.39133,45.02983],[-110.38372,45.02983],[-110.37343,45.02983],[-110.37092,45.02983],[-110.36314,45.02982],[-110.35285,45.02982],[-110.35051,45.02982],[-110.34256,45.02981],[-110.33227,45.02981],[-110.33009,45.02981],[-110.32197,45.0298],[-110.31168,45.0298],[-110.30968,45.0298],[-110.30139,45.0298],[-110.2911,45.02979],[-110.28926,45.02979],[-110.28083,45.02979],[-110.27054,45.02978],[-110.26873,45.02978],[-110.26025,45.02977],[-110.24996,45.02977],[-110.24832,45.02977],[-110.23967,45.02976],[-110.22938,45.02976],[-110.2279,45.02976],[-110.21909,45.02975],[-110.2088,45.02974],[-110.20749,45.02974],[-110.19851,45.02974],[-110.18822,45.02973],[-110.18707,45.02973],[-110.17793,45.02973],[-110.17463,45.02973],[-110.16751,45.02975],[-110.16666,45.02975],[-110.15724,45.02972],[-110.14696,45.02969],[-110.14612,45.02969],[-110.13668,45.02966],[-110.12639,45.02962],[-110.12571,45.02962],[-110.11611,45.02959],[-110.10583,45.02956],[-110.10036,45.02956],[-110.09716,45.02956],[-110.09497,45.02956],[-110.0949,45.0296],[-110.09414,45.03022],[-110.09393,45.03039],[-110.09358,45.03053],[-110.09305,45.0309],[-110.09251,45.03106],[-110.09205,45.03134],[-110.09178,45.03154],[-110.09155,45.03173],[-110.09109,45.03182],[-110.09078,45.03182],[-110.09047,45.03179],[-110.0891,45.03173],[-110.0884,45.03164],[-110.08806,45.03151],[-110.0877,45.03138],[-110.08711,45.03129],[-110.08614,45.03117],[-110.08501,45.03104],[-110.08461,45.03101],[-110.0842,45.03097],[-110.08389,45.03102],[-110.08354,45.03106],[-110.08325,45.03107],[-110.08253,45.03101],[-110.08215,45.03096],[-110.08199,45.03067],[-110.08193,45.03055],[-110.0817,45.03031],[-110.08159,45.03017],[-110.0813,45.02996],[-110.08098,45.02973],[-110.08082,45.02968],[-110.08037,45.02972],[-110.07946,45.02971],[-110.07888,45.02963],[-110.07849,45.02962],[-110.07811,45.02959],[-110.07722,45.02959],[-110.07687,45.02963],[-110.07655,45.02968],[-110.07619,45.02982],[-110.07548,45.03],[-110.0748,45.03015],[-110.07413,45.03031],[-110.07392,45.03045],[-110.0734,45.03086],[-110.07309,45.03112],[-110.07259,45.03138],[-110.07168,45.03168],[-110.07101,45.03173],[-110.07091,45.03175],[-110.07046,45.03181],[-110.07024,45.03205],[-110.06998,45.03247],[-110.06979,45.03261],[-110.06946,45.03269],[-110.06904,45.0327],[-110.06871,45.03278],[-110.06852,45.03281],[-110.06816,45.03294],[-110.06775,45.03308],[-110.06727,45.03329],[-110.06691,45.03349],[-110.06618,45.0338],[-110.06578,45.03377],[-110.06476,45.034],[-110.06435,45.03418],[-110.06363,45.03425],[-110.06283,45.0342],[-110.06221,45.03421],[-110.06186,45.03422],[-110.0615,45.03424],[-110.06105,45.03424],[-110.06047,45.0344],[-110.06039,45.03446],[-110.06011,45.0345],[-110.05984,45.03453],[-110.0594,45.03486],[-110.05886,45.03515],[-110.05838,45.0355],[-110.05791,45.03595],[-110.0576,45.03618],[-110.05701,45.03675],[-110.05659,45.03716],[-110.05638,45.03729],[-110.05611,45.03732],[-110.05581,45.03724],[-110.05551,45.03719],[-110.05512,45.03712],[-110.05482,45.03706],[-110.05447,45.03701],[-110.05434,45.03699],[-110.05413,45.03681],[-110.05403,45.03676],[-110.05381,45.03674],[-110.05358,45.03678],[-110.05346,45.03684],[-110.05312,45.03691],[-110.05275,45.03705],[-110.05239,45.03722],[-110.05185,45.03743],[-110.05144,45.03758],[-110.05123,45.03774],[-110.05086,45.03801],[-110.05071,45.03805],[-110.05053,45.03812],[-110.05032,45.03821],[-110.05018,45.03829],[-110.04973,45.03879],[-110.04954,45.0392],[-110.04918,45.0401],[-110.04925,45.04024],[-110.04916,45.04065],[-110.04879,45.04108],[-110.0486,45.04126],[-110.04814,45.04158],[-110.04776,45.04172],[-110.04706,45.04197],[-110.04668,45.04215],[-110.04628,45.04224],[-110.0461,45.04234],[-110.04577,45.04249],[-110.04555,45.04259],[-110.04546,45.04276],[-110.04521,45.04287],[-110.04493,45.04305],[-110.04461,45.04313],[-110.04427,45.04317],[-110.04383,45.0432],[-110.04279,45.0433],[-110.04239,45.04325],[-110.04226,45.04324],[-110.042,45.0434],[-110.04176,45.04347],[-110.04154,45.0436],[-110.04126,45.04372],[-110.04093,45.04377],[-110.04038,45.04399],[-110.04025,45.04403],[-110.03982,45.04415],[-110.03958,45.04424],[-110.03945,45.04432],[-110.0392,45.04445],[-110.03905,45.04457],[-110.03876,45.0447],[-110.03844,45.0449],[-110.03829,45.04509],[-110.03814,45.04533],[-110.03801,45.04554],[-110.03794,45.04564],[-110.03781,45.04597],[-110.03767,45.04622],[-110.03747,45.04654],[-110.03728,45.04686],[-110.03714,45.04728],[-110.0372,45.04786],[-110.03703,45.04825],[-110.03679,45.04892],[-110.03635,45.04939],[-110.03598,45.04983],[-110.03578,45.05033],[-110.03571,45.05066],[-110.03559,45.05096],[-110.03535,45.05121],[-110.03497,45.05185],[-110.03468,45.05226],[-110.03447,45.05257],[-110.03435,45.05272],[-110.03426,45.05282],[-110.03371,45.05285],[-110.03336,45.05289],[-110.03319,45.05297],[-110.03304,45.05303],[-110.03287,45.05305],[-110.03255,45.05307],[-110.03212,45.05311],[-110.03189,45.0531],[-110.03154,45.05303],[-110.0312,45.05299],[-110.03078,45.05306],[-110.03057,45.05307],[-110.03008,45.05303],[-110.02985,45.053],[-110.02946,45.05289],[-110.02915,45.05283],[-110.02865,45.05292],[-110.02836,45.053],[-110.02793,45.053],[-110.02766,45.05298],[-110.02699,45.05289],[-110.02665,45.05287],[-110.02629,45.05288],[-110.02596,45.05292],[-110.0257,45.05308],[-110.02529,45.05319],[-110.02503,45.05334],[-110.02474,45.05361],[-110.02457,45.05372],[-110.02404,45.05379],[-110.02364,45.05403],[-110.02324,45.05399],[-110.02294,45.05382],[-110.02263,45.05347],[-110.02219,45.05274],[-110.022,45.05249],[-110.02184,45.05236],[-110.02149,45.05229],[-110.02122,45.05232],[-110.02015,45.0522],[-110.01872,45.05187],[-110.01821,45.05181],[-110.01777,45.05177],[-110.01718,45.05172],[-110.01656,45.05167],[-110.01606,45.05167],[-110.01541,45.05178],[-110.01479,45.05187],[-110.01405,45.05221],[-110.0136,45.05237],[-110.01287,45.05267],[-110.0124,45.05283],[-110.0119,45.05306],[-110.01141,45.05323],[-110.01099,45.05333],[-110.01038,45.05343],[-110.01006,45.05342],[-110.00964,45.05336],[-110.00939,45.05323],[-110.00888,45.05303],[-110.00868,45.05297],[-110.00851,45.05288],[-110.00831,45.05267],[-110.00826,45.05247],[-110.00819,45.05225],[-110.00812,45.05215],[-110.00781,45.05179],[-110.00745,45.05137],[-110.00713,45.05104],[-110.00675,45.05084],[-110.00638,45.0507],[-110.00604,45.05065],[-110.00556,45.0506],[-110.00511,45.05057],[-110.00484,45.05031],[-110.00465,45.05012],[-110.00449,45.04994],[-110.00434,45.04953],[-110.00425,45.04935],[-110.00409,45.04903],[-110.00378,45.04842],[-110.00368,45.04807],[-110.00359,45.0479],[-110.00342,45.04773],[-110.00288,45.04749],[-110.00268,45.04735],[-110.00244,45.04709],[-110.00238,45.04699],[-110.00209,45.04676],[-110.00174,45.04664],[-110.00141,45.04641],[-110.00124,45.04631],[-110.00086,45.04602],[-110.00039,45.04562],[-110.0003,45.04557],[-110.00037,45.04531],[-110.00054,45.04492],[-110.00074,45.04443],[-110.00119,45.04324],[-110.00131,45.04294],[-110.00145,45.0427],[-110.00162,45.04244],[-110.00177,45.0422],[-110.00196,45.04198],[-110.00211,45.04179],[-110.00227,45.04163],[-110.00248,45.04147],[-110.00292,45.04116],[-110.00311,45.04099],[-110.00327,45.04083],[-110.00353,45.04061],[-110.0039,45.04035],[-110.00427,45.04014],[-110.00441,45.03968],[-110.00439,45.03937],[-110.00429,45.03891],[-110.00421,45.03866],[-110.00405,45.03834],[-110.00398,45.03812],[-110.00388,45.03792],[-110.00367,45.03771],[-110.00345,45.03754],[-110.00317,45.0373],[-110.00294,45.03712],[-110.00268,45.03691],[-110.00246,45.03664],[-110.00237,45.03643],[-110.00222,45.03619],[-110.00204,45.03603],[-110.00191,45.03587],[-110.00176,45.03569],[-110.00162,45.03547],[-110.00144,45.03529],[-110.00118,45.03497],[-110.00091,45.0347],[-110.00074,45.03456],[-110.00013,45.03441],[-109.99992,45.03428],[-109.99977,45.03414],[-109.99966,45.03393],[-109.99948,45.0336],[-109.99932,45.03335],[-109.99915,45.03309],[-109.9989,45.03278],[-109.99866,45.0325],[-109.99846,45.03228],[-109.9982,45.03187],[-109.99797,45.0315],[-109.99793,45.03122],[-109.99791,45.03099],[-109.99799,45.03077],[-109.99834,45.03034],[-109.99855,45.03013],[-109.99885,45.02991],[-109.99915,45.02977],[-109.99954,45.0296],[-109.99988,45.0294],[-110.00013,45.02925],[-110.00043,45.02907],[-110.00074,45.02893],[-110.00105,45.02869],[-110.00127,45.02846],[-110.00157,45.0282],[-110.00178,45.02803],[-110.00202,45.02794],[-110.00215,45.02786],[-110.0018,45.02719],[-110.00178,45.02688],[-110.00178,45.02654],[-110.00174,45.02464],[-110.00171,45.02313],[-110.00164,45.01958],[-110.00158,45.01748],[-110.00154,45.01593],[-110.00153,45.01549],[-110.0015,45.01228],[-110.00165,45.00835],[-110.00177,45.00515],[-110.00184,45.00336],[-110.00351,45.00336],[-110.00391,45.00336],[-110.02365,45.00344],[-110.02407,45.00344],[-110.04405,45.00353],[-110.06446,45.00353],[-110.06497,45.00353],[-110.08486,45.00353],[-110.08537,45.00353],[-110.10527,45.00353],[-110.10578,45.00353],[-110.12567,45.00186],[-110.14607,45.00015],[-110.16666,44.99842],[-110.18322,44.99695],[-110.18706,44.99693],[-110.20359,44.99685],[-110.20746,44.99683],[-110.22397,44.99674],[-110.22786,44.99678],[-110.24424,44.99695],[-110.24827,44.99699],[-110.26451,44.99715],[-110.26867,44.9972],[-110.28477,44.99736],[-110.28926,44.9977],[-110.30504,44.99858],[-110.30966,44.99883],[-110.3252,44.99968],[-110.33007,44.99967],[-110.34559,44.99964],[-110.35047,44.99963],[-110.36599,44.9996],[-110.37088,44.99959],[-110.38655,44.99955],[-110.39128,44.99954],[-110.40712,44.9995],[-110.41187,44.99878],[-110.42665,44.99655],[-110.43227,44.99571],[-110.44585,44.99367],[-110.45267,44.99354],[-110.46622,44.99328],[-110.47307,44.99315],[-110.4866,44.9929],[-110.49348,44.99277],[-110.50698,44.99252],[-110.51388,44.99252],[-110.52697,44.99252],[-110.54696,44.99252],[-110.55493,44.99252],[-110.56728,44.99252],[-110.57533,44.99249],[-110.58666,44.99246],[-110.59573,44.99243],[-110.60604,44.9924],[-110.61613,44.99237],[-110.62542,44.99234],[-110.63654,44.9923],[-110.64479,44.99228],[-110.65694,44.99224],[-110.66417,44.99222],[-110.67752,44.99219],[-110.6841,44.99219],[-110.69792,44.99218],[-110.70448,44.99218],[-110.71832,44.99358],[-110.73873,44.99566],[-110.75913,44.99773],[-110.77954,44.99981],[-110.79012,45.00088],[-110.80159,45.00088],[-110.81054,45.00087],[-110.82199,45.00084],[-110.83083,45.00082],[-110.84239,45.00079],[-110.85112,45.00077],[-110.8628,45.00074],[-110.87141,45.00072],[-110.88321,45.00069],[-110.8917,45.00067],[-110.90361,45.00064],[-110.91199,45.00062],[-110.92338,45.0006],[-110.93235,45.00061],[-110.94378,45.00065],[-110.95274,45.00068],[-110.96419,45.00071],[-110.97313,45.00074],[-110.98459,45.00077],[-110.99352,45.0008],[-111.005,45.00083],[-111.01391,45.00086],[-111.0254,45.0009],[-111.0343,45.00092],[-111.04505,45.00094],[-111.05456,45.00096],[-111.05457,44.99977],[-111.05456,44.9865],[-111.05456,44.98432],[-111.05455,44.97204],[-111.05455,44.96984],[-111.05454,44.95759],[-111.05454,44.95537],[-111.05453,44.94313],[-111.05453,44.94089],[-111.05452,44.92868],[-111.05451,44.92641],[-111.0545,44.91422],[-111.0545,44.91199],[-111.05447,44.89975],[-111.05446,44.8962],[-111.05443,44.88527],[-111.05442,44.88172],[-111.05439,44.87079],[-111.05438,44.86724],[-111.05435,44.85631],[-111.05434,44.85277],[-111.05431,44.84183],[-111.0543,44.83829],[-111.05427,44.82735],[-111.05427,44.82392],[-111.05425,44.8129],[-111.05424,44.80962],[-111.05421,44.79846],[-111.0542,44.79514],[-111.05418,44.78402],[-111.05417,44.78066],[-111.05414,44.76959],[-111.05413,44.76619],[-111.0541,44.75515],[-111.0541,44.75171],[-111.05407,44.74071],[-111.05407,44.73723],[-111.05399,44.72625],[-111.05396,44.72293],[-111.05386,44.71179],[-111.05383,44.70845],[-111.05372,44.69733],[-111.05369,44.69397],[-111.05359,44.68287],[-111.05356,44.6795],[-111.05346,44.66841],[-111.05343,44.66502],[-111.05332,44.65395],[-111.05332,44.65054],[-111.05328,44.63948],[-111.05326,44.63589],[-111.05321,44.625],[-111.0532,44.62141],[-111.05315,44.61052],[-111.05313,44.60694],[-111.05308,44.59604],[-111.05307,44.59246],[-111.05302,44.58156],[-111.053,44.57798],[-111.05295,44.56708],[-111.05295,44.5635],[-111.05289,44.5526],[-111.05287,44.54903],[-111.05279,44.53812],[-111.05278,44.53387],[-111.05273,44.52365],[-111.05271,44.52007],[-111.05264,44.50917],[-111.05261,44.50559],[-111.05254,44.49469],[-111.05251,44.49112],[-111.05244,44.48021],[-111.05244,44.47841],[-111.05579,44.4768],[-111.058,44.47732],[-111.05997,44.47735],[-111.06468,44.47864],[-111.07017,44.4822],[-111.07187,44.48269],[-111.07479,44.48345],[-111.07839,44.48317],[-111.08056,44.48401],[-111.08671,44.48517],[-111.09197,44.48644],[-111.09243,44.48641],[-111.0935,44.48637],[-111.09708,44.48646],[-111.09728,44.48648]]]},"properties":{"UNIT_TYPE":"National Park","STATE":"WY","REGION":"IM","UNIT_CODE":"YELL","UNIT_NAME":"Yellowstone National Park","DATE_EDIT":"2008-04-23T00:00:00.000Z","GIS_NOTES":"Lands - http://landsnet.nps.gov/tractsnet/documents/YELL/Metadata/yell_metadata.xml","CREATED_BY":"Lands","METADATA":"https://irma.nps.gov/DataStore/Reference/Profile/1048199","PARKNAME":"Yellowstone","GNIS_ID":"1609331","ID_UK":"{EDF992F0-3145-4384-8041-6398104CB8EF}","Shape_Leng":479984.08344,"Shape_Area":8905820144.56}},
{"type":"Feature","geometry":{"type":"MultiPolygon","coordinates":[[[[-104.04395,47.99768],[-104.04446,47.99781],[-104.04504,47.99799],[-104.04544,47.99813],[-104.0459,47.99828],[-104.04638,47.99845],[-104.04651,47.9985],[-104.04712,47.99885],[-104.04732,47.99896],[-104.04783,47.99921],[-104.04844,47.99948],[-104.04893,47.9997],[-104.04956,48.00002],[-104.05001,48.00004],[-104.05001,48.00393],[-104.04812,48.00329],[-104.04653,48.00283],[-104.04409,48.00249],[-104.04398,48.00247],[-104.04397,48.00162],[-104.04396,48.0002],[-104.04395,47.99957],[-104.04395,47.99768]]],[[[-104.04399,48.00323],[-104.04412,48.00325],[-104.04571,48.00356],[-104.04585,48.0036],[-104.04586,48.00439],[-104.04588,48.00747],[-104.04588,48.00761],[-104.04556,48.00761],[-104.04414,48.00761],[-104.04414,48.00747],[-104.04403,48.00747],[-104.04403,48.00727],[-104.04414,48.00727],[-104.04414,48.00729],[-104.04556,48.00728],[-104.04556,48.00646],[-104.04554,48.0042],[-104.04554,48.00386],[-104.04431,48.00386],[-104.04412,48.00387],[-104.04399,48.00387],[-104.04399,48.00323]]],[[[-104.0441,47.99454],[-104.04394,47.99448],[-104.04392,47.99312],[-104.044,47.99316],[-104.04409,47.9932],[-104.04409,47.99368],[-104.04544,47.99385],[-104.04622,47.99389],[-104.04922,47.99452],[-104.0495,47.99396],[-104.04997,47.99427],[-104.05005,47.9943],[-104.04995,47.99664],[-104.04944,47.99638],[-104.04895,47.99613],[-104.04882,47.99608],[-104.04819,47.99585],[-104.04796,47.99579],[-104.04773,47.99572],[-104.04742,47.99563],[-104.04679,47.99541],[-104.04631,47.99531],[-104.04585,47.99522],[-104.04558,47.99511],[-104.04482,47.99479],[-104.04453,47.99468],[-104.04419,47.99458],[-104.0441,47.99454]]]]},"properties":{"UNIT_TYPE":"National Historic Site","STATE":"ND","REGION":"MW","UNIT_CODE":"FOUS","UNIT_NAME":"Fort Union Trading Post National Historic Site","DATE_EDIT":"2018-07-24T00:00:00.000Z","GIS_NOTES":"Lands - http://landsnet.nps.gov/tractsnet/documents/FOUS/Metadata/FOUS_metadata.xml","CREATED_BY":"Lands","METADATA":"https://irma.nps.gov/DataStore/Reference/Profile/2225692","PARKNAME":"Fort Union Trading Post","GNIS_ID":"771520","ID_UK":"{2879740F-A55D-4B99-833B-BD079EDA67EB}","Shape_Leng":16549.7589026,"Shape_Area":1793446.05168}},
{"type":"Feature","geometry":{"type":"Polygon","coordinates":[[[-107.83064,45.35885],[-107.83323,45.35505],[-107.83318,45.35148],[-107.83317,45.3506],[-107.83828,45.35057],[-107.84342,45.35054],[-107.84853,45.35051],[-107.85365,45.35049],[-107.85621,45.35047],[-107.85622,45.34956],[-107.85878,45.34955],[-107.8639,45.34952],[-107.86775,45.34952],[-107.86778,45.34774],[-107.86784,45.34407],[-107.86734,45.34407],[-107.86734,45.34213],[-107.86734,45.34122],[-107.86734,45.34032],[-107.86733,45.3367],[-107.86735,45.33669],[-107.86736,45.33307],[-107.86736,45.33224],[-107.86748,45.33219],[-107.86784,45.33202],[-107.86873,45.33154],[-107.86948,45.33113],[-107.87065,45.33051],[-107.87196,45.32981],[-107.87321,45.32913],[-107.8746,45.3284],[-107.87552,45.32789],[-107.8762,45.32754],[-107.87684,45.32719],[-107.87716,45.32705],[-107.87742,45.32694],[-107.87824,45.32665],[-107.87851,45.32658],[-107.8789,45.32648],[-107.87933,45.3264],[-107.87978,45.32633],[-107.88026,45.32627],[-107.88072,45.32621],[-107.88109,45.32617],[-107.88147,45.32612],[-107.88192,45.32606],[-107.88236,45.32599],[-107.88276,45.3259],[-107.88322,45.3258],[-107.88361,45.3257],[-107.88395,45.3256],[-107.88439,45.32545],[-107.88482,45.3253],[-107.88517,45.32516],[-107.88561,45.32497],[-107.88591,45.32482],[-107.88629,45.32464],[-107.88659,45.32446],[-107.8869,45.32427],[-107.8876,45.32383],[-107.88905,45.32292],[-107.8902,45.32219],[-107.8911,45.32161],[-107.89211,45.32099],[-107.8929,45.32049],[-107.89374,45.31995],[-107.8949,45.31921],[-107.8958,45.31864],[-107.89667,45.31809],[-107.89757,45.31753],[-107.89849,45.31695],[-107.89936,45.31641],[-107.90031,45.3158],[-107.90132,45.31516],[-107.90262,45.31434],[-107.90356,45.31375],[-107.90458,45.3131],[-107.90553,45.31251],[-107.90633,45.312],[-107.90738,45.31133],[-107.90826,45.31079],[-107.90873,45.3105],[-107.90938,45.31015],[-107.91018,45.30973],[-107.91094,45.30934],[-107.91209,45.30876],[-107.91255,45.30853],[-107.91295,45.30834],[-107.91321,45.30824],[-107.91346,45.30815],[-107.91391,45.30802],[-107.91431,45.30792],[-107.91482,45.30785],[-107.9153,45.3078],[-107.91574,45.3078],[-107.91622,45.3078],[-107.91686,45.30784],[-107.91743,45.30789],[-107.91864,45.30797],[-107.91864,45.30769],[-107.91868,45.30407],[-107.91867,45.30046],[-107.91355,45.30045],[-107.91355,45.29683],[-107.91354,45.29319],[-107.91354,45.28956],[-107.91354,45.28595],[-107.91354,45.28233],[-107.91354,45.27871],[-107.91354,45.27509],[-107.91354,45.27147],[-107.91353,45.26785],[-107.91865,45.26787],[-107.91864,45.26424],[-107.91864,45.26062],[-107.92376,45.26063],[-107.92889,45.26064],[-107.93401,45.26065],[-107.93914,45.26065],[-107.94426,45.26065],[-107.94938,45.26066],[-107.95451,45.26066],[-107.95963,45.26066],[-107.96476,45.26065],[-107.966,45.26064],[-107.96577,45.26056],[-107.96548,45.26044],[-107.9652,45.26031],[-107.96493,45.26016],[-107.96475,45.26005],[-107.96395,45.25954],[-107.96388,45.25949],[-107.96365,45.25932],[-107.96343,45.25914],[-107.96322,45.25896],[-107.96304,45.25876],[-107.96287,45.25855],[-107.96273,45.25834],[-107.96268,45.25827],[-107.96256,45.25808],[-107.96243,45.25786],[-107.96232,45.25763],[-107.96224,45.25754],[-107.96207,45.25734],[-107.96193,45.25712],[-107.9618,45.2569],[-107.96169,45.25668],[-107.96161,45.25645],[-107.96154,45.25622],[-107.9615,45.25598],[-107.9615,45.25592],[-107.96138,45.25586],[-107.96129,45.25582],[-107.96104,45.25574],[-107.96075,45.25562],[-107.96048,45.25548],[-107.96021,45.25534],[-107.95996,45.25518],[-107.95972,45.25501],[-107.9595,45.25483],[-107.95922,45.25458],[-107.95905,45.25445],[-107.95893,45.25436],[-107.95878,45.25424],[-107.95867,45.25417],[-107.95857,45.2541],[-107.95807,45.25375],[-107.95794,45.25365],[-107.95772,45.25347],[-107.95752,45.25328],[-107.9574,45.25316],[-107.95725,45.25309],[-107.95699,45.25294],[-107.95674,45.25279],[-107.9565,45.25262],[-107.95628,45.25244],[-107.95608,45.25225],[-107.95602,45.25219],[-107.95599,45.25217],[-107.95572,45.25203],[-107.95547,45.25187],[-107.95523,45.2517],[-107.95502,45.25153],[-107.95481,45.25134],[-107.95463,45.25114],[-107.95446,45.25093],[-107.95431,45.25072],[-107.95424,45.2506],[-107.9541,45.25035],[-107.95403,45.25027],[-107.95386,45.25007],[-107.95372,45.24985],[-107.95359,45.24964],[-107.95348,45.24941],[-107.95347,45.24938],[-107.95328,45.2493],[-107.953,45.24916],[-107.95275,45.24903],[-107.95261,45.24894],[-107.95236,45.24879],[-107.95212,45.24862],[-107.9519,45.24844],[-107.9517,45.24825],[-107.95151,45.24805],[-107.95135,45.24785],[-107.9512,45.24763],[-107.95107,45.24741],[-107.95097,45.24719],[-107.95088,45.24696],[-107.95082,45.24673],[-107.95078,45.24649],[-107.95076,45.24626],[-107.95076,45.24602],[-107.95078,45.24578],[-107.95083,45.24555],[-107.95089,45.24532],[-107.95098,45.24509],[-107.95109,45.24487],[-107.95122,45.24465],[-107.95137,45.24443],[-107.95154,45.24423],[-107.95173,45.24403],[-107.95193,45.24385],[-107.95216,45.24367],[-107.95239,45.2435],[-107.95265,45.24335],[-107.95291,45.2432],[-107.95319,45.24307],[-107.95349,45.24296],[-107.95371,45.24288],[-107.95391,45.24281],[-107.95422,45.24272],[-107.95454,45.24264],[-107.95471,45.24261],[-107.9551,45.24254],[-107.95525,45.24251],[-107.9555,45.24248],[-107.95584,45.24244],[-107.95618,45.24241],[-107.95651,45.24239],[-107.95685,45.24239],[-107.95718,45.24241],[-107.95739,45.24243],[-107.95746,45.24242],[-107.95779,45.24243],[-107.95813,45.24244],[-107.95846,45.24247],[-107.95879,45.24252],[-107.95911,45.24258],[-107.9594,45.24265],[-107.95955,45.24269],[-107.95986,45.24279],[-107.96016,45.24289],[-107.96045,45.24301],[-107.96073,45.24314],[-107.96099,45.24329],[-107.96125,45.24345],[-107.96148,45.24361],[-107.9617,45.24379],[-107.9619,45.24398],[-107.96209,45.24418],[-107.96226,45.24438],[-107.9623,45.24444],[-107.96249,45.24465],[-107.96266,45.24486],[-107.96268,45.24489],[-107.96299,45.24515],[-107.96319,45.24534],[-107.96338,45.24553],[-107.96354,45.24574],[-107.96368,45.24594],[-107.96374,45.24599],[-107.96395,45.24618],[-107.96413,45.24638],[-107.9643,45.24658],[-107.96437,45.24669],[-107.96441,45.24671],[-107.96468,45.24685],[-107.96493,45.24701],[-107.96516,45.24718],[-107.96538,45.24736],[-107.96559,45.24754],[-107.96577,45.24774],[-107.96585,45.24784],[-107.9659,45.24788],[-107.96603,45.24803],[-107.96621,45.24822],[-107.96633,45.24836],[-107.96638,45.24839],[-107.9666,45.24857],[-107.96682,45.24878],[-107.9671,45.24893],[-107.96721,45.24899],[-107.96738,45.24901],[-107.96771,45.24906],[-107.9685,45.24919],[-107.9688,45.24925],[-107.96912,45.24933],[-107.96943,45.24942],[-107.96973,45.24953],[-107.97019,45.24971],[-107.97042,45.24981],[-107.9707,45.24994],[-107.97097,45.25008],[-107.97122,45.25024],[-107.97145,45.25041],[-107.97167,45.25059],[-107.97177,45.25067],[-107.97202,45.25091],[-107.97213,45.25101],[-107.97223,45.25112],[-107.97238,45.25126],[-107.97251,45.25138],[-107.97254,45.25141],[-107.97278,45.25149],[-107.97306,45.25161],[-107.97334,45.25174],[-107.97353,45.25184],[-107.97373,45.25195],[-107.97398,45.25211],[-107.97422,45.25228],[-107.97444,45.25246],[-107.97464,45.25265],[-107.97468,45.25269],[-107.97479,45.25273],[-107.97507,45.25287],[-107.97533,45.25301],[-107.97558,45.25317],[-107.97582,45.25334],[-107.97601,45.25349],[-107.97637,45.2538],[-107.97653,45.25395],[-107.97679,45.2541],[-107.97702,45.25427],[-107.97724,45.25445],[-107.97745,45.25464],[-107.97763,45.25484],[-107.97773,45.25496],[-107.97787,45.25513],[-107.97801,45.25534],[-107.97814,45.25556],[-107.97825,45.25579],[-107.97833,45.25601],[-107.97841,45.25611],[-107.97856,45.25633],[-107.97868,45.25654],[-107.97878,45.25674],[-107.97886,45.25688],[-107.97903,45.25721],[-107.9792,45.25727],[-107.9795,45.25737],[-107.97979,45.25749],[-107.98007,45.25762],[-107.98034,45.25777],[-107.98059,45.25793],[-107.98082,45.25809],[-107.98104,45.25827],[-107.98125,45.25846],[-107.98143,45.25866],[-107.9816,45.25886],[-107.98174,45.25908],[-107.98187,45.2593],[-107.98198,45.25952],[-107.98206,45.25975],[-107.98213,45.25998],[-107.98217,45.26022],[-107.98219,45.26045],[-107.98219,45.26056],[-107.98227,45.26058],[-107.98238,45.26055],[-107.9827,45.26047],[-107.98303,45.26041],[-107.98335,45.26037],[-107.98369,45.26034],[-107.98402,45.26032],[-107.98436,45.26032],[-107.98469,45.26034],[-107.98502,45.26037],[-107.98535,45.26042],[-107.98568,45.26048],[-107.98599,45.26056],[-107.9863,45.26065],[-107.9866,45.26076],[-107.98689,45.26088],[-107.98717,45.26101],[-107.98744,45.26115],[-107.98756,45.26123],[-107.98772,45.26126],[-107.98804,45.26134],[-107.98835,45.26143],[-107.98865,45.26154],[-107.98893,45.26165],[-107.98921,45.26179],[-107.98948,45.26193],[-107.98973,45.26209],[-107.98997,45.26226],[-107.99011,45.26238],[-107.9903,45.26243],[-107.99057,45.26234],[-107.99088,45.26225],[-107.9912,45.26217],[-107.99142,45.26213],[-107.99165,45.26209],[-107.99197,45.26205],[-107.99231,45.26202],[-107.99264,45.262],[-107.99298,45.262],[-107.99331,45.26202],[-107.99364,45.26205],[-107.99397,45.2621],[-107.9943,45.26216],[-107.99461,45.26224],[-107.99492,45.26233],[-107.99522,45.26244],[-107.99551,45.26256],[-107.99579,45.26269],[-107.99606,45.26283],[-107.99631,45.26299],[-107.99654,45.26316],[-107.99676,45.26334],[-107.99691,45.26348],[-107.99716,45.26371],[-107.99735,45.26391],[-107.99751,45.26412],[-107.99766,45.26433],[-107.99779,45.26455],[-107.99789,45.26477],[-107.99798,45.265],[-107.99804,45.26523],[-107.99808,45.26543],[-107.99809,45.26548],[-107.99816,45.26571],[-107.9982,45.26595],[-107.99822,45.26618],[-107.99822,45.26642],[-107.99821,45.26659],[-107.99819,45.26674],[-107.99816,45.26687],[-107.99824,45.26693],[-107.99829,45.26694],[-107.9986,45.26701],[-107.99891,45.26711],[-107.99921,45.26721],[-107.9995,45.26733],[-107.99978,45.26746],[-107.99997,45.26757],[-108.00024,45.26746],[-108.00054,45.26735],[-108.00085,45.26726],[-108.00117,45.26719],[-108.00146,45.26713],[-108.00163,45.26711],[-108.00196,45.26706],[-108.00229,45.26703],[-108.00262,45.26702],[-108.00296,45.26702],[-108.00329,45.26704],[-108.00363,45.26707],[-108.00396,45.26711],[-108.00428,45.26718],[-108.0046,45.26725],[-108.00491,45.26735],[-108.00496,45.26736],[-108.00527,45.26732],[-108.00561,45.26729],[-108.00594,45.26728],[-108.00628,45.26728],[-108.00661,45.26729],[-108.00694,45.26733],[-108.00727,45.26737],[-108.00759,45.26744],[-108.00774,45.26747],[-108.00804,45.26754],[-108.00835,45.26763],[-108.00865,45.26774],[-108.00893,45.26786],[-108.00921,45.26799],[-108.00948,45.26813],[-108.00973,45.26829],[-108.00997,45.26846],[-108.01019,45.26864],[-108.01039,45.26883],[-108.01057,45.26902],[-108.01074,45.26923],[-108.01089,45.26944],[-108.01091,45.26948],[-108.01099,45.26951],[-108.01097,45.26944],[-108.01092,45.2692],[-108.01087,45.2688],[-108.01086,45.26859],[-108.01086,45.26835],[-108.01088,45.26812],[-108.01093,45.26788],[-108.01096,45.26777],[-108.01107,45.26736],[-108.01111,45.26724],[-108.0112,45.26701],[-108.01131,45.26679],[-108.01136,45.2667],[-108.01132,45.26666],[-108.01115,45.26645],[-108.011,45.26624],[-108.01088,45.26602],[-108.01077,45.26579],[-108.01069,45.26556],[-108.01062,45.26533],[-108.01058,45.2651],[-108.01056,45.26486],[-108.01056,45.26462],[-108.01058,45.26439],[-108.01063,45.26415],[-108.01068,45.26397],[-108.01066,45.26384],[-108.01064,45.2636],[-108.01063,45.26349],[-108.01064,45.26322],[-108.01062,45.26305],[-108.01061,45.26294],[-108.01062,45.2627],[-108.01062,45.26267],[-108.01042,45.26249],[-108.01023,45.26229],[-108.01007,45.26208],[-108.00992,45.26187],[-108.00979,45.26165],[-108.00978,45.26162],[-108.00969,45.26149],[-108.00956,45.26127],[-108.0095,45.26115],[-108.0094,45.26094],[-108.00932,45.26071],[-108.00925,45.26048],[-108.00921,45.26024],[-108.00919,45.26001],[-108.00919,45.25981],[-108.00921,45.25945],[-108.00926,45.25921],[-108.00933,45.25898],[-108.00941,45.25875],[-108.00945,45.25867],[-108.00943,45.2586],[-108.00936,45.25837],[-108.00932,45.25814],[-108.0093,45.2579],[-108.0093,45.25766],[-108.00932,45.25749],[-108.00908,45.25715],[-108.00899,45.25702],[-108.00886,45.2568],[-108.00875,45.25657],[-108.00867,45.25635],[-108.00863,45.25623],[-108.00851,45.25577],[-108.00846,45.25573],[-108.00828,45.25553],[-108.00811,45.25532],[-108.00796,45.25511],[-108.00784,45.25489],[-108.00775,45.25471],[-108.00769,45.25458],[-108.00761,45.25435],[-108.00754,45.25412],[-108.0075,45.25388],[-108.00748,45.25364],[-108.00748,45.25341],[-108.0075,45.25317],[-108.00755,45.25294],[-108.00758,45.2528],[-108.00775,45.25225],[-108.00778,45.25215],[-108.00787,45.25192],[-108.00797,45.25172],[-108.00802,45.25161],[-108.00815,45.25139],[-108.0083,45.25118],[-108.00847,45.25098],[-108.00866,45.25078],[-108.00886,45.25059],[-108.00909,45.25042],[-108.00932,45.25025],[-108.00958,45.25009],[-108.00984,45.24995],[-108.01012,45.24982],[-108.01041,45.2497],[-108.01072,45.2496],[-108.01103,45.24951],[-108.01134,45.24943],[-108.01157,45.24939],[-108.01179,45.24935],[-108.01212,45.24931],[-108.01245,45.24928],[-108.01279,45.24926],[-108.01312,45.24926],[-108.01346,45.24928],[-108.01379,45.24931],[-108.01412,45.24936],[-108.01444,45.24942],[-108.01476,45.2495],[-108.01507,45.24959],[-108.01537,45.24969],[-108.01566,45.24981],[-108.01594,45.24995],[-108.0162,45.25009],[-108.01645,45.25025],[-108.01669,45.25042],[-108.01691,45.25059],[-108.01704,45.25071],[-108.01721,45.25087],[-108.01739,45.25107],[-108.01756,45.25127],[-108.01762,45.25137],[-108.01769,45.25134],[-108.018,45.25125],[-108.01825,45.25119],[-108.01844,45.25115],[-108.01876,45.25109],[-108.01909,45.25105],[-108.01942,45.25102],[-108.01976,45.251],[-108.02009,45.251],[-108.0204,45.25102],[-108.02041,45.251],[-108.02051,45.25078],[-108.02064,45.25056],[-108.02079,45.25035],[-108.02096,45.25014],[-108.02115,45.24995],[-108.02136,45.24976],[-108.02158,45.24957],[-108.02178,45.24941],[-108.02202,45.24924],[-108.02227,45.24909],[-108.02254,45.24895],[-108.02282,45.24881],[-108.02311,45.2487],[-108.02341,45.24859],[-108.02372,45.2485],[-108.02404,45.24843],[-108.02436,45.24837],[-108.02469,45.24832],[-108.02502,45.24829],[-108.02536,45.24828],[-108.02569,45.24828],[-108.02603,45.2483],[-108.02636,45.24833],[-108.02669,45.24838],[-108.02701,45.24844],[-108.02733,45.24851],[-108.02764,45.24861],[-108.0278,45.24866],[-108.02806,45.24876],[-108.02835,45.24887],[-108.02863,45.24901],[-108.0289,45.24915],[-108.02915,45.24931],[-108.02928,45.2494],[-108.02946,45.24937],[-108.02979,45.24932],[-108.03012,45.24929],[-108.03046,45.24928],[-108.03079,45.24928],[-108.03113,45.2493],[-108.03146,45.24933],[-108.03179,45.24937],[-108.03211,45.24944],[-108.03243,45.24951],[-108.03274,45.24961],[-108.03304,45.24971],[-108.03333,45.24983],[-108.03361,45.24996],[-108.03387,45.25011],[-108.03458,45.25061],[-108.03478,45.2508],[-108.03497,45.251],[-108.03513,45.2512],[-108.03525,45.25137],[-108.03534,45.2515],[-108.03547,45.25172],[-108.03558,45.25195],[-108.03566,45.25218],[-108.03573,45.25241],[-108.03577,45.25264],[-108.03579,45.25288],[-108.03579,45.25312],[-108.03576,45.25335],[-108.03574,45.25352],[-108.0357,45.25368],[-108.03565,45.25386],[-108.03589,45.25405],[-108.03609,45.25424],[-108.03627,45.25442],[-108.03646,45.25462],[-108.03662,45.25483],[-108.03677,45.25504],[-108.0369,45.25526],[-108.037,45.25548],[-108.03709,45.25571],[-108.03715,45.25595],[-108.03719,45.25618],[-108.03722,45.25642],[-108.03722,45.25651],[-108.0373,45.2565],[-108.03763,45.25645],[-108.03796,45.25642],[-108.03816,45.25641],[-108.03844,45.2564],[-108.03877,45.2564],[-108.03911,45.25642],[-108.03944,45.25645],[-108.03977,45.2565],[-108.04009,45.25656],[-108.04041,45.25664],[-108.04072,45.25673],[-108.04102,45.25684],[-108.04131,45.25696],[-108.04158,45.25709],[-108.04173,45.25717],[-108.04178,45.25714],[-108.0419,45.25706],[-108.04215,45.25691],[-108.04232,45.25682],[-108.04247,45.25656],[-108.04256,45.25642],[-108.04294,45.25584],[-108.04303,45.25563],[-108.04303,45.25558],[-108.04303,45.25534],[-108.04304,45.25517],[-108.04306,45.25501],[-108.04311,45.25478],[-108.04317,45.25454],[-108.04318,45.25446],[-108.04323,45.25423],[-108.0433,45.25399],[-108.04338,45.25377],[-108.04349,45.25354],[-108.04362,45.25332],[-108.04377,45.25311],[-108.04389,45.25297],[-108.04401,45.25283],[-108.04416,45.25247],[-108.04427,45.25225],[-108.0444,45.25203],[-108.04455,45.25182],[-108.04472,45.25161],[-108.04491,45.25142],[-108.04511,45.25123],[-108.04533,45.25105],[-108.04557,45.25088],[-108.04582,45.25073],[-108.04609,45.25059],[-108.04639,45.25045],[-108.04644,45.25041],[-108.04665,45.25028],[-108.04683,45.25018],[-108.04699,45.25009],[-108.04712,45.24999],[-108.04736,45.24982],[-108.04749,45.24974],[-108.04769,45.24958],[-108.04792,45.24942],[-108.04818,45.24926],[-108.04841,45.24913],[-108.04858,45.24905],[-108.04886,45.24891],[-108.04909,45.24882],[-108.04922,45.24872],[-108.04946,45.24855],[-108.04971,45.2484],[-108.04998,45.24826],[-108.05026,45.24812],[-108.05049,45.24803],[-108.05072,45.24789],[-108.05099,45.24775],[-108.05127,45.24761],[-108.05156,45.2475],[-108.05186,45.24739],[-108.05217,45.2473],[-108.05249,45.24723],[-108.05281,45.24717],[-108.05314,45.24712],[-108.05348,45.24709],[-108.05356,45.24709],[-108.05381,45.24705],[-108.05406,45.24702],[-108.05439,45.24699],[-108.05448,45.24698],[-108.05475,45.24693],[-108.05493,45.24691],[-108.05522,45.24686],[-108.05556,45.24683],[-108.0559,45.24682],[-108.056,45.24679],[-108.05632,45.24672],[-108.05664,45.24666],[-108.05697,45.24661],[-108.0573,45.24658],[-108.05751,45.24657],[-108.05767,45.24654],[-108.058,45.2465],[-108.05833,45.24647],[-108.05867,45.24645],[-108.05894,45.24645],[-108.05925,45.24643],[-108.05959,45.24641],[-108.0598,45.24641],[-108.05994,45.24638],[-108.06021,45.24633],[-108.06054,45.24627],[-108.06087,45.24622],[-108.0612,45.24619],[-108.06153,45.24618],[-108.06187,45.24618],[-108.0622,45.24619],[-108.06254,45.24623],[-108.06265,45.24624],[-108.06299,45.24623],[-108.0633,45.24623],[-108.06366,45.24621],[-108.06392,45.2462],[-108.06425,45.24621],[-108.06443,45.24621],[-108.06454,45.24602],[-108.06469,45.24581],[-108.06473,45.24574],[-108.06482,45.24551],[-108.06493,45.24529],[-108.06506,45.24507],[-108.06521,45.24486],[-108.06538,45.24465],[-108.06541,45.24461],[-108.06543,45.24456],[-108.06554,45.24434],[-108.06562,45.24421],[-108.06554,45.2441],[-108.06541,45.24388],[-108.06531,45.24365],[-108.06522,45.24343],[-108.06516,45.24319],[-108.06515,45.24316],[-108.06513,45.24313],[-108.06501,45.24292],[-108.0649,45.24269],[-108.06482,45.24247],[-108.06475,45.24223],[-108.06471,45.242],[-108.06469,45.24184],[-108.06466,45.24179],[-108.06454,45.24157],[-108.06443,45.24135],[-108.06434,45.24112],[-108.06428,45.24088],[-108.06424,45.24065],[-108.06422,45.24041],[-108.06422,45.24018],[-108.06424,45.23994],[-108.06428,45.23971],[-108.06431,45.23961],[-108.06438,45.23937],[-108.06446,45.23915],[-108.06453,45.239],[-108.06462,45.23883],[-108.06475,45.23861],[-108.06476,45.23849],[-108.06481,45.23826],[-108.06487,45.23803],[-108.06496,45.2378],[-108.06507,45.23757],[-108.06516,45.23741],[-108.06518,45.23732],[-108.06521,45.23717],[-108.06528,45.23693],[-108.06536,45.23671],[-108.06547,45.23648],[-108.06558,45.2363],[-108.06567,45.23607],[-108.06578,45.23585],[-108.06587,45.23569],[-108.06561,45.2357],[-108.06528,45.2357],[-108.06494,45.23569],[-108.06461,45.23566],[-108.06428,45.23561],[-108.06396,45.23555],[-108.06364,45.23547],[-108.06333,45.23538],[-108.06329,45.23537],[-108.06312,45.23532],[-108.06281,45.23523],[-108.06261,45.23516],[-108.06249,45.23513],[-108.06227,45.23509],[-108.06201,45.23504],[-108.06182,45.235],[-108.0615,45.23493],[-108.06119,45.23484],[-108.06089,45.23473],[-108.0606,45.23461],[-108.06032,45.23448],[-108.06006,45.23433],[-108.05981,45.23418],[-108.05957,45.23401],[-108.05935,45.23383],[-108.05915,45.23364],[-108.05896,45.23344],[-108.0588,45.23324],[-108.05865,45.23303],[-108.05852,45.23281],[-108.05842,45.23258],[-108.05833,45.23235],[-108.05827,45.23212],[-108.05822,45.23189],[-108.0582,45.23165],[-108.0582,45.23141],[-108.05823,45.23118],[-108.05827,45.23094],[-108.05834,45.23071],[-108.05843,45.23048],[-108.05854,45.23026],[-108.05867,45.23004],[-108.05881,45.22983],[-108.05898,45.22963],[-108.05906,45.22953],[-108.05925,45.22934],[-108.05945,45.22915],[-108.05967,45.22897],[-108.05991,45.22881],[-108.06017,45.22865],[-108.06043,45.22851],[-108.06071,45.22838],[-108.061,45.22826],[-108.0613,45.22815],[-108.0619,45.22797],[-108.06216,45.22789],[-108.06228,45.22787],[-108.06242,45.22777],[-108.06267,45.22761],[-108.06294,45.22747],[-108.06322,45.22734],[-108.06351,45.22722],[-108.06381,45.22712],[-108.06412,45.22703],[-108.06423,45.227],[-108.06431,45.22687],[-108.06444,45.2267],[-108.06461,45.22649],[-108.0648,45.22629],[-108.065,45.22611],[-108.06516,45.22597],[-108.06516,45.22586],[-108.06516,45.22562],[-108.06518,45.22541],[-108.06522,45.2251],[-108.06526,45.22487],[-108.06526,45.22484],[-108.0652,45.22461],[-108.06515,45.22437],[-108.06515,45.22431],[-108.0651,45.22417],[-108.06503,45.22394],[-108.06499,45.2237],[-108.06498,45.22363],[-108.06483,45.22316],[-108.06477,45.22294],[-108.06473,45.2227],[-108.06472,45.22261],[-108.06467,45.22215],[-108.06466,45.222],[-108.06466,45.22176],[-108.06468,45.22158],[-108.06465,45.22127],[-108.06464,45.22113],[-108.06464,45.22089],[-108.06466,45.22065],[-108.06471,45.22042],[-108.06477,45.22019],[-108.06482,45.22006],[-108.06487,45.21993],[-108.06496,45.21947],[-108.06496,45.21929],[-108.06499,45.21903],[-108.06503,45.2188],[-108.06507,45.21867],[-108.06512,45.21848],[-108.06515,45.21838],[-108.06524,45.21815],[-108.06535,45.21792],[-108.06548,45.21771],[-108.06566,45.21744],[-108.06573,45.21735],[-108.0658,45.2172],[-108.06593,45.21698],[-108.06608,45.21677],[-108.06612,45.21672],[-108.06616,45.21661],[-108.06622,45.21648],[-108.06633,45.21625],[-108.06646,45.21603],[-108.06652,45.21594],[-108.06655,45.21585],[-108.06664,45.21562],[-108.06675,45.2154],[-108.0669,45.21512],[-108.06699,45.21497],[-108.06714,45.21476],[-108.06731,45.21456],[-108.0675,45.21436],[-108.0677,45.21417],[-108.06792,45.214],[-108.06816,45.21383],[-108.06841,45.21367],[-108.06868,45.21353],[-108.06896,45.2134],[-108.06925,45.21328],[-108.06955,45.21318],[-108.06986,45.21309],[-108.07018,45.21301],[-108.0705,45.21295],[-108.07083,45.21291],[-108.07116,45.21288],[-108.0715,45.21286],[-108.07183,45.21286],[-108.07217,45.21288],[-108.0725,45.21291],[-108.07283,45.21296],[-108.07315,45.21302],[-108.07347,45.2131],[-108.07378,45.21319],[-108.07408,45.21329],[-108.07437,45.21341],[-108.07465,45.21355],[-108.07491,45.21369],[-108.07516,45.21385],[-108.0754,45.21402],[-108.07562,45.21419],[-108.07582,45.21438],[-108.07592,45.21448],[-108.07611,45.21467],[-108.07627,45.21488],[-108.07642,45.21509],[-108.07655,45.21531],[-108.07665,45.21554],[-108.07672,45.21569],[-108.07677,45.21585],[-108.07684,45.21608],[-108.07688,45.21632],[-108.0769,45.21656],[-108.0769,45.21679],[-108.07688,45.21703],[-108.07683,45.21726],[-108.07681,45.2176],[-108.07676,45.21783],[-108.07669,45.21808],[-108.07667,45.21822],[-108.07663,45.21845],[-108.07661,45.21854],[-108.07669,45.21869],[-108.0768,45.21891],[-108.07681,45.21896],[-108.07692,45.21909],[-108.07707,45.2193],[-108.07719,45.21952],[-108.07731,45.21975],[-108.07747,45.21991],[-108.07771,45.22008],[-108.07793,45.22026],[-108.07813,45.22045],[-108.07832,45.22064],[-108.07849,45.22085],[-108.07863,45.22106],[-108.07866,45.22111],[-108.07877,45.22125],[-108.07892,45.22146],[-108.07905,45.22168],[-108.07907,45.22173],[-108.07913,45.2217],[-108.07936,45.2216],[-108.07965,45.22148],[-108.07995,45.22138],[-108.08015,45.22132],[-108.08023,45.22127],[-108.08042,45.22115],[-108.08053,45.22103],[-108.08074,45.22084],[-108.08096,45.22066],[-108.0812,45.2205],[-108.08145,45.22034],[-108.08172,45.2202],[-108.082,45.22007],[-108.08229,45.21995],[-108.08259,45.21985],[-108.0829,45.21976],[-108.08322,45.21968],[-108.08354,45.21962],[-108.08387,45.21957],[-108.0842,45.21954],[-108.08428,45.21954],[-108.08438,45.2195],[-108.08456,45.21941],[-108.08485,45.2193],[-108.08515,45.21919],[-108.08544,45.2191],[-108.08571,45.21903],[-108.08602,45.21895],[-108.08621,45.21891],[-108.08642,45.21874],[-108.08666,45.21858],[-108.08678,45.2185],[-108.08684,45.21842],[-108.08696,45.21827],[-108.08708,45.21813],[-108.08727,45.21793],[-108.08743,45.21778],[-108.08767,45.21757],[-108.08789,45.21739],[-108.08813,45.21723],[-108.08836,45.21708],[-108.08851,45.21699],[-108.08878,45.21685],[-108.08906,45.21672],[-108.08935,45.2166],[-108.0894,45.21658],[-108.08951,45.21649],[-108.08962,45.21627],[-108.08975,45.21605],[-108.0899,45.21584],[-108.09007,45.21564],[-108.09025,45.21544],[-108.09046,45.21525],[-108.09068,45.21507],[-108.09092,45.21491],[-108.09117,45.21475],[-108.09144,45.21461],[-108.09172,45.21448],[-108.09201,45.21436],[-108.09224,45.21428],[-108.09243,45.21421],[-108.09274,45.21412],[-108.09306,45.21405],[-108.09338,45.21399],[-108.09371,45.21394],[-108.09404,45.21391],[-108.09438,45.2139],[-108.09471,45.2139],[-108.09505,45.21391],[-108.09538,45.21394],[-108.09571,45.21399],[-108.09591,45.21403],[-108.09598,45.21386],[-108.09609,45.21363],[-108.09622,45.21341],[-108.09637,45.2132],[-108.09654,45.213],[-108.09672,45.2128],[-108.09693,45.21261],[-108.09715,45.21244],[-108.09739,45.21227],[-108.09764,45.21211],[-108.09791,45.21197],[-108.09819,45.21184],[-108.09848,45.21172],[-108.09871,45.21164],[-108.0989,45.21157],[-108.09921,45.21148],[-108.09953,45.21141],[-108.09985,45.21135],[-108.10018,45.2113],[-108.10051,45.21127],[-108.10085,45.21126],[-108.10118,45.21126],[-108.10137,45.21126],[-108.10144,45.21119],[-108.10162,45.21099],[-108.10183,45.2108],[-108.10205,45.21062],[-108.10229,45.21046],[-108.10254,45.2103],[-108.10281,45.21016],[-108.10309,45.21003],[-108.10338,45.20991],[-108.10368,45.20981],[-108.10399,45.20972],[-108.10431,45.20964],[-108.10463,45.20958],[-108.10496,45.20953],[-108.10529,45.2095],[-108.10563,45.20949],[-108.10596,45.20949],[-108.1063,45.20951],[-108.10663,45.20954],[-108.10696,45.20958],[-108.10728,45.20965],[-108.1076,45.20972],[-108.10783,45.20979],[-108.10803,45.20985],[-108.10833,45.20996],[-108.10862,45.21008],[-108.10872,45.21012],[-108.10887,45.21007],[-108.10917,45.20996],[-108.10948,45.20987],[-108.1098,45.2098],[-108.11012,45.20974],[-108.11045,45.20969],[-108.11078,45.20966],[-108.11112,45.20965],[-108.11145,45.20965],[-108.11179,45.20966],[-108.11212,45.20969],[-108.11243,45.20974],[-108.1126,45.20976],[-108.11293,45.20983],[-108.113,45.20984],[-108.11332,45.2099],[-108.11363,45.20998],[-108.11394,45.21007],[-108.11424,45.21018],[-108.11453,45.21029],[-108.11475,45.2104],[-108.11486,45.21044],[-108.11499,45.21049],[-108.11501,45.21048],[-108.11533,45.21041],[-108.11566,45.21035],[-108.11598,45.2103],[-108.11632,45.21027],[-108.11657,45.21026],[-108.11679,45.21022],[-108.11704,45.21019],[-108.11701,45.21009],[-108.11697,45.20986],[-108.11695,45.20965],[-108.11693,45.20934],[-108.11693,45.2091],[-108.11694,45.20897],[-108.11694,45.20893],[-108.11692,45.20869],[-108.11692,45.20846],[-108.11694,45.20822],[-108.11699,45.20799],[-108.11705,45.20775],[-108.11714,45.20753],[-108.11725,45.2073],[-108.11738,45.20708],[-108.11753,45.20687],[-108.11769,45.20667],[-108.11788,45.20647],[-108.11809,45.20628],[-108.11816,45.20622],[-108.11826,45.20601],[-108.11839,45.20579],[-108.11854,45.20558],[-108.11871,45.20538],[-108.1189,45.20518],[-108.1191,45.20499],[-108.11932,45.20482],[-108.11956,45.20465],[-108.11958,45.20463],[-108.11962,45.20449],[-108.11971,45.20426],[-108.11982,45.20404],[-108.11995,45.20382],[-108.1201,45.20361],[-108.12023,45.20343],[-108.1204,45.20322],[-108.12059,45.20302],[-108.12079,45.20284],[-108.12101,45.20266],[-108.12103,45.20265],[-108.12109,45.20254],[-108.12124,45.20233],[-108.12141,45.20213],[-108.1216,45.20193],[-108.1218,45.20174],[-108.12202,45.20156],[-108.12226,45.2014],[-108.12251,45.20124],[-108.12278,45.2011],[-108.12306,45.20097],[-108.12335,45.20085],[-108.12365,45.20074],[-108.12396,45.20065],[-108.12428,45.20058],[-108.12445,45.20055],[-108.12475,45.20049],[-108.12508,45.20045],[-108.12541,45.20042],[-108.12574,45.2004],[-108.12608,45.2004],[-108.12641,45.20042],[-108.12674,45.20045],[-108.12707,45.2005],[-108.1273,45.20054],[-108.1266,45.20016],[-108.12642,45.20009],[-108.12614,45.19995],[-108.12595,45.19985],[-108.12558,45.19965],[-108.1255,45.1996],[-108.12525,45.19944],[-108.12501,45.19928],[-108.12479,45.1991],[-108.12459,45.19891],[-108.1244,45.19871],[-108.12424,45.19851],[-108.12409,45.19829],[-108.12396,45.19807],[-108.12388,45.19792],[-108.12369,45.19787],[-108.12349,45.19782],[-108.12318,45.19773],[-108.12288,45.19762],[-108.12272,45.19756],[-108.12246,45.19745],[-108.12218,45.19732],[-108.12192,45.19717],[-108.12167,45.19702],[-108.12143,45.19685],[-108.12121,45.19667],[-108.12101,45.19648],[-108.12082,45.19628],[-108.12066,45.19608],[-108.12051,45.19587],[-108.12038,45.19565],[-108.12027,45.19542],[-108.12019,45.19519],[-108.12012,45.19496],[-108.12008,45.19473],[-108.12006,45.19449],[-108.12006,45.19425],[-108.12008,45.19402],[-108.12013,45.19378],[-108.1202,45.19355],[-108.12028,45.19332],[-108.12034,45.19319],[-108.12042,45.19305],[-108.12054,45.19283],[-108.12069,45.19262],[-108.12086,45.19241],[-108.12105,45.19222],[-108.12125,45.19203],[-108.12147,45.19185],[-108.12171,45.19168],[-108.12196,45.19153],[-108.12217,45.19141],[-108.12238,45.1913],[-108.12266,45.19117],[-108.12295,45.19105],[-108.12316,45.19098],[-108.12339,45.19088],[-108.12369,45.19078],[-108.12391,45.19071],[-108.12406,45.19064],[-108.12421,45.19056],[-108.12447,45.19044],[-108.12476,45.19033],[-108.12506,45.19022],[-108.12516,45.19019],[-108.12546,45.19009],[-108.12575,45.19],[-108.12587,45.18991],[-108.1261,45.18974],[-108.12636,45.18958],[-108.12662,45.18944],[-108.1266,45.18942],[-108.12632,45.18929],[-108.12601,45.18913],[-108.12579,45.18901],[-108.12554,45.18885],[-108.12541,45.18877],[-108.12517,45.18862],[-108.12513,45.18862],[-108.1248,45.1886],[-108.12447,45.18857],[-108.1243,45.18855],[-108.12401,45.1885],[-108.12368,45.18844],[-108.12337,45.18837],[-108.12306,45.18827],[-108.12276,45.18817],[-108.12247,45.18805],[-108.12219,45.18792],[-108.12192,45.18777],[-108.12167,45.18762],[-108.12145,45.18746],[-108.12132,45.18736],[-108.1211,45.18718],[-108.1209,45.18699],[-108.12071,45.1868],[-108.12055,45.18659],[-108.1204,45.18638],[-108.12027,45.18616],[-108.12016,45.18593],[-108.12008,45.18571],[-108.12001,45.18547],[-108.11997,45.18524],[-108.11995,45.185],[-108.11995,45.18477],[-108.11997,45.18453],[-108.12002,45.18429],[-108.12009,45.18406],[-108.12017,45.18383],[-108.12028,45.18361],[-108.12041,45.18339],[-108.12049,45.18328],[-108.12058,45.18316],[-108.12074,45.18295],[-108.12093,45.18276],[-108.12114,45.18257],[-108.12136,45.18239],[-108.12159,45.18222],[-108.12179,45.1821],[-108.12223,45.18184],[-108.1225,45.18169],[-108.12279,45.18156],[-108.12278,45.18147],[-108.12278,45.18124],[-108.12281,45.181],[-108.12285,45.18077],[-108.12292,45.18053],[-108.12301,45.1803],[-108.12311,45.18008],[-108.12324,45.17986],[-108.12339,45.17965],[-108.12356,45.17945],[-108.12375,45.17925],[-108.12395,45.17906],[-108.12417,45.17888],[-108.12441,45.17872],[-108.12466,45.17856],[-108.12493,45.17842],[-108.12521,45.17829],[-108.1255,45.17817],[-108.1258,45.17806],[-108.12611,45.17797],[-108.12643,45.1779],[-108.12675,45.17784],[-108.12708,45.17779],[-108.12741,45.17776],[-108.12775,45.17775],[-108.12795,45.17775],[-108.12809,45.17759],[-108.1283,45.17741],[-108.12852,45.17723],[-108.12876,45.17706],[-108.12901,45.17691],[-108.12927,45.17676],[-108.12955,45.17663],[-108.12984,45.17651],[-108.13014,45.17641],[-108.13045,45.17632],[-108.13077,45.17624],[-108.13109,45.17618],[-108.13142,45.17614],[-108.13176,45.17611],[-108.13199,45.1761],[-108.13201,45.17597],[-108.13205,45.17578],[-108.13211,45.17555],[-108.1322,45.17532],[-108.13231,45.1751],[-108.13244,45.17488],[-108.13259,45.17466],[-108.13275,45.17446],[-108.13294,45.17426],[-108.13315,45.17408],[-108.13337,45.1739],[-108.1336,45.17373],[-108.13386,45.17358],[-108.13412,45.17343],[-108.1344,45.1733],[-108.13469,45.17318],[-108.13499,45.17308],[-108.1353,45.17299],[-108.13562,45.17291],[-108.13594,45.17285],[-108.13627,45.17281],[-108.1366,45.17278],[-108.13694,45.17276],[-108.13727,45.17276],[-108.13761,45.17278],[-108.13794,45.17281],[-108.13827,45.17286],[-108.13859,45.17292],[-108.13891,45.173],[-108.13922,45.17309],[-108.13952,45.17319],[-108.13981,45.17331],[-108.14008,45.17344],[-108.14035,45.17359],[-108.1406,45.17374],[-108.14084,45.17391],[-108.14106,45.17409],[-108.14126,45.17428],[-108.1414,45.17442],[-108.14153,45.17456],[-108.1417,45.17477],[-108.14184,45.17498],[-108.14197,45.1752],[-108.14206,45.17539],[-108.14214,45.17552],[-108.14224,45.17563],[-108.14238,45.17579],[-108.14248,45.17591],[-108.14265,45.17611],[-108.1428,45.17633],[-108.14292,45.17655],[-108.14303,45.17677],[-108.14308,45.17689],[-108.14316,45.1771],[-108.14318,45.17719],[-108.1432,45.17695],[-108.14324,45.17672],[-108.14331,45.17649],[-108.14339,45.17626],[-108.1435,45.17603],[-108.14363,45.17581],[-108.1437,45.17571],[-108.14378,45.17552],[-108.14388,45.17531],[-108.14393,45.17521],[-108.14406,45.17499],[-108.14411,45.17492],[-108.14414,45.17482],[-108.14423,45.17459],[-108.1443,45.17441],[-108.14441,45.17419],[-108.14448,45.17407],[-108.14451,45.17397],[-108.14453,45.17374],[-108.14458,45.17351],[-108.14464,45.17328],[-108.14474,45.17304],[-108.14474,45.1729],[-108.14477,45.17265],[-108.14481,45.17241],[-108.14488,45.17218],[-108.14496,45.17195],[-108.14504,45.17179],[-108.14504,45.17154],[-108.14505,45.17143],[-108.14503,45.17134],[-108.14498,45.1711],[-108.14496,45.17087],[-108.14496,45.17063],[-108.14498,45.17039],[-108.14503,45.17016],[-108.1451,45.16993],[-108.14518,45.1697],[-108.14526,45.16953],[-108.14528,45.16939],[-108.14532,45.16916],[-108.14539,45.16892],[-108.14544,45.16879],[-108.14546,45.16871],[-108.14552,45.16847],[-108.14561,45.16825],[-108.14572,45.16802],[-108.14579,45.1679],[-108.14583,45.16767],[-108.1459,45.16744],[-108.14598,45.16721],[-108.14609,45.16698],[-108.14622,45.16677],[-108.14637,45.16655],[-108.14654,45.16635],[-108.14659,45.16629],[-108.14676,45.16608],[-108.14695,45.16588],[-108.14705,45.16579],[-108.14721,45.16563],[-108.14741,45.16544],[-108.14763,45.16526],[-108.14787,45.16509],[-108.14812,45.16494],[-108.14839,45.16479],[-108.14865,45.16467],[-108.14882,45.16459],[-108.14893,45.1645],[-108.14916,45.16434],[-108.14942,45.16418],[-108.14968,45.16404],[-108.14996,45.16391],[-108.15025,45.16379],[-108.15057,45.16368],[-108.15076,45.1636],[-108.15106,45.1635],[-108.15137,45.16341],[-108.15169,45.16333],[-108.15176,45.16332],[-108.15177,45.16316],[-108.15179,45.16302],[-108.15183,45.16279],[-108.1519,45.16255],[-108.15199,45.16232],[-108.1521,45.1621],[-108.15222,45.16188],[-108.15237,45.16167],[-108.15242,45.16162],[-108.15245,45.16146],[-108.15251,45.16123],[-108.1526,45.161],[-108.15271,45.16078],[-108.15284,45.16056],[-108.15299,45.16035],[-108.15315,45.16014],[-108.15334,45.15995],[-108.15355,45.15976],[-108.15377,45.15958],[-108.154,45.15941],[-108.15426,45.15926],[-108.15452,45.15912],[-108.1548,45.15898],[-108.15509,45.15887],[-108.15533,45.15878],[-108.15552,45.15872],[-108.15574,45.15865],[-108.15582,45.1586],[-108.15607,45.15844],[-108.15634,45.1583],[-108.15662,45.15817],[-108.15689,45.15806],[-108.15714,45.15794],[-108.15743,45.15782],[-108.15773,45.15771],[-108.15804,45.15762],[-108.15836,45.15755],[-108.15866,45.15749],[-108.15874,45.15747],[-108.15904,45.15737],[-108.15929,45.1573],[-108.15949,45.15724],[-108.1598,45.15717],[-108.16013,45.15711],[-108.16045,45.15706],[-108.16079,45.15703],[-108.16112,45.15701],[-108.16146,45.15701],[-108.16179,45.15703],[-108.16212,45.15706],[-108.1624,45.1571],[-108.16287,45.15712],[-108.1632,45.15715],[-108.16353,45.1572],[-108.16385,45.15726],[-108.16398,45.15725],[-108.1642,45.15725],[-108.16446,45.15724],[-108.16456,45.15725],[-108.16483,45.15723],[-108.16512,45.15723],[-108.16522,45.15721],[-108.16554,45.15715],[-108.16587,45.1571],[-108.1662,45.15707],[-108.16654,45.15706],[-108.16666,45.15706],[-108.16655,45.15688],[-108.16649,45.15677],[-108.16639,45.15654],[-108.1663,45.15631],[-108.16624,45.15608],[-108.1662,45.15592],[-108.16612,45.15584],[-108.16593,45.15564],[-108.16577,45.15544],[-108.16562,45.15523],[-108.16556,45.15513],[-108.16545,45.15501],[-108.16534,45.15488],[-108.16522,45.15472],[-108.16507,45.15451],[-108.16494,45.15429],[-108.16484,45.15406],[-108.16481,45.15399],[-108.1647,45.15381],[-108.16466,45.15372],[-108.16456,45.15352],[-108.1645,45.15339],[-108.16446,45.15333],[-108.16431,45.15312],[-108.16418,45.1529],[-108.16408,45.15268],[-108.16399,45.15245],[-108.16393,45.15222],[-108.16388,45.15198],[-108.16387,45.1519],[-108.16372,45.15171],[-108.16358,45.1515],[-108.16345,45.15128],[-108.16334,45.15105],[-108.16326,45.15082],[-108.16319,45.15059],[-108.16315,45.15036],[-108.16313,45.15012],[-108.16313,45.14988],[-108.16315,45.14965],[-108.1632,45.14941],[-108.16326,45.14918],[-108.16331,45.14904],[-108.16336,45.1489],[-108.16337,45.14878],[-108.16339,45.14855],[-108.16343,45.14827],[-108.16347,45.14806],[-108.16349,45.1479],[-108.16353,45.14767],[-108.1636,45.14744],[-108.16363,45.14735],[-108.16341,45.14727],[-108.16312,45.14715],[-108.16282,45.14701],[-108.1626,45.14693],[-108.16232,45.14681],[-108.16204,45.14668],[-108.16177,45.14653],[-108.16152,45.14638],[-108.16146,45.14633],[-108.16125,45.14625],[-108.16097,45.14611],[-108.1607,45.14597],[-108.16045,45.14581],[-108.16022,45.14564],[-108.16,45.14547],[-108.15979,45.14528],[-108.15976,45.14524],[-108.15962,45.14522],[-108.15942,45.14518],[-108.15864,45.14503],[-108.15851,45.145],[-108.15819,45.14493],[-108.15791,45.14484],[-108.1576,45.14475],[-108.1573,45.14465],[-108.15701,45.14453],[-108.15664,45.14436],[-108.15636,45.14423],[-108.15609,45.14409],[-108.15584,45.14393],[-108.15561,45.14376],[-108.15539,45.14358],[-108.1552,45.14341],[-108.15508,45.1433],[-108.1549,45.1431],[-108.15473,45.14289],[-108.15458,45.14268],[-108.15446,45.14246],[-108.15438,45.14231],[-108.15426,45.14205],[-108.15418,45.14182],[-108.15411,45.14159],[-108.15407,45.14136],[-108.15406,45.14121],[-108.15404,45.14102],[-108.15403,45.14093],[-108.15403,45.14081],[-108.15399,45.1406],[-108.15397,45.14036],[-108.15397,45.14015],[-108.15397,45.14003],[-108.154,45.13979],[-108.15404,45.13956],[-108.15411,45.13932],[-108.15419,45.13909],[-108.1543,45.13887],[-108.15443,45.13865],[-108.15458,45.13844],[-108.15475,45.13823],[-108.15494,45.13804],[-108.15514,45.13785],[-108.15536,45.13767],[-108.1556,45.13751],[-108.15585,45.13735],[-108.15612,45.13721],[-108.15639,45.13708],[-108.15669,45.13696],[-108.15699,45.13685],[-108.1573,45.13676],[-108.15761,45.13669],[-108.15784,45.13665],[-108.1579,45.13654],[-108.15805,45.13633],[-108.15821,45.13612],[-108.1584,45.13593],[-108.1586,45.13574],[-108.15868,45.13568],[-108.15871,45.13563],[-108.15886,45.13541],[-108.15893,45.13532],[-108.15908,45.13514],[-108.15917,45.13503],[-108.15936,45.13483],[-108.15953,45.13467],[-108.15976,45.13447],[-108.15987,45.13438],[-108.16003,45.13422],[-108.16023,45.13403],[-108.16029,45.13398],[-108.16034,45.13382],[-108.16043,45.13359],[-108.16054,45.13337],[-108.16066,45.13315],[-108.16081,45.13294],[-108.16098,45.13273],[-108.16117,45.13253],[-108.16137,45.13235],[-108.16159,45.13217],[-108.16183,45.132],[-108.16208,45.13185],[-108.16235,45.1317],[-108.16254,45.13161],[-108.16271,45.13153],[-108.16275,45.13149],[-108.16297,45.13132],[-108.16309,45.13123],[-108.1632,45.13114],[-108.16336,45.131],[-108.16358,45.13082],[-108.16383,45.13065],[-108.16391,45.13058],[-108.16413,45.1304],[-108.16436,45.13024],[-108.16462,45.13008],[-108.16482,45.12997],[-108.16502,45.12981],[-108.16521,45.12967],[-108.16525,45.12964],[-108.16547,45.12947],[-108.16571,45.1293],[-108.16596,45.12914],[-108.16622,45.129],[-108.1665,45.12887],[-108.16679,45.12875],[-108.16709,45.12865],[-108.1674,45.12856],[-108.16759,45.12851],[-108.16777,45.12846],[-108.16809,45.12838],[-108.16841,45.12832],[-108.16874,45.12827],[-108.16907,45.12824],[-108.1692,45.12824],[-108.16924,45.12823],[-108.16953,45.12812],[-108.16984,45.12803],[-108.17016,45.12796],[-108.17044,45.12791],[-108.17051,45.12789],[-108.17083,45.12781],[-108.17115,45.12775],[-108.17148,45.1277],[-108.17181,45.12767],[-108.172,45.12766],[-108.17226,45.12765],[-108.17241,45.12765],[-108.17274,45.12765],[-108.17285,45.12765],[-108.17319,45.12764],[-108.17352,45.12764],[-108.17387,45.12766],[-108.17416,45.12763],[-108.17449,45.12762],[-108.17483,45.12762],[-108.17516,45.12763],[-108.17535,45.12765],[-108.17569,45.12764],[-108.17603,45.12764],[-108.17636,45.12765],[-108.17651,45.12767],[-108.17642,45.12755],[-108.17627,45.12734],[-108.17614,45.12712],[-108.17604,45.12691],[-108.176,45.12681],[-108.17591,45.12668],[-108.17579,45.12648],[-108.17568,45.12626],[-108.17557,45.12604],[-108.17548,45.12581],[-108.17542,45.12557],[-108.17537,45.12536],[-108.17535,45.12527],[-108.17518,45.12521],[-108.17489,45.12509],[-108.17479,45.12504],[-108.17447,45.12512],[-108.17419,45.12517],[-108.17397,45.12525],[-108.17366,45.12534],[-108.17334,45.12542],[-108.17304,45.12547],[-108.17299,45.12549],[-108.17267,45.12556],[-108.17234,45.12562],[-108.17202,45.12567],[-108.17168,45.1257],[-108.17149,45.12571],[-108.17121,45.12572],[-108.17108,45.12573],[-108.17074,45.12573],[-108.17041,45.12571],[-108.17008,45.12568],[-108.16986,45.12565],[-108.1695,45.12559],[-108.16917,45.12553],[-108.16904,45.1255],[-108.16895,45.1255],[-108.16862,45.12546],[-108.1683,45.12542],[-108.16797,45.12536],[-108.16766,45.12528],[-108.16735,45.12519],[-108.16705,45.12508],[-108.16676,45.12496],[-108.16669,45.12493],[-108.16654,45.12488],[-108.16625,45.12476],[-108.16598,45.12463],[-108.16571,45.12448],[-108.16546,45.12433],[-108.16522,45.12416],[-108.165,45.12398],[-108.1648,45.12379],[-108.16462,45.12359],[-108.16445,45.12339],[-108.1643,45.12318],[-108.16417,45.12296],[-108.16407,45.12273],[-108.16398,45.1225],[-108.16392,45.12229],[-108.16389,45.12216],[-108.16384,45.12193],[-108.16382,45.12172],[-108.1638,45.12164],[-108.16373,45.12141],[-108.16369,45.12118],[-108.16367,45.12094],[-108.16367,45.1207],[-108.16369,45.1205],[-108.16372,45.12029],[-108.16376,45.12005],[-108.16383,45.11982],[-108.16391,45.11959],[-108.16402,45.11937],[-108.16415,45.11915],[-108.1643,45.11894],[-108.16447,45.11873],[-108.16465,45.11853],[-108.16486,45.11835],[-108.16508,45.11817],[-108.16532,45.118],[-108.16557,45.11785],[-108.16583,45.1177],[-108.16611,45.11757],[-108.1664,45.11745],[-108.1667,45.11735],[-108.16701,45.11726],[-108.16733,45.11718],[-108.16765,45.11712],[-108.16798,45.11708],[-108.16831,45.11705],[-108.16865,45.11703],[-108.16898,45.11703],[-108.16931,45.11705],[-108.16965,45.11708],[-108.16997,45.11713],[-108.1703,45.11719],[-108.17045,45.11722],[-108.17074,45.11729],[-108.17105,45.11738],[-108.17135,45.11749],[-108.17162,45.1176],[-108.17189,45.11753],[-108.17201,45.11747],[-108.1723,45.11736],[-108.1726,45.11725],[-108.17291,45.11716],[-108.17327,45.11707],[-108.17349,45.11702],[-108.17363,45.11699],[-108.17377,45.11694],[-108.17396,45.11688],[-108.17427,45.11679],[-108.17459,45.11671],[-108.17491,45.11665],[-108.17512,45.11662],[-108.17536,45.11659],[-108.17569,45.11656],[-108.17603,45.11654],[-108.17636,45.11654],[-108.1767,45.11656],[-108.17716,45.1166],[-108.17747,45.11663],[-108.17772,45.11666],[-108.17756,45.11648],[-108.1774,45.11627],[-108.17725,45.11606],[-108.17712,45.11584],[-108.17701,45.11562],[-108.17693,45.11539],[-108.17689,45.11526],[-108.17683,45.11506],[-108.17679,45.11482],[-108.17677,45.11459],[-108.17677,45.11435],[-108.17679,45.11411],[-108.17684,45.11388],[-108.1769,45.11365],[-108.17699,45.11342],[-108.1771,45.11319],[-108.17723,45.11297],[-108.17723,45.11292],[-108.17728,45.11269],[-108.17734,45.11246],[-108.17738,45.11236],[-108.17746,45.11213],[-108.17757,45.11191],[-108.1777,45.11169],[-108.17785,45.11147],[-108.17791,45.11136],[-108.17804,45.11114],[-108.17819,45.11093],[-108.17836,45.11072],[-108.17854,45.11052],[-108.17875,45.11034],[-108.17883,45.11027],[-108.17858,45.11013],[-108.17836,45.10999],[-108.1781,45.10995],[-108.17785,45.1099],[-108.17753,45.10982],[-108.17722,45.10973],[-108.17692,45.10962],[-108.17663,45.1095],[-108.17626,45.10933],[-108.17608,45.10925],[-108.17582,45.1091],[-108.17557,45.10895],[-108.17545,45.10887],[-108.17528,45.10888],[-108.17495,45.1089],[-108.17462,45.10889],[-108.17428,45.10888],[-108.17395,45.10885],[-108.17362,45.1088],[-108.1733,45.10874],[-108.17298,45.10866],[-108.17267,45.10857],[-108.17237,45.10847],[-108.17227,45.10843],[-108.17197,45.10832],[-108.17184,45.10827],[-108.17159,45.10818],[-108.1713,45.10806],[-108.17105,45.10795],[-108.17077,45.10783],[-108.17049,45.1077],[-108.17023,45.10755],[-108.16998,45.1074],[-108.16975,45.10724],[-108.16962,45.10714],[-108.1694,45.10696],[-108.1692,45.10678],[-108.16902,45.10658],[-108.16885,45.10637],[-108.1687,45.10616],[-108.16857,45.10594],[-108.16847,45.10572],[-108.16838,45.10549],[-108.16832,45.10526],[-108.16827,45.10502],[-108.16825,45.10478],[-108.16825,45.10457],[-108.16825,45.10444],[-108.16828,45.10421],[-108.16829,45.10412],[-108.16829,45.10407],[-108.16832,45.10383],[-108.16836,45.1036],[-108.16843,45.10337],[-108.16851,45.10314],[-108.16856,45.10303],[-108.16866,45.10283],[-108.16879,45.10261],[-108.16894,45.1024],[-108.16911,45.10219],[-108.16929,45.10199],[-108.1695,45.10181],[-108.16972,45.10163],[-108.16995,45.10146],[-108.17021,45.10131],[-108.17047,45.10116],[-108.17075,45.10103],[-108.17104,45.10091],[-108.17134,45.10081],[-108.17165,45.10072],[-108.17197,45.10064],[-108.17229,45.10058],[-108.17262,45.10054],[-108.17295,45.10051],[-108.17328,45.10049],[-108.17358,45.10049],[-108.17376,45.10049],[-108.17409,45.10051],[-108.17442,45.10054],[-108.17475,45.10059],[-108.17507,45.10065],[-108.17539,45.10072],[-108.1757,45.10082],[-108.176,45.10092],[-108.17617,45.10099],[-108.17642,45.10098],[-108.17675,45.10098],[-108.17714,45.101],[-108.17735,45.10101],[-108.17768,45.10104],[-108.17801,45.10109],[-108.17815,45.10111],[-108.17841,45.10116],[-108.1786,45.1012],[-108.17891,45.10127],[-108.17922,45.10136],[-108.17944,45.10144],[-108.17981,45.10157],[-108.18004,45.10164],[-108.18034,45.10175],[-108.18063,45.10187],[-108.18091,45.102],[-108.18106,45.10208],[-108.18126,45.1021],[-108.1813,45.10203],[-108.18128,45.10196],[-108.18121,45.10173],[-108.18117,45.10149],[-108.18115,45.10125],[-108.18115,45.10102],[-108.18116,45.10084],[-108.18118,45.10069],[-108.18122,45.10045],[-108.18129,45.10022],[-108.18138,45.09999],[-108.18148,45.09977],[-108.18161,45.09955],[-108.18176,45.09934],[-108.18193,45.09913],[-108.18212,45.09894],[-108.18232,45.09875],[-108.18254,45.09857],[-108.18278,45.0984],[-108.18303,45.09825],[-108.1833,45.0981],[-108.18337,45.09807],[-108.18343,45.09796],[-108.18358,45.09775],[-108.18375,45.09755],[-108.18381,45.09748],[-108.18384,45.09743],[-108.18399,45.09722],[-108.18416,45.09701],[-108.18424,45.09692],[-108.18442,45.09673],[-108.18463,45.09654],[-108.18485,45.09636],[-108.18488,45.09631],[-108.18503,45.0961],[-108.1852,45.09589],[-108.18538,45.09569],[-108.18559,45.09551],[-108.18581,45.09533],[-108.18605,45.09516],[-108.1863,45.09501],[-108.18656,45.09486],[-108.18684,45.09473],[-108.18713,45.09461],[-108.18743,45.09451],[-108.18774,45.09442],[-108.18806,45.09434],[-108.18835,45.09428],[-108.18864,45.09414],[-108.18893,45.09403],[-108.18923,45.09392],[-108.18954,45.09383],[-108.18985,45.09376],[-108.19018,45.0937],[-108.19051,45.09365],[-108.19056,45.09364],[-108.19067,45.09362],[-108.191,45.09358],[-108.19133,45.09355],[-108.19167,45.09353],[-108.192,45.09353],[-108.19223,45.09354],[-108.19228,45.09353],[-108.19259,45.09344],[-108.19291,45.09336],[-108.19323,45.0933],[-108.19356,45.09326],[-108.19389,45.09322],[-108.19422,45.09321],[-108.19434,45.09321],[-108.19433,45.09319],[-108.19431,45.09295],[-108.19431,45.09271],[-108.19433,45.09248],[-108.19438,45.09224],[-108.19442,45.09209],[-108.19447,45.09192],[-108.19456,45.0917],[-108.19466,45.09147],[-108.19479,45.09125],[-108.19494,45.09104],[-108.19511,45.09084],[-108.19529,45.09064],[-108.1955,45.09045],[-108.19572,45.09027],[-108.19596,45.09011],[-108.19621,45.08995],[-108.19647,45.08981],[-108.19675,45.08968],[-108.19704,45.08956],[-108.19734,45.08945],[-108.19765,45.08936],[-108.19797,45.08929],[-108.19829,45.08923],[-108.19862,45.08918],[-108.19895,45.08915],[-108.19928,45.08913],[-108.19962,45.08914],[-108.19995,45.08915],[-108.20028,45.08918],[-108.20061,45.08923],[-108.20093,45.08929],[-108.20125,45.08937],[-108.20149,45.08944],[-108.20168,45.0895],[-108.20198,45.0896],[-108.20227,45.08972],[-108.20255,45.08985],[-108.2026,45.08988],[-108.20279,45.0898],[-108.20309,45.08969],[-108.2034,45.0896],[-108.20372,45.08953],[-108.20404,45.08947],[-108.20437,45.08942],[-108.2047,45.08939],[-108.20504,45.08938],[-108.20523,45.08937],[-108.20566,45.0892],[-108.20578,45.08916],[-108.20608,45.08905],[-108.20638,45.08896],[-108.20739,45.0887],[-108.2077,45.08862],[-108.20802,45.08856],[-108.20817,45.08854],[-108.20844,45.0885],[-108.20862,45.08848],[-108.20895,45.08845],[-108.20916,45.08844],[-108.20957,45.08842],[-108.2099,45.08842],[-108.21023,45.08844],[-108.21034,45.08844],[-108.21104,45.08851],[-108.21127,45.08853],[-108.2116,45.08858],[-108.21192,45.08864],[-108.21224,45.08871],[-108.21255,45.0888],[-108.21285,45.08891],[-108.21308,45.089],[-108.21322,45.08904],[-108.21326,45.08884],[-108.21333,45.08861],[-108.21341,45.08838],[-108.21352,45.08816],[-108.21365,45.08794],[-108.21369,45.08786],[-108.21385,45.0875],[-108.21393,45.08733],[-108.21397,45.08717],[-108.21403,45.08694],[-108.21412,45.08671],[-108.21431,45.08628],[-108.2144,45.08612],[-108.21452,45.0859],[-108.21457,45.08582],[-108.21459,45.08574],[-108.21455,45.08546],[-108.21452,45.08522],[-108.21452,45.08499],[-108.21454,45.08462],[-108.21451,45.08441],[-108.21449,45.08417],[-108.21449,45.08394],[-108.21451,45.08378],[-108.21454,45.0835],[-108.21455,45.08342],[-108.21458,45.08322],[-108.21459,45.08301],[-108.21461,45.08279],[-108.21458,45.08256],[-108.21459,45.08232],[-108.21459,45.08228],[-108.21457,45.08219],[-108.2145,45.08197],[-108.21443,45.08174],[-108.21438,45.08152],[-108.21436,45.08137],[-108.21433,45.08128],[-108.21423,45.08097],[-108.21416,45.08074],[-108.21412,45.08051],[-108.2141,45.08027],[-108.2141,45.08003],[-108.21412,45.07981],[-108.21405,45.07952],[-108.21401,45.07929],[-108.21399,45.07913],[-108.21395,45.07859],[-108.21395,45.07851],[-108.21395,45.07828],[-108.21397,45.07804],[-108.21401,45.07782],[-108.21408,45.07754],[-108.21414,45.07731],[-108.21423,45.07708],[-108.21434,45.07685],[-108.21446,45.07664],[-108.21451,45.07654],[-108.21459,45.07636],[-108.21472,45.07615],[-108.21485,45.07596],[-108.21502,45.07574],[-108.21518,45.07554],[-108.21523,45.07544],[-108.21536,45.07522],[-108.2155,45.07501],[-108.21567,45.07481],[-108.21586,45.07461],[-108.21606,45.07442],[-108.21628,45.07425],[-108.21652,45.07408],[-108.21677,45.07392],[-108.21704,45.07378],[-108.21729,45.07366],[-108.21744,45.07359],[-108.21767,45.0735],[-108.21795,45.07332],[-108.21821,45.07318],[-108.21849,45.07305],[-108.21871,45.07296],[-108.21882,45.07285],[-108.21905,45.07268],[-108.21928,45.07251],[-108.21953,45.07235],[-108.2198,45.07221],[-108.22008,45.07208],[-108.22037,45.07196],[-108.22067,45.07186],[-108.22098,45.07177],[-108.22129,45.07169],[-108.22162,45.07163],[-108.22194,45.07158],[-108.22208,45.07139],[-108.22221,45.07122],[-108.22256,45.07082],[-108.22274,45.07062],[-108.22279,45.07058],[-108.22292,45.0704],[-108.22307,45.07021],[-108.22311,45.07015],[-108.2232,45.07002],[-108.22333,45.06983],[-108.22325,45.06977],[-108.22305,45.06958],[-108.22286,45.06938],[-108.2227,45.06918],[-108.22255,45.06896],[-108.22242,45.06874],[-108.22236,45.06862],[-108.22226,45.06842],[-108.22222,45.06831],[-108.2222,45.06829],[-108.22201,45.06809],[-108.22188,45.06793],[-108.22177,45.06779],[-108.22162,45.06758],[-108.22149,45.06736],[-108.22139,45.06714],[-108.22134,45.06702],[-108.22127,45.06683],[-108.22123,45.06672],[-108.22117,45.06649],[-108.22112,45.06626],[-108.22111,45.0661],[-108.22109,45.06582],[-108.22109,45.06558],[-108.22111,45.06534],[-108.22115,45.06511],[-108.2212,45.06491],[-108.22125,45.06476],[-108.22134,45.06453],[-108.22145,45.06431],[-108.22157,45.0641],[-108.22173,45.06384],[-108.22174,45.06381],[-108.22178,45.06357],[-108.22185,45.06334],[-108.22193,45.06311],[-108.22199,45.06298],[-108.22209,45.06278],[-108.22221,45.06257],[-108.22236,45.06235],[-108.22253,45.06215],[-108.22272,45.06195],[-108.22288,45.0618],[-108.22301,45.06168],[-108.22323,45.0615],[-108.22347,45.06134],[-108.22372,45.06118],[-108.22415,45.06094],[-108.22439,45.06081],[-108.22461,45.0607],[-108.22481,45.06056],[-108.22506,45.06041],[-108.22533,45.06026],[-108.2256,45.06013],[-108.22589,45.06001],[-108.22602,45.05997],[-108.22608,45.05993],[-108.22636,45.0598],[-108.22661,45.0597],[-108.22692,45.05958],[-108.22722,45.05948],[-108.22753,45.05938],[-108.22785,45.05931],[-108.22801,45.05928],[-108.22828,45.05923],[-108.22855,45.05915],[-108.22886,45.05907],[-108.22911,45.05902],[-108.22932,45.05898],[-108.22965,45.05894],[-108.22998,45.05891],[-108.23032,45.05889],[-108.23065,45.05889],[-108.23098,45.05891],[-108.23123,45.05893],[-108.23144,45.05895],[-108.23165,45.05898],[-108.23202,45.059],[-108.23235,45.05903],[-108.23268,45.05907],[-108.23287,45.05911],[-108.23313,45.05916],[-108.23344,45.05923],[-108.23369,45.05931],[-108.23381,45.05931],[-108.2341,45.05934],[-108.23414,45.05922],[-108.23413,45.0592],[-108.23403,45.05906],[-108.23388,45.05885],[-108.23375,45.05863],[-108.23367,45.05847],[-108.23354,45.0584],[-108.23334,45.05828],[-108.23301,45.0582],[-108.23271,45.05811],[-108.23246,45.05802],[-108.23225,45.05801],[-108.23192,45.05798],[-108.23188,45.05797],[-108.23139,45.05796],[-108.2312,45.05794],[-108.23086,45.05792],[-108.23062,45.0579],[-108.2302,45.05789],[-108.23009,45.05788],[-108.22969,45.05788],[-108.22943,45.05788],[-108.22934,45.05788],[-108.22912,45.05789],[-108.22849,45.05794],[-108.22829,45.05801],[-108.22798,45.0581],[-108.22767,45.05817],[-108.22734,45.05823],[-108.2273,45.05824],[-108.22701,45.05831],[-108.22669,45.05837],[-108.22636,45.05842],[-108.22603,45.05845],[-108.22569,45.05846],[-108.22536,45.05846],[-108.22521,45.05846],[-108.22505,45.05848],[-108.22483,45.0585],[-108.22459,45.05852],[-108.22425,45.05853],[-108.22392,45.05853],[-108.22359,45.05852],[-108.22326,45.05849],[-108.22293,45.05844],[-108.22261,45.05838],[-108.22229,45.0583],[-108.22214,45.05826],[-108.22202,45.05824],[-108.2217,45.05818],[-108.22138,45.05811],[-108.22108,45.05801],[-108.22078,45.05791],[-108.22049,45.05779],[-108.22044,45.05777],[-108.22027,45.05773],[-108.21996,45.05764],[-108.21966,45.05753],[-108.21937,45.05741],[-108.21909,45.05728],[-108.21883,45.05714],[-108.21858,45.05698],[-108.21834,45.05681],[-108.21812,45.05663],[-108.21792,45.05645],[-108.21773,45.05625],[-108.21757,45.05605],[-108.21745,45.05596],[-108.21732,45.05587],[-108.2171,45.05569],[-108.2169,45.0555],[-108.21671,45.05531],[-108.21655,45.0551],[-108.21653,45.05507],[-108.2164,45.05495],[-108.21621,45.05475],[-108.21604,45.05455],[-108.21598,45.05446],[-108.21583,45.05425],[-108.21574,45.05411],[-108.21566,45.05397],[-108.2156,45.05392],[-108.2154,45.05374],[-108.21522,45.05355],[-108.21513,45.05345],[-108.21497,45.05325],[-108.21482,45.05303],[-108.21469,45.05281],[-108.21459,45.05259],[-108.2145,45.05236],[-108.21444,45.05213],[-108.21439,45.05189],[-108.21437,45.05166],[-108.21437,45.05142],[-108.21438,45.0513],[-108.21437,45.05117],[-108.21437,45.05093],[-108.21439,45.0507],[-108.21444,45.05046],[-108.21454,45.05006],[-108.21457,45.04957],[-108.21452,45.04929],[-108.2145,45.04917],[-108.21448,45.04894],[-108.21448,45.04883],[-108.21448,45.04847],[-108.2145,45.04811],[-108.21453,45.04794],[-108.21456,45.04779],[-108.21455,45.04765],[-108.21453,45.04747],[-108.21453,45.04723],[-108.21455,45.04706],[-108.2146,45.0466],[-108.21465,45.04637],[-108.21471,45.04613],[-108.21478,45.04596],[-108.21491,45.04562],[-108.21502,45.04539],[-108.21515,45.04518],[-108.2153,45.04496],[-108.21547,45.04476],[-108.21549,45.04473],[-108.21559,45.04459],[-108.21576,45.04439],[-108.21586,45.04427],[-108.21607,45.04405],[-108.21614,45.04396],[-108.21631,45.04376],[-108.21649,45.04356],[-108.2167,45.04337],[-108.21692,45.04319],[-108.21716,45.04303],[-108.21741,45.04287],[-108.21767,45.04273],[-108.21795,45.04259],[-108.21821,45.04249],[-108.21853,45.04237],[-108.21883,45.04226],[-108.21913,45.04217],[-108.21942,45.04205],[-108.21972,45.04195],[-108.22003,45.04186],[-108.22035,45.04178],[-108.22067,45.04172],[-108.221,45.04168],[-108.22133,45.04165],[-108.22166,45.04163],[-108.22197,45.04163],[-108.22221,45.0416],[-108.22254,45.04157],[-108.22287,45.04155],[-108.2232,45.04155],[-108.22338,45.04155],[-108.22372,45.04157],[-108.22405,45.0416],[-108.22409,45.04161],[-108.22457,45.04162],[-108.2249,45.04166],[-108.22523,45.0417],[-108.2254,45.04173],[-108.22566,45.04178],[-108.2258,45.04181],[-108.22612,45.04189],[-108.22643,45.04198],[-108.22658,45.04203],[-108.2268,45.04206],[-108.22712,45.04213],[-108.22732,45.04217],[-108.22757,45.04223],[-108.22788,45.04233],[-108.22817,45.04243],[-108.22846,45.04255],[-108.22874,45.04268],[-108.22901,45.04283],[-108.22915,45.04291],[-108.23003,45.04291],[-108.23041,45.0429],[-108.23075,45.0429],[-108.23103,45.04291],[-108.23134,45.04293],[-108.2316,45.04296],[-108.23183,45.04286],[-108.23213,45.04276],[-108.23244,45.04267],[-108.23276,45.04259],[-108.23308,45.04253],[-108.23341,45.04248],[-108.23374,45.04245],[-108.23407,45.04244],[-108.23441,45.04244],[-108.23467,45.04245],[-108.23486,45.04246],[-108.2352,45.04249],[-108.23552,45.04254],[-108.23585,45.0426],[-108.23612,45.04266],[-108.2362,45.04259],[-108.23644,45.04243],[-108.23668,45.04228],[-108.23682,45.04219],[-108.23709,45.04205],[-108.23737,45.04192],[-108.23766,45.0418],[-108.23783,45.04174],[-108.23793,45.04168],[-108.23805,45.04161],[-108.23824,45.04151],[-108.23829,45.04147],[-108.23851,45.04129],[-108.23855,45.04125],[-108.2386,45.04109],[-108.23868,45.04086],[-108.23879,45.04064],[-108.23892,45.04042],[-108.23891,45.04029],[-108.23891,45.04005],[-108.23893,45.03981],[-108.23898,45.03958],[-108.23904,45.03935],[-108.23913,45.03912],[-108.23924,45.03889],[-108.23926,45.03853],[-108.23931,45.03829],[-108.23934,45.03817],[-108.2394,45.03797],[-108.23948,45.03774],[-108.23959,45.03752],[-108.23972,45.0373],[-108.23989,45.03704],[-108.23991,45.037],[-108.23999,45.03677],[-108.2401,45.03655],[-108.24023,45.03633],[-108.24037,45.03612],[-108.24049,45.03578],[-108.24057,45.03559],[-108.24067,45.03537],[-108.2408,45.03515],[-108.24088,45.03503],[-108.24101,45.03485],[-108.24118,45.03464],[-108.24136,45.03445],[-108.24139,45.03442],[-108.24149,45.03429],[-108.24166,45.03408],[-108.24184,45.03389],[-108.24197,45.03377],[-108.24201,45.0337],[-108.24216,45.03349],[-108.24227,45.03335],[-108.24232,45.03326],[-108.24247,45.03305],[-108.24264,45.03284],[-108.24272,45.03275],[-108.2429,45.03256],[-108.24311,45.03237],[-108.24333,45.03219],[-108.24356,45.03203],[-108.2436,45.03179],[-108.24367,45.03156],[-108.24376,45.03133],[-108.24386,45.03111],[-108.24393,45.03099],[-108.24395,45.03061],[-108.24394,45.03041],[-108.24394,45.03017],[-108.24396,45.02993],[-108.24398,45.02981],[-108.24395,45.02963],[-108.24393,45.02939],[-108.24393,45.02915],[-108.24395,45.02892],[-108.244,45.02868],[-108.24406,45.02845],[-108.24411,45.02831],[-108.24411,45.02824],[-108.24413,45.02805],[-108.24411,45.02803],[-108.24398,45.02781],[-108.24393,45.02769],[-108.24388,45.02766],[-108.24365,45.02749],[-108.24343,45.02732],[-108.24323,45.02713],[-108.24304,45.02693],[-108.24287,45.02673],[-108.24273,45.02651],[-108.24267,45.02643],[-108.24255,45.02627],[-108.2424,45.02606],[-108.24227,45.02584],[-108.24206,45.02542],[-108.24197,45.02524],[-108.24193,45.02514],[-108.24179,45.02476],[-108.24174,45.02462],[-108.24168,45.02443],[-108.24154,45.02383],[-108.24149,45.02383],[-108.24115,45.02386],[-108.24082,45.02388],[-108.24059,45.02388],[-108.24005,45.02387],[-108.23961,45.02386],[-108.23928,45.02383],[-108.23909,45.0238],[-108.23882,45.02379],[-108.23849,45.02375],[-108.23816,45.02371],[-108.23803,45.02368],[-108.23795,45.02372],[-108.23766,45.02384],[-108.23722,45.024],[-108.23694,45.0241],[-108.23671,45.02417],[-108.23646,45.0243],[-108.23618,45.02443],[-108.23589,45.02455],[-108.23559,45.02465],[-108.23528,45.02474],[-108.23497,45.02482],[-108.23465,45.02488],[-108.23432,45.02493],[-108.23399,45.02496],[-108.23365,45.02497],[-108.23332,45.02497],[-108.23299,45.02496],[-108.23266,45.02493],[-108.23243,45.0249],[-108.2322,45.02486],[-108.23188,45.0248],[-108.23157,45.02472],[-108.23126,45.02463],[-108.23096,45.02453],[-108.23067,45.02441],[-108.23039,45.02428],[-108.23013,45.02413],[-108.22988,45.02398],[-108.22964,45.02381],[-108.22942,45.02363],[-108.22922,45.02344],[-108.22903,45.02325],[-108.22898,45.02319],[-108.22893,45.02317],[-108.22818,45.02296],[-108.22796,45.02289],[-108.22779,45.02283],[-108.22764,45.02279],[-108.22734,45.0227],[-108.22704,45.0226],[-108.22675,45.02248],[-108.22647,45.02235],[-108.2262,45.0222],[-108.22595,45.02205],[-108.22572,45.02188],[-108.2255,45.0217],[-108.2253,45.02151],[-108.22522,45.02144],[-108.22505,45.02131],[-108.2249,45.02119],[-108.22454,45.0209],[-108.22448,45.02084],[-108.22427,45.02065],[-108.22412,45.02049],[-108.22393,45.02027],[-108.22376,45.02007],[-108.22373,45.02003],[-108.2236,45.01991],[-108.22342,45.01971],[-108.22325,45.0195],[-108.2231,45.01929],[-108.22297,45.01907],[-108.22287,45.01885],[-108.2228,45.01867],[-108.22177,45.01879],[-108.22072,45.01905],[-108.21964,45.01931],[-108.2183,45.0196],[-108.21744,45.01986],[-108.21657,45.02022],[-108.21569,45.02068],[-108.21489,45.02103],[-108.21465,45.02109],[-108.21399,45.02123],[-108.21367,45.0213],[-108.21334,45.02134],[-108.21301,45.02137],[-108.21268,45.02139],[-108.21235,45.02139],[-108.21201,45.02137],[-108.21168,45.02134],[-108.21146,45.02131],[-108.21123,45.02128],[-108.21091,45.02121],[-108.21059,45.02114],[-108.21028,45.02105],[-108.20998,45.02094],[-108.2097,45.02082],[-108.20942,45.02069],[-108.20915,45.02055],[-108.2089,45.02039],[-108.20867,45.02022],[-108.20845,45.02004],[-108.20824,45.01986],[-108.20821,45.01982],[-108.20792,45.0197],[-108.20764,45.01957],[-108.20737,45.01942],[-108.20712,45.01927],[-108.20689,45.0191],[-108.20671,45.01896],[-108.20655,45.01886],[-108.20643,45.01877],[-108.20617,45.01875],[-108.20585,45.0187],[-108.20553,45.01864],[-108.20521,45.01856],[-108.2049,45.01847],[-108.2046,45.01837],[-108.20431,45.01825],[-108.20404,45.01811],[-108.20396,45.01807],[-108.20366,45.018],[-108.20335,45.01791],[-108.20305,45.01781],[-108.20277,45.01769],[-108.20249,45.01756],[-108.20243,45.01752],[-108.20209,45.01742],[-108.20179,45.01732],[-108.20156,45.01722],[-108.20124,45.01709],[-108.20112,45.01703],[-108.20093,45.01703],[-108.2006,45.01702],[-108.20027,45.01699],[-108.19994,45.01694],[-108.19962,45.01688],[-108.1993,45.0168],[-108.19899,45.01671],[-108.19869,45.01661],[-108.1984,45.01649],[-108.19824,45.01641],[-108.198,45.01654],[-108.19772,45.01667],[-108.19743,45.01679],[-108.19713,45.01689],[-108.19682,45.01698],[-108.1965,45.01706],[-108.19618,45.01712],[-108.19585,45.01717],[-108.19552,45.0172],[-108.19531,45.01721],[-108.19521,45.01737],[-108.19506,45.01759],[-108.19489,45.01779],[-108.1947,45.01799],[-108.1945,45.01818],[-108.19428,45.01835],[-108.19404,45.01852],[-108.19379,45.01868],[-108.19362,45.01877],[-108.1935,45.01884],[-108.19322,45.01897],[-108.19293,45.01909],[-108.19263,45.01919],[-108.19232,45.01928],[-108.192,45.01936],[-108.19168,45.01942],[-108.19135,45.01946],[-108.19102,45.01949],[-108.19069,45.01951],[-108.19035,45.01951],[-108.19002,45.01949],[-108.18969,45.01946],[-108.1896,45.01945],[-108.18927,45.0194],[-108.18895,45.01934],[-108.18863,45.01926],[-108.18832,45.01917],[-108.18802,45.01907],[-108.18775,45.01896],[-108.18768,45.01893],[-108.18739,45.01881],[-108.18712,45.01868],[-108.18685,45.01854],[-108.1866,45.01838],[-108.18637,45.01821],[-108.18615,45.01803],[-108.18594,45.01785],[-108.18576,45.01765],[-108.18559,45.01744],[-108.18545,45.01723],[-108.18535,45.01707],[-108.18531,45.01707],[-108.18499,45.01702],[-108.18466,45.01696],[-108.18435,45.01688],[-108.18404,45.01679],[-108.18374,45.01669],[-108.18365,45.01665],[-108.18322,45.01663],[-108.18311,45.01669],[-108.18305,45.01674],[-108.18291,45.01693],[-108.18274,45.01714],[-108.18265,45.01724],[-108.18258,45.01736],[-108.18243,45.01757],[-108.18235,45.01767],[-108.18218,45.01788],[-108.18209,45.01798],[-108.18191,45.01818],[-108.1817,45.01837],[-108.18148,45.01855],[-108.18125,45.01871],[-108.18099,45.01887],[-108.18073,45.01901],[-108.18045,45.01914],[-108.18016,45.01926],[-108.17986,45.01937],[-108.17955,45.01946],[-108.17924,45.01953],[-108.17891,45.01959],[-108.17859,45.01964],[-108.17825,45.01967],[-108.17792,45.01968],[-108.17759,45.01968],[-108.17725,45.01967],[-108.17692,45.01964],[-108.1766,45.01959],[-108.17636,45.01955],[-108.17622,45.01952],[-108.1759,45.01944],[-108.1756,45.01935],[-108.1753,45.01924],[-108.1751,45.01916],[-108.17505,45.01916],[-108.17472,45.01911],[-108.1744,45.01905],[-108.17409,45.01897],[-108.17378,45.01888],[-108.17348,45.01878],[-108.17319,45.01866],[-108.17291,45.01853],[-108.17265,45.01838],[-108.17248,45.01828],[-108.17226,45.01817],[-108.17199,45.01803],[-108.17174,45.01787],[-108.1715,45.0177],[-108.17132,45.01755],[-108.17116,45.01751],[-108.17086,45.01742],[-108.17056,45.01732],[-108.17027,45.0172],[-108.17023,45.0172],[-108.1699,45.01725],[-108.16957,45.01728],[-108.16924,45.01729],[-108.1689,45.01729],[-108.16882,45.01729],[-108.16871,45.01735],[-108.16849,45.01745],[-108.16831,45.01758],[-108.16806,45.01773],[-108.16801,45.01776],[-108.16788,45.01795],[-108.16771,45.01815],[-108.16753,45.01835],[-108.16732,45.01854],[-108.1671,45.01871],[-108.16686,45.01888],[-108.16661,45.01904],[-108.16635,45.01918],[-108.16607,45.01931],[-108.16578,45.01943],[-108.16557,45.0195],[-108.16545,45.01956],[-108.16516,45.01968],[-108.16486,45.01978],[-108.16455,45.01987],[-108.16437,45.01992],[-108.16417,45.01996],[-108.16384,45.02002],[-108.16352,45.02007],[-108.16318,45.0201],[-108.16285,45.02012],[-108.16252,45.02011],[-108.16218,45.0201],[-108.16185,45.02007],[-108.16153,45.02002],[-108.1612,45.01996],[-108.16089,45.01988],[-108.16058,45.01979],[-108.16028,45.01969],[-108.15999,45.01957],[-108.15971,45.01943],[-108.15945,45.01929],[-108.1592,45.01913],[-108.15907,45.01904],[-108.15894,45.01895],[-108.15878,45.01882],[-108.1587,45.01882],[-108.15837,45.01882],[-108.15803,45.0188],[-108.1577,45.01877],[-108.15737,45.01873],[-108.15705,45.01866],[-108.15674,45.01859],[-108.15643,45.0185],[-108.15613,45.01839],[-108.15589,45.01829],[-108.15572,45.01823],[-108.15565,45.0182],[-108.15538,45.01818],[-108.15505,45.01813],[-108.15473,45.01807],[-108.15465,45.01805],[-108.15455,45.01804],[-108.15423,45.01799],[-108.1539,45.01793],[-108.15359,45.01786],[-108.15332,45.01778],[-108.15311,45.01776],[-108.15278,45.01771],[-108.15246,45.01765],[-108.15214,45.01757],[-108.15183,45.01748],[-108.15154,45.01737],[-108.15125,45.01726],[-108.15097,45.01712],[-108.15071,45.01698],[-108.15052,45.01687],[-108.15044,45.01683],[-108.15018,45.01668],[-108.14993,45.01653],[-108.14969,45.01636],[-108.14947,45.01618],[-108.1494,45.01611],[-108.14927,45.01608],[-108.14896,45.01599],[-108.14866,45.01588],[-108.14837,45.01576],[-108.14809,45.01563],[-108.14783,45.01549],[-108.14758,45.01533],[-108.14743,45.01522],[-108.14731,45.01513],[-108.14709,45.01496],[-108.14688,45.01477],[-108.1467,45.01457],[-108.14653,45.01436],[-108.14644,45.01424],[-108.14637,45.01422],[-108.14604,45.01416],[-108.14573,45.01409],[-108.14542,45.01399],[-108.14512,45.01389],[-108.14483,45.01377],[-108.14455,45.01364],[-108.14446,45.01359],[-108.14418,45.01346],[-108.14392,45.01332],[-108.14367,45.01316],[-108.14343,45.01299],[-108.14321,45.01282],[-108.14311,45.01272],[-108.1429,45.01267],[-108.14278,45.01264],[-108.14249,45.01255],[-108.14219,45.01245],[-108.1419,45.01233],[-108.14163,45.0122],[-108.14136,45.01205],[-108.14111,45.01189],[-108.14088,45.01173],[-108.14066,45.01155],[-108.14045,45.01136],[-108.14027,45.01116],[-108.1401,45.01096],[-108.13996,45.01074],[-108.13983,45.01052],[-108.13972,45.0103],[-108.13964,45.01007],[-108.1396,45.00993],[-108.13934,45.00988],[-108.13906,45.00985],[-108.13891,45.00983],[-108.13858,45.00978],[-108.1385,45.00977],[-108.13823,45.00974],[-108.13794,45.0097],[-108.13761,45.00973],[-108.13727,45.00975],[-108.13694,45.00975],[-108.13661,45.00973],[-108.13628,45.0097],[-108.13596,45.00965],[-108.13581,45.00967],[-108.13548,45.0097],[-108.13515,45.00972],[-108.13481,45.00972],[-108.13448,45.0097],[-108.13437,45.00969],[-108.13413,45.00968],[-108.1338,45.00965],[-108.13347,45.0096],[-108.13315,45.00954],[-108.13284,45.00946],[-108.13253,45.00937],[-108.13223,45.00927],[-108.13194,45.00915],[-108.13166,45.00902],[-108.13155,45.00896],[-108.13137,45.00885],[-108.13112,45.0087],[-108.13088,45.00853],[-108.13066,45.00835],[-108.13046,45.00816],[-108.1302,45.00812],[-108.12988,45.00806],[-108.12956,45.00799],[-108.12927,45.0079],[-108.12864,45.00788],[-108.12831,45.00785],[-108.12808,45.00782],[-108.12787,45.00779],[-108.12755,45.00773],[-108.12723,45.00765],[-108.12693,45.00756],[-108.12663,45.00745],[-108.12634,45.00733],[-108.12606,45.0072],[-108.1258,45.00706],[-108.12555,45.0069],[-108.12531,45.00673],[-108.12523,45.00667],[-108.1249,45.00672],[-108.12457,45.00675],[-108.12423,45.00676],[-108.1239,45.00676],[-108.12357,45.00675],[-108.12324,45.00671],[-108.12291,45.00667],[-108.12259,45.00661],[-108.12227,45.00653],[-108.12196,45.00644],[-108.12166,45.00633],[-108.12138,45.00621],[-108.1211,45.00608],[-108.12096,45.00601],[-108.12077,45.0059],[-108.12052,45.00575],[-108.12029,45.00558],[-108.12027,45.00557],[-108.11997,45.00559],[-108.11937,45.00563],[-108.11913,45.00564],[-108.1188,45.00563],[-108.11846,45.00562],[-108.11813,45.00559],[-108.11781,45.00554],[-108.11771,45.00552],[-108.11768,45.00552],[-108.11717,45.0055],[-108.11703,45.00549],[-108.11684,45.0055],[-108.11651,45.0055],[-108.11618,45.00548],[-108.11585,45.00545],[-108.11552,45.0054],[-108.1152,45.00534],[-108.11488,45.00527],[-108.11473,45.00522],[-108.11449,45.00515],[-108.1142,45.00505],[-108.11391,45.00493],[-108.11369,45.00483],[-108.11334,45.00488],[-108.11301,45.00491],[-108.11268,45.00492],[-108.11234,45.00492],[-108.11201,45.0049],[-108.11168,45.00487],[-108.11135,45.00482],[-108.11103,45.00476],[-108.11086,45.00472],[-108.11067,45.00468],[-108.11036,45.00458],[-108.11006,45.00448],[-108.10977,45.00436],[-108.10949,45.00423],[-108.10923,45.00408],[-108.10898,45.00393],[-108.10874,45.00376],[-108.10856,45.00361],[-108.10849,45.00355],[-108.10828,45.00336],[-108.1081,45.00316],[-108.10793,45.00296],[-108.10779,45.00274],[-108.10766,45.00252],[-108.10755,45.0023],[-108.10747,45.00207],[-108.1074,45.00184],[-108.10736,45.00163],[-108.10729,45.0015],[-108.10725,45.00142],[-108.10714,45.00122],[-108.10703,45.001],[-108.10695,45.00077],[-108.10691,45.00064],[-108.10806,45.00063],[-108.11194,45.00062],[-108.12836,45.00056],[-108.13225,45.00055],[-108.14849,45.00095],[-108.15236,45.00104],[-108.16886,45.00096],[-108.17282,45.00094],[-108.18947,45.00078],[-108.19348,45.00075],[-108.21013,45.00059],[-108.22346,45.00048],[-108.22906,45.00051],[-108.22906,45.00043],[-108.23059,45.00042],[-108.2392,45.00019],[-108.24429,45.00005],[-108.24852,44.99993],[-108.24928,44.99991],[-108.24976,44.9999],[-108.25012,44.99989],[-108.25098,44.99987],[-108.25521,44.99994],[-108.26032,45.00003],[-108.26542,45.00011],[-108.2697,45.00019],[-108.27053,45.0002],[-108.27139,45.0002],[-108.27565,45.0002],[-108.27994,45.0002],[-108.28077,45.0002],[-108.28076,45.00204],[-108.28074,45.00566],[-108.28072,45.00929],[-108.2807,45.01291],[-108.28068,45.01648],[-108.2807,45.0201],[-108.28071,45.02373],[-108.28071,45.02735],[-108.28071,45.03095],[-108.28072,45.03451],[-108.28072,45.03817],[-108.28072,45.04178],[-108.28071,45.04539],[-108.28071,45.049],[-108.2807,45.05262],[-108.2807,45.05624],[-108.28581,45.05624],[-108.2858,45.05986],[-108.2858,45.06348],[-108.28579,45.0671],[-108.2909,45.0671],[-108.29089,45.07073],[-108.29089,45.07435],[-108.29089,45.07798],[-108.29089,45.0816],[-108.2909,45.08523],[-108.29601,45.08523],[-108.29601,45.08886],[-108.29601,45.09248],[-108.29601,45.0961],[-108.30111,45.0961],[-108.30111,45.09971],[-108.30111,45.10333],[-108.30111,45.10695],[-108.30111,45.11057],[-108.30111,45.11419],[-108.30111,45.11781],[-108.29601,45.11781],[-108.29601,45.12143],[-108.29602,45.12505],[-108.29602,45.12867],[-108.29602,45.13229],[-108.29092,45.13229],[-108.29092,45.13591],[-108.29093,45.13953],[-108.29093,45.14316],[-108.29094,45.14678],[-108.28583,45.14678],[-108.28073,45.14679],[-108.27563,45.1468],[-108.27052,45.14681],[-108.26541,45.14681],[-108.26029,45.1468],[-108.25518,45.1468],[-108.25006,45.1468],[-108.24495,45.1468],[-108.23984,45.14681],[-108.23473,45.14681],[-108.22962,45.14681],[-108.2245,45.14681],[-108.21938,45.14682],[-108.21427,45.14682],[-108.20915,45.14682],[-108.20914,45.15044],[-108.20913,45.15407],[-108.20913,45.15769],[-108.20912,45.16131],[-108.20401,45.16131],[-108.1989,45.16131],[-108.19889,45.16493],[-108.19889,45.16855],[-108.19888,45.17217],[-108.19888,45.17581],[-108.19351,45.1758],[-108.1935,45.17942],[-108.19351,45.18304],[-108.18838,45.18304],[-108.18327,45.18303],[-108.17815,45.18303],[-108.17303,45.18302],[-108.17303,45.18664],[-108.17303,45.19025],[-108.17303,45.19388],[-108.17303,45.1975],[-108.17303,45.20112],[-108.17302,45.20474],[-108.17302,45.20837],[-108.17302,45.21199],[-108.17301,45.21561],[-108.17301,45.21923],[-108.17301,45.22049],[-108.17359,45.22048],[-108.17813,45.22047],[-108.18041,45.22046],[-108.18326,45.22045],[-108.18839,45.22044],[-108.19065,45.22044],[-108.19352,45.22043],[-108.19407,45.22043],[-108.19863,45.22042],[-108.20095,45.22041],[-108.20375,45.22041],[-108.20887,45.22039],[-108.21119,45.22038],[-108.21399,45.22036],[-108.21911,45.22033],[-108.22145,45.22032],[-108.22423,45.22032],[-108.22935,45.22031],[-108.23166,45.2203],[-108.23447,45.2203],[-108.23447,45.22109],[-108.23447,45.22472],[-108.23447,45.22834],[-108.23448,45.23196],[-108.23448,45.23558],[-108.23448,45.23921],[-108.23448,45.24283],[-108.23448,45.24645],[-108.23449,45.25006],[-108.2345,45.25368],[-108.23452,45.2573],[-108.23454,45.26093],[-108.23455,45.26455],[-108.23456,45.26817],[-108.23456,45.2718],[-108.22943,45.27179],[-108.22431,45.27179],[-108.21918,45.27179],[-108.214,45.27178],[-108.20966,45.27177],[-108.20453,45.27177],[-108.20454,45.27539],[-108.20455,45.27901],[-108.19943,45.27901],[-108.1943,45.27901],[-108.18917,45.27902],[-108.18405,45.27903],[-108.17892,45.27904],[-108.17379,45.27905],[-108.16866,45.27904],[-108.16354,45.27903],[-108.16355,45.28266],[-108.16355,45.28628],[-108.15843,45.28627],[-108.1533,45.28626],[-108.14817,45.28627],[-108.14304,45.28627],[-108.1379,45.28628],[-108.13277,45.28629],[-108.13278,45.28991],[-108.13278,45.29353],[-108.13022,45.29353],[-108.1251,45.29353],[-108.12254,45.29353],[-108.11742,45.29353],[-108.1123,45.29353],[-108.10846,45.29353],[-108.10717,45.29353],[-108.10589,45.29353],[-108.10333,45.29353],[-108.10205,45.29354],[-108.10077,45.29354],[-108.09949,45.29354],[-108.09821,45.29354],[-108.09693,45.29354],[-108.09565,45.29354],[-108.09436,45.29354],[-108.09308,45.29354],[-108.09167,45.29353],[-108.08654,45.29353],[-108.08141,45.29353],[-108.08141,45.29715],[-108.08141,45.30077],[-108.08013,45.30078],[-108.07884,45.30078],[-108.07628,45.30078],[-108.07115,45.30078],[-108.07051,45.30078],[-108.06858,45.30078],[-108.06602,45.30078],[-108.06089,45.30079],[-108.05833,45.3008],[-108.05576,45.3008],[-108.0532,45.30081],[-108.05063,45.30081],[-108.04807,45.30081],[-108.0455,45.30081],[-108.04036,45.30081],[-108.0378,45.30081],[-108.03523,45.30081],[-108.03523,45.30443],[-108.03522,45.30805],[-108.03008,45.30804],[-108.03008,45.31166],[-108.03007,45.31528],[-108.03007,45.3171],[-108.03007,45.31891],[-108.03006,45.32253],[-108.03006,45.32616],[-108.03005,45.32979],[-108.02491,45.32977],[-108.01976,45.32975],[-108.01461,45.32973],[-108.00947,45.32971],[-108.00432,45.3297],[-107.99917,45.32969],[-107.99402,45.32967],[-107.98888,45.32966],[-107.98375,45.32966],[-107.9786,45.32963],[-107.97347,45.32963],[-107.96907,45.32962],[-107.96906,45.33324],[-107.96484,45.33322],[-107.96484,45.32959],[-107.95969,45.32956],[-107.95969,45.33319],[-107.95456,45.33319],[-107.94944,45.33318],[-107.94944,45.32953],[-107.94943,45.32588],[-107.94944,45.32226],[-107.94944,45.32044],[-107.94431,45.32044],[-107.93917,45.32044],[-107.93402,45.32043],[-107.92887,45.32043],[-107.92374,45.32041],[-107.92374,45.3186],[-107.9186,45.31859],[-107.9186,45.32222],[-107.91349,45.32221],[-107.91349,45.32584],[-107.91349,45.32946],[-107.90836,45.32946],[-107.90836,45.33308],[-107.90836,45.3367],[-107.90836,45.34034],[-107.90321,45.3403],[-107.89807,45.34027],[-107.89555,45.34025],[-107.89549,45.34408],[-107.89485,45.34408],[-107.89228,45.34408],[-107.89228,45.34589],[-107.88971,45.34589],[-107.88458,45.34589],[-107.88459,45.3477],[-107.87942,45.3477],[-107.87944,45.35131],[-107.87944,45.35493],[-107.87428,45.35494],[-107.86913,45.35493],[-107.86911,45.35677],[-107.86397,45.35679],[-107.86398,45.35858],[-107.86398,45.3595],[-107.86268,45.35951],[-107.85883,45.35951],[-107.85369,45.35952],[-107.85113,45.35953],[-107.85112,45.35859],[-107.84856,45.3586],[-107.84343,45.3586],[-107.84089,45.3586],[-107.82926,45.36956],[-107.82549,45.37311],[-107.81908,45.37703],[-107.81908,45.38066],[-107.81523,45.38429],[-107.82037,45.38608],[-107.81979,45.38789],[-107.81864,45.39153],[-107.81635,45.39877],[-107.81522,45.40236],[-107.79592,45.41691],[-107.78629,45.42417],[-107.7767,45.43139],[-107.76707,45.43865],[-107.76113,45.44312],[-107.75984,45.44409],[-107.75984,45.4459],[-107.75629,45.4459],[-107.7517,45.44616],[-107.75186,45.4423],[-107.75186,45.43921],[-107.75184,45.4374],[-107.75966,45.4374],[-107.76614,45.43167],[-107.77053,45.42779],[-107.77226,45.42626],[-107.7783,45.42092],[-107.78242,45.41727],[-107.78754,45.41359],[-107.79264,45.40993],[-107.79776,45.40625],[-107.8003,45.40442],[-107.80029,45.40261],[-107.80027,45.39899],[-107.80026,45.39537],[-107.80025,45.39356],[-107.80109,45.39174],[-107.80278,45.38811],[-107.80528,45.38446],[-107.80779,45.38079],[-107.80523,45.37717],[-107.80767,45.37347],[-107.8128,45.37344],[-107.81794,45.36978],[-107.82299,45.36613],[-107.82556,45.36251],[-107.82812,45.35888],[-107.8294,45.35888],[-107.83064,45.35885]]]},"properties":{"UNIT_TYPE":"National Recreation Area","STATE":"WY","REGION":"IM","UNIT_CODE":"BICA","UNIT_NAME":"Bighorn Canyon National Recreation Area","DATE_EDIT":"2012-01-11T00:00:00.000Z","GIS_NOTES":"Lands - http://landsnet.nps.gov/tractsnet/documents/BICA/Metadata/bica_metadata.xml","CREATED_BY":"Lands","METADATA":"https://irma.nps.gov/DataStore/Reference/Profile/2182227","PARKNAME":"Bighorn Canyon","GNIS_ID":"767934","ID_UK":"{14C29EE8-8E63-4309-BDB0-B939F70DCF4F}","Shape_Leng":305253.174461,"Shape_Area":484761480.481}},
{"type":"Feature","geometry":{"type":"Polygon","coordinates":[[[-114.07799,48.99894],[-114.06818,48.99885],[-114.05601,48.99884],[-114.04269,48.99882],[-114.03402,48.99882],[-114.01204,48.99879],[-113.99005,48.99876],[-113.97497,48.99874],[-113.96828,48.99874],[-113.94629,48.99871],[-113.93877,48.9987],[-113.9243,48.99869],[-113.90604,48.99867],[-113.90232,48.99865],[-113.89335,48.9986],[-113.88033,48.99852],[-113.87114,48.99847],[-113.85835,48.9984],[-113.83954,48.9983],[-113.82493,48.99822],[-113.81755,48.99818],[-113.79556,48.99806],[-113.77358,48.99794],[-113.76997,48.99792],[-113.75181,48.99782],[-113.72983,48.99769],[-113.71111,48.99758],[-113.70784,48.99756],[-113.69477,48.99749],[-113.68586,48.99754],[-113.66387,48.99766],[-113.65093,48.99773],[-113.64189,48.99778],[-113.6199,48.99791],[-113.60971,48.99796],[-113.6097,48.99769],[-113.60971,48.99432],[-113.60971,48.99064],[-113.60971,48.98705],[-113.60971,48.98696],[-113.6097,48.98337],[-113.60971,48.97978],[-113.60972,48.97619],[-113.60973,48.97258],[-113.60973,48.96897],[-113.60974,48.96534],[-113.60974,48.96183],[-113.60974,48.96171],[-113.60974,48.95808],[-113.60975,48.95465],[-113.60975,48.95447],[-113.60974,48.95087],[-113.60974,48.94759],[-113.60974,48.94726],[-113.60974,48.94365],[-113.60974,48.94039],[-113.60974,48.94004],[-113.60975,48.93644],[-113.60975,48.93293],[-113.60679,48.92935],[-113.60471,48.92685],[-113.60346,48.92534],[-113.60066,48.92196],[-113.59949,48.92055],[-113.59798,48.9187],[-113.59789,48.91859],[-113.59416,48.91402],[-113.59085,48.91011],[-113.5889,48.9078],[-113.58551,48.90374],[-113.58369,48.90154],[-113.58187,48.89933],[-113.57849,48.89526],[-113.57598,48.89224],[-113.57334,48.88905],[-113.57015,48.8852],[-113.56921,48.88405],[-113.56816,48.88278],[-113.56707,48.88146],[-113.56404,48.8778],[-113.56298,48.87652],[-113.56084,48.87393],[-113.55756,48.86996],[-113.55465,48.86644],[-113.55238,48.86369],[-113.54872,48.85925],[-113.54714,48.85733],[-113.54572,48.85561],[-113.54194,48.85102],[-113.54111,48.85002],[-113.53974,48.84836],[-113.53668,48.84466],[-113.53376,48.84113],[-113.53144,48.83832],[-113.53027,48.8369],[-113.52772,48.83382],[-113.52618,48.83195],[-113.52475,48.83022],[-113.52415,48.82949],[-113.52223,48.82717],[-113.52176,48.82661],[-113.52093,48.8256],[-113.51934,48.82369],[-113.51572,48.8193],[-113.51282,48.81574],[-113.51072,48.81316],[-113.50988,48.81216],[-113.50839,48.81038],[-113.50543,48.80684],[-113.50289,48.80377],[-113.50016,48.80046],[-113.49801,48.79786],[-113.49498,48.79419],[-113.49249,48.79117],[-113.48975,48.78785],[-113.48743,48.78504],[-113.48315,48.78216],[-113.47943,48.77966],[-113.47595,48.77732],[-113.47409,48.77607],[-113.47069,48.77379],[-113.4678,48.77185],[-113.46342,48.7689],[-113.46013,48.76669],[-113.45493,48.7632],[-113.45245,48.76153],[-113.44938,48.75947],[-113.44479,48.75638],[-113.44168,48.75429],[-113.43712,48.75122],[-113.4365,48.75081],[-113.43662,48.75014],[-113.43669,48.74992],[-113.43677,48.74977],[-113.43682,48.74962],[-113.43681,48.7495],[-113.43674,48.74937],[-113.43649,48.74923],[-113.43637,48.7492],[-113.43613,48.74921],[-113.43604,48.74919],[-113.43586,48.74902],[-113.43576,48.74882],[-113.43566,48.74858],[-113.43546,48.74842],[-113.43486,48.7483],[-113.43449,48.74815],[-113.43417,48.7479],[-113.4339,48.74762],[-113.43374,48.74748],[-113.43319,48.74704],[-113.43303,48.74677],[-113.43284,48.7465],[-113.43273,48.74632],[-113.4327,48.7462],[-113.43271,48.74599],[-113.43269,48.74587],[-113.4326,48.74574],[-113.43235,48.74557],[-113.43204,48.74537],[-113.43187,48.7452],[-113.43162,48.74487],[-113.43147,48.74455],[-113.43143,48.74436],[-113.4314,48.7443],[-113.43138,48.74413],[-113.43147,48.74387],[-113.4315,48.74371],[-113.43141,48.74351],[-113.43135,48.74332],[-113.43124,48.74325],[-113.43095,48.74316],[-113.43086,48.74305],[-113.4308,48.74257],[-113.43064,48.74225],[-113.4305,48.74208],[-113.43031,48.74196],[-113.43022,48.7418],[-113.43023,48.74166],[-113.43038,48.74141],[-113.43034,48.74123],[-113.43021,48.74108],[-113.42998,48.74104],[-113.42985,48.74099],[-113.4297,48.74083],[-113.42957,48.74062],[-113.42946,48.74049],[-113.42901,48.74033],[-113.42845,48.74011],[-113.42825,48.73997],[-113.42797,48.73967],[-113.42771,48.73944],[-113.42736,48.73928],[-113.42708,48.73915],[-113.42683,48.73904],[-113.42661,48.73898],[-113.42631,48.73893],[-113.42619,48.73885],[-113.42613,48.73873],[-113.42601,48.73837],[-113.42591,48.73814],[-113.42587,48.7379],[-113.42572,48.73775],[-113.42531,48.7374],[-113.42487,48.73719],[-113.42468,48.73707],[-113.4246,48.73695],[-113.42458,48.73681],[-113.4246,48.73667],[-113.42457,48.73654],[-113.42446,48.7363],[-113.42434,48.7362],[-113.42413,48.7361],[-113.42402,48.73605],[-113.4239,48.73577],[-113.42372,48.73551],[-113.4236,48.73539],[-113.4236,48.73517],[-113.42354,48.73504],[-113.42338,48.73491],[-113.42314,48.73485],[-113.42293,48.73482],[-113.42278,48.7347],[-113.42265,48.7345],[-113.42257,48.73432],[-113.42264,48.73412],[-113.42289,48.7338],[-113.42303,48.73358],[-113.42307,48.73341],[-113.42302,48.73316],[-113.42311,48.73296],[-113.42307,48.73276],[-113.42299,48.73238],[-113.42303,48.73213],[-113.42306,48.73204],[-113.42305,48.73192],[-113.42292,48.73175],[-113.42262,48.73148],[-113.4223,48.73101],[-113.42214,48.73092],[-113.4221,48.73083],[-113.42185,48.73074],[-113.42175,48.73058],[-113.42175,48.73038],[-113.42185,48.73003],[-113.42182,48.72987],[-113.42149,48.72924],[-113.42143,48.72877],[-113.42152,48.72855],[-113.42155,48.72818],[-113.42156,48.72778],[-113.42154,48.72757],[-113.42165,48.7274],[-113.42181,48.72727],[-113.42196,48.72706],[-113.42231,48.72676],[-113.42237,48.72656],[-113.42252,48.72641],[-113.4225,48.72617],[-113.42253,48.72604],[-113.42248,48.72589],[-113.42229,48.72563],[-113.42223,48.72542],[-113.42226,48.72532],[-113.42242,48.72513],[-113.42243,48.72502],[-113.42227,48.72462],[-113.422,48.72451],[-113.42176,48.72423],[-113.42148,48.72401],[-113.42143,48.72375],[-113.4214,48.72366],[-113.42131,48.72351],[-113.42131,48.72338],[-113.42104,48.72304],[-113.42091,48.72268],[-113.42089,48.72248],[-113.42088,48.72237],[-113.42081,48.72222],[-113.42068,48.72213],[-113.42023,48.72199],[-113.42009,48.72189],[-113.41999,48.72173],[-113.41997,48.72143],[-113.4201,48.72113],[-113.42005,48.72093],[-113.42005,48.72069],[-113.41996,48.72051],[-113.42002,48.72011],[-113.42,48.71969],[-113.42001,48.71962],[-113.42007,48.71952],[-113.42009,48.71945],[-113.42008,48.71926],[-113.41994,48.71913],[-113.41972,48.71897],[-113.41969,48.71886],[-113.41971,48.71871],[-113.41973,48.71857],[-113.41965,48.71821],[-113.41965,48.71807],[-113.41961,48.71793],[-113.41939,48.71783],[-113.41914,48.7178],[-113.41905,48.71774],[-113.419,48.71761],[-113.41908,48.71743],[-113.41929,48.71726],[-113.41938,48.7171],[-113.41946,48.71677],[-113.41943,48.71656],[-113.41933,48.71639],[-113.41926,48.7163],[-113.41905,48.71624],[-113.41899,48.71618],[-113.41898,48.71606],[-113.41908,48.7159],[-113.41931,48.71566],[-113.41964,48.71545],[-113.41986,48.71536],[-113.42027,48.71527],[-113.42042,48.7152],[-113.42076,48.71487],[-113.42084,48.71475],[-113.42086,48.71458],[-113.42083,48.71435],[-113.42077,48.71423],[-113.42056,48.71403],[-113.42043,48.71399],[-113.4202,48.71396],[-113.42012,48.71389],[-113.42005,48.7136],[-113.42012,48.71316],[-113.42021,48.71302],[-113.42023,48.71292],[-113.42016,48.71272],[-113.42023,48.71263],[-113.42022,48.71256],[-113.42023,48.71245],[-113.42016,48.71228],[-113.42004,48.7122],[-113.42002,48.71203],[-113.42013,48.71172],[-113.42016,48.71161],[-113.42013,48.71151],[-113.42003,48.71143],[-113.41971,48.71135],[-113.41956,48.71126],[-113.41939,48.71119],[-113.41925,48.71109],[-113.41923,48.71098],[-113.41917,48.71072],[-113.41903,48.71051],[-113.41893,48.71031],[-113.41894,48.71022],[-113.41903,48.71013],[-113.41954,48.70979],[-113.41984,48.70961],[-113.41996,48.70953],[-113.42,48.7094],[-113.4199,48.70919],[-113.41993,48.70905],[-113.41991,48.70882],[-113.41967,48.7086],[-113.41951,48.70847],[-113.41938,48.70828],[-113.41943,48.70812],[-113.41948,48.70796],[-113.41943,48.70782],[-113.41946,48.70767],[-113.41955,48.70752],[-113.41952,48.70733],[-113.41954,48.70719],[-113.41964,48.70705],[-113.41959,48.70694],[-113.41945,48.70688],[-113.41926,48.7068],[-113.41908,48.70665],[-113.419,48.70648],[-113.4189,48.7063],[-113.4188,48.70618],[-113.41886,48.70589],[-113.41896,48.70564],[-113.41889,48.70546],[-113.41896,48.70535],[-113.41925,48.70515],[-113.41937,48.70499],[-113.41935,48.70473],[-113.41924,48.70457],[-113.41923,48.70448],[-113.41938,48.70421],[-113.41941,48.70407],[-113.41938,48.70382],[-113.41938,48.70365],[-113.41944,48.70349],[-113.41959,48.70333],[-113.41978,48.70303],[-113.41991,48.70291],[-113.41994,48.70284],[-113.41991,48.70274],[-113.41967,48.70232],[-113.41969,48.70215],[-113.41975,48.702],[-113.41988,48.70182],[-113.42013,48.7017],[-113.42039,48.70162],[-113.4206,48.70146],[-113.42074,48.7013],[-113.42076,48.7012],[-113.42075,48.70106],[-113.42056,48.7009],[-113.42048,48.70077],[-113.42048,48.70059],[-113.42054,48.70043],[-113.4205,48.70023],[-113.42038,48.70005],[-113.42016,48.69986],[-113.41995,48.69971],[-113.41993,48.6996],[-113.41985,48.69921],[-113.41968,48.69885],[-113.41951,48.69865],[-113.4195,48.69855],[-113.41953,48.69839],[-113.41949,48.69803],[-113.41937,48.69774],[-113.41947,48.69753],[-113.41957,48.69727],[-113.41997,48.69696],[-113.42005,48.69682],[-113.42001,48.69668],[-113.41983,48.69633],[-113.41979,48.6962],[-113.41991,48.69607],[-113.41991,48.69597],[-113.4198,48.69586],[-113.4197,48.69578],[-113.41969,48.69564],[-113.41988,48.6954],[-113.42039,48.69488],[-113.42051,48.69476],[-113.42067,48.69442],[-113.42069,48.69427],[-113.42062,48.6941],[-113.42059,48.69404],[-113.42063,48.69392],[-113.42103,48.6937],[-113.42118,48.69364],[-113.42166,48.69357],[-113.42172,48.69354],[-113.42167,48.69347],[-113.42154,48.6933],[-113.41861,48.68921],[-113.41615,48.68577],[-113.41394,48.68268],[-113.41344,48.68199],[-113.4107,48.67816],[-113.40902,48.67582],[-113.4057,48.67119],[-113.40458,48.66963],[-113.40311,48.66759],[-113.40134,48.66513],[-113.40006,48.66301],[-113.39844,48.66033],[-113.39596,48.65622],[-113.39411,48.65318],[-113.39191,48.64957],[-113.3889,48.64469],[-113.38737,48.6422],[-113.38524,48.63872],[-113.38368,48.63619],[-113.38296,48.63501],[-113.38074,48.6314],[-113.37957,48.62949],[-113.37809,48.62707],[-113.37633,48.62421],[-113.37547,48.6228],[-113.37412,48.6206],[-113.37254,48.61801],[-113.37192,48.61699],[-113.37138,48.61612],[-113.36969,48.61338],[-113.36748,48.6098],[-113.36724,48.60942],[-113.36701,48.60903],[-113.36531,48.60621],[-113.36319,48.60269],[-113.36098,48.59903],[-113.35913,48.59595],[-113.35882,48.59545],[-113.35663,48.59181],[-113.35482,48.58881],[-113.35225,48.58455],[-113.35077,48.5821],[-113.35006,48.58092],[-113.34789,48.57731],[-113.34672,48.57538],[-113.34503,48.57257],[-113.34277,48.56883],[-113.3413,48.56638],[-113.33871,48.5621],[-113.33705,48.55936],[-113.33502,48.556],[-113.33463,48.55536],[-113.3327,48.55218],[-113.33057,48.54865],[-113.32832,48.54494],[-113.32649,48.54191],[-113.32611,48.54129],[-113.324,48.5378],[-113.32242,48.53519],[-113.31955,48.53046],[-113.31835,48.52848],[-113.31738,48.52688],[-113.3152,48.52326],[-113.31429,48.52175],[-113.31317,48.5199],[-113.31022,48.51503],[-113.30863,48.51241],[-113.30819,48.51169],[-113.30768,48.51084],[-113.30644,48.50879],[-113.30424,48.50516],[-113.30209,48.50161],[-113.30067,48.49952],[-113.29957,48.49791],[-113.2976,48.49501],[-113.29698,48.49412],[-113.29464,48.49071],[-113.29367,48.4893],[-113.29307,48.48842],[-113.29161,48.48633],[-113.28989,48.48387],[-113.2885,48.48186],[-113.28611,48.47841],[-113.28395,48.47529],[-113.28215,48.47263],[-113.27969,48.46899],[-113.27949,48.46869],[-113.27727,48.46542],[-113.27484,48.46182],[-113.2724,48.45822],[-113.27055,48.45549],[-113.26973,48.45429],[-113.26752,48.45102],[-113.26607,48.44888],[-113.26428,48.44624],[-113.2616,48.44227],[-113.26016,48.44016],[-113.25888,48.43827],[-113.25712,48.43567],[-113.25524,48.4329],[-113.25263,48.42906],[-113.25043,48.42582],[-113.24815,48.42247],[-113.24789,48.42207],[-113.24544,48.41846],[-113.24368,48.41587],[-113.24188,48.41322],[-113.24212,48.41304],[-113.24238,48.41287],[-113.24264,48.4127],[-113.24291,48.41254],[-113.24319,48.41238],[-113.24347,48.41223],[-113.2437,48.41211],[-113.24393,48.41199],[-113.24417,48.41188],[-113.24441,48.41177],[-113.24456,48.41172],[-113.2449,48.41158],[-113.24524,48.41145],[-113.24559,48.41132],[-113.24622,48.4111],[-113.24651,48.411],[-113.24679,48.41089],[-113.24706,48.41079],[-113.24733,48.41067],[-113.24757,48.41057],[-113.2478,48.41047],[-113.24801,48.41036],[-113.24822,48.41025],[-113.24842,48.41013],[-113.24862,48.41001],[-113.24881,48.40989],[-113.24899,48.40976],[-113.2491,48.40968],[-113.24923,48.40959],[-113.24936,48.40949],[-113.24989,48.40927],[-113.25008,48.4091],[-113.25036,48.40884],[-113.25063,48.40858],[-113.25089,48.40832],[-113.25115,48.40805],[-113.25139,48.40778],[-113.25163,48.40751],[-113.25185,48.40724],[-113.25207,48.40696],[-113.25228,48.40667],[-113.25248,48.40639],[-113.25267,48.4061],[-113.25286,48.40581],[-113.25303,48.40552],[-113.25319,48.40522],[-113.25335,48.40492],[-113.25349,48.40463],[-113.25363,48.40432],[-113.25375,48.40402],[-113.25387,48.40371],[-113.25398,48.40341],[-113.25357,48.40335],[-113.25363,48.40318],[-113.25375,48.40277],[-113.25387,48.40236],[-113.25423,48.401],[-113.25432,48.40071],[-113.2544,48.40043],[-113.2545,48.40015],[-113.25453,48.40008],[-113.25463,48.39982],[-113.25473,48.39956],[-113.25485,48.3993],[-113.25498,48.39905],[-113.25752,48.39402],[-113.25765,48.39377],[-113.25779,48.39351],[-113.25794,48.39326],[-113.25809,48.39301],[-113.25825,48.39277],[-113.25839,48.39256],[-113.25854,48.39236],[-113.2587,48.39216],[-113.25887,48.39196],[-113.25905,48.39177],[-113.25923,48.39158],[-113.25942,48.39139],[-113.25963,48.39121],[-113.25983,48.39103],[-113.26005,48.39086],[-113.26028,48.39069],[-113.26051,48.39053],[-113.26075,48.39037],[-113.261,48.39021],[-113.2613,48.39003],[-113.2616,48.38985],[-113.26191,48.38968],[-113.26223,48.38951],[-113.26255,48.38935],[-113.26384,48.38869],[-113.26402,48.38868],[-113.26419,48.38867],[-113.26437,48.38867],[-113.26455,48.38867],[-113.27061,48.38558],[-113.27095,48.3854],[-113.27128,48.38523],[-113.27161,48.38504],[-113.27193,48.38486],[-113.27225,48.38467],[-113.27251,48.38451],[-113.27276,48.38434],[-113.27301,48.38416],[-113.27325,48.38398],[-113.27348,48.3838],[-113.27371,48.38361],[-113.27392,48.38342],[-113.27413,48.38323],[-113.27433,48.38303],[-113.27452,48.38283],[-113.27471,48.38262],[-113.27488,48.38241],[-113.27504,48.3822],[-113.2752,48.38198],[-113.27538,48.38172],[-113.27554,48.38146],[-113.27571,48.3812],[-113.27586,48.38094],[-113.27601,48.38067],[-113.27803,48.37695],[-113.28,48.37332],[-113.28008,48.37317],[-113.28016,48.37301],[-113.28022,48.37286],[-113.28028,48.3727],[-113.27995,48.372],[-113.27998,48.37182],[-113.28007,48.37113],[-113.28009,48.37096],[-113.28013,48.37079],[-113.28018,48.37061],[-113.28024,48.37044],[-113.2803,48.37027],[-113.28038,48.37011],[-113.28047,48.36994],[-113.28056,48.36978],[-113.28067,48.36962],[-113.28078,48.36946],[-113.28091,48.36931],[-113.28104,48.36916],[-113.28118,48.36901],[-113.28133,48.36887],[-113.28149,48.36873],[-113.28784,48.36334],[-113.28801,48.3632],[-113.28818,48.36307],[-113.28836,48.36294],[-113.28855,48.36282],[-113.28874,48.3627],[-113.28894,48.36259],[-113.28915,48.36248],[-113.28936,48.36237],[-113.28958,48.36228],[-113.2898,48.36218],[-113.29003,48.36209],[-113.29026,48.36201],[-113.29119,48.3617],[-113.29159,48.36156],[-113.29199,48.36141],[-113.29238,48.36126],[-113.29276,48.3611],[-113.29314,48.36094],[-113.29351,48.36077],[-113.29388,48.36059],[-113.29656,48.35927],[-113.29677,48.35917],[-113.29698,48.35906],[-113.29717,48.35894],[-113.29736,48.35882],[-113.29754,48.35869],[-113.29772,48.35856],[-113.29789,48.35842],[-113.29805,48.35828],[-113.2982,48.35814],[-113.29889,48.35746],[-113.29908,48.35728],[-113.29928,48.3571],[-113.29949,48.35692],[-113.2997,48.35675],[-113.29992,48.35658],[-113.30014,48.35642],[-113.30071,48.35602],[-113.30091,48.35587],[-113.30111,48.35572],[-113.30129,48.35557],[-113.30147,48.35541],[-113.30164,48.35525],[-113.30176,48.35514],[-113.30189,48.35501],[-113.30203,48.3549],[-113.30217,48.35478],[-113.30232,48.35467],[-113.30247,48.35456],[-113.30263,48.35446],[-113.3028,48.35436],[-113.30318,48.35415],[-113.30337,48.35403],[-113.30356,48.35391],[-113.30375,48.35378],[-113.30392,48.35365],[-113.30409,48.35351],[-113.30425,48.35337],[-113.3044,48.35322],[-113.30455,48.35308],[-113.30468,48.35292],[-113.30481,48.35277],[-113.30492,48.35261],[-113.30503,48.35245],[-113.30513,48.35228],[-113.30527,48.35203],[-113.30535,48.35189],[-113.30545,48.35175],[-113.30555,48.35162],[-113.30566,48.35149],[-113.30578,48.35136],[-113.30591,48.35124],[-113.30605,48.35112],[-113.3062,48.351],[-113.30635,48.35089],[-113.30651,48.35079],[-113.30668,48.35069],[-113.30686,48.3506],[-113.31169,48.34813],[-113.31185,48.34806],[-113.31201,48.34799],[-113.31217,48.34793],[-113.31234,48.34787],[-113.31251,48.34782],[-113.31269,48.34778],[-113.31287,48.34774],[-113.31305,48.34771],[-113.31324,48.34768],[-113.31343,48.34766],[-113.31362,48.34765],[-113.31493,48.34759],[-113.31514,48.34758],[-113.31534,48.34756],[-113.31555,48.34753],[-113.31575,48.3475],[-113.31595,48.34746],[-113.31615,48.34741],[-113.31634,48.34736],[-113.31653,48.3473],[-113.31671,48.34724],[-113.31689,48.34717],[-113.31707,48.34709],[-113.31724,48.34701],[-113.3174,48.34692],[-113.31755,48.34682],[-113.3177,48.34673],[-113.31784,48.34662],[-113.31797,48.34652],[-113.31886,48.34576],[-113.3192,48.34548],[-113.31955,48.3452],[-113.3199,48.34493],[-113.32026,48.34465],[-113.32063,48.34439],[-113.321,48.34413],[-113.32287,48.34285],[-113.32301,48.34274],[-113.32316,48.34263],[-113.32329,48.34252],[-113.32342,48.3424],[-113.32355,48.34229],[-113.32366,48.34216],[-113.32465,48.34109],[-113.32492,48.3408],[-113.3252,48.34052],[-113.32549,48.34024],[-113.32578,48.33996],[-113.32609,48.33969],[-113.3264,48.33942],[-113.32671,48.33916],[-113.32704,48.3389],[-113.33024,48.33639],[-113.33037,48.33629],[-113.3305,48.33619],[-113.33058,48.33624],[-113.33854,48.33184],[-113.34099,48.32951],[-113.34319,48.32727],[-113.34376,48.3262],[-113.34406,48.32599],[-113.34437,48.32579],[-113.34471,48.32557],[-113.34505,48.32536],[-113.34539,48.32515],[-113.34574,48.32495],[-113.3461,48.32475],[-113.34646,48.32456],[-113.34683,48.32437],[-113.34837,48.32359],[-113.34865,48.32344],[-113.34893,48.32329],[-113.3492,48.32313],[-113.34947,48.32297],[-113.34972,48.3228],[-113.34998,48.32263],[-113.35022,48.32245],[-113.35756,48.31712],[-113.36325,48.31298],[-113.36342,48.31285],[-113.36358,48.31272],[-113.36373,48.31258],[-113.36388,48.31244],[-113.36401,48.31229],[-113.36414,48.31214],[-113.36425,48.31199],[-113.36436,48.31184],[-113.36446,48.31168],[-113.36455,48.31152],[-113.36462,48.31136],[-113.36469,48.31119],[-113.36475,48.31103],[-113.3648,48.31086],[-113.36483,48.31069],[-113.36486,48.31052],[-113.36487,48.31035],[-113.36488,48.31018],[-113.36487,48.31001],[-113.36486,48.30984],[-113.36483,48.30967],[-113.36479,48.3095],[-113.36456,48.30855],[-113.36451,48.30836],[-113.36447,48.30816],[-113.36445,48.30796],[-113.36443,48.30776],[-113.36441,48.30756],[-113.36441,48.30736],[-113.36442,48.30716],[-113.36443,48.30696],[-113.36459,48.30522],[-113.36461,48.30509],[-113.36464,48.30496],[-113.36467,48.30483],[-113.36472,48.3047],[-113.36478,48.30458],[-113.36484,48.30445],[-113.36492,48.30433],[-113.36501,48.30421],[-113.3651,48.30409],[-113.36521,48.30398],[-113.36532,48.30387],[-113.36544,48.30377],[-113.36557,48.30367],[-113.36571,48.30357],[-113.36585,48.30348],[-113.366,48.30339],[-113.36616,48.30331],[-113.36632,48.30324],[-113.36649,48.30317],[-113.36666,48.3031],[-113.36684,48.30304],[-113.36702,48.30299],[-113.36721,48.30295],[-113.37337,48.30157],[-113.37358,48.30153],[-113.37379,48.30149],[-113.37401,48.30146],[-113.37422,48.30144],[-113.37444,48.30143],[-113.37466,48.30142],[-113.37488,48.30142],[-113.3751,48.30142],[-113.37532,48.30144],[-113.37554,48.30146],[-113.37575,48.30148],[-113.37597,48.30152],[-113.37618,48.30156],[-113.37639,48.30161],[-113.37727,48.30183],[-113.37747,48.30187],[-113.37767,48.30191],[-113.37787,48.30195],[-113.37808,48.30197],[-113.37829,48.30199],[-113.3785,48.30201],[-113.37871,48.30202],[-113.37892,48.30202],[-113.37913,48.30201],[-113.37934,48.302],[-113.37955,48.30198],[-113.37975,48.30195],[-113.37996,48.30192],[-113.38016,48.30188],[-113.38036,48.30184],[-113.38055,48.30179],[-113.38075,48.30173],[-113.38093,48.30167],[-113.38112,48.3016],[-113.3813,48.30153],[-113.38147,48.30145],[-113.3832,48.30061],[-113.38336,48.30053],[-113.38352,48.30044],[-113.38367,48.30034],[-113.38381,48.30025],[-113.38395,48.30014],[-113.38408,48.30004],[-113.3842,48.29993],[-113.38431,48.29981],[-113.38442,48.2997],[-113.38452,48.29957],[-113.3846,48.29945],[-113.38468,48.29932],[-113.38475,48.2992],[-113.38482,48.29907],[-113.38502,48.29859],[-113.38508,48.29847],[-113.38514,48.29835],[-113.38522,48.29823],[-113.38531,48.29812],[-113.3854,48.298],[-113.3855,48.2979],[-113.38561,48.29779],[-113.38573,48.29769],[-113.38586,48.2976],[-113.38599,48.2975],[-113.38613,48.29742],[-113.38628,48.29733],[-113.38643,48.29726],[-113.38659,48.29719],[-113.38676,48.29712],[-113.38693,48.29706],[-113.3871,48.29701],[-113.38917,48.2964],[-113.38937,48.29634],[-113.38957,48.29628],[-113.38976,48.29621],[-113.38994,48.29613],[-113.39012,48.29605],[-113.3903,48.29596],[-113.39047,48.29587],[-113.39063,48.29577],[-113.39184,48.29503],[-113.39202,48.29493],[-113.3922,48.29483],[-113.39239,48.29474],[-113.39259,48.29465],[-113.39279,48.29457],[-113.39299,48.29449],[-113.3932,48.29442],[-113.39342,48.29436],[-113.39364,48.2943],[-113.39386,48.29425],[-113.39409,48.2942],[-113.39431,48.29417],[-113.39455,48.29413],[-113.39478,48.29411],[-113.39501,48.29409],[-113.39525,48.29408],[-113.39548,48.29408],[-113.39572,48.29408],[-113.39595,48.29409],[-113.40005,48.2943],[-113.40048,48.29433],[-113.4009,48.29436],[-113.40133,48.29439],[-113.40176,48.29443],[-113.40218,48.29448],[-113.40261,48.29454],[-113.40303,48.29459],[-113.40345,48.29466],[-113.40784,48.29536],[-113.40823,48.29543],[-113.40862,48.2955],[-113.409,48.29558],[-113.40939,48.29567],[-113.41307,48.29653],[-113.41328,48.29658],[-113.41349,48.29662],[-113.41371,48.29665],[-113.41393,48.29668],[-113.41415,48.2967],[-113.41437,48.29671],[-113.41459,48.29672],[-113.41481,48.29672],[-113.41503,48.29671],[-113.41525,48.29669],[-113.41547,48.29667],[-113.41569,48.29664],[-113.41591,48.29661],[-113.41612,48.29657],[-113.41633,48.29652],[-113.41654,48.29646],[-113.41674,48.2964],[-113.41694,48.29634],[-113.41713,48.29627],[-113.41731,48.29619],[-113.41749,48.29611],[-113.41773,48.29599],[-113.41797,48.29587],[-113.41819,48.29574],[-113.41842,48.29561],[-113.41864,48.29548],[-113.41885,48.29534],[-113.41905,48.2952],[-113.41919,48.2951],[-113.41933,48.29499],[-113.41945,48.29488],[-113.41956,48.29476],[-113.41967,48.29464],[-113.41977,48.29452],[-113.41986,48.2944],[-113.41993,48.29427],[-113.42,48.29414],[-113.42006,48.294],[-113.42011,48.29387],[-113.42015,48.29373],[-113.42018,48.2936],[-113.4202,48.29346],[-113.42021,48.29332],[-113.42021,48.29318],[-113.42017,48.29222],[-113.42017,48.2921],[-113.42018,48.29197],[-113.4202,48.29185],[-113.42023,48.29172],[-113.42027,48.2916],[-113.42032,48.29148],[-113.42038,48.29136],[-113.42045,48.29124],[-113.42053,48.29112],[-113.42062,48.29101],[-113.42071,48.2909],[-113.42082,48.2908],[-113.42093,48.2907],[-113.42105,48.2906],[-113.42118,48.29051],[-113.42132,48.29042],[-113.42146,48.29034],[-113.42161,48.29026],[-113.42227,48.28993],[-113.42243,48.28985],[-113.42259,48.28976],[-113.42274,48.28966],[-113.42288,48.28957],[-113.42302,48.28946],[-113.42315,48.28936],[-113.42327,48.28924],[-113.42338,48.28913],[-113.42349,48.28901],[-113.42358,48.28889],[-113.42367,48.28877],[-113.42375,48.28864],[-113.42382,48.28851],[-113.42388,48.28838],[-113.42394,48.28825],[-113.4242,48.2875],[-113.42426,48.28736],[-113.42433,48.28722],[-113.4244,48.28708],[-113.42448,48.28695],[-113.42458,48.28682],[-113.42468,48.28669],[-113.42479,48.28657],[-113.42491,48.28644],[-113.42504,48.28633],[-113.42517,48.28621],[-113.42532,48.2861],[-113.42547,48.286],[-113.42562,48.2859],[-113.42579,48.2858],[-113.42706,48.28511],[-113.4272,48.28502],[-113.42734,48.28493],[-113.42748,48.28484],[-113.4276,48.28474],[-113.42772,48.28464],[-113.42784,48.28453],[-113.42794,48.28442],[-113.42804,48.28431],[-113.42812,48.28419],[-113.4282,48.28407],[-113.42827,48.28395],[-113.42833,48.28382],[-113.42838,48.2837],[-113.42842,48.28357],[-113.42846,48.28344],[-113.42848,48.28332],[-113.42858,48.28263],[-113.4286,48.2825],[-113.42864,48.28238],[-113.42868,48.28225],[-113.42873,48.28213],[-113.4288,48.282],[-113.42887,48.28188],[-113.42896,48.28177],[-113.42905,48.28165],[-113.42915,48.28154],[-113.42926,48.28143],[-113.42938,48.28133],[-113.42951,48.28123],[-113.42964,48.28114],[-113.42978,48.28105],[-113.42993,48.28097],[-113.4301,48.28088],[-113.43027,48.28081],[-113.43045,48.28073],[-113.43063,48.28067],[-113.43082,48.28061],[-113.43101,48.28056],[-113.43121,48.28051],[-113.43141,48.28047],[-113.43161,48.28044],[-113.43181,48.28041],[-113.43202,48.2804],[-113.43223,48.28039],[-113.43243,48.28038],[-113.43264,48.28039],[-113.43285,48.2804],[-113.43306,48.28041],[-113.43326,48.28044],[-113.43346,48.28047],[-113.43366,48.28051],[-113.43386,48.28055],[-113.44155,48.28248],[-113.44438,48.2832],[-113.44696,48.28386],[-113.44965,48.28454],[-113.44985,48.28459],[-113.45007,48.28463],[-113.45031,48.28466],[-113.45057,48.28468],[-113.45085,48.28469],[-113.45114,48.28468],[-113.45144,48.28466],[-113.45173,48.28461],[-113.45203,48.28455],[-113.4523,48.28447],[-113.45256,48.28438],[-113.45279,48.28428],[-113.453,48.28417],[-113.45318,48.28406],[-113.45334,48.28395],[-113.45347,48.28385],[-113.4536,48.28373],[-113.45373,48.28359],[-113.45386,48.28344],[-113.45397,48.28326],[-113.45407,48.28307],[-113.45414,48.28285],[-113.45419,48.28262],[-113.4542,48.28239],[-113.45417,48.28215],[-113.4541,48.28193],[-113.45401,48.28172],[-113.4539,48.28152],[-113.45377,48.28135],[-113.45363,48.2812],[-113.45348,48.28107],[-113.45334,48.28096],[-113.44877,48.27755],[-113.44866,48.27746],[-113.44854,48.27736],[-113.44843,48.27723],[-113.44832,48.27707],[-113.44822,48.2769],[-113.44815,48.2767],[-113.44811,48.27648],[-113.44812,48.27625],[-113.44817,48.27603],[-113.44826,48.27582],[-113.44838,48.27563],[-113.44851,48.27546],[-113.44866,48.27532],[-113.4488,48.2752],[-113.44894,48.27511],[-113.44908,48.27503],[-113.45427,48.27221],[-113.45443,48.27212],[-113.4546,48.27201],[-113.45476,48.27188],[-113.45492,48.27174],[-113.45508,48.27157],[-113.45521,48.27139],[-113.45533,48.27119],[-113.45542,48.27099],[-113.45547,48.27077],[-113.4555,48.27056],[-113.4555,48.27036],[-113.45547,48.27017],[-113.45542,48.26999],[-113.45536,48.26983],[-113.45528,48.26968],[-113.4552,48.26955],[-113.45465,48.26875],[-113.45454,48.26858],[-113.45447,48.26838],[-113.45442,48.26817],[-113.45442,48.26794],[-113.45447,48.26772],[-113.45455,48.26751],[-113.45467,48.26732],[-113.4548,48.26715],[-113.45501,48.26694],[-113.45523,48.26673],[-113.45545,48.26653],[-113.45569,48.26632],[-113.45593,48.26613],[-113.45618,48.26593],[-113.45644,48.26575],[-113.4567,48.26557],[-113.45763,48.26495],[-113.45779,48.26484],[-113.45794,48.26472],[-113.45808,48.2646],[-113.45822,48.26448],[-113.45835,48.26435],[-113.45847,48.26422],[-113.45857,48.26408],[-113.45867,48.26395],[-113.45954,48.26268],[-113.45963,48.26256],[-113.45973,48.26245],[-113.45985,48.26234],[-113.45998,48.26223],[-113.46013,48.26213],[-113.46028,48.26205],[-113.46044,48.26197],[-113.46061,48.2619],[-113.4608,48.26184],[-113.46101,48.26178],[-113.46123,48.26174],[-113.46146,48.26171],[-113.46169,48.26169],[-113.46193,48.26169],[-113.46215,48.2617],[-113.46236,48.26172],[-113.46346,48.26188],[-113.46369,48.26191],[-113.46394,48.26193],[-113.46422,48.26193],[-113.46453,48.26192],[-113.46487,48.26188],[-113.46523,48.26182],[-113.46559,48.26173],[-113.46594,48.2616],[-113.46627,48.26145],[-113.46656,48.26128],[-113.46681,48.2611],[-113.46701,48.26092],[-113.46718,48.26074],[-113.4673,48.26057],[-113.46739,48.26041],[-113.46746,48.26027],[-113.46779,48.25949],[-113.46792,48.25922],[-113.46806,48.25896],[-113.46821,48.25869],[-113.46839,48.25843],[-113.46858,48.25818],[-113.46878,48.25793],[-113.469,48.25769],[-113.46923,48.25746],[-113.47013,48.25659],[-113.47024,48.25648],[-113.47035,48.25637],[-113.47046,48.25625],[-113.47056,48.25614],[-113.47065,48.25602],[-113.47074,48.2559],[-113.47083,48.25578],[-113.47091,48.25565],[-113.47155,48.25468],[-113.47161,48.25459],[-113.47167,48.2545],[-113.47174,48.25441],[-113.47182,48.25431],[-113.47189,48.25423],[-113.47197,48.25414],[-113.47206,48.25405],[-113.47214,48.25397],[-113.47285,48.25329],[-113.47301,48.25312],[-113.47316,48.25293],[-113.47329,48.25274],[-113.47339,48.25253],[-113.47346,48.25232],[-113.47351,48.25211],[-113.47353,48.2519],[-113.47352,48.2517],[-113.47344,48.25072],[-113.47344,48.2506],[-113.47345,48.25047],[-113.47347,48.25032],[-113.47352,48.25017],[-113.47359,48.25001],[-113.47369,48.24984],[-113.47382,48.24967],[-113.47399,48.24951],[-113.47417,48.24936],[-113.47437,48.24923],[-113.47459,48.24912],[-113.4748,48.24903],[-113.47501,48.24896],[-113.47521,48.2489],[-113.47539,48.24886],[-113.47557,48.24883],[-113.47722,48.24858],[-113.47759,48.24851],[-113.47796,48.24844],[-113.47833,48.24835],[-113.47869,48.24825],[-113.47905,48.24814],[-113.4794,48.24802],[-113.47973,48.24788],[-113.48005,48.24775],[-113.48178,48.24696],[-113.4819,48.2469],[-113.48216,48.24679],[-113.48244,48.24668],[-113.48259,48.24662],[-113.48275,48.24657],[-113.48291,48.24652],[-113.48307,48.24646],[-113.48324,48.24641],[-113.4834,48.24637],[-113.48356,48.24632],[-113.48585,48.24571],[-113.4861,48.24564],[-113.48634,48.24556],[-113.48657,48.24547],[-113.4868,48.24537],[-113.48702,48.24525],[-113.48722,48.24513],[-113.48741,48.24501],[-113.48759,48.24487],[-113.48874,48.24395],[-113.48894,48.2438],[-113.48918,48.24366],[-113.48944,48.24353],[-113.48974,48.24341],[-113.49005,48.24332],[-113.49037,48.24325],[-113.49068,48.2432],[-113.49098,48.24318],[-113.49225,48.24312],[-113.49241,48.24311],[-113.49256,48.24309],[-113.49272,48.24308],[-113.49288,48.24305],[-113.49304,48.24303],[-113.49319,48.243],[-113.49334,48.24296],[-113.49349,48.24292],[-113.49461,48.24262],[-113.49475,48.24258],[-113.4949,48.24255],[-113.49505,48.24253],[-113.4952,48.24251],[-113.49536,48.2425],[-113.49552,48.24249],[-113.49567,48.24249],[-113.49582,48.2425],[-113.49717,48.24259],[-113.49734,48.2426],[-113.49752,48.2426],[-113.49769,48.2426],[-113.49787,48.2426],[-113.49804,48.24259],[-113.49821,48.24258],[-113.49839,48.24256],[-113.49855,48.24253],[-113.49981,48.24234],[-113.50003,48.24232],[-113.50026,48.2423],[-113.50049,48.24228],[-113.50072,48.24228],[-113.50096,48.24229],[-113.50119,48.24231],[-113.50141,48.24233],[-113.50163,48.24236],[-113.50395,48.24277],[-113.50518,48.24298],[-113.50574,48.24306],[-113.50636,48.24311],[-113.50701,48.24311],[-113.50766,48.24307],[-113.50831,48.24298],[-113.50892,48.24285],[-113.50949,48.24269],[-113.51,48.2425],[-113.51214,48.24164],[-113.51235,48.24156],[-113.51257,48.24148],[-113.51279,48.24141],[-113.51302,48.24135],[-113.51326,48.2413],[-113.51349,48.24125],[-113.51373,48.24121],[-113.51397,48.24117],[-113.51536,48.241],[-113.51559,48.24097],[-113.51582,48.24092],[-113.51606,48.24087],[-113.51628,48.2408],[-113.5165,48.24072],[-113.51671,48.24063],[-113.5169,48.24054],[-113.51708,48.24044],[-113.51827,48.23973],[-113.51849,48.23961],[-113.51875,48.2395],[-113.51904,48.23941],[-113.51936,48.23933],[-113.51969,48.23929],[-113.52002,48.23927],[-113.52033,48.23928],[-113.52061,48.2393],[-113.52184,48.23947],[-113.52223,48.23951],[-113.52264,48.23954],[-113.52305,48.23956],[-113.52346,48.23956],[-113.52388,48.23954],[-113.52429,48.23951],[-113.52469,48.23947],[-113.52508,48.23941],[-113.52565,48.23932],[-113.53032,48.23854],[-113.53059,48.23849],[-113.53086,48.23843],[-113.53113,48.23836],[-113.5314,48.23827],[-113.53165,48.23818],[-113.5319,48.23808],[-113.53214,48.23797],[-113.53236,48.23785],[-113.53341,48.23727],[-113.53353,48.23721],[-113.53366,48.23714],[-113.53379,48.23709],[-113.53393,48.23703],[-113.53407,48.23698],[-113.53421,48.23694],[-113.53436,48.2369],[-113.5345,48.23686],[-113.53849,48.23593],[-113.53865,48.23589],[-113.53881,48.23585],[-113.53897,48.2358],[-113.53913,48.23576],[-113.53928,48.23571],[-113.53943,48.23566],[-113.53958,48.2356],[-113.53973,48.23555],[-113.54097,48.23507],[-113.54136,48.23492],[-113.54178,48.2348],[-113.54222,48.23469],[-113.54267,48.2346],[-113.54313,48.23453],[-113.5436,48.23449],[-113.54406,48.23446],[-113.5445,48.23446],[-113.54575,48.23449],[-113.54596,48.23449],[-113.54616,48.23448],[-113.54637,48.23447],[-113.54658,48.23444],[-113.54678,48.23441],[-113.54698,48.23438],[-113.54718,48.23433],[-113.54741,48.23427],[-113.54855,48.23393],[-113.54881,48.23386],[-113.54907,48.2338],[-113.54935,48.23375],[-113.54964,48.23371],[-113.54992,48.23369],[-113.55021,48.23368],[-113.55049,48.23369],[-113.55076,48.23371],[-113.55288,48.23388],[-113.55316,48.23391],[-113.55345,48.23394],[-113.55373,48.23398],[-113.55402,48.23402],[-113.5543,48.23406],[-113.55458,48.23412],[-113.55486,48.23417],[-113.55513,48.23423],[-113.55689,48.23463],[-113.55728,48.23472],[-113.55768,48.2348],[-113.55808,48.23487],[-113.55848,48.23493],[-113.55888,48.23499],[-113.55929,48.23504],[-113.5597,48.23509],[-113.56011,48.23513],[-113.56286,48.23536],[-113.56326,48.2354],[-113.56368,48.23548],[-113.5641,48.23559],[-113.56451,48.23573],[-113.5649,48.2359],[-113.56524,48.23609],[-113.56555,48.2363],[-113.5658,48.23651],[-113.56897,48.2394],[-113.57001,48.24034],[-113.5704,48.2407],[-113.56968,48.24091],[-113.5694,48.24117],[-113.56902,48.24183],[-113.56886,48.24218],[-113.56807,48.24319],[-113.56793,48.24381],[-113.56822,48.24456],[-113.5689,48.24504],[-113.56966,48.24539],[-113.57036,48.24568],[-113.57075,48.24579],[-113.57108,48.24582],[-113.57139,48.24575],[-113.57167,48.24568],[-113.57182,48.24553],[-113.57174,48.24534],[-113.5718,48.24517],[-113.5719,48.24484],[-113.57205,48.24468],[-113.57242,48.24453],[-113.57304,48.24437],[-113.57377,48.24454],[-113.57428,48.24484],[-113.57491,48.2454],[-113.57497,48.24546],[-113.57473,48.2465],[-113.57256,48.25008],[-113.57214,48.25089],[-113.5715,48.25142],[-113.57133,48.2517],[-113.5712,48.25198],[-113.57154,48.25239],[-113.57172,48.25262],[-113.5719,48.25305],[-113.57173,48.25346],[-113.57144,48.25396],[-113.5712,48.25451],[-113.57116,48.25475],[-113.57124,48.25501],[-113.57141,48.25522],[-113.57152,48.25529],[-113.57182,48.25558],[-113.57228,48.25586],[-113.57304,48.25622],[-113.57332,48.25633],[-113.57429,48.25636],[-113.57533,48.25646],[-113.57634,48.25676],[-113.5764,48.2568],[-113.57672,48.25717],[-113.57685,48.25759],[-113.57688,48.2581],[-113.57683,48.25887],[-113.57681,48.25927],[-113.57684,48.25957],[-113.577,48.26017],[-113.57736,48.26066],[-113.57781,48.26109],[-113.57803,48.26123],[-113.57809,48.26129],[-113.57853,48.26142],[-113.57908,48.26146],[-113.57949,48.26138],[-113.5797,48.26102],[-113.57996,48.2606],[-113.58005,48.26051],[-113.58012,48.26049],[-113.58044,48.26053],[-113.58062,48.26061],[-113.58079,48.26069],[-113.58103,48.26085],[-113.58121,48.26097],[-113.58145,48.26101],[-113.58186,48.26103],[-113.58225,48.26103],[-113.58263,48.2611],[-113.58303,48.26126],[-113.58325,48.26153],[-113.58326,48.26157],[-113.58343,48.26197],[-113.5836,48.26236],[-113.58364,48.26261],[-113.58382,48.26327],[-113.58406,48.26373],[-113.58423,48.26386],[-113.58454,48.26422],[-113.58491,48.26452],[-113.58493,48.26452],[-113.58546,48.26503],[-113.58596,48.26548],[-113.58624,48.26572],[-113.58667,48.26586],[-113.5873,48.2659],[-113.58797,48.26579],[-113.58855,48.2657],[-113.58907,48.26564],[-113.58976,48.26564],[-113.59146,48.26539],[-113.59293,48.26513],[-113.59373,48.26496],[-113.59389,48.26494],[-113.59462,48.26489],[-113.59509,48.26495],[-113.59566,48.26511],[-113.59684,48.26539],[-113.59747,48.26552],[-113.5977,48.2656],[-113.59857,48.2658],[-113.5996,48.26597],[-113.60046,48.26624],[-113.60127,48.2665],[-113.60208,48.26702],[-113.60269,48.26746],[-113.60322,48.26778],[-113.60322,48.26781],[-113.60354,48.26804],[-113.60434,48.26876],[-113.6048,48.26938],[-113.60484,48.26974],[-113.60465,48.27044],[-113.60441,48.27123],[-113.60454,48.27157],[-113.60458,48.27217],[-113.6044,48.27331],[-113.60437,48.27391],[-113.60438,48.27437],[-113.60411,48.27527],[-113.60406,48.27566],[-113.6042,48.27646],[-113.60437,48.27701],[-113.6046,48.27764],[-113.60479,48.27831],[-113.60507,48.27891],[-113.60548,48.27955],[-113.60563,48.2802],[-113.60561,48.28056],[-113.60523,48.28095],[-113.60459,48.28138],[-113.60401,48.28167],[-113.60353,48.28182],[-113.60266,48.28202],[-113.60185,48.28222],[-113.60173,48.28232],[-113.60167,48.2824],[-113.60163,48.28242],[-113.60131,48.2827],[-113.60121,48.28273],[-113.60049,48.28293],[-113.60004,48.28284],[-113.59958,48.2827],[-113.59919,48.28249],[-113.59885,48.28241],[-113.59851,48.28243],[-113.59758,48.28295],[-113.59676,48.28341],[-113.59587,48.28406],[-113.59523,48.28465],[-113.59466,48.28521],[-113.59392,48.28595],[-113.59349,48.28675],[-113.5935,48.28748],[-113.59377,48.28835],[-113.59422,48.289],[-113.59461,48.28935],[-113.5955,48.28995],[-113.596,48.29036],[-113.59635,48.2907],[-113.59697,48.29117],[-113.59737,48.29177],[-113.59781,48.29271],[-113.59829,48.29356],[-113.59859,48.29405],[-113.59892,48.29421],[-113.59934,48.29449],[-113.59984,48.29458],[-113.60038,48.29456],[-113.60106,48.29459],[-113.60168,48.29455],[-113.60229,48.29454],[-113.60296,48.29444],[-113.6036,48.29438],[-113.60406,48.29443],[-113.60424,48.29455],[-113.60437,48.29497],[-113.60475,48.29585],[-113.605,48.29655],[-113.60536,48.29765],[-113.60538,48.29766],[-113.60546,48.29787],[-113.60592,48.2985],[-113.6066,48.29928],[-113.60738,48.29981],[-113.60739,48.29982],[-113.60813,48.30013],[-113.6091,48.30032],[-113.61003,48.30035],[-113.61131,48.30044],[-113.61212,48.30056],[-113.61239,48.30087],[-113.6126,48.30103],[-113.61283,48.30142],[-113.61291,48.30184],[-113.6128,48.3022],[-113.61248,48.30248],[-113.61176,48.3028],[-113.6108,48.30318],[-113.60992,48.30346],[-113.60948,48.30365],[-113.60923,48.30397],[-113.60888,48.30471],[-113.60885,48.30475],[-113.60881,48.30525],[-113.60899,48.30577],[-113.60916,48.30631],[-113.60978,48.30701],[-113.61089,48.30806],[-113.61171,48.30875],[-113.61231,48.30936],[-113.61253,48.30966],[-113.61288,48.30978],[-113.61359,48.31008],[-113.61362,48.31009],[-113.6145,48.31053],[-113.61511,48.31083],[-113.61562,48.31101],[-113.61652,48.31187],[-113.61727,48.31259],[-113.61797,48.31338],[-113.61853,48.31406],[-113.6188,48.31452],[-113.61902,48.31493],[-113.61929,48.31534],[-113.61972,48.31573],[-113.62017,48.31596],[-113.62094,48.31615],[-113.62205,48.31637],[-113.62302,48.31662],[-113.62421,48.317],[-113.6255,48.31742],[-113.6264,48.31785],[-113.62704,48.31841],[-113.62723,48.3188],[-113.62693,48.3191],[-113.62543,48.32009],[-113.62493,48.32071],[-113.62488,48.3214],[-113.62544,48.32182],[-113.62622,48.32195],[-113.6271,48.32187],[-113.62776,48.32164],[-113.62814,48.32147],[-113.62828,48.3214],[-113.62882,48.3215],[-113.62931,48.3217],[-113.62958,48.32203],[-113.62971,48.32229],[-113.62972,48.32249],[-113.62949,48.32271],[-113.62869,48.32283],[-113.62797,48.32292],[-113.62754,48.32297],[-113.62714,48.32308],[-113.62657,48.32353],[-113.6259,48.32439],[-113.62572,48.32472],[-113.62582,48.32547],[-113.6261,48.32604],[-113.62694,48.32657],[-113.62748,48.32691],[-113.62816,48.32717],[-113.62892,48.32742],[-113.6292,48.32749],[-113.63013,48.32747],[-113.63086,48.32713],[-113.6312,48.32688],[-113.63144,48.32661],[-113.63156,48.32619],[-113.63156,48.32575],[-113.63161,48.32541],[-113.63197,48.32488],[-113.63232,48.32455],[-113.6327,48.32439],[-113.63306,48.32439],[-113.63346,48.32452],[-113.63378,48.32475],[-113.6342,48.32522],[-113.63416,48.32577],[-113.63422,48.32625],[-113.63437,48.32688],[-113.63456,48.32753],[-113.63484,48.32816],[-113.6353,48.32886],[-113.63552,48.32918],[-113.63642,48.33],[-113.63715,48.33064],[-113.63798,48.33122],[-113.63837,48.33153],[-113.63909,48.33206],[-113.6391,48.33206],[-113.63929,48.33224],[-113.64003,48.33305],[-113.64052,48.33394],[-113.64063,48.33503],[-113.64066,48.33636],[-113.64042,48.33694],[-113.6399,48.33778],[-113.63957,48.33816],[-113.63906,48.33856],[-113.63879,48.33884],[-113.63852,48.33943],[-113.63816,48.34017],[-113.638,48.34129],[-113.63797,48.34193],[-113.63819,48.34251],[-113.63846,48.34303],[-113.63898,48.34369],[-113.63949,48.34409],[-113.64043,48.34461],[-113.64077,48.34489],[-113.64113,48.34525],[-113.64123,48.34548],[-113.64181,48.34675],[-113.64214,48.34778],[-113.64221,48.34812],[-113.64208,48.3483],[-113.64181,48.34863],[-113.64169,48.34896],[-113.64177,48.34933],[-113.64222,48.34999],[-113.64255,48.35049],[-113.64271,48.35088],[-113.64272,48.35142],[-113.64272,48.35165],[-113.64261,48.35195],[-113.64229,48.35225],[-113.64164,48.35263],[-113.64117,48.35293],[-113.64081,48.35317],[-113.64058,48.35344],[-113.64046,48.35376],[-113.64051,48.35424],[-113.64075,48.35453],[-113.64114,48.35482],[-113.64175,48.35501],[-113.64257,48.35516],[-113.6432,48.35522],[-113.64375,48.35527],[-113.64434,48.35537],[-113.64453,48.35543],[-113.64503,48.35579],[-113.6453,48.35624],[-113.64526,48.35652],[-113.64509,48.35666],[-113.6447,48.35682],[-113.64436,48.35685],[-113.64382,48.35681],[-113.64322,48.35682],[-113.64211,48.357],[-113.6411,48.35732],[-113.64077,48.35751],[-113.64076,48.35761],[-113.64061,48.35781],[-113.64055,48.35833],[-113.64059,48.3586],[-113.64096,48.359],[-113.64139,48.35928],[-113.64169,48.35942],[-113.64234,48.35982],[-113.64331,48.36038],[-113.64414,48.36077],[-113.64486,48.36124],[-113.64632,48.36217],[-113.64643,48.36224],[-113.64653,48.36234],[-113.64705,48.36282],[-113.64748,48.36318],[-113.648,48.36349],[-113.64804,48.36353],[-113.64896,48.36403],[-113.64999,48.36449],[-113.65126,48.36475],[-113.65228,48.36489],[-113.65366,48.36487],[-113.65517,48.36477],[-113.65613,48.36466],[-113.65694,48.36458],[-113.65764,48.36457],[-113.65844,48.3647],[-113.65878,48.36493],[-113.65908,48.36566],[-113.65928,48.36681],[-113.65922,48.36747],[-113.65884,48.36812],[-113.65869,48.36856],[-113.65876,48.36934],[-113.65885,48.36949],[-113.65956,48.37002],[-113.66016,48.37045],[-113.6616,48.37093],[-113.66245,48.37112],[-113.66346,48.37126],[-113.66418,48.37133],[-113.66516,48.37123],[-113.66571,48.3711],[-113.66663,48.37072],[-113.66733,48.37036],[-113.6677,48.37011],[-113.66783,48.37003],[-113.66787,48.37002],[-113.66867,48.36982],[-113.66941,48.36966],[-113.66988,48.36966],[-113.67043,48.36976],[-113.67081,48.36999],[-113.67103,48.37038],[-113.67109,48.37092],[-113.67098,48.37128],[-113.67067,48.37199],[-113.67041,48.37241],[-113.67031,48.37275],[-113.67032,48.37349],[-113.67016,48.37394],[-113.66993,48.3744],[-113.66992,48.37477],[-113.6698,48.3752],[-113.66981,48.37528],[-113.66976,48.37585],[-113.66988,48.37655],[-113.67011,48.37701],[-113.67038,48.37771],[-113.67089,48.37834],[-113.67133,48.37877],[-113.67179,48.37907],[-113.67252,48.37944],[-113.67302,48.37965],[-113.67359,48.37972],[-113.67405,48.37971],[-113.67472,48.37963],[-113.67547,48.37934],[-113.67599,48.37891],[-113.6764,48.37843],[-113.67661,48.37792],[-113.67672,48.377],[-113.67684,48.3763],[-113.67708,48.37587],[-113.67717,48.37547],[-113.67722,48.37524],[-113.67744,48.37491],[-113.67785,48.37459],[-113.67864,48.37435],[-113.67944,48.37423],[-113.67998,48.37426],[-113.68006,48.37432],[-113.68008,48.37432],[-113.68054,48.37462],[-113.68082,48.37497],[-113.68088,48.37536],[-113.68089,48.37584],[-113.68079,48.37612],[-113.68018,48.37678],[-113.67985,48.37743],[-113.67968,48.37808],[-113.67997,48.37952],[-113.68001,48.37967],[-113.67991,48.37991],[-113.6798,48.3807],[-113.67995,48.38129],[-113.68017,48.38177],[-113.68074,48.38243],[-113.68157,48.38302],[-113.68241,48.38343],[-113.68329,48.38391],[-113.68414,48.38436],[-113.68447,48.38468],[-113.68464,48.38491],[-113.68477,48.38518],[-113.6847,48.38564],[-113.68459,48.386],[-113.68396,48.38654],[-113.68334,48.38699],[-113.68301,48.38726],[-113.68233,48.38831],[-113.68214,48.38871],[-113.68212,48.38907],[-113.68236,48.38941],[-113.68273,48.38956],[-113.68317,48.38978],[-113.6838,48.39004],[-113.68427,48.3901],[-113.68496,48.39002],[-113.68562,48.38992],[-113.68681,48.38989],[-113.68792,48.38989],[-113.68851,48.3901],[-113.68869,48.39036],[-113.68914,48.39082],[-113.68925,48.39087],[-113.68971,48.39126],[-113.69,48.3916],[-113.69008,48.39177],[-113.69023,48.3919],[-113.69048,48.39211],[-113.69108,48.39233],[-113.69164,48.39236],[-113.69228,48.39222],[-113.69274,48.39201],[-113.69315,48.39183],[-113.69316,48.39183],[-113.69356,48.39161],[-113.69424,48.39126],[-113.69485,48.39106],[-113.69547,48.39096],[-113.69587,48.39094],[-113.69618,48.39111],[-113.69638,48.39141],[-113.69672,48.39191],[-113.69714,48.39233],[-113.69773,48.39262],[-113.6982,48.39287],[-113.69871,48.39296],[-113.69938,48.39294],[-113.69997,48.3928],[-113.70057,48.39252],[-113.70084,48.39227],[-113.7012,48.39201],[-113.70166,48.39175],[-113.70193,48.39163],[-113.70242,48.3916],[-113.70296,48.39171],[-113.70328,48.39202],[-113.70338,48.39238],[-113.70333,48.39275],[-113.70317,48.39307],[-113.70287,48.39362],[-113.70253,48.39395],[-113.70225,48.3942],[-113.70217,48.3946],[-113.7023,48.39498],[-113.70239,48.39531],[-113.70288,48.39582],[-113.70327,48.39614],[-113.70425,48.39669],[-113.705,48.39708],[-113.70503,48.39706],[-113.70544,48.39724],[-113.70581,48.39752],[-113.70603,48.3979],[-113.70613,48.39864],[-113.70605,48.39932],[-113.70572,48.39981],[-113.70547,48.40013],[-113.70546,48.40027],[-113.70563,48.40089],[-113.70588,48.40147],[-113.70637,48.40227],[-113.70664,48.40261],[-113.70724,48.40292],[-113.70784,48.40313],[-113.70864,48.40335],[-113.70954,48.40356],[-113.71042,48.40382],[-113.71118,48.40406],[-113.7117,48.4044],[-113.71232,48.40502],[-113.71268,48.40566],[-113.71314,48.40658],[-113.71364,48.40754],[-113.71396,48.40822],[-113.71407,48.40857],[-113.71421,48.40879],[-113.71457,48.40913],[-113.71491,48.40946],[-113.7161,48.41019],[-113.71688,48.41068],[-113.71748,48.41094],[-113.71849,48.41142],[-113.71938,48.41197],[-113.72017,48.41249],[-113.72052,48.41299],[-113.72062,48.41319],[-113.72069,48.4139],[-113.7207,48.41414],[-113.72081,48.41455],[-113.72104,48.41514],[-113.72158,48.41583],[-113.72195,48.41616],[-113.72251,48.41644],[-113.72268,48.41652],[-113.72279,48.41654],[-113.72294,48.41655],[-113.72311,48.41652],[-113.72318,48.41646],[-113.72318,48.41645],[-113.72354,48.41601],[-113.72376,48.41587],[-113.72386,48.41582],[-113.72397,48.41581],[-113.72416,48.41596],[-113.72541,48.41692],[-113.72689,48.41809],[-113.7269,48.41809],[-113.72753,48.41849],[-113.72832,48.41896],[-113.72893,48.41929],[-113.72958,48.41969],[-113.73028,48.41992],[-113.73095,48.42015],[-113.73177,48.42024],[-113.73245,48.42031],[-113.73249,48.42033],[-113.73336,48.42045],[-113.73397,48.42051],[-113.73447,48.42056],[-113.73474,48.42057],[-113.73508,48.42053],[-113.73553,48.4204],[-113.73598,48.42025],[-113.73629,48.42016],[-113.73711,48.41982],[-113.73729,48.41977],[-113.73815,48.41969],[-113.73903,48.41963],[-113.74018,48.41969],[-113.74024,48.41972],[-113.74091,48.41978],[-113.74264,48.41991],[-113.74415,48.42004],[-113.74458,48.4202],[-113.74523,48.42023],[-113.74636,48.42025],[-113.74713,48.42035],[-113.74792,48.42047],[-113.74863,48.42045],[-113.74994,48.42032],[-113.75092,48.4202],[-113.75224,48.42014],[-113.75283,48.42011],[-113.75437,48.41989],[-113.75532,48.41974],[-113.75642,48.41975],[-113.75725,48.41997],[-113.75804,48.4201],[-113.75846,48.42026],[-113.75846,48.42035],[-113.75842,48.42044],[-113.75849,48.42055],[-113.75881,48.42054],[-113.7593,48.42056],[-113.75982,48.4209],[-113.76013,48.42121],[-113.76039,48.42193],[-113.7611,48.42242],[-113.76197,48.42286],[-113.76355,48.42381],[-113.76428,48.42411],[-113.76617,48.42485],[-113.76707,48.42507],[-113.7693,48.42561],[-113.77056,48.42568],[-113.77149,48.42582],[-113.77236,48.42586],[-113.77353,48.42582],[-113.77439,48.42587],[-113.77524,48.42589],[-113.77598,48.42593],[-113.77674,48.42616],[-113.77709,48.42631],[-113.7775,48.42642],[-113.77779,48.42645],[-113.77836,48.42641],[-113.77884,48.42634],[-113.7802,48.42635],[-113.78107,48.42629],[-113.78152,48.42625],[-113.78188,48.42602],[-113.78373,48.42578],[-113.78518,48.42558],[-113.78521,48.42558],[-113.7858,48.42561],[-113.78735,48.4257],[-113.78854,48.4259],[-113.78987,48.4265],[-113.79173,48.42738],[-113.79305,48.42803],[-113.7936,48.42835],[-113.79405,48.42868],[-113.79423,48.4289],[-113.79427,48.42941],[-113.79419,48.4305],[-113.79427,48.43159],[-113.79434,48.43243],[-113.79458,48.43322],[-113.79495,48.43381],[-113.79531,48.43412],[-113.79566,48.43434],[-113.79561,48.4345],[-113.79563,48.43486],[-113.79532,48.43562],[-113.79526,48.43589],[-113.79527,48.43636],[-113.7956,48.43661],[-113.79615,48.43671],[-113.79689,48.43685],[-113.79748,48.43717],[-113.79804,48.43753],[-113.79846,48.43814],[-113.79876,48.43869],[-113.79927,48.43925],[-113.79998,48.43967],[-113.80052,48.43986],[-113.80099,48.43998],[-113.8014,48.43999],[-113.802,48.44002],[-113.80203,48.44012],[-113.80181,48.4407],[-113.80155,48.44121],[-113.80153,48.44169],[-113.80214,48.44251],[-113.8029,48.44318],[-113.8031,48.44338],[-113.803,48.44367],[-113.80258,48.44412],[-113.80213,48.44505],[-113.8019,48.44559],[-113.80143,48.44585],[-113.80112,48.44616],[-113.80064,48.44679],[-113.80009,48.44718],[-113.79976,48.44738],[-113.79974,48.4477],[-113.80016,48.44883],[-113.8003,48.44979],[-113.8005,48.45001],[-113.80143,48.45023],[-113.80221,48.45036],[-113.80252,48.45046],[-113.80242,48.45084],[-113.80194,48.45137],[-113.80151,48.4522],[-113.80141,48.45301],[-113.80111,48.45402],[-113.80094,48.45433],[-113.8011,48.45471],[-113.80184,48.45536],[-113.80224,48.45563],[-113.80253,48.45609],[-113.80298,48.45661],[-113.80351,48.45737],[-113.80391,48.4579],[-113.80437,48.45834],[-113.80498,48.45901],[-113.80534,48.45937],[-113.80561,48.45957],[-113.80644,48.45991],[-113.80732,48.46046],[-113.80814,48.46108],[-113.80938,48.46208],[-113.80991,48.46251],[-113.81014,48.46277],[-113.81036,48.46397],[-113.81068,48.46448],[-113.81103,48.46496],[-113.81154,48.46526],[-113.81195,48.46543],[-113.81257,48.46633],[-113.8128,48.46697],[-113.8132,48.46769],[-113.81351,48.46825],[-113.8138,48.46883],[-113.81423,48.46919],[-113.81491,48.46988],[-113.81553,48.4706],[-113.81614,48.47113],[-113.81708,48.4718],[-113.81722,48.47192],[-113.8171,48.47215],[-113.81727,48.4726],[-113.81754,48.47314],[-113.81797,48.47359],[-113.81826,48.47386],[-113.81875,48.47399],[-113.81939,48.47421],[-113.81993,48.4746],[-113.82051,48.47523],[-113.8212,48.47584],[-113.82168,48.47629],[-113.82233,48.47666],[-113.82301,48.477],[-113.82361,48.47719],[-113.82402,48.47738],[-113.82444,48.47767],[-113.82549,48.47837],[-113.82661,48.47916],[-113.82715,48.47953],[-113.82788,48.47984],[-113.82936,48.48069],[-113.83041,48.4812],[-113.83137,48.4818],[-113.83194,48.48219],[-113.83243,48.48263],[-113.83246,48.48261],[-113.83262,48.48265],[-113.8334,48.4828],[-113.83393,48.48323],[-113.8351,48.48391],[-113.83643,48.48461],[-113.83745,48.48505],[-113.83806,48.48568],[-113.83943,48.4869],[-113.84032,48.48734],[-113.84149,48.48775],[-113.84299,48.48799],[-113.84428,48.48795],[-113.84522,48.48784],[-113.84525,48.48785],[-113.84568,48.48851],[-113.84606,48.48888],[-113.84673,48.48902],[-113.84764,48.48914],[-113.84919,48.48903],[-113.85021,48.48879],[-113.85081,48.48868],[-113.85091,48.48872],[-113.85114,48.48901],[-113.85186,48.49055],[-113.85234,48.49124],[-113.85245,48.49193],[-113.85249,48.4927],[-113.85257,48.49276],[-113.85325,48.49312],[-113.85381,48.49349],[-113.8539,48.49359],[-113.85443,48.49398],[-113.85536,48.49473],[-113.85646,48.4955],[-113.85683,48.49558],[-113.85733,48.49556],[-113.85782,48.49543],[-113.85818,48.49526],[-113.85876,48.4951],[-113.8593,48.495],[-113.86023,48.49463],[-113.86116,48.49386],[-113.86148,48.49355],[-113.86151,48.4935],[-113.86179,48.49322],[-113.862,48.49306],[-113.86218,48.49295],[-113.86245,48.49292],[-113.86261,48.49294],[-113.8625,48.49304],[-113.86232,48.49311],[-113.86225,48.49317],[-113.86221,48.49323],[-113.86225,48.49337],[-113.86227,48.49339],[-113.86243,48.49341],[-113.86267,48.49334],[-113.86295,48.49315],[-113.86326,48.493],[-113.86346,48.49299],[-113.86482,48.4932],[-113.86634,48.49349],[-113.86701,48.49376],[-113.86752,48.49412],[-113.86846,48.49436],[-113.8692,48.49428],[-113.87001,48.49404],[-113.87059,48.49377],[-113.87134,48.49352],[-113.87285,48.49321],[-113.87331,48.49321],[-113.87435,48.49326],[-113.87845,48.49341],[-113.87955,48.49348],[-113.87969,48.49352],[-113.88049,48.49393],[-113.881,48.49441],[-113.88141,48.49461],[-113.88222,48.49475],[-113.88344,48.49497],[-113.88432,48.49513],[-113.8852,48.49546],[-113.88571,48.4958],[-113.88615,48.49627],[-113.88667,48.49688],[-113.887,48.49717],[-113.88755,48.49742],[-113.88807,48.49753],[-113.88886,48.49753],[-113.88944,48.49745],[-113.88985,48.49733],[-113.89062,48.49705],[-113.89134,48.49664],[-113.89217,48.49599],[-113.89254,48.49558],[-113.89296,48.49537],[-113.89396,48.4951],[-113.89437,48.49498],[-113.89464,48.49486],[-113.89489,48.49477],[-113.8951,48.49473],[-113.89556,48.49472],[-113.89584,48.4948],[-113.89616,48.49484],[-113.89655,48.49478],[-113.89693,48.49467],[-113.89718,48.49454],[-113.89754,48.49448],[-113.89814,48.49449],[-113.89878,48.49457],[-113.89921,48.4946],[-113.89948,48.49464],[-113.90002,48.49477],[-113.90051,48.49485],[-113.90085,48.49484],[-113.90149,48.49474],[-113.90262,48.49459],[-113.90303,48.4946],[-113.9036,48.49453],[-113.90387,48.49447],[-113.90409,48.49435],[-113.90458,48.49413],[-113.90503,48.49391],[-113.90559,48.4937],[-113.90605,48.49353],[-113.90639,48.4934],[-113.90715,48.49337],[-113.90787,48.49345],[-113.90847,48.49354],[-113.90883,48.49353],[-113.90929,48.49346],[-113.90995,48.49351],[-113.91045,48.49361],[-113.91144,48.49403],[-113.912,48.49428],[-113.913,48.49448],[-113.91386,48.49472],[-113.91449,48.49494],[-113.91532,48.49528],[-113.91554,48.49541],[-113.91581,48.49562],[-113.91626,48.49589],[-113.91645,48.49615],[-113.91664,48.49721],[-113.91677,48.49781],[-113.91692,48.49833],[-113.91724,48.49901],[-113.91744,48.49947],[-113.91767,48.49978],[-113.9179,48.50006],[-113.9181,48.5002],[-113.9183,48.50024],[-113.91854,48.50019],[-113.91899,48.50029],[-113.91949,48.50031],[-113.91984,48.5003],[-113.92028,48.50025],[-113.92087,48.49989],[-113.92129,48.49973],[-113.92172,48.49962],[-113.92207,48.49934],[-113.92226,48.49917],[-113.92264,48.49902],[-113.92309,48.49888],[-113.92337,48.49878],[-113.92397,48.49869],[-113.92444,48.4986],[-113.92477,48.49856],[-113.9251,48.49857],[-113.92553,48.49883],[-113.92584,48.4991],[-113.92649,48.49969],[-113.92671,48.49989],[-113.92718,48.50012],[-113.92818,48.50084],[-113.92872,48.50129],[-113.92874,48.50128],[-113.92936,48.50161],[-113.92996,48.50199],[-113.93037,48.50227],[-113.93071,48.5025],[-113.93123,48.50258],[-113.93174,48.50273],[-113.93242,48.50277],[-113.93292,48.50272],[-113.93394,48.50251],[-113.93563,48.50205],[-113.93638,48.50192],[-113.93702,48.5019],[-113.93779,48.50198],[-113.9387,48.50211],[-113.93921,48.50225],[-113.93958,48.50233],[-113.94023,48.5023],[-113.94078,48.50237],[-113.94142,48.50242],[-113.94223,48.50251],[-113.94301,48.50259],[-113.94337,48.50265],[-113.94389,48.50263],[-113.94437,48.50256],[-113.94489,48.50239],[-113.94552,48.50207],[-113.94608,48.50184],[-113.94645,48.50164],[-113.94676,48.50146],[-113.94698,48.50128],[-113.94724,48.5007],[-113.94744,48.50021],[-113.94756,48.49993],[-113.94768,48.49967],[-113.94775,48.4995],[-113.94769,48.49936],[-113.94751,48.49913],[-113.94745,48.49879],[-113.9475,48.49842],[-113.94758,48.49817],[-113.94779,48.49796],[-113.94807,48.49776],[-113.94876,48.49755],[-113.94927,48.49729],[-113.94967,48.49691],[-113.95006,48.49668],[-113.9503,48.49656],[-113.95103,48.4963],[-113.95143,48.49613],[-113.95188,48.4959],[-113.95232,48.49553],[-113.95254,48.49537],[-113.95283,48.4953],[-113.95338,48.49539],[-113.95453,48.4957],[-113.95551,48.49601],[-113.95664,48.49665],[-113.95696,48.49679],[-113.95794,48.49739],[-113.95899,48.49779],[-113.9601,48.49828],[-113.96109,48.49875],[-113.96155,48.49903],[-113.96191,48.49911],[-113.96267,48.49914],[-113.96331,48.49912],[-113.96379,48.499],[-113.96404,48.49886],[-113.96443,48.49881],[-113.96476,48.49881],[-113.96547,48.49902],[-113.96575,48.49918],[-113.96616,48.4993],[-113.96747,48.49954],[-113.96879,48.49971],[-113.96969,48.49987],[-113.97136,48.50002],[-113.9724,48.50016],[-113.97341,48.50027],[-113.97548,48.5004],[-113.97615,48.50038],[-113.97724,48.50027],[-113.9789,48.50025],[-113.98015,48.5001],[-113.98096,48.49993],[-113.98165,48.49976],[-113.98222,48.49947],[-113.98283,48.49893],[-113.98358,48.49847],[-113.98455,48.49811],[-113.9857,48.49799],[-113.9863,48.49802],[-113.9871,48.49811],[-113.98813,48.49835],[-113.98914,48.49872],[-113.98974,48.49898],[-113.99006,48.49923],[-113.99059,48.49997],[-113.99076,48.50043],[-113.99085,48.50095],[-113.99058,48.5017],[-113.99063,48.5022],[-113.99065,48.50256],[-113.99068,48.50321],[-113.99081,48.50379],[-113.99104,48.5042],[-113.99151,48.50461],[-113.99187,48.50515],[-113.99275,48.50598],[-113.99324,48.50632],[-113.99362,48.50647],[-113.99386,48.50653],[-113.99408,48.5065],[-113.99422,48.50642],[-113.99452,48.50655],[-113.99622,48.50757],[-113.99688,48.50793],[-113.99767,48.5081],[-113.99895,48.50813],[-113.99984,48.50813],[-114.00065,48.50809],[-114.00112,48.50805],[-114.00156,48.50816],[-114.00277,48.50803],[-114.00389,48.50787],[-114.00441,48.5079],[-114.00498,48.50803],[-114.00531,48.50804],[-114.00573,48.50793],[-114.00601,48.50777],[-114.00604,48.5074],[-114.00598,48.50696],[-114.00609,48.50649],[-114.00627,48.5059],[-114.00649,48.50542],[-114.0065,48.50491],[-114.00643,48.50439],[-114.00647,48.50367],[-114.00664,48.50325],[-114.00678,48.50269],[-114.00681,48.50267],[-114.00694,48.50225],[-114.00718,48.50166],[-114.00719,48.50086],[-114.00744,48.49991],[-114.0074,48.49938],[-114.00731,48.49904],[-114.00647,48.49842],[-114.00587,48.49813],[-114.00572,48.49796],[-114.00575,48.4976],[-114.00599,48.49723],[-114.0062,48.49706],[-114.00677,48.49678],[-114.00832,48.49649],[-114.00946,48.49639],[-114.01048,48.49617],[-114.01069,48.4961],[-114.01137,48.49598],[-114.01221,48.49565],[-114.01334,48.49516],[-114.01517,48.49433],[-114.0163,48.49375],[-114.01787,48.49291],[-114.01911,48.49221],[-114.02034,48.49146],[-114.02085,48.49108],[-114.02123,48.49087],[-114.02146,48.49067],[-114.02151,48.49035],[-114.02161,48.48992],[-114.02176,48.48978],[-114.02192,48.48974],[-114.02198,48.48959],[-114.02199,48.48925],[-114.02205,48.48876],[-114.02204,48.48834],[-114.0223,48.48774],[-114.02275,48.48728],[-114.02333,48.48677],[-114.02397,48.48646],[-114.02402,48.48645],[-114.02415,48.48644],[-114.02439,48.48645],[-114.0258,48.48668],[-114.02658,48.48672],[-114.02706,48.48678],[-114.028,48.48672],[-114.02964,48.48655],[-114.0299,48.48652],[-114.03009,48.48652],[-114.03031,48.48652],[-114.03052,48.48651],[-114.0307,48.48646],[-114.03084,48.48643],[-114.03096,48.48643],[-114.03119,48.48644],[-114.03149,48.48648],[-114.03163,48.48648],[-114.032,48.48644],[-114.03214,48.48644],[-114.03253,48.48638],[-114.03252,48.48636],[-114.03285,48.48631],[-114.03324,48.48618],[-114.03379,48.48614],[-114.03406,48.48605],[-114.03459,48.48598],[-114.03547,48.48578],[-114.0364,48.48574],[-114.03652,48.48576],[-114.03714,48.48574],[-114.03769,48.48563],[-114.03794,48.48549],[-114.03842,48.4852],[-114.03868,48.48512],[-114.03903,48.48507],[-114.03921,48.48502],[-114.03928,48.48494],[-114.0396,48.48474],[-114.03988,48.48465],[-114.04013,48.48456],[-114.0403,48.48446],[-114.0404,48.48442],[-114.04061,48.4844],[-114.04086,48.48432],[-114.04122,48.48409],[-114.04148,48.4839],[-114.04188,48.48375],[-114.04214,48.48369],[-114.04254,48.4835],[-114.04257,48.4835],[-114.04301,48.48327],[-114.04328,48.48301],[-114.04335,48.48286],[-114.04355,48.48278],[-114.04369,48.48273],[-114.04408,48.48235],[-114.04431,48.48207],[-114.04465,48.48154],[-114.04486,48.48125],[-114.04506,48.48115],[-114.04521,48.48102],[-114.04537,48.48082],[-114.04551,48.48073],[-114.04564,48.48067],[-114.04575,48.48064],[-114.04588,48.48057],[-114.04592,48.48045],[-114.04655,48.48015],[-114.04689,48.48001],[-114.04742,48.47979],[-114.04783,48.47975],[-114.04857,48.47978],[-114.04922,48.47976],[-114.04962,48.47968],[-114.05057,48.47943],[-114.05122,48.47913],[-114.05168,48.47884],[-114.05232,48.4785],[-114.05271,48.47832],[-114.053,48.47811],[-114.05317,48.47783],[-114.05339,48.47745],[-114.05359,48.47714],[-114.05389,48.47686],[-114.05419,48.47656],[-114.05471,48.47605],[-114.05522,48.47565],[-114.05579,48.47512],[-114.05632,48.47465],[-114.05672,48.47431],[-114.05692,48.47404],[-114.05736,48.47347],[-114.05765,48.47321],[-114.05814,48.47302],[-114.0582,48.47298],[-114.05849,48.47287],[-114.05851,48.47286],[-114.05956,48.47239],[-114.06069,48.47193],[-114.06178,48.47164],[-114.06269,48.47155],[-114.06316,48.47153],[-114.06322,48.47155],[-114.06373,48.47145],[-114.06438,48.47113],[-114.06554,48.47068],[-114.06642,48.47027],[-114.06761,48.46983],[-114.06848,48.46952],[-114.06952,48.46912],[-114.07033,48.46898],[-114.07069,48.46893],[-114.07099,48.46882],[-114.07115,48.46858],[-114.07133,48.46842],[-114.07143,48.46837],[-114.07188,48.46861],[-114.07248,48.46904],[-114.07263,48.46929],[-114.07287,48.46959],[-114.07321,48.4699],[-114.07389,48.47059],[-114.07435,48.47093],[-114.07458,48.47105],[-114.07523,48.47128],[-114.07601,48.47152],[-114.07609,48.47154],[-114.07627,48.47156],[-114.07678,48.47167],[-114.07717,48.47174],[-114.07755,48.4718],[-114.07792,48.47183],[-114.07827,48.47184],[-114.07876,48.47182],[-114.07915,48.47178],[-114.07968,48.47173],[-114.08019,48.47166],[-114.08093,48.4715],[-114.08197,48.47118],[-114.08313,48.47073],[-114.0841,48.47037],[-114.08498,48.4701],[-114.08577,48.46996],[-114.08649,48.46989],[-114.08743,48.46995],[-114.08809,48.4701],[-114.08869,48.47034],[-114.08981,48.47098],[-114.0903,48.47129],[-114.09056,48.47162],[-114.09074,48.47191],[-114.09082,48.47225],[-114.09092,48.47247],[-114.09125,48.47322],[-114.0915,48.47409],[-114.09164,48.47445],[-114.09185,48.47506],[-114.09216,48.47595],[-114.09257,48.47724],[-114.09282,48.47794],[-114.09294,48.47879],[-114.09326,48.47947],[-114.09379,48.48084],[-114.094,48.48131],[-114.09438,48.48176],[-114.09478,48.48228],[-114.09508,48.4825],[-114.09514,48.48257],[-114.09536,48.48268],[-114.09657,48.48312],[-114.09714,48.48331],[-114.0987,48.4836],[-114.09985,48.48384],[-114.10107,48.48414],[-114.10187,48.48431],[-114.10228,48.48442],[-114.10282,48.48465],[-114.10429,48.48534],[-114.105,48.48575],[-114.10505,48.48578],[-114.10568,48.48627],[-114.1063,48.48686],[-114.10736,48.48793],[-114.10792,48.48853],[-114.10844,48.48903],[-114.10872,48.48916],[-114.10914,48.48927],[-114.11008,48.48948],[-114.11114,48.48965],[-114.1121,48.48978],[-114.11333,48.4898],[-114.1143,48.48973],[-114.1145,48.48971],[-114.11463,48.48967],[-114.11727,48.48916],[-114.11925,48.48876],[-114.12088,48.4886],[-114.12231,48.48872],[-114.12379,48.48905],[-114.12428,48.4893],[-114.12493,48.48986],[-114.12555,48.4905],[-114.12576,48.49093],[-114.12585,48.49139],[-114.12566,48.4917],[-114.12539,48.49193],[-114.12518,48.49213],[-114.125,48.49236],[-114.12485,48.49269],[-114.12485,48.49271],[-114.12472,48.49309],[-114.12481,48.49343],[-114.12503,48.49374],[-114.12555,48.49444],[-114.1261,48.49501],[-114.12711,48.49599],[-114.12713,48.49601],[-114.12744,48.49644],[-114.12769,48.49685],[-114.12796,48.4975],[-114.1282,48.49825],[-114.12833,48.49889],[-114.12835,48.49912],[-114.1284,48.49992],[-114.12832,48.50135],[-114.12822,48.50206],[-114.1282,48.5021],[-114.12807,48.50257],[-114.12786,48.50309],[-114.12761,48.50335],[-114.12699,48.50395],[-114.12651,48.50441],[-114.12615,48.50473],[-114.12592,48.50504],[-114.12586,48.50549],[-114.12591,48.50567],[-114.12606,48.50589],[-114.12639,48.50631],[-114.12693,48.50669],[-114.1275,48.50695],[-114.1282,48.50712],[-114.12876,48.50715],[-114.13071,48.50698],[-114.13314,48.50678],[-114.13369,48.5067],[-114.1346,48.50653],[-114.13576,48.50634],[-114.13661,48.50626],[-114.1373,48.50633],[-114.13734,48.50635],[-114.13795,48.50649],[-114.13855,48.50663],[-114.13898,48.50688],[-114.13927,48.50703],[-114.13955,48.50731],[-114.13971,48.50769],[-114.13983,48.50818],[-114.13975,48.50848],[-114.13975,48.50852],[-114.13963,48.50887],[-114.13948,48.50922],[-114.13923,48.50954],[-114.13881,48.5101],[-114.13853,48.51037],[-114.13822,48.51059],[-114.13797,48.51072],[-114.13766,48.51082],[-114.13728,48.51092],[-114.1368,48.5109],[-114.13608,48.51065],[-114.13535,48.51044],[-114.13466,48.51036],[-114.13421,48.51037],[-114.13394,48.51044],[-114.13391,48.51044],[-114.13347,48.51054],[-114.13325,48.51066],[-114.13298,48.51084],[-114.13269,48.51129],[-114.13248,48.51163],[-114.13222,48.51247],[-114.13183,48.51338],[-114.13153,48.51385],[-114.13135,48.51411],[-114.13045,48.51508],[-114.12951,48.51571],[-114.12949,48.51573],[-114.12899,48.516],[-114.12816,48.51649],[-114.12761,48.51681],[-114.12703,48.51724],[-114.1264,48.51786],[-114.12568,48.51876],[-114.12456,48.51968],[-114.12403,48.52015],[-114.12171,48.52244],[-114.12163,48.52272],[-114.12163,48.52297],[-114.12179,48.52332],[-114.12195,48.52367],[-114.12212,48.52391],[-114.12274,48.52435],[-114.12312,48.5247],[-114.12324,48.52496],[-114.1233,48.52522],[-114.12328,48.52547],[-114.12308,48.52583],[-114.12285,48.52615],[-114.122,48.52671],[-114.12067,48.52747],[-114.12018,48.52766],[-114.11985,48.52777],[-114.11927,48.52773],[-114.11898,48.5277],[-114.11889,48.52771],[-114.11865,48.52771],[-114.11815,48.52781],[-114.11783,48.52796],[-114.11722,48.52804],[-114.11666,48.52817],[-114.11615,48.52827],[-114.11554,48.52837],[-114.11523,48.52848],[-114.11499,48.52855],[-114.11493,48.52861],[-114.11461,48.52906],[-114.11441,48.52936],[-114.11437,48.52948],[-114.11438,48.53003],[-114.11454,48.53055],[-114.11472,48.53088],[-114.11497,48.53131],[-114.11515,48.53157],[-114.11539,48.53181],[-114.11571,48.53214],[-114.11608,48.53248],[-114.11672,48.53302],[-114.11718,48.53339],[-114.11731,48.53353],[-114.11767,48.53378],[-114.11807,48.53409],[-114.11819,48.53423],[-114.11841,48.53458],[-114.11858,48.53496],[-114.11861,48.53521],[-114.11859,48.53555],[-114.11836,48.53606],[-114.11795,48.53645],[-114.11759,48.53667],[-114.11755,48.53669],[-114.11733,48.53672],[-114.11707,48.53667],[-114.11685,48.53669],[-114.11659,48.53674],[-114.11632,48.53677],[-114.11568,48.53694],[-114.11507,48.53714],[-114.11458,48.53737],[-114.11443,48.53741],[-114.11437,48.53745],[-114.11433,48.53751],[-114.11363,48.53799],[-114.1134,48.5387],[-114.11349,48.53986],[-114.11376,48.54055],[-114.11414,48.54094],[-114.11447,48.54112],[-114.11459,48.54118],[-114.1148,48.54115],[-114.11483,48.54116],[-114.11488,48.54115],[-114.1152,48.54103],[-114.11557,48.54088],[-114.11598,48.54071],[-114.1167,48.54069],[-114.11745,48.54103],[-114.11844,48.54164],[-114.11857,48.54176],[-114.11868,48.542],[-114.1188,48.54225],[-114.11879,48.54255],[-114.11875,48.54275],[-114.11875,48.54303],[-114.11874,48.54309],[-114.11899,48.54397],[-114.11931,48.54454],[-114.11984,48.54505],[-114.12042,48.54571],[-114.12079,48.54607],[-114.12126,48.54638],[-114.12366,48.5475],[-114.12433,48.54775],[-114.1248,48.54794],[-114.12519,48.54809],[-114.1254,48.54839],[-114.12548,48.5489],[-114.12542,48.54935],[-114.12499,48.55039],[-114.12443,48.55112],[-114.12399,48.55198],[-114.12376,48.55292],[-114.12379,48.55359],[-114.12402,48.55439],[-114.12433,48.555],[-114.12466,48.55536],[-114.12504,48.55562],[-114.12526,48.55577],[-114.12583,48.55607],[-114.12613,48.55644],[-114.12655,48.55736],[-114.12668,48.55783],[-114.12663,48.55853],[-114.12662,48.55875],[-114.12655,48.55893],[-114.1265,48.55941],[-114.12644,48.55989],[-114.12632,48.56026],[-114.12612,48.5606],[-114.12589,48.56096],[-114.12561,48.56148],[-114.12527,48.56203],[-114.12501,48.56257],[-114.12492,48.56339],[-114.12507,48.56418],[-114.12537,48.56479],[-114.12564,48.56541],[-114.12601,48.56608],[-114.12629,48.56674],[-114.12665,48.56733],[-114.12711,48.56816],[-114.12762,48.56898],[-114.12816,48.56966],[-114.129,48.5704],[-114.12971,48.57094],[-114.13022,48.5713],[-114.13025,48.57132],[-114.13052,48.57152],[-114.13144,48.57212],[-114.13231,48.57261],[-114.13307,48.57304],[-114.13386,48.57345],[-114.13539,48.57436],[-114.13655,48.575],[-114.13766,48.57569],[-114.13838,48.57616],[-114.13864,48.5763],[-114.13916,48.57668],[-114.13972,48.57704],[-114.14015,48.57718],[-114.14091,48.57738],[-114.14189,48.57758],[-114.14276,48.57767],[-114.14389,48.57771],[-114.14452,48.57776],[-114.14533,48.57781],[-114.14615,48.57787],[-114.14724,48.57781],[-114.14851,48.5777],[-114.14943,48.57767],[-114.15064,48.57783],[-114.1514,48.57794],[-114.15164,48.57801],[-114.15189,48.57809],[-114.15269,48.57836],[-114.15351,48.57867],[-114.15428,48.57898],[-114.15493,48.57926],[-114.15549,48.57946],[-114.15589,48.57965],[-114.15628,48.57996],[-114.15668,48.58057],[-114.15697,48.58136],[-114.15733,48.58247],[-114.15742,48.58281],[-114.15755,48.58319],[-114.15763,48.58347],[-114.15766,48.58383],[-114.15769,48.58458],[-114.15765,48.58548],[-114.1575,48.58609],[-114.15723,48.58678],[-114.15697,48.5873],[-114.15647,48.58795],[-114.1557,48.5886],[-114.15495,48.58907],[-114.15404,48.58948],[-114.15321,48.58981],[-114.15257,48.59006],[-114.15219,48.59025],[-114.15215,48.59029],[-114.15198,48.59036],[-114.15192,48.59052],[-114.15183,48.59063],[-114.1517,48.59095],[-114.15169,48.59157],[-114.15184,48.59195],[-114.15209,48.5924],[-114.15241,48.59268],[-114.15278,48.59288],[-114.15323,48.59302],[-114.15386,48.59318],[-114.15388,48.59317],[-114.15574,48.59319],[-114.15671,48.5932],[-114.15803,48.59323],[-114.1607,48.59348],[-114.16101,48.59343],[-114.16147,48.59336],[-114.16179,48.59333],[-114.16223,48.59338],[-114.1631,48.59343],[-114.16383,48.5935],[-114.16454,48.59371],[-114.16523,48.59384],[-114.16541,48.59385],[-114.16623,48.59403],[-114.16656,48.59416],[-114.16672,48.59426],[-114.16701,48.59446],[-114.16713,48.59466],[-114.16719,48.59497],[-114.16715,48.59532],[-114.16711,48.59543],[-114.16702,48.59559],[-114.1668,48.59581],[-114.16653,48.59606],[-114.16621,48.59627],[-114.16556,48.59657],[-114.16444,48.597],[-114.16399,48.59718],[-114.16291,48.59763],[-114.16243,48.59792],[-114.1623,48.598],[-114.16153,48.59866],[-114.16152,48.59866],[-114.16128,48.59903],[-114.161,48.59942],[-114.16081,48.5999],[-114.16067,48.60049],[-114.16066,48.60091],[-114.1607,48.60139],[-114.16086,48.60184],[-114.16118,48.60253],[-114.16166,48.60323],[-114.16211,48.60373],[-114.16245,48.6039],[-114.16279,48.60396],[-114.1628,48.60397],[-114.16346,48.604],[-114.1641,48.60395],[-114.16423,48.60395],[-114.16516,48.60396],[-114.16638,48.60401],[-114.16732,48.60409],[-114.16796,48.6042],[-114.16835,48.60434],[-114.16868,48.60453],[-114.16921,48.6048],[-114.16969,48.60517],[-114.17017,48.60563],[-114.17019,48.60566],[-114.17089,48.60653],[-114.17138,48.6072],[-114.17146,48.60736],[-114.17158,48.60776],[-114.1716,48.60836],[-114.17157,48.60881],[-114.17138,48.60913],[-114.17098,48.60948],[-114.17035,48.60983],[-114.16943,48.61019],[-114.1684,48.61044],[-114.16706,48.61068],[-114.16705,48.61068],[-114.16673,48.61068],[-114.16037,48.61057],[-114.16004,48.61052],[-114.15918,48.61053],[-114.1581,48.61056],[-114.15691,48.61079],[-114.15598,48.61099],[-114.15523,48.61121],[-114.15465,48.61145],[-114.15464,48.61146],[-114.15401,48.61163],[-114.15364,48.61187],[-114.15326,48.61219],[-114.15289,48.61259],[-114.15224,48.61333],[-114.15173,48.61397],[-114.15136,48.61459],[-114.15132,48.61468],[-114.15119,48.61491],[-114.1507,48.61576],[-114.15034,48.61647],[-114.14985,48.61729],[-114.14964,48.61777],[-114.14918,48.6184],[-114.1487,48.61884],[-114.14851,48.61895],[-114.14808,48.6191],[-114.1473,48.61914],[-114.14612,48.61897],[-114.14511,48.61875],[-114.14404,48.61855],[-114.14295,48.61833],[-114.14281,48.6183],[-114.14142,48.61841],[-114.14127,48.61846],[-114.14121,48.61845],[-114.14027,48.61866],[-114.13943,48.61886],[-114.13887,48.61902],[-114.1384,48.61918],[-114.13824,48.61926],[-114.13798,48.61961],[-114.13803,48.61996],[-114.13846,48.62057],[-114.13908,48.62139],[-114.13913,48.62149],[-114.1396,48.62217],[-114.1402,48.6231],[-114.14099,48.62406],[-114.1411,48.62479],[-114.14106,48.62611],[-114.14128,48.62701],[-114.1416,48.62808],[-114.14195,48.62895],[-114.14256,48.6299],[-114.14333,48.63062],[-114.14393,48.63116],[-114.14434,48.63162],[-114.14476,48.63188],[-114.14484,48.63194],[-114.14573,48.63244],[-114.14688,48.63322],[-114.14796,48.63367],[-114.14887,48.63402],[-114.14912,48.63415],[-114.14968,48.63441],[-114.15064,48.63469],[-114.15223,48.6353],[-114.15339,48.63575],[-114.15521,48.63645],[-114.15614,48.63696],[-114.15706,48.63748],[-114.15772,48.63791],[-114.15778,48.63843],[-114.15778,48.63847],[-114.15769,48.63913],[-114.15746,48.63968],[-114.15724,48.64026],[-114.15708,48.64092],[-114.15703,48.64125],[-114.15705,48.64146],[-114.15715,48.64168],[-114.15849,48.64233],[-114.16079,48.64288],[-114.16328,48.6438],[-114.1649,48.64485],[-114.16549,48.64538],[-114.16624,48.64605],[-114.1664,48.64622],[-114.16704,48.64698],[-114.16805,48.64816],[-114.16826,48.6492],[-114.16836,48.65007],[-114.16883,48.65054],[-114.16885,48.65058],[-114.16897,48.65067],[-114.17217,48.65369],[-114.17293,48.65461],[-114.17319,48.65507],[-114.17304,48.65616],[-114.17292,48.6573],[-114.1729,48.65755],[-114.17293,48.65757],[-114.17288,48.65777],[-114.17283,48.65839],[-114.17286,48.65853],[-114.17291,48.65859],[-114.17315,48.65914],[-114.17359,48.65957],[-114.17432,48.65999],[-114.1753,48.66044],[-114.17671,48.66108],[-114.17816,48.66171],[-114.17901,48.66216],[-114.17943,48.66245],[-114.17954,48.66251],[-114.18018,48.66303],[-114.18146,48.66428],[-114.18271,48.66512],[-114.18373,48.66589],[-114.18446,48.66651],[-114.18484,48.66682],[-114.18595,48.66766],[-114.18677,48.6685],[-114.18711,48.6688],[-114.18744,48.66908],[-114.18797,48.66955],[-114.188,48.66957],[-114.1882,48.66978],[-114.18826,48.67004],[-114.18842,48.67044],[-114.18855,48.67083],[-114.18855,48.67115],[-114.1884,48.67166],[-114.18829,48.67246],[-114.18832,48.67283],[-114.18854,48.67329],[-114.18887,48.67371],[-114.18916,48.67415],[-114.18949,48.67441],[-114.19022,48.67486],[-114.19041,48.67498],[-114.19073,48.67527],[-114.19114,48.67549],[-114.19199,48.67602],[-114.19271,48.67645],[-114.19328,48.67685],[-114.19393,48.67736],[-114.19412,48.67773],[-114.19418,48.67826],[-114.19423,48.67859],[-114.19403,48.67936],[-114.19372,48.67984],[-114.19329,48.68025],[-114.19277,48.68047],[-114.19217,48.68079],[-114.19111,48.68103],[-114.19054,48.68112],[-114.19015,48.68118],[-114.1899,48.68118],[-114.18927,48.6813],[-114.18852,48.68167],[-114.18807,48.68229],[-114.18787,48.6827],[-114.18752,48.68315],[-114.18729,48.68346],[-114.18713,48.6837],[-114.18715,48.68376],[-114.18709,48.68402],[-114.18719,48.68464],[-114.18745,48.6853],[-114.18777,48.6861],[-114.18819,48.68692],[-114.18847,48.6873],[-114.189,48.688],[-114.1894,48.6883],[-114.18965,48.68846],[-114.18969,48.6885],[-114.19048,48.68901],[-114.19083,48.68935],[-114.19142,48.68981],[-114.19222,48.69016],[-114.19291,48.69035],[-114.19397,48.69068],[-114.19446,48.6908],[-114.19491,48.69087],[-114.1955,48.69091],[-114.19682,48.69099],[-114.19753,48.69088],[-114.19942,48.69093],[-114.20077,48.69116],[-114.20189,48.69132],[-114.20293,48.69163],[-114.20313,48.69177],[-114.20323,48.6918],[-114.20422,48.69222],[-114.20513,48.69258],[-114.20666,48.69343],[-114.20736,48.69408],[-114.20763,48.69437],[-114.20848,48.69528],[-114.20865,48.6956],[-114.20877,48.69589],[-114.20877,48.69617],[-114.20864,48.69642],[-114.20852,48.69658],[-114.20835,48.69674],[-114.2081,48.69716],[-114.20786,48.69747],[-114.20757,48.69786],[-114.20744,48.69824],[-114.20698,48.69897],[-114.20682,48.69931],[-114.20659,48.70002],[-114.20662,48.7005],[-114.20665,48.70084],[-114.20669,48.70129],[-114.20681,48.70191],[-114.20692,48.70237],[-114.20706,48.70294],[-114.20733,48.70365],[-114.20755,48.70436],[-114.20784,48.70535],[-114.20795,48.70565],[-114.20808,48.70656],[-114.20825,48.70743],[-114.20842,48.70819],[-114.20866,48.7089],[-114.20884,48.70947],[-114.20886,48.70949],[-114.20894,48.70997],[-114.20902,48.71018],[-114.20914,48.71043],[-114.20945,48.71099],[-114.20971,48.71135],[-114.21033,48.71191],[-114.21099,48.71231],[-114.21137,48.71249],[-114.2118,48.71265],[-114.21354,48.71341],[-114.21484,48.71398],[-114.21563,48.71434],[-114.21639,48.71463],[-114.21698,48.71469],[-114.21731,48.71467],[-114.21759,48.7146],[-114.21844,48.714],[-114.21887,48.71382],[-114.21938,48.71362],[-114.21978,48.71353],[-114.22045,48.71335],[-114.22176,48.71309],[-114.22262,48.7129],[-114.22304,48.71291],[-114.22445,48.71313],[-114.2255,48.7134],[-114.22655,48.71382],[-114.22715,48.71404],[-114.22777,48.71415],[-114.22779,48.71416],[-114.22922,48.71471],[-114.23045,48.71498],[-114.23116,48.7152],[-114.23203,48.71544],[-114.23321,48.71582],[-114.2343,48.7162],[-114.23547,48.71659],[-114.2363,48.71686],[-114.2374,48.71736],[-114.23822,48.71778],[-114.23892,48.71799],[-114.23933,48.71807],[-114.23969,48.71807],[-114.24013,48.71804],[-114.24061,48.71802],[-114.24103,48.71811],[-114.24158,48.71814],[-114.24226,48.71818],[-114.24293,48.7181],[-114.24381,48.71805],[-114.24477,48.71811],[-114.24548,48.71833],[-114.24604,48.71849],[-114.24691,48.7188],[-114.24807,48.7191],[-114.24874,48.71923],[-114.25016,48.72095],[-114.25042,48.72131],[-114.25133,48.72223],[-114.25178,48.72283],[-114.25239,48.72375],[-114.25267,48.7244],[-114.25279,48.72488],[-114.25279,48.72492],[-114.25287,48.72564],[-114.25299,48.72691],[-114.25322,48.7282],[-114.25376,48.72955],[-114.25472,48.73067],[-114.25514,48.73112],[-114.25518,48.73115],[-114.25604,48.73166],[-114.25685,48.73217],[-114.25765,48.73248],[-114.25824,48.73273],[-114.25895,48.73275],[-114.25955,48.73281],[-114.26043,48.73271],[-114.26105,48.73243],[-114.26143,48.73223],[-114.26214,48.73199],[-114.26266,48.73205],[-114.26315,48.73211],[-114.2639,48.73228],[-114.26425,48.73247],[-114.2645,48.7329],[-114.26459,48.73332],[-114.2646,48.73384],[-114.26458,48.73417],[-114.26471,48.73459],[-114.26491,48.73507],[-114.26494,48.73513],[-114.26493,48.73554],[-114.26477,48.73634],[-114.26475,48.73636],[-114.26476,48.73645],[-114.26472,48.7366],[-114.26468,48.7367],[-114.26452,48.73704],[-114.26424,48.73767],[-114.26384,48.73858],[-114.26377,48.73916],[-114.26374,48.73974],[-114.26376,48.74036],[-114.26377,48.74039],[-114.26377,48.74064],[-114.26372,48.74089],[-114.26363,48.74183],[-114.26345,48.74325],[-114.26315,48.74391],[-114.26276,48.74473],[-114.26224,48.74567],[-114.26194,48.74632],[-114.26186,48.7466],[-114.26169,48.74706],[-114.26165,48.74757],[-114.26174,48.74807],[-114.26186,48.74841],[-114.26219,48.74899],[-114.26265,48.74948],[-114.26296,48.74976],[-114.26302,48.74983],[-114.26321,48.75],[-114.26362,48.7503],[-114.26372,48.75036],[-114.26471,48.75107],[-114.26516,48.75145],[-114.26521,48.75147],[-114.26526,48.75153],[-114.26569,48.75175],[-114.26602,48.75199],[-114.26645,48.75224],[-114.26676,48.75248],[-114.26683,48.75266],[-114.26733,48.7537],[-114.26802,48.75415],[-114.26922,48.75487],[-114.26964,48.75524],[-114.2698,48.75536],[-114.27037,48.75557],[-114.27089,48.7562],[-114.27134,48.75677],[-114.27191,48.75735],[-114.27298,48.75796],[-114.27413,48.75853],[-114.27538,48.75914],[-114.27559,48.75925],[-114.27718,48.75993],[-114.27752,48.76013],[-114.27766,48.76028],[-114.27774,48.76049],[-114.27788,48.76073],[-114.27796,48.76097],[-114.27823,48.76143],[-114.27855,48.76207],[-114.27858,48.76285],[-114.27844,48.76321],[-114.27789,48.7641],[-114.27776,48.76431],[-114.2777,48.76445],[-114.27737,48.76511],[-114.27737,48.76512],[-114.27737,48.76622],[-114.27746,48.76666],[-114.27755,48.76683],[-114.27783,48.76714],[-114.27795,48.76735],[-114.27846,48.76896],[-114.27877,48.76993],[-114.27877,48.77151],[-114.2788,48.77201],[-114.27879,48.77274],[-114.2788,48.77276],[-114.27879,48.77279],[-114.27881,48.77308],[-114.27882,48.77313],[-114.27884,48.77401],[-114.27882,48.77483],[-114.27888,48.77598],[-114.27894,48.77663],[-114.27905,48.77734],[-114.27917,48.77836],[-114.2793,48.77896],[-114.27962,48.78],[-114.27996,48.78089],[-114.28,48.78102],[-114.28042,48.78159],[-114.28078,48.78187],[-114.28128,48.7822],[-114.28183,48.7826],[-114.28186,48.78265],[-114.28191,48.78268],[-114.28225,48.78304],[-114.28282,48.78343],[-114.28289,48.78356],[-114.28318,48.78386],[-114.2845,48.78523],[-114.28544,48.78632],[-114.28595,48.78699],[-114.28633,48.78737],[-114.28682,48.78781],[-114.2874,48.78821],[-114.28841,48.78859],[-114.2894,48.78907],[-114.2898,48.78936],[-114.29027,48.78981],[-114.29064,48.79011],[-114.29128,48.79033],[-114.29191,48.79042],[-114.29268,48.79045],[-114.29344,48.79039],[-114.29351,48.79037],[-114.29371,48.79036],[-114.29448,48.79027],[-114.29486,48.79025],[-114.2958,48.79046],[-114.29662,48.7915],[-114.29686,48.79178],[-114.29706,48.79198],[-114.29722,48.79217],[-114.29757,48.79249],[-114.29757,48.7925],[-114.29776,48.79266],[-114.29801,48.79288],[-114.29874,48.79307],[-114.2994,48.79318],[-114.30007,48.79322],[-114.30059,48.79308],[-114.30126,48.79284],[-114.30232,48.79252],[-114.30334,48.7925],[-114.30395,48.7926],[-114.30451,48.79278],[-114.30498,48.7931],[-114.30523,48.79363],[-114.3054,48.79415],[-114.3055,48.79443],[-114.3056,48.795],[-114.30566,48.79523],[-114.3061,48.79604],[-114.30657,48.79635],[-114.30732,48.79678],[-114.30759,48.79689],[-114.30872,48.79716],[-114.30892,48.79715],[-114.30967,48.79721],[-114.31036,48.7973],[-114.31077,48.79729],[-114.31146,48.79721],[-114.31214,48.79698],[-114.31269,48.7967],[-114.31547,48.7965],[-114.31688,48.79658],[-114.31811,48.79707],[-114.31908,48.79764],[-114.31963,48.79808],[-114.31975,48.79826],[-114.31982,48.79833],[-114.32,48.79858],[-114.32006,48.79909],[-114.31989,48.79964],[-114.31946,48.80041],[-114.31913,48.80135],[-114.31899,48.80204],[-114.31909,48.80275],[-114.31944,48.80326],[-114.31994,48.80367],[-114.32078,48.8042],[-114.32135,48.80461],[-114.32222,48.80494],[-114.32333,48.80517],[-114.3241,48.80544],[-114.32496,48.80579],[-114.32519,48.80584],[-114.32542,48.80593],[-114.32572,48.80613],[-114.32606,48.80632],[-114.32644,48.80662],[-114.32692,48.80706],[-114.32712,48.80739],[-114.32722,48.80754],[-114.32748,48.80815],[-114.3277,48.80882],[-114.32792,48.80953],[-114.3281,48.81013],[-114.32821,48.81068],[-114.32822,48.81069],[-114.32843,48.81189],[-114.32881,48.81366],[-114.32889,48.81417],[-114.32903,48.81513],[-114.3291,48.81567],[-114.3293,48.81629],[-114.32958,48.81667],[-114.32987,48.81699],[-114.33073,48.81731],[-114.33161,48.81741],[-114.33167,48.81742],[-114.33216,48.8174],[-114.33407,48.8173],[-114.33531,48.81738],[-114.33532,48.81739],[-114.33547,48.81738],[-114.33571,48.81749],[-114.33639,48.8177],[-114.337,48.81797],[-114.33821,48.81854],[-114.33895,48.81902],[-114.33971,48.8196],[-114.34029,48.82005],[-114.34082,48.82063],[-114.34096,48.82104],[-114.34107,48.82145],[-114.34111,48.82154],[-114.34113,48.8216],[-114.34137,48.82242],[-114.34148,48.82305],[-114.34146,48.82382],[-114.34131,48.82441],[-114.34087,48.82519],[-114.34031,48.82573],[-114.33956,48.82629],[-114.33943,48.82636],[-114.33888,48.82679],[-114.33848,48.82706],[-114.33841,48.82719],[-114.33811,48.8278],[-114.33793,48.82856],[-114.3379,48.82953],[-114.33789,48.82966],[-114.33774,48.83007],[-114.33721,48.83078],[-114.33682,48.83137],[-114.33671,48.83149],[-114.33634,48.83177],[-114.33606,48.83206],[-114.33595,48.83219],[-114.33583,48.83231],[-114.33547,48.83326],[-114.33535,48.83395],[-114.33594,48.83436],[-114.33614,48.83447],[-114.33651,48.83459],[-114.33707,48.83474],[-114.33759,48.83478],[-114.33844,48.83488],[-114.33978,48.8349],[-114.34079,48.83498],[-114.34204,48.83543],[-114.34266,48.83586],[-114.34346,48.83648],[-114.34439,48.83727],[-114.34587,48.83832],[-114.3459,48.83834],[-114.34614,48.83874],[-114.34658,48.83938],[-114.34678,48.84],[-114.34697,48.84067],[-114.34702,48.84129],[-114.34696,48.84186],[-114.34695,48.84225],[-114.34696,48.84253],[-114.34696,48.84254],[-114.34697,48.8428],[-114.34696,48.84335],[-114.34698,48.84418],[-114.34715,48.84492],[-114.3472,48.84513],[-114.34739,48.84548],[-114.34768,48.84586],[-114.34796,48.84618],[-114.34819,48.84642],[-114.34843,48.84661],[-114.34851,48.8467],[-114.34881,48.8469],[-114.34925,48.84715],[-114.35004,48.8475],[-114.35073,48.84787],[-114.35153,48.84836],[-114.3523,48.84901],[-114.35233,48.84904],[-114.35235,48.84907],[-114.35291,48.84966],[-114.3531,48.84987],[-114.35323,48.8501],[-114.35337,48.85042],[-114.35341,48.85059],[-114.35341,48.85097],[-114.35335,48.85152],[-114.35319,48.85191],[-114.35283,48.85242],[-114.35232,48.85296],[-114.3517,48.85334],[-114.35059,48.85369],[-114.34963,48.85372],[-114.34879,48.85351],[-114.34821,48.85339],[-114.34786,48.85335],[-114.3475,48.8534],[-114.34735,48.85354],[-114.34725,48.85377],[-114.34716,48.85411],[-114.34727,48.85454],[-114.34745,48.85482],[-114.34747,48.85484],[-114.34756,48.85491],[-114.34799,48.85534],[-114.3487,48.85579],[-114.34873,48.85582],[-114.3489,48.85591],[-114.35005,48.85644],[-114.35057,48.85664],[-114.35159,48.85696],[-114.35319,48.85737],[-114.35463,48.85771],[-114.35554,48.85786],[-114.35615,48.85793],[-114.35678,48.85796],[-114.35756,48.85769],[-114.358,48.85763],[-114.35839,48.85752],[-114.3592,48.85714],[-114.36027,48.85681],[-114.36154,48.85658],[-114.36233,48.85647],[-114.36337,48.85641],[-114.36396,48.85639],[-114.36424,48.85639],[-114.36496,48.85643],[-114.36565,48.85655],[-114.36606,48.85667],[-114.36637,48.85681],[-114.36668,48.857],[-114.36705,48.85744],[-114.36722,48.85775],[-114.36742,48.85811],[-114.36753,48.85844],[-114.36759,48.85905],[-114.36765,48.85932],[-114.36756,48.85957],[-114.36737,48.8599],[-114.36674,48.8605],[-114.36595,48.86128],[-114.36518,48.86192],[-114.36491,48.86216],[-114.36355,48.86311],[-114.3629,48.86352],[-114.36275,48.86363],[-114.36227,48.86413],[-114.36202,48.86465],[-114.36178,48.86521],[-114.36146,48.86606],[-114.36107,48.86674],[-114.36057,48.86804],[-114.36044,48.86879],[-114.36044,48.86897],[-114.36056,48.86948],[-114.36065,48.86973],[-114.36104,48.87031],[-114.36132,48.87073],[-114.36138,48.87085],[-114.36171,48.87139],[-114.3621,48.87201],[-114.36235,48.87248],[-114.36258,48.87283],[-114.36292,48.87326],[-114.36335,48.8737],[-114.36397,48.87409],[-114.36439,48.87433],[-114.36554,48.8748],[-114.36619,48.875],[-114.36666,48.87507],[-114.36747,48.875],[-114.36836,48.87479],[-114.36916,48.87446],[-114.37008,48.87421],[-114.37111,48.87416],[-114.37185,48.8742],[-114.37264,48.87446],[-114.37307,48.87466],[-114.37337,48.87487],[-114.37378,48.87521],[-114.37395,48.87549],[-114.37436,48.87598],[-114.37467,48.87649],[-114.37506,48.87692],[-114.37551,48.87746],[-114.37581,48.87771],[-114.37628,48.87811],[-114.37665,48.87841],[-114.37734,48.87925],[-114.37764,48.87976],[-114.37778,48.8801],[-114.37787,48.88045],[-114.37794,48.88083],[-114.37794,48.88105],[-114.37778,48.88142],[-114.37764,48.88163],[-114.3773,48.88194],[-114.37683,48.88225],[-114.37597,48.88256],[-114.37498,48.88275],[-114.37338,48.88293],[-114.37234,48.883],[-114.37128,48.88301],[-114.36946,48.88315],[-114.36834,48.88314],[-114.3672,48.88315],[-114.36717,48.88315],[-114.36634,48.88344],[-114.3656,48.88409],[-114.36544,48.88449],[-114.36544,48.88489],[-114.36546,48.88509],[-114.36565,48.88551],[-114.36585,48.88582],[-114.366,48.88602],[-114.36624,48.88622],[-114.36654,48.88645],[-114.36679,48.88661],[-114.36777,48.88704],[-114.36935,48.88798],[-114.36974,48.88816],[-114.37067,48.88894],[-114.37101,48.88949],[-114.37113,48.88985],[-114.37122,48.89013],[-114.37124,48.8904],[-114.37113,48.89088],[-114.37103,48.89142],[-114.37084,48.89199],[-114.37061,48.89283],[-114.37061,48.89286],[-114.37051,48.89357],[-114.37052,48.8941],[-114.37073,48.89474],[-114.37075,48.89477],[-114.371,48.89509],[-114.37134,48.8955],[-114.37164,48.89593],[-114.37223,48.89644],[-114.3731,48.89688],[-114.37378,48.89715],[-114.37427,48.89724],[-114.37481,48.89735],[-114.3755,48.89737],[-114.37628,48.89731],[-114.37683,48.89728],[-114.37743,48.89726],[-114.37768,48.89734],[-114.37813,48.89756],[-114.3785,48.89786],[-114.37882,48.89811],[-114.37895,48.89835],[-114.37918,48.89878],[-114.37928,48.89928],[-114.37939,48.89976],[-114.37929,48.90085],[-114.37908,48.90144],[-114.37904,48.9015],[-114.37876,48.90202],[-114.37835,48.90254],[-114.3782,48.90306],[-114.37818,48.90337],[-114.37814,48.90345],[-114.37807,48.90388],[-114.37801,48.90421],[-114.37784,48.90466],[-114.37763,48.905],[-114.37713,48.90541],[-114.37644,48.90595],[-114.37587,48.90618],[-114.37548,48.90639],[-114.37538,48.90645],[-114.37482,48.90696],[-114.37468,48.90714],[-114.37463,48.90722],[-114.37444,48.90779],[-114.37443,48.90785],[-114.37444,48.90813],[-114.37452,48.90838],[-114.37477,48.90873],[-114.375,48.90894],[-114.37557,48.90925],[-114.37626,48.90936],[-114.37706,48.90941],[-114.37775,48.9094],[-114.37789,48.90939],[-114.37875,48.90923],[-114.38,48.909],[-114.38106,48.90893],[-114.38217,48.90909],[-114.38301,48.90933],[-114.38338,48.90952],[-114.38366,48.90973],[-114.38386,48.90994],[-114.38402,48.91017],[-114.3842,48.91052],[-114.38434,48.91098],[-114.38441,48.9113],[-114.38441,48.91154],[-114.38436,48.91185],[-114.38401,48.91224],[-114.38335,48.91272],[-114.38273,48.91302],[-114.38268,48.91305],[-114.38201,48.91328],[-114.38077,48.91371],[-114.37835,48.91421],[-114.3783,48.91422],[-114.37827,48.91423],[-114.37737,48.91433],[-114.37652,48.91452],[-114.37621,48.91456],[-114.37521,48.91488],[-114.37504,48.91502],[-114.37493,48.91516],[-114.37483,48.91548],[-114.3748,48.91581],[-114.37486,48.91609],[-114.37495,48.91635],[-114.37546,48.91684],[-114.37557,48.9169],[-114.37609,48.91707],[-114.37724,48.91737],[-114.37893,48.91753],[-114.38129,48.91749],[-114.38293,48.91754],[-114.38452,48.91766],[-114.38469,48.91769],[-114.38478,48.91769],[-114.38515,48.91779],[-114.38579,48.91808],[-114.38612,48.91829],[-114.38636,48.91853],[-114.38706,48.91932],[-114.38753,48.92024],[-114.38775,48.92104],[-114.38782,48.92129],[-114.38782,48.92133],[-114.3879,48.92175],[-114.38781,48.92212],[-114.38768,48.92236],[-114.38721,48.92295],[-114.38685,48.92332],[-114.38641,48.92369],[-114.38612,48.92407],[-114.3859,48.92439],[-114.38567,48.92483],[-114.38547,48.92551],[-114.38541,48.92608],[-114.38558,48.92646],[-114.3859,48.9268],[-114.38642,48.92717],[-114.38664,48.92731],[-114.38716,48.92758],[-114.38818,48.92795],[-114.38941,48.92831],[-114.39001,48.92849],[-114.39015,48.92856],[-114.39088,48.92893],[-114.39148,48.92927],[-114.39196,48.92965],[-114.39231,48.93006],[-114.39277,48.93105],[-114.3931,48.93168],[-114.39329,48.93226],[-114.39334,48.93236],[-114.39378,48.93364],[-114.39393,48.93452],[-114.39421,48.93565],[-114.39425,48.93591],[-114.39433,48.93622],[-114.39477,48.93679],[-114.39537,48.93726],[-114.39596,48.93762],[-114.39635,48.93778],[-114.39652,48.93793],[-114.39701,48.93832],[-114.39765,48.93877],[-114.3981,48.93924],[-114.39839,48.93943],[-114.39842,48.93946],[-114.39857,48.93964],[-114.39875,48.93987],[-114.39893,48.94013],[-114.39912,48.94039],[-114.39934,48.94073],[-114.39979,48.94107],[-114.40028,48.9413],[-114.40064,48.94138],[-114.40113,48.94136],[-114.40159,48.94132],[-114.40194,48.94123],[-114.40226,48.94114],[-114.40227,48.94115],[-114.40347,48.94102],[-114.40441,48.94087],[-114.40592,48.94069],[-114.40687,48.94051],[-114.40691,48.9405],[-114.40786,48.94049],[-114.40865,48.94054],[-114.40924,48.94064],[-114.40973,48.94083],[-114.41023,48.94106],[-114.41077,48.94135],[-114.41106,48.94153],[-114.41132,48.94178],[-114.41141,48.94203],[-114.41133,48.94257],[-114.41135,48.94303],[-114.41148,48.94344],[-114.41173,48.94401],[-114.41218,48.94472],[-114.41264,48.94521],[-114.41267,48.94523],[-114.41272,48.94543],[-114.41331,48.94607],[-114.4134,48.9466],[-114.41349,48.9471],[-114.41336,48.94766],[-114.41283,48.94853],[-114.41221,48.94937],[-114.41198,48.94982],[-114.41199,48.95006],[-114.41213,48.95061],[-114.41231,48.95104],[-114.41246,48.95134],[-114.41277,48.95179],[-114.41307,48.95209],[-114.41348,48.95237],[-114.41408,48.95269],[-114.41483,48.95297],[-114.41536,48.9531],[-114.41589,48.95318],[-114.41656,48.95329],[-114.417,48.9533],[-114.41768,48.95325],[-114.41823,48.95321],[-114.41887,48.95305],[-114.41942,48.95287],[-114.41991,48.9526],[-114.42033,48.95231],[-114.42085,48.95206],[-114.42157,48.95187],[-114.42257,48.95194],[-114.42306,48.95206],[-114.42307,48.95206],[-114.42327,48.95213],[-114.42522,48.95363],[-114.42543,48.95382],[-114.42552,48.95419],[-114.42552,48.95442],[-114.42547,48.95483],[-114.42536,48.95518],[-114.42506,48.95584],[-114.42469,48.95636],[-114.42424,48.95687],[-114.42386,48.95739],[-114.42343,48.95785],[-114.42322,48.95811],[-114.42311,48.95832],[-114.42311,48.95852],[-114.42316,48.95873],[-114.42368,48.95933],[-114.42404,48.95961],[-114.42406,48.95962],[-114.42479,48.95988],[-114.42551,48.95995],[-114.42679,48.96015],[-114.42715,48.96024],[-114.42759,48.96039],[-114.42785,48.96058],[-114.42838,48.96103],[-114.42863,48.96121],[-114.42867,48.96125],[-114.42914,48.96156],[-114.43008,48.96209],[-114.43074,48.96256],[-114.43187,48.96337],[-114.43246,48.96389],[-114.43254,48.96397],[-114.43325,48.96447],[-114.43381,48.96491],[-114.43451,48.96553],[-114.43506,48.96603],[-114.43532,48.96629],[-114.43549,48.96669],[-114.43546,48.96704],[-114.43543,48.96739],[-114.43534,48.96778],[-114.43533,48.96826],[-114.43541,48.96879],[-114.43577,48.96928],[-114.43596,48.96943],[-114.43668,48.96977],[-114.43782,48.97016],[-114.43897,48.97061],[-114.44051,48.97135],[-114.44201,48.97196],[-114.44228,48.97209],[-114.44355,48.97257],[-114.44449,48.97312],[-114.44541,48.97367],[-114.44623,48.97438],[-114.44661,48.97479],[-114.44662,48.97479],[-114.44695,48.97539],[-114.44713,48.97575],[-114.44714,48.97598],[-114.44724,48.97625],[-114.44749,48.97681],[-114.44775,48.97712],[-114.44807,48.97742],[-114.44812,48.97746],[-114.4492,48.97844],[-114.44948,48.97865],[-114.4495,48.97869],[-114.44979,48.97885],[-114.4499,48.97889],[-114.45011,48.97903],[-114.45073,48.97938],[-114.45157,48.98001],[-114.45203,48.98047],[-114.45244,48.98078],[-114.45264,48.98099],[-114.45268,48.98107],[-114.45269,48.98158],[-114.45268,48.98187],[-114.45245,48.98232],[-114.45201,48.98289],[-114.45157,48.98351],[-114.45155,48.98355],[-114.45151,48.98389],[-114.4516,48.98425],[-114.45177,48.98457],[-114.45201,48.98501],[-114.45233,48.98551],[-114.45294,48.98623],[-114.45363,48.9868],[-114.45387,48.98698],[-114.45436,48.98718],[-114.45579,48.98769],[-114.45729,48.98794],[-114.45772,48.98795],[-114.45814,48.98791],[-114.4584,48.98794],[-114.45876,48.98786],[-114.4593,48.98791],[-114.4597,48.98797],[-114.46092,48.98829],[-114.46129,48.98842],[-114.46165,48.98871],[-114.46181,48.98886],[-114.46187,48.9889],[-114.46213,48.98916],[-114.46226,48.98957],[-114.46242,48.98996],[-114.46268,48.99038],[-114.46336,48.99113],[-114.46399,48.99163],[-114.465,48.99222],[-114.46551,48.9926],[-114.4659,48.99312],[-114.46593,48.99321],[-114.46598,48.99328],[-114.46613,48.9935],[-114.46638,48.99374],[-114.46711,48.99449],[-114.46732,48.99488],[-114.46749,48.99514],[-114.46767,48.99548],[-114.46779,48.99571],[-114.46788,48.99599],[-114.4682,48.99642],[-114.46896,48.99709],[-114.46964,48.99757],[-114.47044,48.99794],[-114.47109,48.99817],[-114.47151,48.99821],[-114.47177,48.99826],[-114.47212,48.9983],[-114.4725,48.99836],[-114.47286,48.99847],[-114.47339,48.99876],[-114.47377,48.99895],[-114.47458,48.99987],[-114.47471,49.00038],[-114.47491,49.00085],[-114.47493,49.00103],[-114.47495,49.00108],[-114.47332,49.00108],[-114.46768,49.00108],[-114.46409,49.00108],[-114.46218,49.00108],[-114.45668,49.00107],[-114.45107,49.00107],[-114.44566,49.00107],[-114.44,49.00106],[-114.4346,49.00106],[-114.42893,49.00106],[-114.42353,49.00107],[-114.41784,49.00107],[-114.41244,49.00107],[-114.40675,49.00107],[-114.40134,49.00108],[-114.39564,49.00109],[-114.39023,49.0011],[-114.38476,49.00109],[-114.3795,49.00109],[-114.37419,49.00109],[-114.3687,49.0011],[-114.36329,49.0011],[-114.36193,49.0011],[-114.3577,49.00108],[-114.3523,49.00105],[-114.34672,49.00101],[-114.3413,49.00098],[-114.33575,49.00094],[-114.32133,49.00083],[-114.31942,49.00082],[-114.29743,49.00067],[-114.27545,49.00051],[-114.26039,49.0004],[-114.25346,49.00035],[-114.23169,49.00019],[-114.2097,49.00002],[-114.20081,48.99996],[-114.18772,48.99985],[-114.18027,48.99979],[-114.16573,48.99967],[-114.14374,48.9995],[-114.12951,48.99938],[-114.12176,48.99931],[-114.09998,48.99913],[-114.07799,48.99894]]]},"properties":{"UNIT_TYPE":"National Park","STATE":"MT","REGION":"IM","UNIT_CODE":"GLAC","UNIT_NAME":"Glacier National Park","DATE_EDIT":"2017-08-18T00:00:00.000Z","GIS_NOTES":"Lands - http://landsnet.nps.gov/tractsnet/documents/GLAC/Metadata/GLAC_metadata.xml","CREATED_BY":"Lands","METADATA":"https://irma.nps.gov/DataStore/Reference/Profile/2230264","PARKNAME":"Glacier National Park","GNIS_ID":"1803454","ID_UK":"{394EDF28-59E3-4D6F-9974-EE45FA966735}","Shape_Leng":334709.380081,"Shape_Area":4078235273.58}},
{"type":"Feature","geometry":{"type":"Polygon","coordinates":[[[-113.64215,45.65647],[-113.64215,45.65285],[-113.63697,45.65287],[-113.63697,45.65298],[-113.63183,45.65298],[-113.63184,45.64935],[-113.63185,45.64572],[-113.63185,45.64209],[-113.63185,45.63846],[-113.63699,45.63846],[-113.63699,45.63839],[-113.64216,45.63837],[-113.64216,45.63588],[-113.6512,45.63737],[-113.65118,45.63743],[-113.65234,45.63762],[-113.65249,45.63764],[-113.65249,45.63835],[-113.65508,45.63834],[-113.65508,45.64196],[-113.65767,45.64196],[-113.66025,45.64195],[-113.66026,45.64557],[-113.66026,45.64919],[-113.66027,45.65282],[-113.65768,45.65282],[-113.6551,45.65283],[-113.6551,45.65644],[-113.65251,45.65645],[-113.64733,45.65646],[-113.64215,45.65647]]]},"properties":{"UNIT_TYPE":"National Battlefield","STATE":"MT","REGION":"PW","UNIT_CODE":"BIHO","UNIT_NAME":"Big Hole National Battlefield","DATE_EDIT":"2015-11-06T00:00:00.000Z","GIS_NOTES":"Lands - http://landsnet.nps.gov/tractsnet/documents/BIHO/Metadata/BIHO_metadata.xml","CREATED_BY":"Lands","METADATA":"https://irma.nps.gov/DataStore/Reference/Profile/2225687","PARKNAME":"Big Hole National Battlefield","GNIS_ID":"779820","ID_UK":"{F49F4323-BF4B-41A2-9776-584EA171F3FC}","Shape_Leng":8862.06899258,"Shape_Area":3952453.44921}},
{"type":"Feature","geometry":{"type":"Polygon","coordinates":[[[-109.19754,48.38411],[-109.19435,48.3841],[-109.19438,48.37996],[-109.19445,48.36907],[-109.19452,48.35818],[-109.20282,48.35827],[-109.20344,48.35924],[-109.20428,48.36062],[-109.20482,48.36157],[-109.20531,48.36228],[-109.2062,48.36377],[-109.20651,48.36433],[-109.20716,48.3652],[-109.20804,48.36613],[-109.20955,48.36765],[-109.21058,48.36876],[-109.21112,48.36929],[-109.21192,48.37014],[-109.21274,48.37108],[-109.21293,48.37136],[-109.21311,48.37169],[-109.21327,48.37208],[-109.21338,48.37234],[-109.21347,48.37262],[-109.21353,48.3729],[-109.2136,48.37307],[-109.2161,48.37307],[-109.21613,48.3801],[-109.2217,48.38005],[-109.22727,48.38001],[-109.22728,48.38371],[-109.22729,48.38732],[-109.22287,48.38733],[-109.21615,48.38734],[-109.21612,48.38417],[-109.21329,48.38416],[-109.21271,48.38416],[-109.19985,48.38412],[-109.19754,48.38411]]]},"properties":{"UNIT_TYPE":"National Historical Park","STATE":"WA","REGION":"PW","UNIT_CODE":"NEPE","UNIT_NAME":"Nez Perce National Historical Park","DATE_EDIT":"2013-12-18T00:00:00.000Z","GIS_NOTES":"PRELIMINARY - Data has not completed the entire Lands QA/QC process.","CREATED_BY":"Legacy","METADATA":"Preliminary data. Contact the Land Resources Program for additional information.","PARKNAME":"Nez Perce National Historical Park","GNIS_ID":"394735","ID_UK":"{429BD5E9-11BB-46DF-808C-FBEDB8A13A88}","Shape_Leng":60696.6037715,"Shape_Area":17086638.2782}}
]}